Copyright 1986-2021 Xilinx, Inc. All Rights Reserved.
------------------------------------------------------------------------------------------------------------------------------------------------------------------------------------------------------
| Tool Version : Vivado v.2021.2 (win64) Build 3367213 Tue Oct 19 02:48:09 MDT 2021
| Date         : Thu May  7 22:59:09 2026
| Host         : WDDdLaptop running 64-bit major release  (build 9200)
| Command      : report_timing_summary -max_paths 10 -report_unconstrained -file top_timing_summary_routed.rpt -pb top_timing_summary_routed.pb -rpx top_timing_summary_routed.rpx -warn_on_violation
| Design       : top
| Device       : 7z020-clg400
| Speed File   : -2  PRODUCTION 1.12 2019-11-22
------------------------------------------------------------------------------------------------------------------------------------------------------------------------------------------------------

Timing Summary Report

------------------------------------------------------------------------------------------------
| Timer Settings
| --------------
------------------------------------------------------------------------------------------------

  Enable Multi Corner Analysis               :  Yes
  Enable Pessimism Removal                   :  Yes
  Pessimism Removal Resolution               :  Nearest Common Node
  Enable Input Delay Default Clock           :  No
  Enable Preset / Clear Arcs                 :  No
  Disable Flight Delays                      :  No
  Ignore I/O Paths                           :  No
  Timing Early Launch at Borrowing Latches   :  No
  Borrow Time for Max Delay Exceptions       :  Yes
  Merge Timing Exceptions                    :  Yes

  Corner  Analyze    Analyze    
  Name    Max Paths  Min Paths  
  ------  ---------  ---------  
  Slow    Yes        Yes        
  Fast    Yes        Yes        


------------------------------------------------------------------------------------------------
| Report Methodology
| ------------------
------------------------------------------------------------------------------------------------

Rule    Severity  Description                                             Violations  
------  --------  ------------------------------------------------------  ----------  
XDCC-7  Warning   Scoped Clock constraint overwritten on the same source  1           

Note: This report is based on the most recent report_methodology run and may not be up-to-date. Run report_methodology on the current design for the latest report.



check_timing report

Table of Contents
-----------------
1. checking no_clock (0)
2. checking constant_clock (0)
3. checking pulse_width_clock (0)
4. checking unconstrained_internal_endpoints (0)
5. checking no_input_delay (1)
6. checking no_output_delay (1)
7. checking multiple_clock (0)
8. checking generated_clocks (0)
9. checking loops (0)
10. checking partial_input_delay (0)
11. checking partial_output_delay (0)
12. checking latch_loops (0)

1. checking no_clock (0)
------------------------
 There are 0 register/latch pins with no clock.


2. checking constant_clock (0)
------------------------------
 There are 0 register/latch pins with constant_clock.


3. checking pulse_width_clock (0)
---------------------------------
 There are 0 register/latch pins which need pulse_width check


4. checking unconstrained_internal_endpoints (0)
------------------------------------------------
 There are 0 pins that are not constrained for maximum delay.

 There are 0 pins that are not constrained for maximum delay due to constant clock.


5. checking no_input_delay (1)
------------------------------
 There is 1 input port with no input delay specified. (HIGH)

 There are 0 input ports with no input delay but user has a false path constraint.


6. checking no_output_delay (1)
-------------------------------
 There is 1 port with no output delay specified. (HIGH)

 There are 0 ports with no output delay but user has a false path constraint

 There are 0 ports with no output delay but with a timing clock defined on it or propagating through it


7. checking multiple_clock (0)
------------------------------
 There are 0 register/latch pins with multiple clocks.


8. checking generated_clocks (0)
--------------------------------
 There are 0 generated clocks that are not connected to a clock source.


9. checking loops (0)
---------------------
 There are 0 combinational loops in the design.


10. checking partial_input_delay (0)
------------------------------------
 There are 0 input ports with partial input delay specified.


11. checking partial_output_delay (0)
-------------------------------------
 There are 0 ports with partial output delay specified.


12. checking latch_loops (0)
----------------------------
 There are 0 combinational latch loops in the design through latch input



------------------------------------------------------------------------------------------------
| Design Timing Summary
| ---------------------
------------------------------------------------------------------------------------------------

    WNS(ns)      TNS(ns)  TNS Failing Endpoints  TNS Total Endpoints      WHS(ns)      THS(ns)  THS Failing Endpoints  THS Total Endpoints     WPWS(ns)     TPWS(ns)  TPWS Failing Endpoints  TPWS Total Endpoints  
    -------      -------  ---------------------  -------------------      -------      -------  ---------------------  -------------------     --------     --------  ----------------------  --------------------  
      0.074        0.000                      0                14349        0.074        0.000                      0                14349        6.167        0.000                       0                  6949  


All user specified timing constraints are met.


------------------------------------------------------------------------------------------------
| Clock Summary
| -------------
------------------------------------------------------------------------------------------------

Clock                Waveform(ns)       Period(ns)      Frequency(MHz)
-----                ------------       ----------      --------------
sys_clk_pin          {0.000 10.000}     20.000          50.000          
  clk_out1_cpuclk_1  {0.000 6.667}      13.333          75.000          
  clkfbout_cpuclk_1  {0.000 20.000}     40.000          25.000          


------------------------------------------------------------------------------------------------
| Intra Clock Table
| -----------------
------------------------------------------------------------------------------------------------

Clock                    WNS(ns)      TNS(ns)  TNS Failing Endpoints  TNS Total Endpoints      WHS(ns)      THS(ns)  THS Failing Endpoints  THS Total Endpoints     WPWS(ns)     TPWS(ns)  TPWS Failing Endpoints  TPWS Total Endpoints  
-----                    -------      -------  ---------------------  -------------------      -------      -------  ---------------------  -------------------     --------     --------  ----------------------  --------------------  
sys_clk_pin                                                                                                                                                            7.000        0.000                       0                     1  
  clk_out1_cpuclk_1        0.074        0.000                      0                14349        0.074        0.000                      0                14349        6.167        0.000                       0                  6945  
  clkfbout_cpuclk_1                                                                                                                                                   12.633        0.000                       0                     3  


------------------------------------------------------------------------------------------------
| Inter Clock Table
| -----------------
------------------------------------------------------------------------------------------------

From Clock    To Clock          WNS(ns)      TNS(ns)  TNS Failing Endpoints  TNS Total Endpoints      WHS(ns)      THS(ns)  THS Failing Endpoints  THS Total Endpoints  
----------    --------          -------      -------  ---------------------  -------------------      -------      -------  ---------------------  -------------------  


------------------------------------------------------------------------------------------------
| Other Path Groups Table
| -----------------------
------------------------------------------------------------------------------------------------

Path Group    From Clock    To Clock          WNS(ns)      TNS(ns)  TNS Failing Endpoints  TNS Total Endpoints      WHS(ns)      THS(ns)  THS Failing Endpoints  THS Total Endpoints  
----------    ----------    --------          -------      -------  ---------------------  -------------------      -------      -------  ---------------------  -------------------  


------------------------------------------------------------------------------------------------
| User Ignored Path Table
| -----------------------
------------------------------------------------------------------------------------------------

Path Group    From Clock    To Clock    
----------    ----------    --------    


------------------------------------------------------------------------------------------------
| Unconstrained Path Table
| ------------------------
------------------------------------------------------------------------------------------------

Path Group         From Clock         To Clock         
----------         ----------         --------         
(none)             clk_out1_cpuclk_1                     
(none)             clkfbout_cpuclk_1                     
(none)                                clk_out1_cpuclk_1  


------------------------------------------------------------------------------------------------
| Timing Details
| --------------
------------------------------------------------------------------------------------------------


---------------------------------------------------------------------------------------------------
From Clock:  sys_clk_pin
  To Clock:  sys_clk_pin

Setup :           NA  Failing Endpoints,  Worst Slack           NA  ,  Total Violation           NA
Hold  :           NA  Failing Endpoints,  Worst Slack           NA  ,  Total Violation           NA
PW    :            0  Failing Endpoints,  Worst Slack        7.000ns,  Total Violation        0.000ns
---------------------------------------------------------------------------------------------------


Pulse Width Checks
--------------------------------------------------------------------------------------
Clock Name:         sys_clk_pin
Waveform(ns):       { 0.000 10.000 }
Period(ns):         20.000
Sources:            { clk }

Check Type        Corner  Lib Pin           Reference Pin  Required(ns)  Actual(ns)  Slack(ns)  Location        Pin
Min Period        n/a     PLLE2_ADV/CLKIN1  n/a            1.249         20.000      18.751     PLLE2_ADV_X1Y1  cpuClk/inst/plle2_adv_inst/CLKIN1
Max Period        n/a     PLLE2_ADV/CLKIN1  n/a            52.633        20.000      32.633     PLLE2_ADV_X1Y1  cpuClk/inst/plle2_adv_inst/CLKIN1
Low Pulse Width   Slow    PLLE2_ADV/CLKIN1  n/a            3.000         10.000      7.000      PLLE2_ADV_X1Y1  cpuClk/inst/plle2_adv_inst/CLKIN1
Low Pulse Width   Fast    PLLE2_ADV/CLKIN1  n/a            3.000         10.000      7.000      PLLE2_ADV_X1Y1  cpuClk/inst/plle2_adv_inst/CLKIN1
High Pulse Width  Slow    PLLE2_ADV/CLKIN1  n/a            3.000         10.000      7.000      PLLE2_ADV_X1Y1  cpuClk/inst/plle2_adv_inst/CLKIN1
High Pulse Width  Fast    PLLE2_ADV/CLKIN1  n/a            3.000         10.000      7.000      PLLE2_ADV_X1Y1  cpuClk/inst/plle2_adv_inst/CLKIN1



---------------------------------------------------------------------------------------------------
From Clock:  clk_out1_cpuclk_1
  To Clock:  clk_out1_cpuclk_1

Setup :            0  Failing Endpoints,  Worst Slack        0.074ns,  Total Violation        0.000ns
Hold  :            0  Failing Endpoints,  Worst Slack        0.074ns,  Total Violation        0.000ns
PW    :            0  Failing Endpoints,  Worst Slack        6.167ns,  Total Violation        0.000ns
---------------------------------------------------------------------------------------------------


Max Delay Paths
--------------------------------------------------------------------------------------
Slack (MET) :             0.074ns  (required time - arrival time)
  Source:                 mini_rv_u/ex_mem/RegWr_o_reg[3]/C
                            (rising edge-triggered cell FDCE clocked by clk_out1_cpuclk_1  {rise@0.000ns fall@6.667ns period=13.333ns})
  Destination:            mini_rv_u/If/IF_icache/u_cache/pipe_way0_reg/D
                            (rising edge-triggered cell FDRE clocked by clk_out1_cpuclk_1  {rise@0.000ns fall@6.667ns period=13.333ns})
  Path Group:             clk_out1_cpuclk_1
  Path Type:              Setup (Max at Slow Process Corner)
  Requirement:            13.333ns  (clk_out1_cpuclk_1 rise@13.333ns - clk_out1_cpuclk_1 rise@0.000ns)
  Data Path Delay:        13.034ns  (logic 3.909ns (29.991%)  route 9.125ns (70.009%))
  Logic Levels:           23  (CARRY4=3 LUT2=1 LUT3=4 LUT5=7 LUT6=6 MUXF7=2)
  Clock Path Skew:        -0.120ns (DCD - SCD + CPR)
    Destination Clock Delay (DCD):    -1.542ns = ( 11.791 - 13.333 ) 
    Source Clock Delay      (SCD):    -1.876ns
    Clock Pessimism Removal (CPR):    -0.453ns
  Clock Uncertainty:      0.136ns  ((TSJ^2 + DJ^2)^1/2) / 2 + PE
    Total System Jitter     (TSJ):    0.071ns
    Discrete Jitter          (DJ):    0.263ns
    Phase Error              (PE):    0.000ns

    Location             Delay type                Incr(ns)  Path(ns)    Netlist Resource(s)
  -------------------------------------------------------------------    -------------------
                         (clock clk_out1_cpuclk_1 rise edge)
                                                      0.000     0.000 r  
    U18                                               0.000     0.000 r  clk (IN)
                         net (fo=0)                   0.000     0.000    cpuClk/inst/clk_in1
    U18                  IBUF (Prop_ibuf_I_O)         1.429     1.429 r  cpuClk/inst/clkin1_ibufg/O
                         net (fo=1, routed)           1.126     2.555    cpuClk/inst/clk_in1_cpuclk
    PLLE2_ADV_X1Y1       PLLE2_ADV (Prop_plle2_adv_CLKIN1_CLKOUT0)
                                                     -7.569    -5.014 r  cpuClk/inst/plle2_adv_inst/CLKOUT0
                         net (fo=1, routed)           1.594    -3.420    cpuClk/inst/clk_out1_cpuclk
    BUFGCTRL_X0Y16       BUFG (Prop_bufg_I_O)         0.085    -3.335 r  cpuClk/inst/clkout1_buf/O
                         net (fo=6943, routed)        1.459    -1.876    mini_rv_u/ex_mem/clk_out1
    SLICE_X70Y36         FDCE                                         r  mini_rv_u/ex_mem/RegWr_o_reg[3]/C
  -------------------------------------------------------------------    -------------------
    SLICE_X70Y36         FDCE (Prop_fdce_C_Q)         0.348    -1.528 r  mini_rv_u/ex_mem/RegWr_o_reg[3]/Q
                         net (fo=4, routed)           0.821    -0.706    mini_rv_u/ex_mem/RegWr_o_reg[4]_0[3]
    SLICE_X70Y34         LUT6 (Prop_lut6_I2_O)        0.242    -0.464 f  mini_rv_u/ex_mem/num_orig_reg[31]_i_8/O
                         net (fo=2, routed)           0.443    -0.021    mini_rv_u/id_ex/num_orig_reg_reg[31]_1
    SLICE_X69Y34         LUT6 (Prop_lut6_I5_O)        0.105     0.084 r  mini_rv_u/id_ex/DRAMIn_o[31]_i_2/O
                         net (fo=97, routed)          0.530     0.614    mini_rv_u/id_ex/risk_EX_B
    SLICE_X73Y34         LUT5 (Prop_lut5_I2_O)        0.105     0.719 f  mini_rv_u/id_ex/q[4]_i_4/O
                         net (fo=2, routed)           0.508     1.227    mini_rv_u/id_ex/forwardingB[4]
    SLICE_X68Y35         LUT5 (Prop_lut5_I3_O)        0.105     1.332 r  mini_rv_u/id_ex/q[4]_i_2/O
                         net (fo=99, routed)          0.851     2.183    mini_rv_u/id_ex/q[4]_i_6_n_0
    SLICE_X66Y31         LUT3 (Prop_lut3_I1_O)        0.105     2.288 r  mini_rv_u/id_ex/target_table[0][8]_i_14/O
                         net (fo=4, routed)           0.653     2.941    mini_rv_u/id_ex/target_table[0][8]_i_14_n_0
    SLICE_X65Y29         LUT5 (Prop_lut5_I4_O)        0.105     3.046 r  mini_rv_u/id_ex/target_table[0][8]_i_15/O
                         net (fo=2, routed)           0.589     3.636    mini_rv_u/id_ex/target_table[0][8]_i_15_n_0
    SLICE_X61Y29         LUT3 (Prop_lut3_I0_O)        0.105     3.741 r  mini_rv_u/id_ex/target_table[0][4]_i_12/O
                         net (fo=4, routed)           0.623     4.364    mini_rv_u/id_ex/target_table[0][4]_i_12_n_0
    SLICE_X59Y30         LUT6 (Prop_lut6_I0_O)        0.105     4.469 r  mini_rv_u/id_ex/target_table[0][2]_i_9/O
                         net (fo=1, routed)           0.224     4.692    mini_rv_u/id_ex/target_table[0][2]_i_9_n_0
    SLICE_X59Y31         LUT5 (Prop_lut5_I0_O)        0.105     4.797 r  mini_rv_u/id_ex/target_table[0][2]_i_5/O
                         net (fo=1, routed)           0.363     5.160    mini_rv_u/id_ex/target_table[0][2]_i_5_n_0
    SLICE_X55Y32         LUT5 (Prop_lut5_I4_O)        0.105     5.265 r  mini_rv_u/id_ex/target_table[0][2]_i_2/O
                         net (fo=1, routed)           0.000     5.265    mini_rv_u/id_ex/target_table[0][2]_i_2_n_0
    SLICE_X55Y32         MUXF7 (Prop_muxf7_I0_O)      0.178     5.443 r  mini_rv_u/id_ex/target_table_reg[0][2]_i_1/O
                         net (fo=19, routed)          0.619     6.062    mini_rv_u/id_ex/ALUOut_EX[2]
    SLICE_X55Y35         LUT6 (Prop_lut6_I0_O)        0.252     6.314 r  mini_rv_u/id_ex/buf_count[3]_i_22/O
                         net (fo=1, routed)           0.000     6.314    mini_rv_u/id_ex/buf_count[3]_i_22_n_0
    SLICE_X55Y35         CARRY4 (Prop_carry4_S[0]_CO[3])
                                                      0.440     6.754 r  mini_rv_u/id_ex/buf_count_reg[3]_i_14/CO[3]
                         net (fo=1, routed)           0.000     6.754    mini_rv_u/id_ex/buf_count_reg[3]_i_14_n_0
    SLICE_X55Y36         CARRY4 (Prop_carry4_CI_CO[3])
                                                      0.098     6.852 r  mini_rv_u/id_ex/buf_count_reg[3]_i_10/CO[3]
                         net (fo=1, routed)           0.000     6.852    mini_rv_u/id_ex/buf_count_reg[3]_i_10_n_0
    SLICE_X55Y37         CARRY4 (Prop_carry4_CI_CO[2])
                                                      0.190     7.042 r  mini_rv_u/id_ex/buf_count_reg[3]_i_8/CO[2]
                         net (fo=3, routed)           0.382     7.424    mini_rv_u/id_ex/If/target_wrong0
    SLICE_X55Y38         LUT5 (Prop_lut5_I0_O)        0.261     7.685 r  mini_rv_u/id_ex/buf_count[3]_i_4/O
                         net (fo=107, routed)         0.310     7.995    mini_rv_u/Ex/m_div/buf_head_reg[2]
    SLICE_X55Y38         LUT3 (Prop_lut3_I1_O)        0.105     8.100 f  mini_rv_u/Ex/m_div/buf_count[3]_i_9/O
                         net (fo=33, routed)          0.213     8.313    mini_rv_u/id_ex/pre_fetch_pc_reg[1]
    SLICE_X55Y38         LUT2 (Prop_lut2_I1_O)        0.105     8.418 f  mini_rv_u/id_ex/buf_count[3]_i_6/O
                         net (fo=78, routed)          0.596     9.014    mini_rv_u/if_id/pipe_way0_reg
    SLICE_X52Y41         LUT6 (Prop_lut6_I0_O)        0.105     9.119 r  mini_rv_u/if_id/gen_icache_data.data_bram_i_69/O
                         net (fo=135, routed)         0.471     9.590    mini_rv_u/If/IF_icache/u_cache/p_0_out
    SLICE_X51Y42         LUT5 (Prop_lut5_I3_O)        0.105     9.695 r  mini_rv_u/If/IF_icache/u_cache/gen_icache_data.data_bram_i_67/O
                         net (fo=7, routed)           0.459    10.155    mini_rv_u/If/IF_icache/u_cache/cache_addr[3]
    SLICE_X51Y44         LUT6 (Prop_lut6_I2_O)        0.105    10.260 f  mini_rv_u/If/IF_icache/u_cache/pipe_way0_i_6/O
                         net (fo=1, routed)           0.000    10.260    mini_rv_u/If/IF_icache/u_cache/pipe_way0_i_6_n_0
    SLICE_X51Y44         MUXF7 (Prop_muxf7_I0_O)      0.178    10.438 f  mini_rv_u/If/IF_icache/u_cache/pipe_way0_reg_i_3/O
                         net (fo=2, routed)           0.469    10.906    mini_rv_u/If/IF_icache/u_cache/pipe_way0_reg_i_3_n_0
    SLICE_X52Y44         LUT3 (Prop_lut3_I2_O)        0.252    11.158 r  mini_rv_u/If/IF_icache/u_cache/pipe_way0_i_1/O
                         net (fo=1, routed)           0.000    11.158    mini_rv_u/If/IF_icache/u_cache/wr_way0
    SLICE_X52Y44         FDRE                                         r  mini_rv_u/If/IF_icache/u_cache/pipe_way0_reg/D
  -------------------------------------------------------------------    -------------------

                         (clock clk_out1_cpuclk_1 rise edge)
                                                     13.333    13.333 r  
    U18                                               0.000    13.333 r  clk (IN)
                         net (fo=0)                   0.000    13.333    cpuClk/inst/clk_in1
    U18                  IBUF (Prop_ibuf_I_O)         1.363    14.697 r  cpuClk/inst/clkin1_ibufg/O
                         net (fo=1, routed)           1.019    15.715    cpuClk/inst/clk_in1_cpuclk
    PLLE2_ADV_X1Y1       PLLE2_ADV (Prop_plle2_adv_CLKIN1_CLKOUT0)
                                                     -6.696     9.020 r  cpuClk/inst/plle2_adv_inst/CLKOUT0
                         net (fo=1, routed)           1.451    10.471    cpuClk/inst/clk_out1_cpuclk
    BUFGCTRL_X0Y16       BUFG (Prop_bufg_I_O)         0.077    10.548 r  cpuClk/inst/clkout1_buf/O
                         net (fo=6943, routed)        1.243    11.791    mini_rv_u/If/IF_icache/u_cache/clk_out1
    SLICE_X52Y44         FDRE                                         r  mini_rv_u/If/IF_icache/u_cache/pipe_way0_reg/C
                         clock pessimism             -0.453    11.338    
                         clock uncertainty           -0.136    11.202    
    SLICE_X52Y44         FDRE (Setup_fdre_C_D)        0.030    11.232    mini_rv_u/If/IF_icache/u_cache/pipe_way0_reg
  -------------------------------------------------------------------
                         required time                         11.232    
                         arrival time                         -11.158    
  -------------------------------------------------------------------
                         slack                                  0.074    

Slack (MET) :             0.092ns  (required time - arrival time)
  Source:                 mini_rv_u/ex_mem/RegWr_o_reg[3]/C
                            (rising edge-triggered cell FDCE clocked by clk_out1_cpuclk_1  {rise@0.000ns fall@6.667ns period=13.333ns})
  Destination:            mini_rv_u/If/IF_icache/u_cache/pipe_way1_reg/D
                            (rising edge-triggered cell FDRE clocked by clk_out1_cpuclk_1  {rise@0.000ns fall@6.667ns period=13.333ns})
  Path Group:             clk_out1_cpuclk_1
  Path Type:              Setup (Max at Slow Process Corner)
  Requirement:            13.333ns  (clk_out1_cpuclk_1 rise@13.333ns - clk_out1_cpuclk_1 rise@0.000ns)
  Data Path Delay:        13.055ns  (logic 3.930ns (30.104%)  route 9.125ns (69.896%))
  Logic Levels:           23  (CARRY4=3 LUT2=1 LUT3=4 LUT5=7 LUT6=6 MUXF7=2)
  Clock Path Skew:        -0.120ns (DCD - SCD + CPR)
    Destination Clock Delay (DCD):    -1.542ns = ( 11.791 - 13.333 ) 
    Source Clock Delay      (SCD):    -1.876ns
    Clock Pessimism Removal (CPR):    -0.453ns
  Clock Uncertainty:      0.136ns  ((TSJ^2 + DJ^2)^1/2) / 2 + PE
    Total System Jitter     (TSJ):    0.071ns
    Discrete Jitter          (DJ):    0.263ns
    Phase Error              (PE):    0.000ns

    Location             Delay type                Incr(ns)  Path(ns)    Netlist Resource(s)
  -------------------------------------------------------------------    -------------------
                         (clock clk_out1_cpuclk_1 rise edge)
                                                      0.000     0.000 r  
    U18                                               0.000     0.000 r  clk (IN)
                         net (fo=0)                   0.000     0.000    cpuClk/inst/clk_in1
    U18                  IBUF (Prop_ibuf_I_O)         1.429     1.429 r  cpuClk/inst/clkin1_ibufg/O
                         net (fo=1, routed)           1.126     2.555    cpuClk/inst/clk_in1_cpuclk
    PLLE2_ADV_X1Y1       PLLE2_ADV (Prop_plle2_adv_CLKIN1_CLKOUT0)
                                                     -7.569    -5.014 r  cpuClk/inst/plle2_adv_inst/CLKOUT0
                         net (fo=1, routed)           1.594    -3.420    cpuClk/inst/clk_out1_cpuclk
    BUFGCTRL_X0Y16       BUFG (Prop_bufg_I_O)         0.085    -3.335 r  cpuClk/inst/clkout1_buf/O
                         net (fo=6943, routed)        1.459    -1.876    mini_rv_u/ex_mem/clk_out1
    SLICE_X70Y36         FDCE                                         r  mini_rv_u/ex_mem/RegWr_o_reg[3]/C
  -------------------------------------------------------------------    -------------------
    SLICE_X70Y36         FDCE (Prop_fdce_C_Q)         0.348    -1.528 r  mini_rv_u/ex_mem/RegWr_o_reg[3]/Q
                         net (fo=4, routed)           0.821    -0.706    mini_rv_u/ex_mem/RegWr_o_reg[4]_0[3]
    SLICE_X70Y34         LUT6 (Prop_lut6_I2_O)        0.242    -0.464 f  mini_rv_u/ex_mem/num_orig_reg[31]_i_8/O
                         net (fo=2, routed)           0.443    -0.021    mini_rv_u/id_ex/num_orig_reg_reg[31]_1
    SLICE_X69Y34         LUT6 (Prop_lut6_I5_O)        0.105     0.084 r  mini_rv_u/id_ex/DRAMIn_o[31]_i_2/O
                         net (fo=97, routed)          0.530     0.614    mini_rv_u/id_ex/risk_EX_B
    SLICE_X73Y34         LUT5 (Prop_lut5_I2_O)        0.105     0.719 f  mini_rv_u/id_ex/q[4]_i_4/O
                         net (fo=2, routed)           0.508     1.227    mini_rv_u/id_ex/forwardingB[4]
    SLICE_X68Y35         LUT5 (Prop_lut5_I3_O)        0.105     1.332 r  mini_rv_u/id_ex/q[4]_i_2/O
                         net (fo=99, routed)          0.851     2.183    mini_rv_u/id_ex/q[4]_i_6_n_0
    SLICE_X66Y31         LUT3 (Prop_lut3_I1_O)        0.105     2.288 r  mini_rv_u/id_ex/target_table[0][8]_i_14/O
                         net (fo=4, routed)           0.653     2.941    mini_rv_u/id_ex/target_table[0][8]_i_14_n_0
    SLICE_X65Y29         LUT5 (Prop_lut5_I4_O)        0.105     3.046 r  mini_rv_u/id_ex/target_table[0][8]_i_15/O
                         net (fo=2, routed)           0.589     3.636    mini_rv_u/id_ex/target_table[0][8]_i_15_n_0
    SLICE_X61Y29         LUT3 (Prop_lut3_I0_O)        0.105     3.741 r  mini_rv_u/id_ex/target_table[0][4]_i_12/O
                         net (fo=4, routed)           0.623     4.364    mini_rv_u/id_ex/target_table[0][4]_i_12_n_0
    SLICE_X59Y30         LUT6 (Prop_lut6_I0_O)        0.105     4.469 r  mini_rv_u/id_ex/target_table[0][2]_i_9/O
                         net (fo=1, routed)           0.224     4.692    mini_rv_u/id_ex/target_table[0][2]_i_9_n_0
    SLICE_X59Y31         LUT5 (Prop_lut5_I0_O)        0.105     4.797 r  mini_rv_u/id_ex/target_table[0][2]_i_5/O
                         net (fo=1, routed)           0.363     5.160    mini_rv_u/id_ex/target_table[0][2]_i_5_n_0
    SLICE_X55Y32         LUT5 (Prop_lut5_I4_O)        0.105     5.265 r  mini_rv_u/id_ex/target_table[0][2]_i_2/O
                         net (fo=1, routed)           0.000     5.265    mini_rv_u/id_ex/target_table[0][2]_i_2_n_0
    SLICE_X55Y32         MUXF7 (Prop_muxf7_I0_O)      0.178     5.443 r  mini_rv_u/id_ex/target_table_reg[0][2]_i_1/O
                         net (fo=19, routed)          0.619     6.062    mini_rv_u/id_ex/ALUOut_EX[2]
    SLICE_X55Y35         LUT6 (Prop_lut6_I0_O)        0.252     6.314 r  mini_rv_u/id_ex/buf_count[3]_i_22/O
                         net (fo=1, routed)           0.000     6.314    mini_rv_u/id_ex/buf_count[3]_i_22_n_0
    SLICE_X55Y35         CARRY4 (Prop_carry4_S[0]_CO[3])
                                                      0.440     6.754 r  mini_rv_u/id_ex/buf_count_reg[3]_i_14/CO[3]
                         net (fo=1, routed)           0.000     6.754    mini_rv_u/id_ex/buf_count_reg[3]_i_14_n_0
    SLICE_X55Y36         CARRY4 (Prop_carry4_CI_CO[3])
                                                      0.098     6.852 r  mini_rv_u/id_ex/buf_count_reg[3]_i_10/CO[3]
                         net (fo=1, routed)           0.000     6.852    mini_rv_u/id_ex/buf_count_reg[3]_i_10_n_0
    SLICE_X55Y37         CARRY4 (Prop_carry4_CI_CO[2])
                                                      0.190     7.042 r  mini_rv_u/id_ex/buf_count_reg[3]_i_8/CO[2]
                         net (fo=3, routed)           0.382     7.424    mini_rv_u/id_ex/If/target_wrong0
    SLICE_X55Y38         LUT5 (Prop_lut5_I0_O)        0.261     7.685 r  mini_rv_u/id_ex/buf_count[3]_i_4/O
                         net (fo=107, routed)         0.310     7.995    mini_rv_u/Ex/m_div/buf_head_reg[2]
    SLICE_X55Y38         LUT3 (Prop_lut3_I1_O)        0.105     8.100 f  mini_rv_u/Ex/m_div/buf_count[3]_i_9/O
                         net (fo=33, routed)          0.213     8.313    mini_rv_u/id_ex/pre_fetch_pc_reg[1]
    SLICE_X55Y38         LUT2 (Prop_lut2_I1_O)        0.105     8.418 f  mini_rv_u/id_ex/buf_count[3]_i_6/O
                         net (fo=78, routed)          0.596     9.014    mini_rv_u/if_id/pipe_way0_reg
    SLICE_X52Y41         LUT6 (Prop_lut6_I0_O)        0.105     9.119 r  mini_rv_u/if_id/gen_icache_data.data_bram_i_69/O
                         net (fo=135, routed)         0.471     9.590    mini_rv_u/If/IF_icache/u_cache/p_0_out
    SLICE_X51Y42         LUT5 (Prop_lut5_I3_O)        0.105     9.695 r  mini_rv_u/If/IF_icache/u_cache/gen_icache_data.data_bram_i_67/O
                         net (fo=7, routed)           0.459    10.155    mini_rv_u/If/IF_icache/u_cache/cache_addr[3]
    SLICE_X51Y44         LUT6 (Prop_lut6_I2_O)        0.105    10.260 r  mini_rv_u/If/IF_icache/u_cache/pipe_way0_i_6/O
                         net (fo=1, routed)           0.000    10.260    mini_rv_u/If/IF_icache/u_cache/pipe_way0_i_6_n_0
    SLICE_X51Y44         MUXF7 (Prop_muxf7_I0_O)      0.178    10.438 r  mini_rv_u/If/IF_icache/u_cache/pipe_way0_reg_i_3/O
                         net (fo=2, routed)           0.469    10.906    mini_rv_u/If/IF_icache/u_cache/pipe_way0_reg_i_3_n_0
    SLICE_X52Y44         LUT3 (Prop_lut3_I2_O)        0.273    11.179 r  mini_rv_u/If/IF_icache/u_cache/pipe_way1_i_1/O
                         net (fo=1, routed)           0.000    11.179    mini_rv_u/If/IF_icache/u_cache/lru
    SLICE_X52Y44         FDRE                                         r  mini_rv_u/If/IF_icache/u_cache/pipe_way1_reg/D
  -------------------------------------------------------------------    -------------------

                         (clock clk_out1_cpuclk_1 rise edge)
                                                     13.333    13.333 r  
    U18                                               0.000    13.333 r  clk (IN)
                         net (fo=0)                   0.000    13.333    cpuClk/inst/clk_in1
    U18                  IBUF (Prop_ibuf_I_O)         1.363    14.697 r  cpuClk/inst/clkin1_ibufg/O
                         net (fo=1, routed)           1.019    15.715    cpuClk/inst/clk_in1_cpuclk
    PLLE2_ADV_X1Y1       PLLE2_ADV (Prop_plle2_adv_CLKIN1_CLKOUT0)
                                                     -6.696     9.020 r  cpuClk/inst/plle2_adv_inst/CLKOUT0
                         net (fo=1, routed)           1.451    10.471    cpuClk/inst/clk_out1_cpuclk
    BUFGCTRL_X0Y16       BUFG (Prop_bufg_I_O)         0.077    10.548 r  cpuClk/inst/clkout1_buf/O
                         net (fo=6943, routed)        1.243    11.791    mini_rv_u/If/IF_icache/u_cache/clk_out1
    SLICE_X52Y44         FDRE                                         r  mini_rv_u/If/IF_icache/u_cache/pipe_way1_reg/C
                         clock pessimism             -0.453    11.338    
                         clock uncertainty           -0.136    11.202    
    SLICE_X52Y44         FDRE (Setup_fdre_C_D)        0.069    11.271    mini_rv_u/If/IF_icache/u_cache/pipe_way1_reg
  -------------------------------------------------------------------
                         required time                         11.271    
                         arrival time                         -11.179    
  -------------------------------------------------------------------
                         slack                                  0.092    

Slack (MET) :             0.245ns  (required time - arrival time)
  Source:                 mini_rv_u/ex_mem/RegWr_o_reg[3]/C
                            (rising edge-triggered cell FDCE clocked by clk_out1_cpuclk_1  {rise@0.000ns fall@6.667ns period=13.333ns})
  Destination:            mini_rv_u/If/IF_icache/u_cache/tag0_reg[2][9]/CE
                            (rising edge-triggered cell FDRE clocked by clk_out1_cpuclk_1  {rise@0.000ns fall@6.667ns period=13.333ns})
  Path Group:             clk_out1_cpuclk_1
  Path Type:              Setup (Max at Slow Process Corner)
  Requirement:            13.333ns  (clk_out1_cpuclk_1 rise@13.333ns - clk_out1_cpuclk_1 rise@0.000ns)
  Data Path Delay:        12.589ns  (logic 3.374ns (26.802%)  route 9.215ns (73.198%))
  Logic Levels:           20  (CARRY4=3 LUT2=1 LUT3=3 LUT5=7 LUT6=5 MUXF7=1)
  Clock Path Skew:        -0.195ns (DCD - SCD + CPR)
    Destination Clock Delay (DCD):    -1.533ns = ( 11.800 - 13.333 ) 
    Source Clock Delay      (SCD):    -1.876ns
    Clock Pessimism Removal (CPR):    -0.537ns
  Clock Uncertainty:      0.136ns  ((TSJ^2 + DJ^2)^1/2) / 2 + PE
    Total System Jitter     (TSJ):    0.071ns
    Discrete Jitter          (DJ):    0.263ns
    Phase Error              (PE):    0.000ns

    Location             Delay type                Incr(ns)  Path(ns)    Netlist Resource(s)
  -------------------------------------------------------------------    -------------------
                         (clock clk_out1_cpuclk_1 rise edge)
                                                      0.000     0.000 r  
    U18                                               0.000     0.000 r  clk (IN)
                         net (fo=0)                   0.000     0.000    cpuClk/inst/clk_in1
    U18                  IBUF (Prop_ibuf_I_O)         1.429     1.429 r  cpuClk/inst/clkin1_ibufg/O
                         net (fo=1, routed)           1.126     2.555    cpuClk/inst/clk_in1_cpuclk
    PLLE2_ADV_X1Y1       PLLE2_ADV (Prop_plle2_adv_CLKIN1_CLKOUT0)
                                                     -7.569    -5.014 r  cpuClk/inst/plle2_adv_inst/CLKOUT0
                         net (fo=1, routed)           1.594    -3.420    cpuClk/inst/clk_out1_cpuclk
    BUFGCTRL_X0Y16       BUFG (Prop_bufg_I_O)         0.085    -3.335 r  cpuClk/inst/clkout1_buf/O
                         net (fo=6943, routed)        1.459    -1.876    mini_rv_u/ex_mem/clk_out1
    SLICE_X70Y36         FDCE                                         r  mini_rv_u/ex_mem/RegWr_o_reg[3]/C
  -------------------------------------------------------------------    -------------------
    SLICE_X70Y36         FDCE (Prop_fdce_C_Q)         0.348    -1.528 r  mini_rv_u/ex_mem/RegWr_o_reg[3]/Q
                         net (fo=4, routed)           0.821    -0.706    mini_rv_u/ex_mem/RegWr_o_reg[4]_0[3]
    SLICE_X70Y34         LUT6 (Prop_lut6_I2_O)        0.242    -0.464 f  mini_rv_u/ex_mem/num_orig_reg[31]_i_8/O
                         net (fo=2, routed)           0.443    -0.021    mini_rv_u/id_ex/num_orig_reg_reg[31]_1
    SLICE_X69Y34         LUT6 (Prop_lut6_I5_O)        0.105     0.084 r  mini_rv_u/id_ex/DRAMIn_o[31]_i_2/O
                         net (fo=97, routed)          0.530     0.614    mini_rv_u/id_ex/risk_EX_B
    SLICE_X73Y34         LUT5 (Prop_lut5_I2_O)        0.105     0.719 f  mini_rv_u/id_ex/q[4]_i_4/O
                         net (fo=2, routed)           0.508     1.227    mini_rv_u/id_ex/forwardingB[4]
    SLICE_X68Y35         LUT5 (Prop_lut5_I3_O)        0.105     1.332 r  mini_rv_u/id_ex/q[4]_i_2/O
                         net (fo=99, routed)          0.851     2.183    mini_rv_u/id_ex/q[4]_i_6_n_0
    SLICE_X66Y31         LUT3 (Prop_lut3_I1_O)        0.105     2.288 r  mini_rv_u/id_ex/target_table[0][8]_i_14/O
                         net (fo=4, routed)           0.653     2.941    mini_rv_u/id_ex/target_table[0][8]_i_14_n_0
    SLICE_X65Y29         LUT5 (Prop_lut5_I4_O)        0.105     3.046 r  mini_rv_u/id_ex/target_table[0][8]_i_15/O
                         net (fo=2, routed)           0.589     3.636    mini_rv_u/id_ex/target_table[0][8]_i_15_n_0
    SLICE_X61Y29         LUT3 (Prop_lut3_I0_O)        0.105     3.741 r  mini_rv_u/id_ex/target_table[0][4]_i_12/O
                         net (fo=4, routed)           0.623     4.364    mini_rv_u/id_ex/target_table[0][4]_i_12_n_0
    SLICE_X59Y30         LUT6 (Prop_lut6_I0_O)        0.105     4.469 r  mini_rv_u/id_ex/target_table[0][2]_i_9/O
                         net (fo=1, routed)           0.224     4.692    mini_rv_u/id_ex/target_table[0][2]_i_9_n_0
    SLICE_X59Y31         LUT5 (Prop_lut5_I0_O)        0.105     4.797 r  mini_rv_u/id_ex/target_table[0][2]_i_5/O
                         net (fo=1, routed)           0.363     5.160    mini_rv_u/id_ex/target_table[0][2]_i_5_n_0
    SLICE_X55Y32         LUT5 (Prop_lut5_I4_O)        0.105     5.265 r  mini_rv_u/id_ex/target_table[0][2]_i_2/O
                         net (fo=1, routed)           0.000     5.265    mini_rv_u/id_ex/target_table[0][2]_i_2_n_0
    SLICE_X55Y32         MUXF7 (Prop_muxf7_I0_O)      0.178     5.443 r  mini_rv_u/id_ex/target_table_reg[0][2]_i_1/O
                         net (fo=19, routed)          0.619     6.062    mini_rv_u/id_ex/ALUOut_EX[2]
    SLICE_X55Y35         LUT6 (Prop_lut6_I0_O)        0.252     6.314 r  mini_rv_u/id_ex/buf_count[3]_i_22/O
                         net (fo=1, routed)           0.000     6.314    mini_rv_u/id_ex/buf_count[3]_i_22_n_0
    SLICE_X55Y35         CARRY4 (Prop_carry4_S[0]_CO[3])
                                                      0.440     6.754 r  mini_rv_u/id_ex/buf_count_reg[3]_i_14/CO[3]
                         net (fo=1, routed)           0.000     6.754    mini_rv_u/id_ex/buf_count_reg[3]_i_14_n_0
    SLICE_X55Y36         CARRY4 (Prop_carry4_CI_CO[3])
                                                      0.098     6.852 r  mini_rv_u/id_ex/buf_count_reg[3]_i_10/CO[3]
                         net (fo=1, routed)           0.000     6.852    mini_rv_u/id_ex/buf_count_reg[3]_i_10_n_0
    SLICE_X55Y37         CARRY4 (Prop_carry4_CI_CO[2])
                                                      0.190     7.042 r  mini_rv_u/id_ex/buf_count_reg[3]_i_8/CO[2]
                         net (fo=3, routed)           0.382     7.424    mini_rv_u/id_ex/If/target_wrong0
    SLICE_X55Y38         LUT5 (Prop_lut5_I0_O)        0.261     7.685 r  mini_rv_u/id_ex/buf_count[3]_i_4/O
                         net (fo=107, routed)         0.310     7.995    mini_rv_u/Ex/m_div/buf_head_reg[2]
    SLICE_X55Y38         LUT3 (Prop_lut3_I1_O)        0.105     8.100 f  mini_rv_u/Ex/m_div/buf_count[3]_i_9/O
                         net (fo=33, routed)          0.213     8.313    mini_rv_u/id_ex/pre_fetch_pc_reg[1]
    SLICE_X55Y38         LUT2 (Prop_lut2_I1_O)        0.105     8.418 f  mini_rv_u/id_ex/buf_count[3]_i_6/O
                         net (fo=78, routed)          0.596     9.014    mini_rv_u/if_id/pipe_way0_reg
    SLICE_X52Y41         LUT6 (Prop_lut6_I0_O)        0.105     9.119 r  mini_rv_u/if_id/gen_icache_data.data_bram_i_69/O
                         net (fo=135, routed)         0.823     9.942    mini_rv_u/If/IF_icache/u_cache/p_0_out
    SLICE_X42Y45         LUT5 (Prop_lut5_I1_O)        0.105    10.047 r  mini_rv_u/If/IF_icache/u_cache/tag0[2][25]_i_1/O
                         net (fo=26, routed)          0.666    10.713    mini_rv_u/If/IF_icache/u_cache/tag0[2][25]_i_1_n_0
    SLICE_X47Y49         FDRE                                         r  mini_rv_u/If/IF_icache/u_cache/tag0_reg[2][9]/CE
  -------------------------------------------------------------------    -------------------

                         (clock clk_out1_cpuclk_1 rise edge)
                                                     13.333    13.333 r  
    U18                                               0.000    13.333 r  clk (IN)
                         net (fo=0)                   0.000    13.333    cpuClk/inst/clk_in1
    U18                  IBUF (Prop_ibuf_I_O)         1.363    14.697 r  cpuClk/inst/clkin1_ibufg/O
                         net (fo=1, routed)           1.019    15.715    cpuClk/inst/clk_in1_cpuclk
    PLLE2_ADV_X1Y1       PLLE2_ADV (Prop_plle2_adv_CLKIN1_CLKOUT0)
                                                     -6.696     9.020 r  cpuClk/inst/plle2_adv_inst/CLKOUT0
                         net (fo=1, routed)           1.451    10.471    cpuClk/inst/clk_out1_cpuclk
    BUFGCTRL_X0Y16       BUFG (Prop_bufg_I_O)         0.077    10.548 r  cpuClk/inst/clkout1_buf/O
                         net (fo=6943, routed)        1.252    11.800    mini_rv_u/If/IF_icache/u_cache/clk_out1
    SLICE_X47Y49         FDRE                                         r  mini_rv_u/If/IF_icache/u_cache/tag0_reg[2][9]/C
                         clock pessimism             -0.537    11.263    
                         clock uncertainty           -0.136    11.127    
    SLICE_X47Y49         FDRE (Setup_fdre_C_CE)      -0.168    10.959    mini_rv_u/If/IF_icache/u_cache/tag0_reg[2][9]
  -------------------------------------------------------------------
                         required time                         10.959    
                         arrival time                         -10.713    
  -------------------------------------------------------------------
                         slack                                  0.245    

Slack (MET) :             0.290ns  (required time - arrival time)
  Source:                 mini_rv_u/ex_mem/RegWr_o_reg[3]/C
                            (rising edge-triggered cell FDCE clocked by clk_out1_cpuclk_1  {rise@0.000ns fall@6.667ns period=13.333ns})
  Destination:            mini_rv_u/If/IF_icache/u_cache/tag0_reg[0][19]/CE
                            (rising edge-triggered cell FDRE clocked by clk_out1_cpuclk_1  {rise@0.000ns fall@6.667ns period=13.333ns})
  Path Group:             clk_out1_cpuclk_1
  Path Type:              Setup (Max at Slow Process Corner)
  Requirement:            13.333ns  (clk_out1_cpuclk_1 rise@13.333ns - clk_out1_cpuclk_1 rise@0.000ns)
  Data Path Delay:        12.517ns  (logic 3.374ns (26.956%)  route 9.143ns (73.044%))
  Logic Levels:           20  (CARRY4=3 LUT2=1 LUT3=3 LUT5=7 LUT6=5 MUXF7=1)
  Clock Path Skew:        -0.223ns (DCD - SCD + CPR)
    Destination Clock Delay (DCD):    -1.549ns = ( 11.784 - 13.333 ) 
    Source Clock Delay      (SCD):    -1.876ns
    Clock Pessimism Removal (CPR):    -0.549ns
  Clock Uncertainty:      0.136ns  ((TSJ^2 + DJ^2)^1/2) / 2 + PE
    Total System Jitter     (TSJ):    0.071ns
    Discrete Jitter          (DJ):    0.263ns
    Phase Error              (PE):    0.000ns

    Location             Delay type                Incr(ns)  Path(ns)    Netlist Resource(s)
  -------------------------------------------------------------------    -------------------
                         (clock clk_out1_cpuclk_1 rise edge)
                                                      0.000     0.000 r  
    U18                                               0.000     0.000 r  clk (IN)
                         net (fo=0)                   0.000     0.000    cpuClk/inst/clk_in1
    U18                  IBUF (Prop_ibuf_I_O)         1.429     1.429 r  cpuClk/inst/clkin1_ibufg/O
                         net (fo=1, routed)           1.126     2.555    cpuClk/inst/clk_in1_cpuclk
    PLLE2_ADV_X1Y1       PLLE2_ADV (Prop_plle2_adv_CLKIN1_CLKOUT0)
                                                     -7.569    -5.014 r  cpuClk/inst/plle2_adv_inst/CLKOUT0
                         net (fo=1, routed)           1.594    -3.420    cpuClk/inst/clk_out1_cpuclk
    BUFGCTRL_X0Y16       BUFG (Prop_bufg_I_O)         0.085    -3.335 r  cpuClk/inst/clkout1_buf/O
                         net (fo=6943, routed)        1.459    -1.876    mini_rv_u/ex_mem/clk_out1
    SLICE_X70Y36         FDCE                                         r  mini_rv_u/ex_mem/RegWr_o_reg[3]/C
  -------------------------------------------------------------------    -------------------
    SLICE_X70Y36         FDCE (Prop_fdce_C_Q)         0.348    -1.528 r  mini_rv_u/ex_mem/RegWr_o_reg[3]/Q
                         net (fo=4, routed)           0.821    -0.706    mini_rv_u/ex_mem/RegWr_o_reg[4]_0[3]
    SLICE_X70Y34         LUT6 (Prop_lut6_I2_O)        0.242    -0.464 f  mini_rv_u/ex_mem/num_orig_reg[31]_i_8/O
                         net (fo=2, routed)           0.443    -0.021    mini_rv_u/id_ex/num_orig_reg_reg[31]_1
    SLICE_X69Y34         LUT6 (Prop_lut6_I5_O)        0.105     0.084 r  mini_rv_u/id_ex/DRAMIn_o[31]_i_2/O
                         net (fo=97, routed)          0.530     0.614    mini_rv_u/id_ex/risk_EX_B
    SLICE_X73Y34         LUT5 (Prop_lut5_I2_O)        0.105     0.719 f  mini_rv_u/id_ex/q[4]_i_4/O
                         net (fo=2, routed)           0.508     1.227    mini_rv_u/id_ex/forwardingB[4]
    SLICE_X68Y35         LUT5 (Prop_lut5_I3_O)        0.105     1.332 r  mini_rv_u/id_ex/q[4]_i_2/O
                         net (fo=99, routed)          0.851     2.183    mini_rv_u/id_ex/q[4]_i_6_n_0
    SLICE_X66Y31         LUT3 (Prop_lut3_I1_O)        0.105     2.288 r  mini_rv_u/id_ex/target_table[0][8]_i_14/O
                         net (fo=4, routed)           0.653     2.941    mini_rv_u/id_ex/target_table[0][8]_i_14_n_0
    SLICE_X65Y29         LUT5 (Prop_lut5_I4_O)        0.105     3.046 r  mini_rv_u/id_ex/target_table[0][8]_i_15/O
                         net (fo=2, routed)           0.589     3.636    mini_rv_u/id_ex/target_table[0][8]_i_15_n_0
    SLICE_X61Y29         LUT3 (Prop_lut3_I0_O)        0.105     3.741 r  mini_rv_u/id_ex/target_table[0][4]_i_12/O
                         net (fo=4, routed)           0.623     4.364    mini_rv_u/id_ex/target_table[0][4]_i_12_n_0
    SLICE_X59Y30         LUT6 (Prop_lut6_I0_O)        0.105     4.469 r  mini_rv_u/id_ex/target_table[0][2]_i_9/O
                         net (fo=1, routed)           0.224     4.692    mini_rv_u/id_ex/target_table[0][2]_i_9_n_0
    SLICE_X59Y31         LUT5 (Prop_lut5_I0_O)        0.105     4.797 r  mini_rv_u/id_ex/target_table[0][2]_i_5/O
                         net (fo=1, routed)           0.363     5.160    mini_rv_u/id_ex/target_table[0][2]_i_5_n_0
    SLICE_X55Y32         LUT5 (Prop_lut5_I4_O)        0.105     5.265 r  mini_rv_u/id_ex/target_table[0][2]_i_2/O
                         net (fo=1, routed)           0.000     5.265    mini_rv_u/id_ex/target_table[0][2]_i_2_n_0
    SLICE_X55Y32         MUXF7 (Prop_muxf7_I0_O)      0.178     5.443 r  mini_rv_u/id_ex/target_table_reg[0][2]_i_1/O
                         net (fo=19, routed)          0.619     6.062    mini_rv_u/id_ex/ALUOut_EX[2]
    SLICE_X55Y35         LUT6 (Prop_lut6_I0_O)        0.252     6.314 r  mini_rv_u/id_ex/buf_count[3]_i_22/O
                         net (fo=1, routed)           0.000     6.314    mini_rv_u/id_ex/buf_count[3]_i_22_n_0
    SLICE_X55Y35         CARRY4 (Prop_carry4_S[0]_CO[3])
                                                      0.440     6.754 r  mini_rv_u/id_ex/buf_count_reg[3]_i_14/CO[3]
                         net (fo=1, routed)           0.000     6.754    mini_rv_u/id_ex/buf_count_reg[3]_i_14_n_0
    SLICE_X55Y36         CARRY4 (Prop_carry4_CI_CO[3])
                                                      0.098     6.852 r  mini_rv_u/id_ex/buf_count_reg[3]_i_10/CO[3]
                         net (fo=1, routed)           0.000     6.852    mini_rv_u/id_ex/buf_count_reg[3]_i_10_n_0
    SLICE_X55Y37         CARRY4 (Prop_carry4_CI_CO[2])
                                                      0.190     7.042 r  mini_rv_u/id_ex/buf_count_reg[3]_i_8/CO[2]
                         net (fo=3, routed)           0.382     7.424    mini_rv_u/id_ex/If/target_wrong0
    SLICE_X55Y38         LUT5 (Prop_lut5_I0_O)        0.261     7.685 r  mini_rv_u/id_ex/buf_count[3]_i_4/O
                         net (fo=107, routed)         0.310     7.995    mini_rv_u/Ex/m_div/buf_head_reg[2]
    SLICE_X55Y38         LUT3 (Prop_lut3_I1_O)        0.105     8.100 f  mini_rv_u/Ex/m_div/buf_count[3]_i_9/O
                         net (fo=33, routed)          0.213     8.313    mini_rv_u/id_ex/pre_fetch_pc_reg[1]
    SLICE_X55Y38         LUT2 (Prop_lut2_I1_O)        0.105     8.418 f  mini_rv_u/id_ex/buf_count[3]_i_6/O
                         net (fo=78, routed)          0.596     9.014    mini_rv_u/if_id/pipe_way0_reg
    SLICE_X52Y41         LUT6 (Prop_lut6_I0_O)        0.105     9.119 r  mini_rv_u/if_id/gen_icache_data.data_bram_i_69/O
                         net (fo=135, routed)         0.689     9.808    mini_rv_u/If/IF_icache/u_cache/p_0_out
    SLICE_X39Y41         LUT5 (Prop_lut5_I1_O)        0.105     9.913 r  mini_rv_u/If/IF_icache/u_cache/tag0[0][25]_i_1/O
                         net (fo=26, routed)          0.729    10.641    mini_rv_u/If/IF_icache/u_cache/tag0[0][25]_i_1_n_0
    SLICE_X39Y50         FDRE                                         r  mini_rv_u/If/IF_icache/u_cache/tag0_reg[0][19]/CE
  -------------------------------------------------------------------    -------------------

                         (clock clk_out1_cpuclk_1 rise edge)
                                                     13.333    13.333 r  
    U18                                               0.000    13.333 r  clk (IN)
                         net (fo=0)                   0.000    13.333    cpuClk/inst/clk_in1
    U18                  IBUF (Prop_ibuf_I_O)         1.363    14.697 r  cpuClk/inst/clkin1_ibufg/O
                         net (fo=1, routed)           1.019    15.715    cpuClk/inst/clk_in1_cpuclk
    PLLE2_ADV_X1Y1       PLLE2_ADV (Prop_plle2_adv_CLKIN1_CLKOUT0)
                                                     -6.696     9.020 r  cpuClk/inst/plle2_adv_inst/CLKOUT0
                         net (fo=1, routed)           1.451    10.471    cpuClk/inst/clk_out1_cpuclk
    BUFGCTRL_X0Y16       BUFG (Prop_bufg_I_O)         0.077    10.548 r  cpuClk/inst/clkout1_buf/O
                         net (fo=6943, routed)        1.236    11.784    mini_rv_u/If/IF_icache/u_cache/clk_out1
    SLICE_X39Y50         FDRE                                         r  mini_rv_u/If/IF_icache/u_cache/tag0_reg[0][19]/C
                         clock pessimism             -0.549    11.235    
                         clock uncertainty           -0.136    11.099    
    SLICE_X39Y50         FDRE (Setup_fdre_C_CE)      -0.168    10.931    mini_rv_u/If/IF_icache/u_cache/tag0_reg[0][19]
  -------------------------------------------------------------------
                         required time                         10.931    
                         arrival time                         -10.641    
  -------------------------------------------------------------------
                         slack                                  0.290    

Slack (MET) :             0.290ns  (required time - arrival time)
  Source:                 mini_rv_u/ex_mem/RegWr_o_reg[3]/C
                            (rising edge-triggered cell FDCE clocked by clk_out1_cpuclk_1  {rise@0.000ns fall@6.667ns period=13.333ns})
  Destination:            mini_rv_u/If/IF_icache/u_cache/tag0_reg[0][23]/CE
                            (rising edge-triggered cell FDRE clocked by clk_out1_cpuclk_1  {rise@0.000ns fall@6.667ns period=13.333ns})
  Path Group:             clk_out1_cpuclk_1
  Path Type:              Setup (Max at Slow Process Corner)
  Requirement:            13.333ns  (clk_out1_cpuclk_1 rise@13.333ns - clk_out1_cpuclk_1 rise@0.000ns)
  Data Path Delay:        12.517ns  (logic 3.374ns (26.956%)  route 9.143ns (73.044%))
  Logic Levels:           20  (CARRY4=3 LUT2=1 LUT3=3 LUT5=7 LUT6=5 MUXF7=1)
  Clock Path Skew:        -0.223ns (DCD - SCD + CPR)
    Destination Clock Delay (DCD):    -1.549ns = ( 11.784 - 13.333 ) 
    Source Clock Delay      (SCD):    -1.876ns
    Clock Pessimism Removal (CPR):    -0.549ns
  Clock Uncertainty:      0.136ns  ((TSJ^2 + DJ^2)^1/2) / 2 + PE
    Total System Jitter     (TSJ):    0.071ns
    Discrete Jitter          (DJ):    0.263ns
    Phase Error              (PE):    0.000ns

    Location             Delay type                Incr(ns)  Path(ns)    Netlist Resource(s)
  -------------------------------------------------------------------    -------------------
                         (clock clk_out1_cpuclk_1 rise edge)
                                                      0.000     0.000 r  
    U18                                               0.000     0.000 r  clk (IN)
                         net (fo=0)                   0.000     0.000    cpuClk/inst/clk_in1
    U18                  IBUF (Prop_ibuf_I_O)         1.429     1.429 r  cpuClk/inst/clkin1_ibufg/O
                         net (fo=1, routed)           1.126     2.555    cpuClk/inst/clk_in1_cpuclk
    PLLE2_ADV_X1Y1       PLLE2_ADV (Prop_plle2_adv_CLKIN1_CLKOUT0)
                                                     -7.569    -5.014 r  cpuClk/inst/plle2_adv_inst/CLKOUT0
                         net (fo=1, routed)           1.594    -3.420    cpuClk/inst/clk_out1_cpuclk
    BUFGCTRL_X0Y16       BUFG (Prop_bufg_I_O)         0.085    -3.335 r  cpuClk/inst/clkout1_buf/O
                         net (fo=6943, routed)        1.459    -1.876    mini_rv_u/ex_mem/clk_out1
    SLICE_X70Y36         FDCE                                         r  mini_rv_u/ex_mem/RegWr_o_reg[3]/C
  -------------------------------------------------------------------    -------------------
    SLICE_X70Y36         FDCE (Prop_fdce_C_Q)         0.348    -1.528 r  mini_rv_u/ex_mem/RegWr_o_reg[3]/Q
                         net (fo=4, routed)           0.821    -0.706    mini_rv_u/ex_mem/RegWr_o_reg[4]_0[3]
    SLICE_X70Y34         LUT6 (Prop_lut6_I2_O)        0.242    -0.464 f  mini_rv_u/ex_mem/num_orig_reg[31]_i_8/O
                         net (fo=2, routed)           0.443    -0.021    mini_rv_u/id_ex/num_orig_reg_reg[31]_1
    SLICE_X69Y34         LUT6 (Prop_lut6_I5_O)        0.105     0.084 r  mini_rv_u/id_ex/DRAMIn_o[31]_i_2/O
                         net (fo=97, routed)          0.530     0.614    mini_rv_u/id_ex/risk_EX_B
    SLICE_X73Y34         LUT5 (Prop_lut5_I2_O)        0.105     0.719 f  mini_rv_u/id_ex/q[4]_i_4/O
                         net (fo=2, routed)           0.508     1.227    mini_rv_u/id_ex/forwardingB[4]
    SLICE_X68Y35         LUT5 (Prop_lut5_I3_O)        0.105     1.332 r  mini_rv_u/id_ex/q[4]_i_2/O
                         net (fo=99, routed)          0.851     2.183    mini_rv_u/id_ex/q[4]_i_6_n_0
    SLICE_X66Y31         LUT3 (Prop_lut3_I1_O)        0.105     2.288 r  mini_rv_u/id_ex/target_table[0][8]_i_14/O
                         net (fo=4, routed)           0.653     2.941    mini_rv_u/id_ex/target_table[0][8]_i_14_n_0
    SLICE_X65Y29         LUT5 (Prop_lut5_I4_O)        0.105     3.046 r  mini_rv_u/id_ex/target_table[0][8]_i_15/O
                         net (fo=2, routed)           0.589     3.636    mini_rv_u/id_ex/target_table[0][8]_i_15_n_0
    SLICE_X61Y29         LUT3 (Prop_lut3_I0_O)        0.105     3.741 r  mini_rv_u/id_ex/target_table[0][4]_i_12/O
                         net (fo=4, routed)           0.623     4.364    mini_rv_u/id_ex/target_table[0][4]_i_12_n_0
    SLICE_X59Y30         LUT6 (Prop_lut6_I0_O)        0.105     4.469 r  mini_rv_u/id_ex/target_table[0][2]_i_9/O
                         net (fo=1, routed)           0.224     4.692    mini_rv_u/id_ex/target_table[0][2]_i_9_n_0
    SLICE_X59Y31         LUT5 (Prop_lut5_I0_O)        0.105     4.797 r  mini_rv_u/id_ex/target_table[0][2]_i_5/O
                         net (fo=1, routed)           0.363     5.160    mini_rv_u/id_ex/target_table[0][2]_i_5_n_0
    SLICE_X55Y32         LUT5 (Prop_lut5_I4_O)        0.105     5.265 r  mini_rv_u/id_ex/target_table[0][2]_i_2/O
                         net (fo=1, routed)           0.000     5.265    mini_rv_u/id_ex/target_table[0][2]_i_2_n_0
    SLICE_X55Y32         MUXF7 (Prop_muxf7_I0_O)      0.178     5.443 r  mini_rv_u/id_ex/target_table_reg[0][2]_i_1/O
                         net (fo=19, routed)          0.619     6.062    mini_rv_u/id_ex/ALUOut_EX[2]
    SLICE_X55Y35         LUT6 (Prop_lut6_I0_O)        0.252     6.314 r  mini_rv_u/id_ex/buf_count[3]_i_22/O
                         net (fo=1, routed)           0.000     6.314    mini_rv_u/id_ex/buf_count[3]_i_22_n_0
    SLICE_X55Y35         CARRY4 (Prop_carry4_S[0]_CO[3])
                                                      0.440     6.754 r  mini_rv_u/id_ex/buf_count_reg[3]_i_14/CO[3]
                         net (fo=1, routed)           0.000     6.754    mini_rv_u/id_ex/buf_count_reg[3]_i_14_n_0
    SLICE_X55Y36         CARRY4 (Prop_carry4_CI_CO[3])
                                                      0.098     6.852 r  mini_rv_u/id_ex/buf_count_reg[3]_i_10/CO[3]
                         net (fo=1, routed)           0.000     6.852    mini_rv_u/id_ex/buf_count_reg[3]_i_10_n_0
    SLICE_X55Y37         CARRY4 (Prop_carry4_CI_CO[2])
                                                      0.190     7.042 r  mini_rv_u/id_ex/buf_count_reg[3]_i_8/CO[2]
                         net (fo=3, routed)           0.382     7.424    mini_rv_u/id_ex/If/target_wrong0
    SLICE_X55Y38         LUT5 (Prop_lut5_I0_O)        0.261     7.685 r  mini_rv_u/id_ex/buf_count[3]_i_4/O
                         net (fo=107, routed)         0.310     7.995    mini_rv_u/Ex/m_div/buf_head_reg[2]
    SLICE_X55Y38         LUT3 (Prop_lut3_I1_O)        0.105     8.100 f  mini_rv_u/Ex/m_div/buf_count[3]_i_9/O
                         net (fo=33, routed)          0.213     8.313    mini_rv_u/id_ex/pre_fetch_pc_reg[1]
    SLICE_X55Y38         LUT2 (Prop_lut2_I1_O)        0.105     8.418 f  mini_rv_u/id_ex/buf_count[3]_i_6/O
                         net (fo=78, routed)          0.596     9.014    mini_rv_u/if_id/pipe_way0_reg
    SLICE_X52Y41         LUT6 (Prop_lut6_I0_O)        0.105     9.119 r  mini_rv_u/if_id/gen_icache_data.data_bram_i_69/O
                         net (fo=135, routed)         0.689     9.808    mini_rv_u/If/IF_icache/u_cache/p_0_out
    SLICE_X39Y41         LUT5 (Prop_lut5_I1_O)        0.105     9.913 r  mini_rv_u/If/IF_icache/u_cache/tag0[0][25]_i_1/O
                         net (fo=26, routed)          0.729    10.641    mini_rv_u/If/IF_icache/u_cache/tag0[0][25]_i_1_n_0
    SLICE_X39Y50         FDRE                                         r  mini_rv_u/If/IF_icache/u_cache/tag0_reg[0][23]/CE
  -------------------------------------------------------------------    -------------------

                         (clock clk_out1_cpuclk_1 rise edge)
                                                     13.333    13.333 r  
    U18                                               0.000    13.333 r  clk (IN)
                         net (fo=0)                   0.000    13.333    cpuClk/inst/clk_in1
    U18                  IBUF (Prop_ibuf_I_O)         1.363    14.697 r  cpuClk/inst/clkin1_ibufg/O
                         net (fo=1, routed)           1.019    15.715    cpuClk/inst/clk_in1_cpuclk
    PLLE2_ADV_X1Y1       PLLE2_ADV (Prop_plle2_adv_CLKIN1_CLKOUT0)
                                                     -6.696     9.020 r  cpuClk/inst/plle2_adv_inst/CLKOUT0
                         net (fo=1, routed)           1.451    10.471    cpuClk/inst/clk_out1_cpuclk
    BUFGCTRL_X0Y16       BUFG (Prop_bufg_I_O)         0.077    10.548 r  cpuClk/inst/clkout1_buf/O
                         net (fo=6943, routed)        1.236    11.784    mini_rv_u/If/IF_icache/u_cache/clk_out1
    SLICE_X39Y50         FDRE                                         r  mini_rv_u/If/IF_icache/u_cache/tag0_reg[0][23]/C
                         clock pessimism             -0.549    11.235    
                         clock uncertainty           -0.136    11.099    
    SLICE_X39Y50         FDRE (Setup_fdre_C_CE)      -0.168    10.931    mini_rv_u/If/IF_icache/u_cache/tag0_reg[0][23]
  -------------------------------------------------------------------
                         required time                         10.931    
                         arrival time                         -10.641    
  -------------------------------------------------------------------
                         slack                                  0.290    

Slack (MET) :             0.290ns  (required time - arrival time)
  Source:                 mini_rv_u/ex_mem/RegWr_o_reg[3]/C
                            (rising edge-triggered cell FDCE clocked by clk_out1_cpuclk_1  {rise@0.000ns fall@6.667ns period=13.333ns})
  Destination:            mini_rv_u/If/IF_icache/u_cache/tag0_reg[0][24]/CE
                            (rising edge-triggered cell FDRE clocked by clk_out1_cpuclk_1  {rise@0.000ns fall@6.667ns period=13.333ns})
  Path Group:             clk_out1_cpuclk_1
  Path Type:              Setup (Max at Slow Process Corner)
  Requirement:            13.333ns  (clk_out1_cpuclk_1 rise@13.333ns - clk_out1_cpuclk_1 rise@0.000ns)
  Data Path Delay:        12.517ns  (logic 3.374ns (26.956%)  route 9.143ns (73.044%))
  Logic Levels:           20  (CARRY4=3 LUT2=1 LUT3=3 LUT5=7 LUT6=5 MUXF7=1)
  Clock Path Skew:        -0.223ns (DCD - SCD + CPR)
    Destination Clock Delay (DCD):    -1.549ns = ( 11.784 - 13.333 ) 
    Source Clock Delay      (SCD):    -1.876ns
    Clock Pessimism Removal (CPR):    -0.549ns
  Clock Uncertainty:      0.136ns  ((TSJ^2 + DJ^2)^1/2) / 2 + PE
    Total System Jitter     (TSJ):    0.071ns
    Discrete Jitter          (DJ):    0.263ns
    Phase Error              (PE):    0.000ns

    Location             Delay type                Incr(ns)  Path(ns)    Netlist Resource(s)
  -------------------------------------------------------------------    -------------------
                         (clock clk_out1_cpuclk_1 rise edge)
                                                      0.000     0.000 r  
    U18                                               0.000     0.000 r  clk (IN)
                         net (fo=0)                   0.000     0.000    cpuClk/inst/clk_in1
    U18                  IBUF (Prop_ibuf_I_O)         1.429     1.429 r  cpuClk/inst/clkin1_ibufg/O
                         net (fo=1, routed)           1.126     2.555    cpuClk/inst/clk_in1_cpuclk
    PLLE2_ADV_X1Y1       PLLE2_ADV (Prop_plle2_adv_CLKIN1_CLKOUT0)
                                                     -7.569    -5.014 r  cpuClk/inst/plle2_adv_inst/CLKOUT0
                         net (fo=1, routed)           1.594    -3.420    cpuClk/inst/clk_out1_cpuclk
    BUFGCTRL_X0Y16       BUFG (Prop_bufg_I_O)         0.085    -3.335 r  cpuClk/inst/clkout1_buf/O
                         net (fo=6943, routed)        1.459    -1.876    mini_rv_u/ex_mem/clk_out1
    SLICE_X70Y36         FDCE                                         r  mini_rv_u/ex_mem/RegWr_o_reg[3]/C
  -------------------------------------------------------------------    -------------------
    SLICE_X70Y36         FDCE (Prop_fdce_C_Q)         0.348    -1.528 r  mini_rv_u/ex_mem/RegWr_o_reg[3]/Q
                         net (fo=4, routed)           0.821    -0.706    mini_rv_u/ex_mem/RegWr_o_reg[4]_0[3]
    SLICE_X70Y34         LUT6 (Prop_lut6_I2_O)        0.242    -0.464 f  mini_rv_u/ex_mem/num_orig_reg[31]_i_8/O
                         net (fo=2, routed)           0.443    -0.021    mini_rv_u/id_ex/num_orig_reg_reg[31]_1
    SLICE_X69Y34         LUT6 (Prop_lut6_I5_O)        0.105     0.084 r  mini_rv_u/id_ex/DRAMIn_o[31]_i_2/O
                         net (fo=97, routed)          0.530     0.614    mini_rv_u/id_ex/risk_EX_B
    SLICE_X73Y34         LUT5 (Prop_lut5_I2_O)        0.105     0.719 f  mini_rv_u/id_ex/q[4]_i_4/O
                         net (fo=2, routed)           0.508     1.227    mini_rv_u/id_ex/forwardingB[4]
    SLICE_X68Y35         LUT5 (Prop_lut5_I3_O)        0.105     1.332 r  mini_rv_u/id_ex/q[4]_i_2/O
                         net (fo=99, routed)          0.851     2.183    mini_rv_u/id_ex/q[4]_i_6_n_0
    SLICE_X66Y31         LUT3 (Prop_lut3_I1_O)        0.105     2.288 r  mini_rv_u/id_ex/target_table[0][8]_i_14/O
                         net (fo=4, routed)           0.653     2.941    mini_rv_u/id_ex/target_table[0][8]_i_14_n_0
    SLICE_X65Y29         LUT5 (Prop_lut5_I4_O)        0.105     3.046 r  mini_rv_u/id_ex/target_table[0][8]_i_15/O
                         net (fo=2, routed)           0.589     3.636    mini_rv_u/id_ex/target_table[0][8]_i_15_n_0
    SLICE_X61Y29         LUT3 (Prop_lut3_I0_O)        0.105     3.741 r  mini_rv_u/id_ex/target_table[0][4]_i_12/O
                         net (fo=4, routed)           0.623     4.364    mini_rv_u/id_ex/target_table[0][4]_i_12_n_0
    SLICE_X59Y30         LUT6 (Prop_lut6_I0_O)        0.105     4.469 r  mini_rv_u/id_ex/target_table[0][2]_i_9/O
                         net (fo=1, routed)           0.224     4.692    mini_rv_u/id_ex/target_table[0][2]_i_9_n_0
    SLICE_X59Y31         LUT5 (Prop_lut5_I0_O)        0.105     4.797 r  mini_rv_u/id_ex/target_table[0][2]_i_5/O
                         net (fo=1, routed)           0.363     5.160    mini_rv_u/id_ex/target_table[0][2]_i_5_n_0
    SLICE_X55Y32         LUT5 (Prop_lut5_I4_O)        0.105     5.265 r  mini_rv_u/id_ex/target_table[0][2]_i_2/O
                         net (fo=1, routed)           0.000     5.265    mini_rv_u/id_ex/target_table[0][2]_i_2_n_0
    SLICE_X55Y32         MUXF7 (Prop_muxf7_I0_O)      0.178     5.443 r  mini_rv_u/id_ex/target_table_reg[0][2]_i_1/O
                         net (fo=19, routed)          0.619     6.062    mini_rv_u/id_ex/ALUOut_EX[2]
    SLICE_X55Y35         LUT6 (Prop_lut6_I0_O)        0.252     6.314 r  mini_rv_u/id_ex/buf_count[3]_i_22/O
                         net (fo=1, routed)           0.000     6.314    mini_rv_u/id_ex/buf_count[3]_i_22_n_0
    SLICE_X55Y35         CARRY4 (Prop_carry4_S[0]_CO[3])
                                                      0.440     6.754 r  mini_rv_u/id_ex/buf_count_reg[3]_i_14/CO[3]
                         net (fo=1, routed)           0.000     6.754    mini_rv_u/id_ex/buf_count_reg[3]_i_14_n_0
    SLICE_X55Y36         CARRY4 (Prop_carry4_CI_CO[3])
                                                      0.098     6.852 r  mini_rv_u/id_ex/buf_count_reg[3]_i_10/CO[3]
                         net (fo=1, routed)           0.000     6.852    mini_rv_u/id_ex/buf_count_reg[3]_i_10_n_0
    SLICE_X55Y37         CARRY4 (Prop_carry4_CI_CO[2])
                                                      0.190     7.042 r  mini_rv_u/id_ex/buf_count_reg[3]_i_8/CO[2]
                         net (fo=3, routed)           0.382     7.424    mini_rv_u/id_ex/If/target_wrong0
    SLICE_X55Y38         LUT5 (Prop_lut5_I0_O)        0.261     7.685 r  mini_rv_u/id_ex/buf_count[3]_i_4/O
                         net (fo=107, routed)         0.310     7.995    mini_rv_u/Ex/m_div/buf_head_reg[2]
    SLICE_X55Y38         LUT3 (Prop_lut3_I1_O)        0.105     8.100 f  mini_rv_u/Ex/m_div/buf_count[3]_i_9/O
                         net (fo=33, routed)          0.213     8.313    mini_rv_u/id_ex/pre_fetch_pc_reg[1]
    SLICE_X55Y38         LUT2 (Prop_lut2_I1_O)        0.105     8.418 f  mini_rv_u/id_ex/buf_count[3]_i_6/O
                         net (fo=78, routed)          0.596     9.014    mini_rv_u/if_id/pipe_way0_reg
    SLICE_X52Y41         LUT6 (Prop_lut6_I0_O)        0.105     9.119 r  mini_rv_u/if_id/gen_icache_data.data_bram_i_69/O
                         net (fo=135, routed)         0.689     9.808    mini_rv_u/If/IF_icache/u_cache/p_0_out
    SLICE_X39Y41         LUT5 (Prop_lut5_I1_O)        0.105     9.913 r  mini_rv_u/If/IF_icache/u_cache/tag0[0][25]_i_1/O
                         net (fo=26, routed)          0.729    10.641    mini_rv_u/If/IF_icache/u_cache/tag0[0][25]_i_1_n_0
    SLICE_X39Y50         FDRE                                         r  mini_rv_u/If/IF_icache/u_cache/tag0_reg[0][24]/CE
  -------------------------------------------------------------------    -------------------

                         (clock clk_out1_cpuclk_1 rise edge)
                                                     13.333    13.333 r  
    U18                                               0.000    13.333 r  clk (IN)
                         net (fo=0)                   0.000    13.333    cpuClk/inst/clk_in1
    U18                  IBUF (Prop_ibuf_I_O)         1.363    14.697 r  cpuClk/inst/clkin1_ibufg/O
                         net (fo=1, routed)           1.019    15.715    cpuClk/inst/clk_in1_cpuclk
    PLLE2_ADV_X1Y1       PLLE2_ADV (Prop_plle2_adv_CLKIN1_CLKOUT0)
                                                     -6.696     9.020 r  cpuClk/inst/plle2_adv_inst/CLKOUT0
                         net (fo=1, routed)           1.451    10.471    cpuClk/inst/clk_out1_cpuclk
    BUFGCTRL_X0Y16       BUFG (Prop_bufg_I_O)         0.077    10.548 r  cpuClk/inst/clkout1_buf/O
                         net (fo=6943, routed)        1.236    11.784    mini_rv_u/If/IF_icache/u_cache/clk_out1
    SLICE_X39Y50         FDRE                                         r  mini_rv_u/If/IF_icache/u_cache/tag0_reg[0][24]/C
                         clock pessimism             -0.549    11.235    
                         clock uncertainty           -0.136    11.099    
    SLICE_X39Y50         FDRE (Setup_fdre_C_CE)      -0.168    10.931    mini_rv_u/If/IF_icache/u_cache/tag0_reg[0][24]
  -------------------------------------------------------------------
                         required time                         10.931    
                         arrival time                         -10.641    
  -------------------------------------------------------------------
                         slack                                  0.290    

Slack (MET) :             0.290ns  (required time - arrival time)
  Source:                 mini_rv_u/ex_mem/RegWr_o_reg[3]/C
                            (rising edge-triggered cell FDCE clocked by clk_out1_cpuclk_1  {rise@0.000ns fall@6.667ns period=13.333ns})
  Destination:            mini_rv_u/If/IF_icache/u_cache/tag0_reg[0][25]/CE
                            (rising edge-triggered cell FDRE clocked by clk_out1_cpuclk_1  {rise@0.000ns fall@6.667ns period=13.333ns})
  Path Group:             clk_out1_cpuclk_1
  Path Type:              Setup (Max at Slow Process Corner)
  Requirement:            13.333ns  (clk_out1_cpuclk_1 rise@13.333ns - clk_out1_cpuclk_1 rise@0.000ns)
  Data Path Delay:        12.517ns  (logic 3.374ns (26.956%)  route 9.143ns (73.044%))
  Logic Levels:           20  (CARRY4=3 LUT2=1 LUT3=3 LUT5=7 LUT6=5 MUXF7=1)
  Clock Path Skew:        -0.223ns (DCD - SCD + CPR)
    Destination Clock Delay (DCD):    -1.549ns = ( 11.784 - 13.333 ) 
    Source Clock Delay      (SCD):    -1.876ns
    Clock Pessimism Removal (CPR):    -0.549ns
  Clock Uncertainty:      0.136ns  ((TSJ^2 + DJ^2)^1/2) / 2 + PE
    Total System Jitter     (TSJ):    0.071ns
    Discrete Jitter          (DJ):    0.263ns
    Phase Error              (PE):    0.000ns

    Location             Delay type                Incr(ns)  Path(ns)    Netlist Resource(s)
  -------------------------------------------------------------------    -------------------
                         (clock clk_out1_cpuclk_1 rise edge)
                                                      0.000     0.000 r  
    U18                                               0.000     0.000 r  clk (IN)
                         net (fo=0)                   0.000     0.000    cpuClk/inst/clk_in1
    U18                  IBUF (Prop_ibuf_I_O)         1.429     1.429 r  cpuClk/inst/clkin1_ibufg/O
                         net (fo=1, routed)           1.126     2.555    cpuClk/inst/clk_in1_cpuclk
    PLLE2_ADV_X1Y1       PLLE2_ADV (Prop_plle2_adv_CLKIN1_CLKOUT0)
                                                     -7.569    -5.014 r  cpuClk/inst/plle2_adv_inst/CLKOUT0
                         net (fo=1, routed)           1.594    -3.420    cpuClk/inst/clk_out1_cpuclk
    BUFGCTRL_X0Y16       BUFG (Prop_bufg_I_O)         0.085    -3.335 r  cpuClk/inst/clkout1_buf/O
                         net (fo=6943, routed)        1.459    -1.876    mini_rv_u/ex_mem/clk_out1
    SLICE_X70Y36         FDCE                                         r  mini_rv_u/ex_mem/RegWr_o_reg[3]/C
  -------------------------------------------------------------------    -------------------
    SLICE_X70Y36         FDCE (Prop_fdce_C_Q)         0.348    -1.528 r  mini_rv_u/ex_mem/RegWr_o_reg[3]/Q
                         net (fo=4, routed)           0.821    -0.706    mini_rv_u/ex_mem/RegWr_o_reg[4]_0[3]
    SLICE_X70Y34         LUT6 (Prop_lut6_I2_O)        0.242    -0.464 f  mini_rv_u/ex_mem/num_orig_reg[31]_i_8/O
                         net (fo=2, routed)           0.443    -0.021    mini_rv_u/id_ex/num_orig_reg_reg[31]_1
    SLICE_X69Y34         LUT6 (Prop_lut6_I5_O)        0.105     0.084 r  mini_rv_u/id_ex/DRAMIn_o[31]_i_2/O
                         net (fo=97, routed)          0.530     0.614    mini_rv_u/id_ex/risk_EX_B
    SLICE_X73Y34         LUT5 (Prop_lut5_I2_O)        0.105     0.719 f  mini_rv_u/id_ex/q[4]_i_4/O
                         net (fo=2, routed)           0.508     1.227    mini_rv_u/id_ex/forwardingB[4]
    SLICE_X68Y35         LUT5 (Prop_lut5_I3_O)        0.105     1.332 r  mini_rv_u/id_ex/q[4]_i_2/O
                         net (fo=99, routed)          0.851     2.183    mini_rv_u/id_ex/q[4]_i_6_n_0
    SLICE_X66Y31         LUT3 (Prop_lut3_I1_O)        0.105     2.288 r  mini_rv_u/id_ex/target_table[0][8]_i_14/O
                         net (fo=4, routed)           0.653     2.941    mini_rv_u/id_ex/target_table[0][8]_i_14_n_0
    SLICE_X65Y29         LUT5 (Prop_lut5_I4_O)        0.105     3.046 r  mini_rv_u/id_ex/target_table[0][8]_i_15/O
                         net (fo=2, routed)           0.589     3.636    mini_rv_u/id_ex/target_table[0][8]_i_15_n_0
    SLICE_X61Y29         LUT3 (Prop_lut3_I0_O)        0.105     3.741 r  mini_rv_u/id_ex/target_table[0][4]_i_12/O
                         net (fo=4, routed)           0.623     4.364    mini_rv_u/id_ex/target_table[0][4]_i_12_n_0
    SLICE_X59Y30         LUT6 (Prop_lut6_I0_O)        0.105     4.469 r  mini_rv_u/id_ex/target_table[0][2]_i_9/O
                         net (fo=1, routed)           0.224     4.692    mini_rv_u/id_ex/target_table[0][2]_i_9_n_0
    SLICE_X59Y31         LUT5 (Prop_lut5_I0_O)        0.105     4.797 r  mini_rv_u/id_ex/target_table[0][2]_i_5/O
                         net (fo=1, routed)           0.363     5.160    mini_rv_u/id_ex/target_table[0][2]_i_5_n_0
    SLICE_X55Y32         LUT5 (Prop_lut5_I4_O)        0.105     5.265 r  mini_rv_u/id_ex/target_table[0][2]_i_2/O
                         net (fo=1, routed)           0.000     5.265    mini_rv_u/id_ex/target_table[0][2]_i_2_n_0
    SLICE_X55Y32         MUXF7 (Prop_muxf7_I0_O)      0.178     5.443 r  mini_rv_u/id_ex/target_table_reg[0][2]_i_1/O
                         net (fo=19, routed)          0.619     6.062    mini_rv_u/id_ex/ALUOut_EX[2]
    SLICE_X55Y35         LUT6 (Prop_lut6_I0_O)        0.252     6.314 r  mini_rv_u/id_ex/buf_count[3]_i_22/O
                         net (fo=1, routed)           0.000     6.314    mini_rv_u/id_ex/buf_count[3]_i_22_n_0
    SLICE_X55Y35         CARRY4 (Prop_carry4_S[0]_CO[3])
                                                      0.440     6.754 r  mini_rv_u/id_ex/buf_count_reg[3]_i_14/CO[3]
                         net (fo=1, routed)           0.000     6.754    mini_rv_u/id_ex/buf_count_reg[3]_i_14_n_0
    SLICE_X55Y36         CARRY4 (Prop_carry4_CI_CO[3])
                                                      0.098     6.852 r  mini_rv_u/id_ex/buf_count_reg[3]_i_10/CO[3]
                         net (fo=1, routed)           0.000     6.852    mini_rv_u/id_ex/buf_count_reg[3]_i_10_n_0
    SLICE_X55Y37         CARRY4 (Prop_carry4_CI_CO[2])
                                                      0.190     7.042 r  mini_rv_u/id_ex/buf_count_reg[3]_i_8/CO[2]
                         net (fo=3, routed)           0.382     7.424    mini_rv_u/id_ex/If/target_wrong0
    SLICE_X55Y38         LUT5 (Prop_lut5_I0_O)        0.261     7.685 r  mini_rv_u/id_ex/buf_count[3]_i_4/O
                         net (fo=107, routed)         0.310     7.995    mini_rv_u/Ex/m_div/buf_head_reg[2]
    SLICE_X55Y38         LUT3 (Prop_lut3_I1_O)        0.105     8.100 f  mini_rv_u/Ex/m_div/buf_count[3]_i_9/O
                         net (fo=33, routed)          0.213     8.313    mini_rv_u/id_ex/pre_fetch_pc_reg[1]
    SLICE_X55Y38         LUT2 (Prop_lut2_I1_O)        0.105     8.418 f  mini_rv_u/id_ex/buf_count[3]_i_6/O
                         net (fo=78, routed)          0.596     9.014    mini_rv_u/if_id/pipe_way0_reg
    SLICE_X52Y41         LUT6 (Prop_lut6_I0_O)        0.105     9.119 r  mini_rv_u/if_id/gen_icache_data.data_bram_i_69/O
                         net (fo=135, routed)         0.689     9.808    mini_rv_u/If/IF_icache/u_cache/p_0_out
    SLICE_X39Y41         LUT5 (Prop_lut5_I1_O)        0.105     9.913 r  mini_rv_u/If/IF_icache/u_cache/tag0[0][25]_i_1/O
                         net (fo=26, routed)          0.729    10.641    mini_rv_u/If/IF_icache/u_cache/tag0[0][25]_i_1_n_0
    SLICE_X39Y50         FDRE                                         r  mini_rv_u/If/IF_icache/u_cache/tag0_reg[0][25]/CE
  -------------------------------------------------------------------    -------------------

                         (clock clk_out1_cpuclk_1 rise edge)
                                                     13.333    13.333 r  
    U18                                               0.000    13.333 r  clk (IN)
                         net (fo=0)                   0.000    13.333    cpuClk/inst/clk_in1
    U18                  IBUF (Prop_ibuf_I_O)         1.363    14.697 r  cpuClk/inst/clkin1_ibufg/O
                         net (fo=1, routed)           1.019    15.715    cpuClk/inst/clk_in1_cpuclk
    PLLE2_ADV_X1Y1       PLLE2_ADV (Prop_plle2_adv_CLKIN1_CLKOUT0)
                                                     -6.696     9.020 r  cpuClk/inst/plle2_adv_inst/CLKOUT0
                         net (fo=1, routed)           1.451    10.471    cpuClk/inst/clk_out1_cpuclk
    BUFGCTRL_X0Y16       BUFG (Prop_bufg_I_O)         0.077    10.548 r  cpuClk/inst/clkout1_buf/O
                         net (fo=6943, routed)        1.236    11.784    mini_rv_u/If/IF_icache/u_cache/clk_out1
    SLICE_X39Y50         FDRE                                         r  mini_rv_u/If/IF_icache/u_cache/tag0_reg[0][25]/C
                         clock pessimism             -0.549    11.235    
                         clock uncertainty           -0.136    11.099    
    SLICE_X39Y50         FDRE (Setup_fdre_C_CE)      -0.168    10.931    mini_rv_u/If/IF_icache/u_cache/tag0_reg[0][25]
  -------------------------------------------------------------------
                         required time                         10.931    
                         arrival time                         -10.641    
  -------------------------------------------------------------------
                         slack                                  0.290    

Slack (MET) :             0.294ns  (required time - arrival time)
  Source:                 mini_rv_u/ex_mem/RegWr_o_reg[3]/C
                            (rising edge-triggered cell FDCE clocked by clk_out1_cpuclk_1  {rise@0.000ns fall@6.667ns period=13.333ns})
  Destination:            mini_rv_u/If/IF_icache/u_cache/tag0_reg[15][15]/CE
                            (rising edge-triggered cell FDRE clocked by clk_out1_cpuclk_1  {rise@0.000ns fall@6.667ns period=13.333ns})
  Path Group:             clk_out1_cpuclk_1
  Path Type:              Setup (Max at Slow Process Corner)
  Requirement:            13.333ns  (clk_out1_cpuclk_1 rise@13.333ns - clk_out1_cpuclk_1 rise@0.000ns)
  Data Path Delay:        12.511ns  (logic 3.374ns (26.969%)  route 9.137ns (73.031%))
  Logic Levels:           20  (CARRY4=3 LUT2=1 LUT3=3 LUT5=7 LUT6=5 MUXF7=1)
  Clock Path Skew:        -0.225ns (DCD - SCD + CPR)
    Destination Clock Delay (DCD):    -1.551ns = ( 11.782 - 13.333 ) 
    Source Clock Delay      (SCD):    -1.876ns
    Clock Pessimism Removal (CPR):    -0.549ns
  Clock Uncertainty:      0.136ns  ((TSJ^2 + DJ^2)^1/2) / 2 + PE
    Total System Jitter     (TSJ):    0.071ns
    Discrete Jitter          (DJ):    0.263ns
    Phase Error              (PE):    0.000ns

    Location             Delay type                Incr(ns)  Path(ns)    Netlist Resource(s)
  -------------------------------------------------------------------    -------------------
                         (clock clk_out1_cpuclk_1 rise edge)
                                                      0.000     0.000 r  
    U18                                               0.000     0.000 r  clk (IN)
                         net (fo=0)                   0.000     0.000    cpuClk/inst/clk_in1
    U18                  IBUF (Prop_ibuf_I_O)         1.429     1.429 r  cpuClk/inst/clkin1_ibufg/O
                         net (fo=1, routed)           1.126     2.555    cpuClk/inst/clk_in1_cpuclk
    PLLE2_ADV_X1Y1       PLLE2_ADV (Prop_plle2_adv_CLKIN1_CLKOUT0)
                                                     -7.569    -5.014 r  cpuClk/inst/plle2_adv_inst/CLKOUT0
                         net (fo=1, routed)           1.594    -3.420    cpuClk/inst/clk_out1_cpuclk
    BUFGCTRL_X0Y16       BUFG (Prop_bufg_I_O)         0.085    -3.335 r  cpuClk/inst/clkout1_buf/O
                         net (fo=6943, routed)        1.459    -1.876    mini_rv_u/ex_mem/clk_out1
    SLICE_X70Y36         FDCE                                         r  mini_rv_u/ex_mem/RegWr_o_reg[3]/C
  -------------------------------------------------------------------    -------------------
    SLICE_X70Y36         FDCE (Prop_fdce_C_Q)         0.348    -1.528 r  mini_rv_u/ex_mem/RegWr_o_reg[3]/Q
                         net (fo=4, routed)           0.821    -0.706    mini_rv_u/ex_mem/RegWr_o_reg[4]_0[3]
    SLICE_X70Y34         LUT6 (Prop_lut6_I2_O)        0.242    -0.464 f  mini_rv_u/ex_mem/num_orig_reg[31]_i_8/O
                         net (fo=2, routed)           0.443    -0.021    mini_rv_u/id_ex/num_orig_reg_reg[31]_1
    SLICE_X69Y34         LUT6 (Prop_lut6_I5_O)        0.105     0.084 r  mini_rv_u/id_ex/DRAMIn_o[31]_i_2/O
                         net (fo=97, routed)          0.530     0.614    mini_rv_u/id_ex/risk_EX_B
    SLICE_X73Y34         LUT5 (Prop_lut5_I2_O)        0.105     0.719 f  mini_rv_u/id_ex/q[4]_i_4/O
                         net (fo=2, routed)           0.508     1.227    mini_rv_u/id_ex/forwardingB[4]
    SLICE_X68Y35         LUT5 (Prop_lut5_I3_O)        0.105     1.332 r  mini_rv_u/id_ex/q[4]_i_2/O
                         net (fo=99, routed)          0.851     2.183    mini_rv_u/id_ex/q[4]_i_6_n_0
    SLICE_X66Y31         LUT3 (Prop_lut3_I1_O)        0.105     2.288 r  mini_rv_u/id_ex/target_table[0][8]_i_14/O
                         net (fo=4, routed)           0.653     2.941    mini_rv_u/id_ex/target_table[0][8]_i_14_n_0
    SLICE_X65Y29         LUT5 (Prop_lut5_I4_O)        0.105     3.046 r  mini_rv_u/id_ex/target_table[0][8]_i_15/O
                         net (fo=2, routed)           0.589     3.636    mini_rv_u/id_ex/target_table[0][8]_i_15_n_0
    SLICE_X61Y29         LUT3 (Prop_lut3_I0_O)        0.105     3.741 r  mini_rv_u/id_ex/target_table[0][4]_i_12/O
                         net (fo=4, routed)           0.623     4.364    mini_rv_u/id_ex/target_table[0][4]_i_12_n_0
    SLICE_X59Y30         LUT6 (Prop_lut6_I0_O)        0.105     4.469 r  mini_rv_u/id_ex/target_table[0][2]_i_9/O
                         net (fo=1, routed)           0.224     4.692    mini_rv_u/id_ex/target_table[0][2]_i_9_n_0
    SLICE_X59Y31         LUT5 (Prop_lut5_I0_O)        0.105     4.797 r  mini_rv_u/id_ex/target_table[0][2]_i_5/O
                         net (fo=1, routed)           0.363     5.160    mini_rv_u/id_ex/target_table[0][2]_i_5_n_0
    SLICE_X55Y32         LUT5 (Prop_lut5_I4_O)        0.105     5.265 r  mini_rv_u/id_ex/target_table[0][2]_i_2/O
                         net (fo=1, routed)           0.000     5.265    mini_rv_u/id_ex/target_table[0][2]_i_2_n_0
    SLICE_X55Y32         MUXF7 (Prop_muxf7_I0_O)      0.178     5.443 r  mini_rv_u/id_ex/target_table_reg[0][2]_i_1/O
                         net (fo=19, routed)          0.619     6.062    mini_rv_u/id_ex/ALUOut_EX[2]
    SLICE_X55Y35         LUT6 (Prop_lut6_I0_O)        0.252     6.314 r  mini_rv_u/id_ex/buf_count[3]_i_22/O
                         net (fo=1, routed)           0.000     6.314    mini_rv_u/id_ex/buf_count[3]_i_22_n_0
    SLICE_X55Y35         CARRY4 (Prop_carry4_S[0]_CO[3])
                                                      0.440     6.754 r  mini_rv_u/id_ex/buf_count_reg[3]_i_14/CO[3]
                         net (fo=1, routed)           0.000     6.754    mini_rv_u/id_ex/buf_count_reg[3]_i_14_n_0
    SLICE_X55Y36         CARRY4 (Prop_carry4_CI_CO[3])
                                                      0.098     6.852 r  mini_rv_u/id_ex/buf_count_reg[3]_i_10/CO[3]
                         net (fo=1, routed)           0.000     6.852    mini_rv_u/id_ex/buf_count_reg[3]_i_10_n_0
    SLICE_X55Y37         CARRY4 (Prop_carry4_CI_CO[2])
                                                      0.190     7.042 r  mini_rv_u/id_ex/buf_count_reg[3]_i_8/CO[2]
                         net (fo=3, routed)           0.382     7.424    mini_rv_u/id_ex/If/target_wrong0
    SLICE_X55Y38         LUT5 (Prop_lut5_I0_O)        0.261     7.685 r  mini_rv_u/id_ex/buf_count[3]_i_4/O
                         net (fo=107, routed)         0.310     7.995    mini_rv_u/Ex/m_div/buf_head_reg[2]
    SLICE_X55Y38         LUT3 (Prop_lut3_I1_O)        0.105     8.100 f  mini_rv_u/Ex/m_div/buf_count[3]_i_9/O
                         net (fo=33, routed)          0.213     8.313    mini_rv_u/id_ex/pre_fetch_pc_reg[1]
    SLICE_X55Y38         LUT2 (Prop_lut2_I1_O)        0.105     8.418 f  mini_rv_u/id_ex/buf_count[3]_i_6/O
                         net (fo=78, routed)          0.596     9.014    mini_rv_u/if_id/pipe_way0_reg
    SLICE_X52Y41         LUT6 (Prop_lut6_I0_O)        0.105     9.119 r  mini_rv_u/if_id/gen_icache_data.data_bram_i_69/O
                         net (fo=135, routed)         0.874     9.993    mini_rv_u/If/IF_icache/u_cache/p_0_out
    SLICE_X50Y50         LUT5 (Prop_lut5_I1_O)        0.105    10.098 r  mini_rv_u/If/IF_icache/u_cache/tag0[15][25]_i_1/O
                         net (fo=26, routed)          0.537    10.635    mini_rv_u/If/IF_icache/u_cache/tag0[15][25]_i_1_n_0
    SLICE_X47Y50         FDRE                                         r  mini_rv_u/If/IF_icache/u_cache/tag0_reg[15][15]/CE
  -------------------------------------------------------------------    -------------------

                         (clock clk_out1_cpuclk_1 rise edge)
                                                     13.333    13.333 r  
    U18                                               0.000    13.333 r  clk (IN)
                         net (fo=0)                   0.000    13.333    cpuClk/inst/clk_in1
    U18                  IBUF (Prop_ibuf_I_O)         1.363    14.697 r  cpuClk/inst/clkin1_ibufg/O
                         net (fo=1, routed)           1.019    15.715    cpuClk/inst/clk_in1_cpuclk
    PLLE2_ADV_X1Y1       PLLE2_ADV (Prop_plle2_adv_CLKIN1_CLKOUT0)
                                                     -6.696     9.020 r  cpuClk/inst/plle2_adv_inst/CLKOUT0
                         net (fo=1, routed)           1.451    10.471    cpuClk/inst/clk_out1_cpuclk
    BUFGCTRL_X0Y16       BUFG (Prop_bufg_I_O)         0.077    10.548 r  cpuClk/inst/clkout1_buf/O
                         net (fo=6943, routed)        1.234    11.782    mini_rv_u/If/IF_icache/u_cache/clk_out1
    SLICE_X47Y50         FDRE                                         r  mini_rv_u/If/IF_icache/u_cache/tag0_reg[15][15]/C
                         clock pessimism             -0.549    11.233    
                         clock uncertainty           -0.136    11.097    
    SLICE_X47Y50         FDRE (Setup_fdre_C_CE)      -0.168    10.929    mini_rv_u/If/IF_icache/u_cache/tag0_reg[15][15]
  -------------------------------------------------------------------
                         required time                         10.929    
                         arrival time                         -10.635    
  -------------------------------------------------------------------
                         slack                                  0.294    

Slack (MET) :             0.294ns  (required time - arrival time)
  Source:                 mini_rv_u/ex_mem/RegWr_o_reg[3]/C
                            (rising edge-triggered cell FDCE clocked by clk_out1_cpuclk_1  {rise@0.000ns fall@6.667ns period=13.333ns})
  Destination:            mini_rv_u/If/IF_icache/u_cache/tag0_reg[15][20]/CE
                            (rising edge-triggered cell FDRE clocked by clk_out1_cpuclk_1  {rise@0.000ns fall@6.667ns period=13.333ns})
  Path Group:             clk_out1_cpuclk_1
  Path Type:              Setup (Max at Slow Process Corner)
  Requirement:            13.333ns  (clk_out1_cpuclk_1 rise@13.333ns - clk_out1_cpuclk_1 rise@0.000ns)
  Data Path Delay:        12.511ns  (logic 3.374ns (26.969%)  route 9.137ns (73.031%))
  Logic Levels:           20  (CARRY4=3 LUT2=1 LUT3=3 LUT5=7 LUT6=5 MUXF7=1)
  Clock Path Skew:        -0.225ns (DCD - SCD + CPR)
    Destination Clock Delay (DCD):    -1.551ns = ( 11.782 - 13.333 ) 
    Source Clock Delay      (SCD):    -1.876ns
    Clock Pessimism Removal (CPR):    -0.549ns
  Clock Uncertainty:      0.136ns  ((TSJ^2 + DJ^2)^1/2) / 2 + PE
    Total System Jitter     (TSJ):    0.071ns
    Discrete Jitter          (DJ):    0.263ns
    Phase Error              (PE):    0.000ns

    Location             Delay type                Incr(ns)  Path(ns)    Netlist Resource(s)
  -------------------------------------------------------------------    -------------------
                         (clock clk_out1_cpuclk_1 rise edge)
                                                      0.000     0.000 r  
    U18                                               0.000     0.000 r  clk (IN)
                         net (fo=0)                   0.000     0.000    cpuClk/inst/clk_in1
    U18                  IBUF (Prop_ibuf_I_O)         1.429     1.429 r  cpuClk/inst/clkin1_ibufg/O
                         net (fo=1, routed)           1.126     2.555    cpuClk/inst/clk_in1_cpuclk
    PLLE2_ADV_X1Y1       PLLE2_ADV (Prop_plle2_adv_CLKIN1_CLKOUT0)
                                                     -7.569    -5.014 r  cpuClk/inst/plle2_adv_inst/CLKOUT0
                         net (fo=1, routed)           1.594    -3.420    cpuClk/inst/clk_out1_cpuclk
    BUFGCTRL_X0Y16       BUFG (Prop_bufg_I_O)         0.085    -3.335 r  cpuClk/inst/clkout1_buf/O
                         net (fo=6943, routed)        1.459    -1.876    mini_rv_u/ex_mem/clk_out1
    SLICE_X70Y36         FDCE                                         r  mini_rv_u/ex_mem/RegWr_o_reg[3]/C
  -------------------------------------------------------------------    -------------------
    SLICE_X70Y36         FDCE (Prop_fdce_C_Q)         0.348    -1.528 r  mini_rv_u/ex_mem/RegWr_o_reg[3]/Q
                         net (fo=4, routed)           0.821    -0.706    mini_rv_u/ex_mem/RegWr_o_reg[4]_0[3]
    SLICE_X70Y34         LUT6 (Prop_lut6_I2_O)        0.242    -0.464 f  mini_rv_u/ex_mem/num_orig_reg[31]_i_8/O
                         net (fo=2, routed)           0.443    -0.021    mini_rv_u/id_ex/num_orig_reg_reg[31]_1
    SLICE_X69Y34         LUT6 (Prop_lut6_I5_O)        0.105     0.084 r  mini_rv_u/id_ex/DRAMIn_o[31]_i_2/O
                         net (fo=97, routed)          0.530     0.614    mini_rv_u/id_ex/risk_EX_B
    SLICE_X73Y34         LUT5 (Prop_lut5_I2_O)        0.105     0.719 f  mini_rv_u/id_ex/q[4]_i_4/O
                         net (fo=2, routed)           0.508     1.227    mini_rv_u/id_ex/forwardingB[4]
    SLICE_X68Y35         LUT5 (Prop_lut5_I3_O)        0.105     1.332 r  mini_rv_u/id_ex/q[4]_i_2/O
                         net (fo=99, routed)          0.851     2.183    mini_rv_u/id_ex/q[4]_i_6_n_0
    SLICE_X66Y31         LUT3 (Prop_lut3_I1_O)        0.105     2.288 r  mini_rv_u/id_ex/target_table[0][8]_i_14/O
                         net (fo=4, routed)           0.653     2.941    mini_rv_u/id_ex/target_table[0][8]_i_14_n_0
    SLICE_X65Y29         LUT5 (Prop_lut5_I4_O)        0.105     3.046 r  mini_rv_u/id_ex/target_table[0][8]_i_15/O
                         net (fo=2, routed)           0.589     3.636    mini_rv_u/id_ex/target_table[0][8]_i_15_n_0
    SLICE_X61Y29         LUT3 (Prop_lut3_I0_O)        0.105     3.741 r  mini_rv_u/id_ex/target_table[0][4]_i_12/O
                         net (fo=4, routed)           0.623     4.364    mini_rv_u/id_ex/target_table[0][4]_i_12_n_0
    SLICE_X59Y30         LUT6 (Prop_lut6_I0_O)        0.105     4.469 r  mini_rv_u/id_ex/target_table[0][2]_i_9/O
                         net (fo=1, routed)           0.224     4.692    mini_rv_u/id_ex/target_table[0][2]_i_9_n_0
    SLICE_X59Y31         LUT5 (Prop_lut5_I0_O)        0.105     4.797 r  mini_rv_u/id_ex/target_table[0][2]_i_5/O
                         net (fo=1, routed)           0.363     5.160    mini_rv_u/id_ex/target_table[0][2]_i_5_n_0
    SLICE_X55Y32         LUT5 (Prop_lut5_I4_O)        0.105     5.265 r  mini_rv_u/id_ex/target_table[0][2]_i_2/O
                         net (fo=1, routed)           0.000     5.265    mini_rv_u/id_ex/target_table[0][2]_i_2_n_0
    SLICE_X55Y32         MUXF7 (Prop_muxf7_I0_O)      0.178     5.443 r  mini_rv_u/id_ex/target_table_reg[0][2]_i_1/O
                         net (fo=19, routed)          0.619     6.062    mini_rv_u/id_ex/ALUOut_EX[2]
    SLICE_X55Y35         LUT6 (Prop_lut6_I0_O)        0.252     6.314 r  mini_rv_u/id_ex/buf_count[3]_i_22/O
                         net (fo=1, routed)           0.000     6.314    mini_rv_u/id_ex/buf_count[3]_i_22_n_0
    SLICE_X55Y35         CARRY4 (Prop_carry4_S[0]_CO[3])
                                                      0.440     6.754 r  mini_rv_u/id_ex/buf_count_reg[3]_i_14/CO[3]
                         net (fo=1, routed)           0.000     6.754    mini_rv_u/id_ex/buf_count_reg[3]_i_14_n_0
    SLICE_X55Y36         CARRY4 (Prop_carry4_CI_CO[3])
                                                      0.098     6.852 r  mini_rv_u/id_ex/buf_count_reg[3]_i_10/CO[3]
                         net (fo=1, routed)           0.000     6.852    mini_rv_u/id_ex/buf_count_reg[3]_i_10_n_0
    SLICE_X55Y37         CARRY4 (Prop_carry4_CI_CO[2])
                                                      0.190     7.042 r  mini_rv_u/id_ex/buf_count_reg[3]_i_8/CO[2]
                         net (fo=3, routed)           0.382     7.424    mini_rv_u/id_ex/If/target_wrong0
    SLICE_X55Y38         LUT5 (Prop_lut5_I0_O)        0.261     7.685 r  mini_rv_u/id_ex/buf_count[3]_i_4/O
                         net (fo=107, routed)         0.310     7.995    mini_rv_u/Ex/m_div/buf_head_reg[2]
    SLICE_X55Y38         LUT3 (Prop_lut3_I1_O)        0.105     8.100 f  mini_rv_u/Ex/m_div/buf_count[3]_i_9/O
                         net (fo=33, routed)          0.213     8.313    mini_rv_u/id_ex/pre_fetch_pc_reg[1]
    SLICE_X55Y38         LUT2 (Prop_lut2_I1_O)        0.105     8.418 f  mini_rv_u/id_ex/buf_count[3]_i_6/O
                         net (fo=78, routed)          0.596     9.014    mini_rv_u/if_id/pipe_way0_reg
    SLICE_X52Y41         LUT6 (Prop_lut6_I0_O)        0.105     9.119 r  mini_rv_u/if_id/gen_icache_data.data_bram_i_69/O
                         net (fo=135, routed)         0.874     9.993    mini_rv_u/If/IF_icache/u_cache/p_0_out
    SLICE_X50Y50         LUT5 (Prop_lut5_I1_O)        0.105    10.098 r  mini_rv_u/If/IF_icache/u_cache/tag0[15][25]_i_1/O
                         net (fo=26, routed)          0.537    10.635    mini_rv_u/If/IF_icache/u_cache/tag0[15][25]_i_1_n_0
    SLICE_X47Y50         FDRE                                         r  mini_rv_u/If/IF_icache/u_cache/tag0_reg[15][20]/CE
  -------------------------------------------------------------------    -------------------

                         (clock clk_out1_cpuclk_1 rise edge)
                                                     13.333    13.333 r  
    U18                                               0.000    13.333 r  clk (IN)
                         net (fo=0)                   0.000    13.333    cpuClk/inst/clk_in1
    U18                  IBUF (Prop_ibuf_I_O)         1.363    14.697 r  cpuClk/inst/clkin1_ibufg/O
                         net (fo=1, routed)           1.019    15.715    cpuClk/inst/clk_in1_cpuclk
    PLLE2_ADV_X1Y1       PLLE2_ADV (Prop_plle2_adv_CLKIN1_CLKOUT0)
                                                     -6.696     9.020 r  cpuClk/inst/plle2_adv_inst/CLKOUT0
                         net (fo=1, routed)           1.451    10.471    cpuClk/inst/clk_out1_cpuclk
    BUFGCTRL_X0Y16       BUFG (Prop_bufg_I_O)         0.077    10.548 r  cpuClk/inst/clkout1_buf/O
                         net (fo=6943, routed)        1.234    11.782    mini_rv_u/If/IF_icache/u_cache/clk_out1
    SLICE_X47Y50         FDRE                                         r  mini_rv_u/If/IF_icache/u_cache/tag0_reg[15][20]/C
                         clock pessimism             -0.549    11.233    
                         clock uncertainty           -0.136    11.097    
    SLICE_X47Y50         FDRE (Setup_fdre_C_CE)      -0.168    10.929    mini_rv_u/If/IF_icache/u_cache/tag0_reg[15][20]
  -------------------------------------------------------------------
                         required time                         10.929    
                         arrival time                         -10.635    
  -------------------------------------------------------------------
                         slack                                  0.294    

Slack (MET) :             0.294ns  (required time - arrival time)
  Source:                 mini_rv_u/ex_mem/RegWr_o_reg[3]/C
                            (rising edge-triggered cell FDCE clocked by clk_out1_cpuclk_1  {rise@0.000ns fall@6.667ns period=13.333ns})
  Destination:            mini_rv_u/If/IF_icache/u_cache/tag0_reg[15][23]/CE
                            (rising edge-triggered cell FDRE clocked by clk_out1_cpuclk_1  {rise@0.000ns fall@6.667ns period=13.333ns})
  Path Group:             clk_out1_cpuclk_1
  Path Type:              Setup (Max at Slow Process Corner)
  Requirement:            13.333ns  (clk_out1_cpuclk_1 rise@13.333ns - clk_out1_cpuclk_1 rise@0.000ns)
  Data Path Delay:        12.511ns  (logic 3.374ns (26.969%)  route 9.137ns (73.031%))
  Logic Levels:           20  (CARRY4=3 LUT2=1 LUT3=3 LUT5=7 LUT6=5 MUXF7=1)
  Clock Path Skew:        -0.225ns (DCD - SCD + CPR)
    Destination Clock Delay (DCD):    -1.551ns = ( 11.782 - 13.333 ) 
    Source Clock Delay      (SCD):    -1.876ns
    Clock Pessimism Removal (CPR):    -0.549ns
  Clock Uncertainty:      0.136ns  ((TSJ^2 + DJ^2)^1/2) / 2 + PE
    Total System Jitter     (TSJ):    0.071ns
    Discrete Jitter          (DJ):    0.263ns
    Phase Error              (PE):    0.000ns

    Location             Delay type                Incr(ns)  Path(ns)    Netlist Resource(s)
  -------------------------------------------------------------------    -------------------
                         (clock clk_out1_cpuclk_1 rise edge)
                                                      0.000     0.000 r  
    U18                                               0.000     0.000 r  clk (IN)
                         net (fo=0)                   0.000     0.000    cpuClk/inst/clk_in1
    U18                  IBUF (Prop_ibuf_I_O)         1.429     1.429 r  cpuClk/inst/clkin1_ibufg/O
                         net (fo=1, routed)           1.126     2.555    cpuClk/inst/clk_in1_cpuclk
    PLLE2_ADV_X1Y1       PLLE2_ADV (Prop_plle2_adv_CLKIN1_CLKOUT0)
                                                     -7.569    -5.014 r  cpuClk/inst/plle2_adv_inst/CLKOUT0
                         net (fo=1, routed)           1.594    -3.420    cpuClk/inst/clk_out1_cpuclk
    BUFGCTRL_X0Y16       BUFG (Prop_bufg_I_O)         0.085    -3.335 r  cpuClk/inst/clkout1_buf/O
                         net (fo=6943, routed)        1.459    -1.876    mini_rv_u/ex_mem/clk_out1
    SLICE_X70Y36         FDCE                                         r  mini_rv_u/ex_mem/RegWr_o_reg[3]/C
  -------------------------------------------------------------------    -------------------
    SLICE_X70Y36         FDCE (Prop_fdce_C_Q)         0.348    -1.528 r  mini_rv_u/ex_mem/RegWr_o_reg[3]/Q
                         net (fo=4, routed)           0.821    -0.706    mini_rv_u/ex_mem/RegWr_o_reg[4]_0[3]
    SLICE_X70Y34         LUT6 (Prop_lut6_I2_O)        0.242    -0.464 f  mini_rv_u/ex_mem/num_orig_reg[31]_i_8/O
                         net (fo=2, routed)           0.443    -0.021    mini_rv_u/id_ex/num_orig_reg_reg[31]_1
    SLICE_X69Y34         LUT6 (Prop_lut6_I5_O)        0.105     0.084 r  mini_rv_u/id_ex/DRAMIn_o[31]_i_2/O
                         net (fo=97, routed)          0.530     0.614    mini_rv_u/id_ex/risk_EX_B
    SLICE_X73Y34         LUT5 (Prop_lut5_I2_O)        0.105     0.719 f  mini_rv_u/id_ex/q[4]_i_4/O
                         net (fo=2, routed)           0.508     1.227    mini_rv_u/id_ex/forwardingB[4]
    SLICE_X68Y35         LUT5 (Prop_lut5_I3_O)        0.105     1.332 r  mini_rv_u/id_ex/q[4]_i_2/O
                         net (fo=99, routed)          0.851     2.183    mini_rv_u/id_ex/q[4]_i_6_n_0
    SLICE_X66Y31         LUT3 (Prop_lut3_I1_O)        0.105     2.288 r  mini_rv_u/id_ex/target_table[0][8]_i_14/O
                         net (fo=4, routed)           0.653     2.941    mini_rv_u/id_ex/target_table[0][8]_i_14_n_0
    SLICE_X65Y29         LUT5 (Prop_lut5_I4_O)        0.105     3.046 r  mini_rv_u/id_ex/target_table[0][8]_i_15/O
                         net (fo=2, routed)           0.589     3.636    mini_rv_u/id_ex/target_table[0][8]_i_15_n_0
    SLICE_X61Y29         LUT3 (Prop_lut3_I0_O)        0.105     3.741 r  mini_rv_u/id_ex/target_table[0][4]_i_12/O
                         net (fo=4, routed)           0.623     4.364    mini_rv_u/id_ex/target_table[0][4]_i_12_n_0
    SLICE_X59Y30         LUT6 (Prop_lut6_I0_O)        0.105     4.469 r  mini_rv_u/id_ex/target_table[0][2]_i_9/O
                         net (fo=1, routed)           0.224     4.692    mini_rv_u/id_ex/target_table[0][2]_i_9_n_0
    SLICE_X59Y31         LUT5 (Prop_lut5_I0_O)        0.105     4.797 r  mini_rv_u/id_ex/target_table[0][2]_i_5/O
                         net (fo=1, routed)           0.363     5.160    mini_rv_u/id_ex/target_table[0][2]_i_5_n_0
    SLICE_X55Y32         LUT5 (Prop_lut5_I4_O)        0.105     5.265 r  mini_rv_u/id_ex/target_table[0][2]_i_2/O
                         net (fo=1, routed)           0.000     5.265    mini_rv_u/id_ex/target_table[0][2]_i_2_n_0
    SLICE_X55Y32         MUXF7 (Prop_muxf7_I0_O)      0.178     5.443 r  mini_rv_u/id_ex/target_table_reg[0][2]_i_1/O
                         net (fo=19, routed)          0.619     6.062    mini_rv_u/id_ex/ALUOut_EX[2]
    SLICE_X55Y35         LUT6 (Prop_lut6_I0_O)        0.252     6.314 r  mini_rv_u/id_ex/buf_count[3]_i_22/O
                         net (fo=1, routed)           0.000     6.314    mini_rv_u/id_ex/buf_count[3]_i_22_n_0
    SLICE_X55Y35         CARRY4 (Prop_carry4_S[0]_CO[3])
                                                      0.440     6.754 r  mini_rv_u/id_ex/buf_count_reg[3]_i_14/CO[3]
                         net (fo=1, routed)           0.000     6.754    mini_rv_u/id_ex/buf_count_reg[3]_i_14_n_0
    SLICE_X55Y36         CARRY4 (Prop_carry4_CI_CO[3])
                                                      0.098     6.852 r  mini_rv_u/id_ex/buf_count_reg[3]_i_10/CO[3]
                         net (fo=1, routed)           0.000     6.852    mini_rv_u/id_ex/buf_count_reg[3]_i_10_n_0
    SLICE_X55Y37         CARRY4 (Prop_carry4_CI_CO[2])
                                                      0.190     7.042 r  mini_rv_u/id_ex/buf_count_reg[3]_i_8/CO[2]
                         net (fo=3, routed)           0.382     7.424    mini_rv_u/id_ex/If/target_wrong0
    SLICE_X55Y38         LUT5 (Prop_lut5_I0_O)        0.261     7.685 r  mini_rv_u/id_ex/buf_count[3]_i_4/O
                         net (fo=107, routed)         0.310     7.995    mini_rv_u/Ex/m_div/buf_head_reg[2]
    SLICE_X55Y38         LUT3 (Prop_lut3_I1_O)        0.105     8.100 f  mini_rv_u/Ex/m_div/buf_count[3]_i_9/O
                         net (fo=33, routed)          0.213     8.313    mini_rv_u/id_ex/pre_fetch_pc_reg[1]
    SLICE_X55Y38         LUT2 (Prop_lut2_I1_O)        0.105     8.418 f  mini_rv_u/id_ex/buf_count[3]_i_6/O
                         net (fo=78, routed)          0.596     9.014    mini_rv_u/if_id/pipe_way0_reg
    SLICE_X52Y41         LUT6 (Prop_lut6_I0_O)        0.105     9.119 r  mini_rv_u/if_id/gen_icache_data.data_bram_i_69/O
                         net (fo=135, routed)         0.874     9.993    mini_rv_u/If/IF_icache/u_cache/p_0_out
    SLICE_X50Y50         LUT5 (Prop_lut5_I1_O)        0.105    10.098 r  mini_rv_u/If/IF_icache/u_cache/tag0[15][25]_i_1/O
                         net (fo=26, routed)          0.537    10.635    mini_rv_u/If/IF_icache/u_cache/tag0[15][25]_i_1_n_0
    SLICE_X47Y50         FDRE                                         r  mini_rv_u/If/IF_icache/u_cache/tag0_reg[15][23]/CE
  -------------------------------------------------------------------    -------------------

                         (clock clk_out1_cpuclk_1 rise edge)
                                                     13.333    13.333 r  
    U18                                               0.000    13.333 r  clk (IN)
                         net (fo=0)                   0.000    13.333    cpuClk/inst/clk_in1
    U18                  IBUF (Prop_ibuf_I_O)         1.363    14.697 r  cpuClk/inst/clkin1_ibufg/O
                         net (fo=1, routed)           1.019    15.715    cpuClk/inst/clk_in1_cpuclk
    PLLE2_ADV_X1Y1       PLLE2_ADV (Prop_plle2_adv_CLKIN1_CLKOUT0)
                                                     -6.696     9.020 r  cpuClk/inst/plle2_adv_inst/CLKOUT0
                         net (fo=1, routed)           1.451    10.471    cpuClk/inst/clk_out1_cpuclk
    BUFGCTRL_X0Y16       BUFG (Prop_bufg_I_O)         0.077    10.548 r  cpuClk/inst/clkout1_buf/O
                         net (fo=6943, routed)        1.234    11.782    mini_rv_u/If/IF_icache/u_cache/clk_out1
    SLICE_X47Y50         FDRE                                         r  mini_rv_u/If/IF_icache/u_cache/tag0_reg[15][23]/C
                         clock pessimism             -0.549    11.233    
                         clock uncertainty           -0.136    11.097    
    SLICE_X47Y50         FDRE (Setup_fdre_C_CE)      -0.168    10.929    mini_rv_u/If/IF_icache/u_cache/tag0_reg[15][23]
  -------------------------------------------------------------------
                         required time                         10.929    
                         arrival time                         -10.635    
  -------------------------------------------------------------------
                         slack                                  0.294    





Min Delay Paths
--------------------------------------------------------------------------------------
Slack (MET) :             0.074ns  (arrival time - required time)
  Source:                 mini_rv_u/If/IF_icache/u_cache/rd_tag_reg[4]/C
                            (rising edge-triggered cell FDRE clocked by clk_out1_cpuclk_1  {rise@0.000ns fall@6.667ns period=13.333ns})
  Destination:            mini_rv_u/If/IF_icache/u_cache/tag1_reg[3][4]/D
                            (rising edge-triggered cell FDRE clocked by clk_out1_cpuclk_1  {rise@0.000ns fall@6.667ns period=13.333ns})
  Path Group:             clk_out1_cpuclk_1
  Path Type:              Hold (Min at Fast Process Corner)
  Requirement:            0.000ns  (clk_out1_cpuclk_1 rise@0.000ns - clk_out1_cpuclk_1 rise@0.000ns)
  Data Path Delay:        0.413ns  (logic 0.164ns (39.662%)  route 0.249ns (60.338%))
  Logic Levels:           0  
  Clock Path Skew:        0.263ns (DCD - SCD - CPR)
    Destination Clock Delay (DCD):    -0.350ns
    Source Clock Delay      (SCD):    -0.573ns
    Clock Pessimism Removal (CPR):    -0.040ns

    Location             Delay type                Incr(ns)  Path(ns)    Netlist Resource(s)
  -------------------------------------------------------------------    -------------------
                         (clock clk_out1_cpuclk_1 rise edge)
                                                      0.000     0.000 r  
    U18                                               0.000     0.000 r  clk (IN)
                         net (fo=0)                   0.000     0.000    cpuClk/inst/clk_in1
    U18                  IBUF (Prop_ibuf_I_O)         0.266     0.266 r  cpuClk/inst/clkin1_ibufg/O
                         net (fo=1, routed)           0.440     0.706    cpuClk/inst/clk_in1_cpuclk
    PLLE2_ADV_X1Y1       PLLE2_ADV (Prop_plle2_adv_CLKIN1_CLKOUT0)
                                                     -2.407    -1.700 r  cpuClk/inst/plle2_adv_inst/CLKOUT0
                         net (fo=1, routed)           0.544    -1.156    cpuClk/inst/clk_out1_cpuclk
    BUFGCTRL_X0Y16       BUFG (Prop_bufg_I_O)         0.026    -1.130 r  cpuClk/inst/clkout1_buf/O
                         net (fo=6943, routed)        0.558    -0.573    mini_rv_u/If/IF_icache/u_cache/clk_out1
    SLICE_X50Y44         FDRE                                         r  mini_rv_u/If/IF_icache/u_cache/rd_tag_reg[4]/C
  -------------------------------------------------------------------    -------------------
    SLICE_X50Y44         FDRE (Prop_fdre_C_Q)         0.164    -0.409 r  mini_rv_u/If/IF_icache/u_cache/rd_tag_reg[4]/Q
                         net (fo=34, routed)          0.249    -0.159    mini_rv_u/If/IF_icache/u_cache/pipe_tag[4]
    SLICE_X53Y50         FDRE                                         r  mini_rv_u/If/IF_icache/u_cache/tag1_reg[3][4]/D
  -------------------------------------------------------------------    -------------------

                         (clock clk_out1_cpuclk_1 rise edge)
                                                      0.000     0.000 r  
    U18                                               0.000     0.000 r  clk (IN)
                         net (fo=0)                   0.000     0.000    cpuClk/inst/clk_in1
    U18                  IBUF (Prop_ibuf_I_O)         0.454     0.454 r  cpuClk/inst/clkin1_ibufg/O
                         net (fo=1, routed)           0.481     0.935    cpuClk/inst/clk_in1_cpuclk
    PLLE2_ADV_X1Y1       PLLE2_ADV (Prop_plle2_adv_CLKIN1_CLKOUT0)
                                                     -2.727    -1.792 r  cpuClk/inst/plle2_adv_inst/CLKOUT0
                         net (fo=1, routed)           0.592    -1.200    cpuClk/inst/clk_out1_cpuclk
    BUFGCTRL_X0Y16       BUFG (Prop_bufg_I_O)         0.029    -1.171 r  cpuClk/inst/clkout1_buf/O
                         net (fo=6943, routed)        0.821    -0.350    mini_rv_u/If/IF_icache/u_cache/clk_out1
    SLICE_X53Y50         FDRE                                         r  mini_rv_u/If/IF_icache/u_cache/tag1_reg[3][4]/C
                         clock pessimism              0.040    -0.309    
    SLICE_X53Y50         FDRE (Hold_fdre_C_D)         0.076    -0.233    mini_rv_u/If/IF_icache/u_cache/tag1_reg[3][4]
  -------------------------------------------------------------------
                         required time                          0.233    
                         arrival time                          -0.159    
  -------------------------------------------------------------------
                         slack                                  0.074    

Slack (MET) :             0.101ns  (arrival time - required time)
  Source:                 mini_rv_u/If/pre_fetch_pc_d_reg[7]/C
                            (rising edge-triggered cell FDCE clocked by clk_out1_cpuclk_1  {rise@0.000ns fall@6.667ns period=13.333ns})
  Destination:            mini_rv_u/If/if_buf_pc_reg[2][7]/D
                            (rising edge-triggered cell FDRE clocked by clk_out1_cpuclk_1  {rise@0.000ns fall@6.667ns period=13.333ns})
  Path Group:             clk_out1_cpuclk_1
  Path Type:              Hold (Min at Fast Process Corner)
  Requirement:            0.000ns  (clk_out1_cpuclk_1 rise@0.000ns - clk_out1_cpuclk_1 rise@0.000ns)
  Data Path Delay:        0.422ns  (logic 0.164ns (38.855%)  route 0.258ns (61.145%))
  Logic Levels:           0  
  Clock Path Skew:        0.262ns (DCD - SCD - CPR)
    Destination Clock Delay (DCD):    -0.350ns
    Source Clock Delay      (SCD):    -0.577ns
    Clock Pessimism Removal (CPR):    -0.035ns

    Location             Delay type                Incr(ns)  Path(ns)    Netlist Resource(s)
  -------------------------------------------------------------------    -------------------
                         (clock clk_out1_cpuclk_1 rise edge)
                                                      0.000     0.000 r  
    U18                                               0.000     0.000 r  clk (IN)
                         net (fo=0)                   0.000     0.000    cpuClk/inst/clk_in1
    U18                  IBUF (Prop_ibuf_I_O)         0.266     0.266 r  cpuClk/inst/clkin1_ibufg/O
                         net (fo=1, routed)           0.440     0.706    cpuClk/inst/clk_in1_cpuclk
    PLLE2_ADV_X1Y1       PLLE2_ADV (Prop_plle2_adv_CLKIN1_CLKOUT0)
                                                     -2.407    -1.700 r  cpuClk/inst/plle2_adv_inst/CLKOUT0
                         net (fo=1, routed)           0.544    -1.156    cpuClk/inst/clk_out1_cpuclk
    BUFGCTRL_X0Y16       BUFG (Prop_bufg_I_O)         0.026    -1.130 r  cpuClk/inst/clkout1_buf/O
                         net (fo=6943, routed)        0.554    -0.577    mini_rv_u/If/clk_out1
    SLICE_X50Y34         FDCE                                         r  mini_rv_u/If/pre_fetch_pc_d_reg[7]/C
  -------------------------------------------------------------------    -------------------
    SLICE_X50Y34         FDCE (Prop_fdce_C_Q)         0.164    -0.413 r  mini_rv_u/If/pre_fetch_pc_d_reg[7]/Q
                         net (fo=8, routed)           0.258    -0.155    mini_rv_u/If/pre_fetch_pc_d_reg_n_0_[7]
    SLICE_X42Y32         FDRE                                         r  mini_rv_u/If/if_buf_pc_reg[2][7]/D
  -------------------------------------------------------------------    -------------------

                         (clock clk_out1_cpuclk_1 rise edge)
                                                      0.000     0.000 r  
    U18                                               0.000     0.000 r  clk (IN)
                         net (fo=0)                   0.000     0.000    cpuClk/inst/clk_in1
    U18                  IBUF (Prop_ibuf_I_O)         0.454     0.454 r  cpuClk/inst/clkin1_ibufg/O
                         net (fo=1, routed)           0.481     0.935    cpuClk/inst/clk_in1_cpuclk
    PLLE2_ADV_X1Y1       PLLE2_ADV (Prop_plle2_adv_CLKIN1_CLKOUT0)
                                                     -2.727    -1.792 r  cpuClk/inst/plle2_adv_inst/CLKOUT0
                         net (fo=1, routed)           0.592    -1.200    cpuClk/inst/clk_out1_cpuclk
    BUFGCTRL_X0Y16       BUFG (Prop_bufg_I_O)         0.029    -1.171 r  cpuClk/inst/clkout1_buf/O
                         net (fo=6943, routed)        0.821    -0.350    mini_rv_u/If/clk_out1
    SLICE_X42Y32         FDRE                                         r  mini_rv_u/If/if_buf_pc_reg[2][7]/C
                         clock pessimism              0.035    -0.314    
    SLICE_X42Y32         FDRE (Hold_fdre_C_D)         0.059    -0.255    mini_rv_u/If/if_buf_pc_reg[2][7]
  -------------------------------------------------------------------
                         required time                          0.255    
                         arrival time                          -0.155    
  -------------------------------------------------------------------
                         slack                                  0.101    

Slack (MET) :             0.102ns  (arrival time - required time)
  Source:                 mini_rv_u/If/IF_icache/u_cache/pipe_bram_dout_reg[35]/C
                            (rising edge-triggered cell FDRE clocked by clk_out1_cpuclk_1  {rise@0.000ns fall@6.667ns period=13.333ns})
  Destination:            mini_rv_u/If/IF_icache/u_cache/gen_icache_data.data_bram/U0/inst_blk_mem_gen/gnbram.gnativebmg.native_blk_mem_gen/valid.cstr/ramloop[0].ram.r/prim_noinit.ram/DEVICE_7SERIES.NO_BMM_INFO.SDP.WIDE_PRIM36_NO_ECC.ram/DIBDI[3]
                            (rising edge-triggered cell RAMB36E1 clocked by clk_out1_cpuclk_1  {rise@0.000ns fall@6.667ns period=13.333ns})
  Path Group:             clk_out1_cpuclk_1
  Path Type:              Hold (Min at Fast Process Corner)
  Requirement:            0.000ns  (clk_out1_cpuclk_1 rise@0.000ns - clk_out1_cpuclk_1 rise@0.000ns)
  Data Path Delay:        0.452ns  (logic 0.209ns (46.255%)  route 0.243ns (53.745%))
  Logic Levels:           1  (LUT3=1)
  Clock Path Skew:        0.054ns (DCD - SCD - CPR)
    Destination Clock Delay (DCD):    -0.282ns
    Source Clock Delay      (SCD):    -0.548ns
    Clock Pessimism Removal (CPR):    0.212ns

    Location             Delay type                Incr(ns)  Path(ns)    Netlist Resource(s)
  -------------------------------------------------------------------    -------------------
                         (clock clk_out1_cpuclk_1 rise edge)
                                                      0.000     0.000 r  
    U18                                               0.000     0.000 r  clk (IN)
                         net (fo=0)                   0.000     0.000    cpuClk/inst/clk_in1
    U18                  IBUF (Prop_ibuf_I_O)         0.266     0.266 r  cpuClk/inst/clkin1_ibufg/O
                         net (fo=1, routed)           0.440     0.706    cpuClk/inst/clk_in1_cpuclk
    PLLE2_ADV_X1Y1       PLLE2_ADV (Prop_plle2_adv_CLKIN1_CLKOUT0)
                                                     -2.407    -1.700 r  cpuClk/inst/plle2_adv_inst/CLKOUT0
                         net (fo=1, routed)           0.544    -1.156    cpuClk/inst/clk_out1_cpuclk
    BUFGCTRL_X0Y16       BUFG (Prop_bufg_I_O)         0.026    -1.130 r  cpuClk/inst/clkout1_buf/O
                         net (fo=6943, routed)        0.583    -0.548    mini_rv_u/If/IF_icache/u_cache/clk_out1
    SLICE_X54Y47         FDRE                                         r  mini_rv_u/If/IF_icache/u_cache/pipe_bram_dout_reg[35]/C
  -------------------------------------------------------------------    -------------------
    SLICE_X54Y47         FDRE (Prop_fdre_C_Q)         0.164    -0.384 r  mini_rv_u/If/IF_icache/u_cache/pipe_bram_dout_reg[35]/Q
                         net (fo=1, routed)           0.141    -0.243    mini_rv_u/If/IF_icache/u_cache/pipe_bram_dout[35]
    SLICE_X55Y47         LUT3 (Prop_lut3_I2_O)        0.045    -0.198 r  mini_rv_u/If/IF_icache/u_cache/gen_icache_data.data_bram_i_29/O
                         net (fo=1, routed)           0.102    -0.096    mini_rv_u/If/IF_icache/u_cache/gen_icache_data.data_bram/U0/inst_blk_mem_gen/gnbram.gnativebmg.native_blk_mem_gen/valid.cstr/ramloop[0].ram.r/prim_noinit.ram/dina[35]
    RAMB36_X3Y9          RAMB36E1                                     r  mini_rv_u/If/IF_icache/u_cache/gen_icache_data.data_bram/U0/inst_blk_mem_gen/gnbram.gnativebmg.native_blk_mem_gen/valid.cstr/ramloop[0].ram.r/prim_noinit.ram/DEVICE_7SERIES.NO_BMM_INFO.SDP.WIDE_PRIM36_NO_ECC.ram/DIBDI[3]
  -------------------------------------------------------------------    -------------------

                         (clock clk_out1_cpuclk_1 rise edge)
                                                      0.000     0.000 r  
    U18                                               0.000     0.000 r  clk (IN)
                         net (fo=0)                   0.000     0.000    cpuClk/inst/clk_in1
    U18                  IBUF (Prop_ibuf_I_O)         0.454     0.454 r  cpuClk/inst/clkin1_ibufg/O
                         net (fo=1, routed)           0.481     0.935    cpuClk/inst/clk_in1_cpuclk
    PLLE2_ADV_X1Y1       PLLE2_ADV (Prop_plle2_adv_CLKIN1_CLKOUT0)
                                                     -2.727    -1.792 r  cpuClk/inst/plle2_adv_inst/CLKOUT0
                         net (fo=1, routed)           0.592    -1.200    cpuClk/inst/clk_out1_cpuclk
    BUFGCTRL_X0Y16       BUFG (Prop_bufg_I_O)         0.029    -1.171 r  cpuClk/inst/clkout1_buf/O
                         net (fo=6943, routed)        0.889    -0.282    mini_rv_u/If/IF_icache/u_cache/gen_icache_data.data_bram/U0/inst_blk_mem_gen/gnbram.gnativebmg.native_blk_mem_gen/valid.cstr/ramloop[0].ram.r/prim_noinit.ram/clka
    RAMB36_X3Y9          RAMB36E1                                     r  mini_rv_u/If/IF_icache/u_cache/gen_icache_data.data_bram/U0/inst_blk_mem_gen/gnbram.gnativebmg.native_blk_mem_gen/valid.cstr/ramloop[0].ram.r/prim_noinit.ram/DEVICE_7SERIES.NO_BMM_INFO.SDP.WIDE_PRIM36_NO_ECC.ram/CLKBWRCLK
                         clock pessimism             -0.212    -0.494    
    RAMB36_X3Y9          RAMB36E1 (Hold_ramb36e1_CLKBWRCLK_DIBDI[3])
                                                      0.296    -0.198    mini_rv_u/If/IF_icache/u_cache/gen_icache_data.data_bram/U0/inst_blk_mem_gen/gnbram.gnativebmg.native_blk_mem_gen/valid.cstr/ramloop[0].ram.r/prim_noinit.ram/DEVICE_7SERIES.NO_BMM_INFO.SDP.WIDE_PRIM36_NO_ECC.ram
  -------------------------------------------------------------------
                         required time                          0.198    
                         arrival time                          -0.096    
  -------------------------------------------------------------------
                         slack                                  0.102    

Slack (MET) :             0.103ns  (arrival time - required time)
  Source:                 mini_rv_u/If/IF_icache/u_cache/pipe_bram_dout_reg[36]/C
                            (rising edge-triggered cell FDRE clocked by clk_out1_cpuclk_1  {rise@0.000ns fall@6.667ns period=13.333ns})
  Destination:            mini_rv_u/If/IF_icache/u_cache/gen_icache_data.data_bram/U0/inst_blk_mem_gen/gnbram.gnativebmg.native_blk_mem_gen/valid.cstr/ramloop[0].ram.r/prim_noinit.ram/DEVICE_7SERIES.NO_BMM_INFO.SDP.WIDE_PRIM36_NO_ECC.ram/DIBDI[4]
                            (rising edge-triggered cell RAMB36E1 clocked by clk_out1_cpuclk_1  {rise@0.000ns fall@6.667ns period=13.333ns})
  Path Group:             clk_out1_cpuclk_1
  Path Type:              Hold (Min at Fast Process Corner)
  Requirement:            0.000ns  (clk_out1_cpuclk_1 rise@0.000ns - clk_out1_cpuclk_1 rise@0.000ns)
  Data Path Delay:        0.454ns  (logic 0.209ns (46.027%)  route 0.245ns (53.973%))
  Logic Levels:           1  (LUT3=1)
  Clock Path Skew:        0.055ns (DCD - SCD - CPR)
    Destination Clock Delay (DCD):    -0.282ns
    Source Clock Delay      (SCD):    -0.549ns
    Clock Pessimism Removal (CPR):    0.212ns

    Location             Delay type                Incr(ns)  Path(ns)    Netlist Resource(s)
  -------------------------------------------------------------------    -------------------
                         (clock clk_out1_cpuclk_1 rise edge)
                                                      0.000     0.000 r  
    U18                                               0.000     0.000 r  clk (IN)
                         net (fo=0)                   0.000     0.000    cpuClk/inst/clk_in1
    U18                  IBUF (Prop_ibuf_I_O)         0.266     0.266 r  cpuClk/inst/clkin1_ibufg/O
                         net (fo=1, routed)           0.440     0.706    cpuClk/inst/clk_in1_cpuclk
    PLLE2_ADV_X1Y1       PLLE2_ADV (Prop_plle2_adv_CLKIN1_CLKOUT0)
                                                     -2.407    -1.700 r  cpuClk/inst/plle2_adv_inst/CLKOUT0
                         net (fo=1, routed)           0.544    -1.156    cpuClk/inst/clk_out1_cpuclk
    BUFGCTRL_X0Y16       BUFG (Prop_bufg_I_O)         0.026    -1.130 r  cpuClk/inst/clkout1_buf/O
                         net (fo=6943, routed)        0.582    -0.549    mini_rv_u/If/IF_icache/u_cache/clk_out1
    SLICE_X54Y43         FDRE                                         r  mini_rv_u/If/IF_icache/u_cache/pipe_bram_dout_reg[36]/C
  -------------------------------------------------------------------    -------------------
    SLICE_X54Y43         FDRE (Prop_fdre_C_Q)         0.164    -0.385 r  mini_rv_u/If/IF_icache/u_cache/pipe_bram_dout_reg[36]/Q
                         net (fo=1, routed)           0.082    -0.302    mini_rv_u/If/IF_icache/u_cache/pipe_bram_dout[36]
    SLICE_X55Y43         LUT3 (Prop_lut3_I2_O)        0.045    -0.257 r  mini_rv_u/If/IF_icache/u_cache/gen_icache_data.data_bram_i_28/O
                         net (fo=1, routed)           0.163    -0.095    mini_rv_u/If/IF_icache/u_cache/gen_icache_data.data_bram/U0/inst_blk_mem_gen/gnbram.gnativebmg.native_blk_mem_gen/valid.cstr/ramloop[0].ram.r/prim_noinit.ram/dina[36]
    RAMB36_X3Y9          RAMB36E1                                     r  mini_rv_u/If/IF_icache/u_cache/gen_icache_data.data_bram/U0/inst_blk_mem_gen/gnbram.gnativebmg.native_blk_mem_gen/valid.cstr/ramloop[0].ram.r/prim_noinit.ram/DEVICE_7SERIES.NO_BMM_INFO.SDP.WIDE_PRIM36_NO_ECC.ram/DIBDI[4]
  -------------------------------------------------------------------    -------------------

                         (clock clk_out1_cpuclk_1 rise edge)
                                                      0.000     0.000 r  
    U18                                               0.000     0.000 r  clk (IN)
                         net (fo=0)                   0.000     0.000    cpuClk/inst/clk_in1
    U18                  IBUF (Prop_ibuf_I_O)         0.454     0.454 r  cpuClk/inst/clkin1_ibufg/O
                         net (fo=1, routed)           0.481     0.935    cpuClk/inst/clk_in1_cpuclk
    PLLE2_ADV_X1Y1       PLLE2_ADV (Prop_plle2_adv_CLKIN1_CLKOUT0)
                                                     -2.727    -1.792 r  cpuClk/inst/plle2_adv_inst/CLKOUT0
                         net (fo=1, routed)           0.592    -1.200    cpuClk/inst/clk_out1_cpuclk
    BUFGCTRL_X0Y16       BUFG (Prop_bufg_I_O)         0.029    -1.171 r  cpuClk/inst/clkout1_buf/O
                         net (fo=6943, routed)        0.889    -0.282    mini_rv_u/If/IF_icache/u_cache/gen_icache_data.data_bram/U0/inst_blk_mem_gen/gnbram.gnativebmg.native_blk_mem_gen/valid.cstr/ramloop[0].ram.r/prim_noinit.ram/clka
    RAMB36_X3Y9          RAMB36E1                                     r  mini_rv_u/If/IF_icache/u_cache/gen_icache_data.data_bram/U0/inst_blk_mem_gen/gnbram.gnativebmg.native_blk_mem_gen/valid.cstr/ramloop[0].ram.r/prim_noinit.ram/DEVICE_7SERIES.NO_BMM_INFO.SDP.WIDE_PRIM36_NO_ECC.ram/CLKBWRCLK
                         clock pessimism             -0.212    -0.494    
    RAMB36_X3Y9          RAMB36E1 (Hold_ramb36e1_CLKBWRCLK_DIBDI[4])
                                                      0.296    -0.198    mini_rv_u/If/IF_icache/u_cache/gen_icache_data.data_bram/U0/inst_blk_mem_gen/gnbram.gnativebmg.native_blk_mem_gen/valid.cstr/ramloop[0].ram.r/prim_noinit.ram/DEVICE_7SERIES.NO_BMM_INFO.SDP.WIDE_PRIM36_NO_ECC.ram
  -------------------------------------------------------------------
                         required time                          0.198    
                         arrival time                          -0.095    
  -------------------------------------------------------------------
                         slack                                  0.103    

Slack (MET) :             0.123ns  (arrival time - required time)
  Source:                 mini_rv_u/If/IF_icache/u_cache/pipe_bram_dout_reg[40]/C
                            (rising edge-triggered cell FDRE clocked by clk_out1_cpuclk_1  {rise@0.000ns fall@6.667ns period=13.333ns})
  Destination:            mini_rv_u/If/IF_icache/u_cache/gen_icache_data.data_bram/U0/inst_blk_mem_gen/gnbram.gnativebmg.native_blk_mem_gen/valid.cstr/ramloop[0].ram.r/prim_noinit.ram/DEVICE_7SERIES.NO_BMM_INFO.SDP.WIDE_PRIM36_NO_ECC.ram/DIBDI[8]
                            (rising edge-triggered cell RAMB36E1 clocked by clk_out1_cpuclk_1  {rise@0.000ns fall@6.667ns period=13.333ns})
  Path Group:             clk_out1_cpuclk_1
  Path Type:              Hold (Min at Fast Process Corner)
  Requirement:            0.000ns  (clk_out1_cpuclk_1 rise@0.000ns - clk_out1_cpuclk_1 rise@0.000ns)
  Data Path Delay:        0.474ns  (logic 0.226ns (47.726%)  route 0.248ns (52.274%))
  Logic Levels:           1  (LUT3=1)
  Clock Path Skew:        0.055ns (DCD - SCD - CPR)
    Destination Clock Delay (DCD):    -0.282ns
    Source Clock Delay      (SCD):    -0.549ns
    Clock Pessimism Removal (CPR):    0.212ns

    Location             Delay type                Incr(ns)  Path(ns)    Netlist Resource(s)
  -------------------------------------------------------------------    -------------------
                         (clock clk_out1_cpuclk_1 rise edge)
                                                      0.000     0.000 r  
    U18                                               0.000     0.000 r  clk (IN)
                         net (fo=0)                   0.000     0.000    cpuClk/inst/clk_in1
    U18                  IBUF (Prop_ibuf_I_O)         0.266     0.266 r  cpuClk/inst/clkin1_ibufg/O
                         net (fo=1, routed)           0.440     0.706    cpuClk/inst/clk_in1_cpuclk
    PLLE2_ADV_X1Y1       PLLE2_ADV (Prop_plle2_adv_CLKIN1_CLKOUT0)
                                                     -2.407    -1.700 r  cpuClk/inst/plle2_adv_inst/CLKOUT0
                         net (fo=1, routed)           0.544    -1.156    cpuClk/inst/clk_out1_cpuclk
    BUFGCTRL_X0Y16       BUFG (Prop_bufg_I_O)         0.026    -1.130 r  cpuClk/inst/clkout1_buf/O
                         net (fo=6943, routed)        0.582    -0.549    mini_rv_u/If/IF_icache/u_cache/clk_out1
    SLICE_X55Y45         FDRE                                         r  mini_rv_u/If/IF_icache/u_cache/pipe_bram_dout_reg[40]/C
  -------------------------------------------------------------------    -------------------
    SLICE_X55Y45         FDRE (Prop_fdre_C_Q)         0.128    -0.421 r  mini_rv_u/If/IF_icache/u_cache/pipe_bram_dout_reg[40]/Q
                         net (fo=1, routed)           0.144    -0.277    mini_rv_u/If/IF_icache/u_cache/pipe_bram_dout[40]
    SLICE_X54Y46         LUT3 (Prop_lut3_I2_O)        0.098    -0.179 r  mini_rv_u/If/IF_icache/u_cache/gen_icache_data.data_bram_i_24/O
                         net (fo=1, routed)           0.104    -0.075    mini_rv_u/If/IF_icache/u_cache/gen_icache_data.data_bram/U0/inst_blk_mem_gen/gnbram.gnativebmg.native_blk_mem_gen/valid.cstr/ramloop[0].ram.r/prim_noinit.ram/dina[40]
    RAMB36_X3Y9          RAMB36E1                                     r  mini_rv_u/If/IF_icache/u_cache/gen_icache_data.data_bram/U0/inst_blk_mem_gen/gnbram.gnativebmg.native_blk_mem_gen/valid.cstr/ramloop[0].ram.r/prim_noinit.ram/DEVICE_7SERIES.NO_BMM_INFO.SDP.WIDE_PRIM36_NO_ECC.ram/DIBDI[8]
  -------------------------------------------------------------------    -------------------

                         (clock clk_out1_cpuclk_1 rise edge)
                                                      0.000     0.000 r  
    U18                                               0.000     0.000 r  clk (IN)
                         net (fo=0)                   0.000     0.000    cpuClk/inst/clk_in1
    U18                  IBUF (Prop_ibuf_I_O)         0.454     0.454 r  cpuClk/inst/clkin1_ibufg/O
                         net (fo=1, routed)           0.481     0.935    cpuClk/inst/clk_in1_cpuclk
    PLLE2_ADV_X1Y1       PLLE2_ADV (Prop_plle2_adv_CLKIN1_CLKOUT0)
                                                     -2.727    -1.792 r  cpuClk/inst/plle2_adv_inst/CLKOUT0
                         net (fo=1, routed)           0.592    -1.200    cpuClk/inst/clk_out1_cpuclk
    BUFGCTRL_X0Y16       BUFG (Prop_bufg_I_O)         0.029    -1.171 r  cpuClk/inst/clkout1_buf/O
                         net (fo=6943, routed)        0.889    -0.282    mini_rv_u/If/IF_icache/u_cache/gen_icache_data.data_bram/U0/inst_blk_mem_gen/gnbram.gnativebmg.native_blk_mem_gen/valid.cstr/ramloop[0].ram.r/prim_noinit.ram/clka
    RAMB36_X3Y9          RAMB36E1                                     r  mini_rv_u/If/IF_icache/u_cache/gen_icache_data.data_bram/U0/inst_blk_mem_gen/gnbram.gnativebmg.native_blk_mem_gen/valid.cstr/ramloop[0].ram.r/prim_noinit.ram/DEVICE_7SERIES.NO_BMM_INFO.SDP.WIDE_PRIM36_NO_ECC.ram/CLKBWRCLK
                         clock pessimism             -0.212    -0.494    
    RAMB36_X3Y9          RAMB36E1 (Hold_ramb36e1_CLKBWRCLK_DIBDI[8])
                                                      0.296    -0.198    mini_rv_u/If/IF_icache/u_cache/gen_icache_data.data_bram/U0/inst_blk_mem_gen/gnbram.gnativebmg.native_blk_mem_gen/valid.cstr/ramloop[0].ram.r/prim_noinit.ram/DEVICE_7SERIES.NO_BMM_INFO.SDP.WIDE_PRIM36_NO_ECC.ram
  -------------------------------------------------------------------
                         required time                          0.198    
                         arrival time                          -0.075    
  -------------------------------------------------------------------
                         slack                                  0.123    

Slack (MET) :             0.125ns  (arrival time - required time)
  Source:                 mini_rv_u/If/IF_icache/req_pc_reg[30]/C
                            (rising edge-triggered cell FDCE clocked by clk_out1_cpuclk_1  {rise@0.000ns fall@6.667ns period=13.333ns})
  Destination:            mini_rv_u/If/IF_icache/u_cache/rd_tag_reg[24]/D
                            (rising edge-triggered cell FDRE clocked by clk_out1_cpuclk_1  {rise@0.000ns fall@6.667ns period=13.333ns})
  Path Group:             clk_out1_cpuclk_1
  Path Type:              Hold (Min at Fast Process Corner)
  Requirement:            0.000ns  (clk_out1_cpuclk_1 rise@0.000ns - clk_out1_cpuclk_1 rise@0.000ns)
  Data Path Delay:        0.476ns  (logic 0.226ns (47.478%)  route 0.250ns (52.522%))
  Logic Levels:           1  (LUT4=1)
  Clock Path Skew:        0.259ns (DCD - SCD - CPR)
    Destination Clock Delay (DCD):    -0.347ns
    Source Clock Delay      (SCD):    -0.571ns
    Clock Pessimism Removal (CPR):    -0.035ns

    Location             Delay type                Incr(ns)  Path(ns)    Netlist Resource(s)
  -------------------------------------------------------------------    -------------------
                         (clock clk_out1_cpuclk_1 rise edge)
                                                      0.000     0.000 r  
    U18                                               0.000     0.000 r  clk (IN)
                         net (fo=0)                   0.000     0.000    cpuClk/inst/clk_in1
    U18                  IBUF (Prop_ibuf_I_O)         0.266     0.266 r  cpuClk/inst/clkin1_ibufg/O
                         net (fo=1, routed)           0.440     0.706    cpuClk/inst/clk_in1_cpuclk
    PLLE2_ADV_X1Y1       PLLE2_ADV (Prop_plle2_adv_CLKIN1_CLKOUT0)
                                                     -2.407    -1.700 r  cpuClk/inst/plle2_adv_inst/CLKOUT0
                         net (fo=1, routed)           0.544    -1.156    cpuClk/inst/clk_out1_cpuclk
    BUFGCTRL_X0Y16       BUFG (Prop_bufg_I_O)         0.026    -1.130 r  cpuClk/inst/clkout1_buf/O
                         net (fo=6943, routed)        0.560    -0.571    mini_rv_u/If/IF_icache/clk_out1
    SLICE_X49Y42         FDCE                                         r  mini_rv_u/If/IF_icache/req_pc_reg[30]/C
  -------------------------------------------------------------------    -------------------
    SLICE_X49Y42         FDCE (Prop_fdce_C_Q)         0.128    -0.443 r  mini_rv_u/If/IF_icache/req_pc_reg[30]/Q
                         net (fo=1, routed)           0.250    -0.193    mini_rv_u/If/IF_icache/u_cache/Q[28]
    SLICE_X52Y42         LUT4 (Prop_lut4_I0_O)        0.098    -0.095 r  mini_rv_u/If/IF_icache/u_cache/rd_tag[24]_i_1/O
                         net (fo=1, routed)           0.000    -0.095    mini_rv_u/If/IF_icache/u_cache/tag[24]
    SLICE_X52Y42         FDRE                                         r  mini_rv_u/If/IF_icache/u_cache/rd_tag_reg[24]/D
  -------------------------------------------------------------------    -------------------

                         (clock clk_out1_cpuclk_1 rise edge)
                                                      0.000     0.000 r  
    U18                                               0.000     0.000 r  clk (IN)
                         net (fo=0)                   0.000     0.000    cpuClk/inst/clk_in1
    U18                  IBUF (Prop_ibuf_I_O)         0.454     0.454 r  cpuClk/inst/clkin1_ibufg/O
                         net (fo=1, routed)           0.481     0.935    cpuClk/inst/clk_in1_cpuclk
    PLLE2_ADV_X1Y1       PLLE2_ADV (Prop_plle2_adv_CLKIN1_CLKOUT0)
                                                     -2.727    -1.792 r  cpuClk/inst/plle2_adv_inst/CLKOUT0
                         net (fo=1, routed)           0.592    -1.200    cpuClk/inst/clk_out1_cpuclk
    BUFGCTRL_X0Y16       BUFG (Prop_bufg_I_O)         0.029    -1.171 r  cpuClk/inst/clkout1_buf/O
                         net (fo=6943, routed)        0.824    -0.347    mini_rv_u/If/IF_icache/u_cache/clk_out1
    SLICE_X52Y42         FDRE                                         r  mini_rv_u/If/IF_icache/u_cache/rd_tag_reg[24]/C
                         clock pessimism              0.035    -0.311    
    SLICE_X52Y42         FDRE (Hold_fdre_C_D)         0.092    -0.219    mini_rv_u/If/IF_icache/u_cache/rd_tag_reg[24]
  -------------------------------------------------------------------
                         required time                          0.219    
                         arrival time                          -0.095    
  -------------------------------------------------------------------
                         slack                                  0.125    

Slack (MET) :             0.131ns  (arrival time - required time)
  Source:                 mini_rv_u/Ex/m_div/num_orig_reg_reg[20]/C
                            (rising edge-triggered cell FDRE clocked by clk_out1_cpuclk_1  {rise@0.000ns fall@6.667ns period=13.333ns})
  Destination:            mini_rv_u/Ex/m_div/remainder_reg[20]/D
                            (rising edge-triggered cell FDRE clocked by clk_out1_cpuclk_1  {rise@0.000ns fall@6.667ns period=13.333ns})
  Path Group:             clk_out1_cpuclk_1
  Path Type:              Hold (Min at Fast Process Corner)
  Requirement:            0.000ns  (clk_out1_cpuclk_1 rise@0.000ns - clk_out1_cpuclk_1 rise@0.000ns)
  Data Path Delay:        0.236ns  (logic 0.186ns (78.745%)  route 0.050ns (21.255%))
  Logic Levels:           1  (LUT5=1)
  Clock Path Skew:        0.013ns (DCD - SCD - CPR)
    Destination Clock Delay (DCD):    -0.316ns
    Source Clock Delay      (SCD):    -0.543ns
    Clock Pessimism Removal (CPR):    0.214ns

    Location             Delay type                Incr(ns)  Path(ns)    Netlist Resource(s)
  -------------------------------------------------------------------    -------------------
                         (clock clk_out1_cpuclk_1 rise edge)
                                                      0.000     0.000 r  
    U18                                               0.000     0.000 r  clk (IN)
                         net (fo=0)                   0.000     0.000    cpuClk/inst/clk_in1
    U18                  IBUF (Prop_ibuf_I_O)         0.266     0.266 r  cpuClk/inst/clkin1_ibufg/O
                         net (fo=1, routed)           0.440     0.706    cpuClk/inst/clk_in1_cpuclk
    PLLE2_ADV_X1Y1       PLLE2_ADV (Prop_plle2_adv_CLKIN1_CLKOUT0)
                                                     -2.407    -1.700 r  cpuClk/inst/plle2_adv_inst/CLKOUT0
                         net (fo=1, routed)           0.544    -1.156    cpuClk/inst/clk_out1_cpuclk
    BUFGCTRL_X0Y16       BUFG (Prop_bufg_I_O)         0.026    -1.130 r  cpuClk/inst/clkout1_buf/O
                         net (fo=6943, routed)        0.588    -0.543    mini_rv_u/Ex/m_div/clk_out1
    SLICE_X74Y44         FDRE                                         r  mini_rv_u/Ex/m_div/num_orig_reg_reg[20]/C
  -------------------------------------------------------------------    -------------------
    SLICE_X74Y44         FDRE (Prop_fdre_C_Q)         0.141    -0.402 r  mini_rv_u/Ex/m_div/num_orig_reg_reg[20]/Q
                         net (fo=1, routed)           0.050    -0.352    mini_rv_u/Ex/m_div/num_orig_reg[20]
    SLICE_X75Y44         LUT5 (Prop_lut5_I0_O)        0.045    -0.307 r  mini_rv_u/Ex/m_div/remainder[20]_i_1/O
                         net (fo=1, routed)           0.000    -0.307    mini_rv_u/Ex/m_div/remainder[20]_i_1_n_0
    SLICE_X75Y44         FDRE                                         r  mini_rv_u/Ex/m_div/remainder_reg[20]/D
  -------------------------------------------------------------------    -------------------

                         (clock clk_out1_cpuclk_1 rise edge)
                                                      0.000     0.000 r  
    U18                                               0.000     0.000 r  clk (IN)
                         net (fo=0)                   0.000     0.000    cpuClk/inst/clk_in1
    U18                  IBUF (Prop_ibuf_I_O)         0.454     0.454 r  cpuClk/inst/clkin1_ibufg/O
                         net (fo=1, routed)           0.481     0.935    cpuClk/inst/clk_in1_cpuclk
    PLLE2_ADV_X1Y1       PLLE2_ADV (Prop_plle2_adv_CLKIN1_CLKOUT0)
                                                     -2.727    -1.792 r  cpuClk/inst/plle2_adv_inst/CLKOUT0
                         net (fo=1, routed)           0.592    -1.200    cpuClk/inst/clk_out1_cpuclk
    BUFGCTRL_X0Y16       BUFG (Prop_bufg_I_O)         0.029    -1.171 r  cpuClk/inst/clkout1_buf/O
                         net (fo=6943, routed)        0.855    -0.316    mini_rv_u/Ex/m_div/clk_out1
    SLICE_X75Y44         FDRE                                         r  mini_rv_u/Ex/m_div/remainder_reg[20]/C
                         clock pessimism             -0.214    -0.530    
    SLICE_X75Y44         FDRE (Hold_fdre_C_D)         0.092    -0.438    mini_rv_u/Ex/m_div/remainder_reg[20]
  -------------------------------------------------------------------
                         required time                          0.438    
                         arrival time                          -0.307    
  -------------------------------------------------------------------
                         slack                                  0.131    

Slack (MET) :             0.131ns  (arrival time - required time)
  Source:                 mini_rv_u/Ex/m_div/num_orig_reg_reg[9]/C
                            (rising edge-triggered cell FDRE clocked by clk_out1_cpuclk_1  {rise@0.000ns fall@6.667ns period=13.333ns})
  Destination:            mini_rv_u/Ex/m_div/remainder_reg[9]/D
                            (rising edge-triggered cell FDRE clocked by clk_out1_cpuclk_1  {rise@0.000ns fall@6.667ns period=13.333ns})
  Path Group:             clk_out1_cpuclk_1
  Path Type:              Hold (Min at Fast Process Corner)
  Requirement:            0.000ns  (clk_out1_cpuclk_1 rise@0.000ns - clk_out1_cpuclk_1 rise@0.000ns)
  Data Path Delay:        0.236ns  (logic 0.186ns (78.745%)  route 0.050ns (21.255%))
  Logic Levels:           1  (LUT5=1)
  Clock Path Skew:        0.013ns (DCD - SCD - CPR)
    Destination Clock Delay (DCD):    -0.317ns
    Source Clock Delay      (SCD):    -0.544ns
    Clock Pessimism Removal (CPR):    0.214ns

    Location             Delay type                Incr(ns)  Path(ns)    Netlist Resource(s)
  -------------------------------------------------------------------    -------------------
                         (clock clk_out1_cpuclk_1 rise edge)
                                                      0.000     0.000 r  
    U18                                               0.000     0.000 r  clk (IN)
                         net (fo=0)                   0.000     0.000    cpuClk/inst/clk_in1
    U18                  IBUF (Prop_ibuf_I_O)         0.266     0.266 r  cpuClk/inst/clkin1_ibufg/O
                         net (fo=1, routed)           0.440     0.706    cpuClk/inst/clk_in1_cpuclk
    PLLE2_ADV_X1Y1       PLLE2_ADV (Prop_plle2_adv_CLKIN1_CLKOUT0)
                                                     -2.407    -1.700 r  cpuClk/inst/plle2_adv_inst/CLKOUT0
                         net (fo=1, routed)           0.544    -1.156    cpuClk/inst/clk_out1_cpuclk
    BUFGCTRL_X0Y16       BUFG (Prop_bufg_I_O)         0.026    -1.130 r  cpuClk/inst/clkout1_buf/O
                         net (fo=6943, routed)        0.587    -0.544    mini_rv_u/Ex/m_div/clk_out1
    SLICE_X74Y42         FDRE                                         r  mini_rv_u/Ex/m_div/num_orig_reg_reg[9]/C
  -------------------------------------------------------------------    -------------------
    SLICE_X74Y42         FDRE (Prop_fdre_C_Q)         0.141    -0.403 r  mini_rv_u/Ex/m_div/num_orig_reg_reg[9]/Q
                         net (fo=1, routed)           0.050    -0.353    mini_rv_u/Ex/m_div/num_orig_reg[9]
    SLICE_X75Y42         LUT5 (Prop_lut5_I0_O)        0.045    -0.308 r  mini_rv_u/Ex/m_div/remainder[9]_i_1/O
                         net (fo=1, routed)           0.000    -0.308    mini_rv_u/Ex/m_div/remainder[9]_i_1_n_0
    SLICE_X75Y42         FDRE                                         r  mini_rv_u/Ex/m_div/remainder_reg[9]/D
  -------------------------------------------------------------------    -------------------

                         (clock clk_out1_cpuclk_1 rise edge)
                                                      0.000     0.000 r  
    U18                                               0.000     0.000 r  clk (IN)
                         net (fo=0)                   0.000     0.000    cpuClk/inst/clk_in1
    U18                  IBUF (Prop_ibuf_I_O)         0.454     0.454 r  cpuClk/inst/clkin1_ibufg/O
                         net (fo=1, routed)           0.481     0.935    cpuClk/inst/clk_in1_cpuclk
    PLLE2_ADV_X1Y1       PLLE2_ADV (Prop_plle2_adv_CLKIN1_CLKOUT0)
                                                     -2.727    -1.792 r  cpuClk/inst/plle2_adv_inst/CLKOUT0
                         net (fo=1, routed)           0.592    -1.200    cpuClk/inst/clk_out1_cpuclk
    BUFGCTRL_X0Y16       BUFG (Prop_bufg_I_O)         0.029    -1.171 r  cpuClk/inst/clkout1_buf/O
                         net (fo=6943, routed)        0.854    -0.317    mini_rv_u/Ex/m_div/clk_out1
    SLICE_X75Y42         FDRE                                         r  mini_rv_u/Ex/m_div/remainder_reg[9]/C
                         clock pessimism             -0.214    -0.531    
    SLICE_X75Y42         FDRE (Hold_fdre_C_D)         0.092    -0.439    mini_rv_u/Ex/m_div/remainder_reg[9]
  -------------------------------------------------------------------
                         required time                          0.439    
                         arrival time                          -0.308    
  -------------------------------------------------------------------
                         slack                                  0.131    

Slack (MET) :             0.132ns  (arrival time - required time)
  Source:                 mini_rv_u/If/pre_fetch_pc_d_reg[28]/C
                            (rising edge-triggered cell FDCE clocked by clk_out1_cpuclk_1  {rise@0.000ns fall@6.667ns period=13.333ns})
  Destination:            mini_rv_u/If/if_buf_pc_reg[2][28]/D
                            (rising edge-triggered cell FDRE clocked by clk_out1_cpuclk_1  {rise@0.000ns fall@6.667ns period=13.333ns})
  Path Group:             clk_out1_cpuclk_1
  Path Type:              Hold (Min at Fast Process Corner)
  Requirement:            0.000ns  (clk_out1_cpuclk_1 rise@0.000ns - clk_out1_cpuclk_1 rise@0.000ns)
  Data Path Delay:        0.460ns  (logic 0.141ns (30.645%)  route 0.319ns (69.355%))
  Logic Levels:           0  
  Clock Path Skew:        0.262ns (DCD - SCD - CPR)
    Destination Clock Delay (DCD):    -0.346ns
    Source Clock Delay      (SCD):    -0.573ns
    Clock Pessimism Removal (CPR):    -0.035ns

    Location             Delay type                Incr(ns)  Path(ns)    Netlist Resource(s)
  -------------------------------------------------------------------    -------------------
                         (clock clk_out1_cpuclk_1 rise edge)
                                                      0.000     0.000 r  
    U18                                               0.000     0.000 r  clk (IN)
                         net (fo=0)                   0.000     0.000    cpuClk/inst/clk_in1
    U18                  IBUF (Prop_ibuf_I_O)         0.266     0.266 r  cpuClk/inst/clkin1_ibufg/O
                         net (fo=1, routed)           0.440     0.706    cpuClk/inst/clk_in1_cpuclk
    PLLE2_ADV_X1Y1       PLLE2_ADV (Prop_plle2_adv_CLKIN1_CLKOUT0)
                                                     -2.407    -1.700 r  cpuClk/inst/plle2_adv_inst/CLKOUT0
                         net (fo=1, routed)           0.544    -1.156    cpuClk/inst/clk_out1_cpuclk
    BUFGCTRL_X0Y16       BUFG (Prop_bufg_I_O)         0.026    -1.130 r  cpuClk/inst/clkout1_buf/O
                         net (fo=6943, routed)        0.558    -0.573    mini_rv_u/If/clk_out1
    SLICE_X53Y43         FDCE                                         r  mini_rv_u/If/pre_fetch_pc_d_reg[28]/C
  -------------------------------------------------------------------    -------------------
    SLICE_X53Y43         FDCE (Prop_fdce_C_Q)         0.141    -0.432 r  mini_rv_u/If/pre_fetch_pc_d_reg[28]/Q
                         net (fo=8, routed)           0.319    -0.113    mini_rv_u/If/pre_fetch_pc_d_reg_n_0_[28]
    SLICE_X47Y37         FDRE                                         r  mini_rv_u/If/if_buf_pc_reg[2][28]/D
  -------------------------------------------------------------------    -------------------

                         (clock clk_out1_cpuclk_1 rise edge)
                                                      0.000     0.000 r  
    U18                                               0.000     0.000 r  clk (IN)
                         net (fo=0)                   0.000     0.000    cpuClk/inst/clk_in1
    U18                  IBUF (Prop_ibuf_I_O)         0.454     0.454 r  cpuClk/inst/clkin1_ibufg/O
                         net (fo=1, routed)           0.481     0.935    cpuClk/inst/clk_in1_cpuclk
    PLLE2_ADV_X1Y1       PLLE2_ADV (Prop_plle2_adv_CLKIN1_CLKOUT0)
                                                     -2.727    -1.792 r  cpuClk/inst/plle2_adv_inst/CLKOUT0
                         net (fo=1, routed)           0.592    -1.200    cpuClk/inst/clk_out1_cpuclk
    BUFGCTRL_X0Y16       BUFG (Prop_bufg_I_O)         0.029    -1.171 r  cpuClk/inst/clkout1_buf/O
                         net (fo=6943, routed)        0.825    -0.346    mini_rv_u/If/clk_out1
    SLICE_X47Y37         FDRE                                         r  mini_rv_u/If/if_buf_pc_reg[2][28]/C
                         clock pessimism              0.035    -0.310    
    SLICE_X47Y37         FDRE (Hold_fdre_C_D)         0.066    -0.244    mini_rv_u/If/if_buf_pc_reg[2][28]
  -------------------------------------------------------------------
                         required time                          0.244    
                         arrival time                          -0.113    
  -------------------------------------------------------------------
                         slack                                  0.132    

Slack (MET) :             0.139ns  (arrival time - required time)
  Source:                 mini_rv_u/If/pre_fetch_pc_d_reg[2]/C
                            (rising edge-triggered cell FDCE clocked by clk_out1_cpuclk_1  {rise@0.000ns fall@6.667ns period=13.333ns})
  Destination:            mini_rv_u/If/if_buf_pc_reg[1][2]/D
                            (rising edge-triggered cell FDRE clocked by clk_out1_cpuclk_1  {rise@0.000ns fall@6.667ns period=13.333ns})
  Path Group:             clk_out1_cpuclk_1
  Path Type:              Hold (Min at Fast Process Corner)
  Requirement:            0.000ns  (clk_out1_cpuclk_1 rise@0.000ns - clk_out1_cpuclk_1 rise@0.000ns)
  Data Path Delay:        0.464ns  (logic 0.164ns (35.333%)  route 0.300ns (64.667%))
  Logic Levels:           0  
  Clock Path Skew:        0.264ns (DCD - SCD - CPR)
    Destination Clock Delay (DCD):    -0.348ns
    Source Clock Delay      (SCD):    -0.577ns
    Clock Pessimism Removal (CPR):    -0.035ns

    Location             Delay type                Incr(ns)  Path(ns)    Netlist Resource(s)
  -------------------------------------------------------------------    -------------------
                         (clock clk_out1_cpuclk_1 rise edge)
                                                      0.000     0.000 r  
    U18                                               0.000     0.000 r  clk (IN)
                         net (fo=0)                   0.000     0.000    cpuClk/inst/clk_in1
    U18                  IBUF (Prop_ibuf_I_O)         0.266     0.266 r  cpuClk/inst/clkin1_ibufg/O
                         net (fo=1, routed)           0.440     0.706    cpuClk/inst/clk_in1_cpuclk
    PLLE2_ADV_X1Y1       PLLE2_ADV (Prop_plle2_adv_CLKIN1_CLKOUT0)
                                                     -2.407    -1.700 r  cpuClk/inst/plle2_adv_inst/CLKOUT0
                         net (fo=1, routed)           0.544    -1.156    cpuClk/inst/clk_out1_cpuclk
    BUFGCTRL_X0Y16       BUFG (Prop_bufg_I_O)         0.026    -1.130 r  cpuClk/inst/clkout1_buf/O
                         net (fo=6943, routed)        0.554    -0.577    mini_rv_u/If/clk_out1
    SLICE_X50Y34         FDCE                                         r  mini_rv_u/If/pre_fetch_pc_d_reg[2]/C
  -------------------------------------------------------------------    -------------------
    SLICE_X50Y34         FDCE (Prop_fdce_C_Q)         0.164    -0.413 r  mini_rv_u/If/pre_fetch_pc_d_reg[2]/Q
                         net (fo=8, routed)           0.300    -0.113    mini_rv_u/If/pre_fetch_pc_d_reg_n_0_[2]
    SLICE_X48Y34         FDRE                                         r  mini_rv_u/If/if_buf_pc_reg[1][2]/D
  -------------------------------------------------------------------    -------------------

                         (clock clk_out1_cpuclk_1 rise edge)
                                                      0.000     0.000 r  
    U18                                               0.000     0.000 r  clk (IN)
                         net (fo=0)                   0.000     0.000    cpuClk/inst/clk_in1
    U18                  IBUF (Prop_ibuf_I_O)         0.454     0.454 r  cpuClk/inst/clkin1_ibufg/O
                         net (fo=1, routed)           0.481     0.935    cpuClk/inst/clk_in1_cpuclk
    PLLE2_ADV_X1Y1       PLLE2_ADV (Prop_plle2_adv_CLKIN1_CLKOUT0)
                                                     -2.727    -1.792 r  cpuClk/inst/plle2_adv_inst/CLKOUT0
                         net (fo=1, routed)           0.592    -1.200    cpuClk/inst/clk_out1_cpuclk
    BUFGCTRL_X0Y16       BUFG (Prop_bufg_I_O)         0.029    -1.171 r  cpuClk/inst/clkout1_buf/O
                         net (fo=6943, routed)        0.823    -0.348    mini_rv_u/If/clk_out1
    SLICE_X48Y34         FDRE                                         r  mini_rv_u/If/if_buf_pc_reg[1][2]/C
                         clock pessimism              0.035    -0.312    
    SLICE_X48Y34         FDRE (Hold_fdre_C_D)         0.061    -0.251    mini_rv_u/If/if_buf_pc_reg[1][2]
  -------------------------------------------------------------------
                         required time                          0.251    
                         arrival time                          -0.113    
  -------------------------------------------------------------------
                         slack                                  0.139    





Pulse Width Checks
--------------------------------------------------------------------------------------
Clock Name:         clk_out1_cpuclk_1
Waveform(ns):       { 0.000 6.667 }
Period(ns):         13.333
Sources:            { cpuClk/inst/plle2_adv_inst/CLKOUT0 }

Check Type        Corner  Lib Pin             Reference Pin  Required(ns)  Actual(ns)  Slack(ns)  Location        Pin
Min Period        n/a     RAMB36E1/CLKARDCLK  n/a            2.170         13.333      11.163     RAMB36_X3Y4     bus/interface_RAM/dRAM/RAM/U0/inst_blk_mem_gen/gnbram.gnativebmg.native_blk_mem_gen/valid.cstr/ramloop[0].ram.r/prim_init.ram/DEVICE_7SERIES.NO_BMM_INFO.SP.SIMPLE_PRIM36.ram/CLKARDCLK
Min Period        n/a     RAMB36E1/CLKBWRCLK  n/a            2.170         13.333      11.163     RAMB36_X3Y4     bus/interface_RAM/dRAM/RAM/U0/inst_blk_mem_gen/gnbram.gnativebmg.native_blk_mem_gen/valid.cstr/ramloop[0].ram.r/prim_init.ram/DEVICE_7SERIES.NO_BMM_INFO.SP.SIMPLE_PRIM36.ram/CLKBWRCLK
Min Period        n/a     RAMB36E1/CLKARDCLK  n/a            2.170         13.333      11.163     RAMB36_X0Y1     bus/interface_RAM/dRAM/RAM/U0/inst_blk_mem_gen/gnbram.gnativebmg.native_blk_mem_gen/valid.cstr/ramloop[10].ram.r/prim_init.ram/DEVICE_7SERIES.NO_BMM_INFO.SP.SIMPLE_PRIM36.ram/CLKARDCLK
Min Period        n/a     RAMB36E1/CLKBWRCLK  n/a            2.170         13.333      11.163     RAMB36_X0Y1     bus/interface_RAM/dRAM/RAM/U0/inst_blk_mem_gen/gnbram.gnativebmg.native_blk_mem_gen/valid.cstr/ramloop[10].ram.r/prim_init.ram/DEVICE_7SERIES.NO_BMM_INFO.SP.SIMPLE_PRIM36.ram/CLKBWRCLK
Min Period        n/a     RAMB36E1/CLKARDCLK  n/a            2.170         13.333      11.163     RAMB36_X0Y2     bus/interface_RAM/dRAM/RAM/U0/inst_blk_mem_gen/gnbram.gnativebmg.native_blk_mem_gen/valid.cstr/ramloop[11].ram.r/prim_init.ram/DEVICE_7SERIES.NO_BMM_INFO.SP.SIMPLE_PRIM36.ram/CLKARDCLK
Min Period        n/a     RAMB36E1/CLKBWRCLK  n/a            2.170         13.333      11.163     RAMB36_X0Y2     bus/interface_RAM/dRAM/RAM/U0/inst_blk_mem_gen/gnbram.gnativebmg.native_blk_mem_gen/valid.cstr/ramloop[11].ram.r/prim_init.ram/DEVICE_7SERIES.NO_BMM_INFO.SP.SIMPLE_PRIM36.ram/CLKBWRCLK
Min Period        n/a     RAMB36E1/CLKARDCLK  n/a            2.170         13.333      11.163     RAMB36_X1Y4     bus/interface_RAM/dRAM/RAM/U0/inst_blk_mem_gen/gnbram.gnativebmg.native_blk_mem_gen/valid.cstr/ramloop[12].ram.r/prim_init.ram/DEVICE_7SERIES.NO_BMM_INFO.SP.SIMPLE_PRIM36.ram/CLKARDCLK
Min Period        n/a     RAMB36E1/CLKBWRCLK  n/a            2.170         13.333      11.163     RAMB36_X1Y4     bus/interface_RAM/dRAM/RAM/U0/inst_blk_mem_gen/gnbram.gnativebmg.native_blk_mem_gen/valid.cstr/ramloop[12].ram.r/prim_init.ram/DEVICE_7SERIES.NO_BMM_INFO.SP.SIMPLE_PRIM36.ram/CLKBWRCLK
Min Period        n/a     RAMB36E1/CLKARDCLK  n/a            2.170         13.333      11.163     RAMB36_X2Y4     bus/interface_RAM/dRAM/RAM/U0/inst_blk_mem_gen/gnbram.gnativebmg.native_blk_mem_gen/valid.cstr/ramloop[13].ram.r/prim_init.ram/DEVICE_7SERIES.NO_BMM_INFO.SP.SIMPLE_PRIM36.ram/CLKARDCLK
Min Period        n/a     RAMB36E1/CLKBWRCLK  n/a            2.170         13.333      11.163     RAMB36_X2Y4     bus/interface_RAM/dRAM/RAM/U0/inst_blk_mem_gen/gnbram.gnativebmg.native_blk_mem_gen/valid.cstr/ramloop[13].ram.r/prim_init.ram/DEVICE_7SERIES.NO_BMM_INFO.SP.SIMPLE_PRIM36.ram/CLKBWRCLK
Max Period        n/a     PLLE2_ADV/CLKOUT0   n/a            160.000       13.333      146.667    PLLE2_ADV_X1Y1  cpuClk/inst/plle2_adv_inst/CLKOUT0
Low Pulse Width   Slow    FDCE/C              n/a            0.500         6.667       6.167      SLICE_X46Y6     bus/gen_timer.interface_timer/timer_count_reg[0]/C
Low Pulse Width   Fast    FDCE/C              n/a            0.500         6.667       6.167      SLICE_X46Y6     bus/gen_timer.interface_timer/timer_count_reg[0]/C
Low Pulse Width   Slow    FDCE/C              n/a            0.500         6.667       6.167      SLICE_X46Y8     bus/gen_timer.interface_timer/timer_count_reg[10]/C
Low Pulse Width   Fast    FDCE/C              n/a            0.500         6.667       6.167      SLICE_X46Y8     bus/gen_timer.interface_timer/timer_count_reg[10]/C
Low Pulse Width   Slow    FDCE/C              n/a            0.500         6.667       6.167      SLICE_X46Y8     bus/gen_timer.interface_timer/timer_count_reg[11]/C
Low Pulse Width   Fast    FDCE/C              n/a            0.500         6.667       6.167      SLICE_X46Y8     bus/gen_timer.interface_timer/timer_count_reg[11]/C
Low Pulse Width   Slow    FDCE/C              n/a            0.500         6.667       6.167      SLICE_X46Y9     bus/gen_timer.interface_timer/timer_count_reg[12]/C
Low Pulse Width   Fast    FDCE/C              n/a            0.500         6.667       6.167      SLICE_X46Y9     bus/gen_timer.interface_timer/timer_count_reg[12]/C
Low Pulse Width   Slow    FDCE/C              n/a            0.500         6.667       6.167      SLICE_X46Y9     bus/gen_timer.interface_timer/timer_count_reg[13]/C
Low Pulse Width   Fast    FDCE/C              n/a            0.500         6.667       6.167      SLICE_X46Y9     bus/gen_timer.interface_timer/timer_count_reg[13]/C
High Pulse Width  Slow    FDCE/C              n/a            0.500         6.667       6.167      SLICE_X46Y6     bus/gen_timer.interface_timer/timer_count_reg[0]/C
High Pulse Width  Fast    FDCE/C              n/a            0.500         6.667       6.167      SLICE_X46Y6     bus/gen_timer.interface_timer/timer_count_reg[0]/C
High Pulse Width  Slow    FDCE/C              n/a            0.500         6.667       6.167      SLICE_X46Y8     bus/gen_timer.interface_timer/timer_count_reg[10]/C
High Pulse Width  Fast    FDCE/C              n/a            0.500         6.667       6.167      SLICE_X46Y8     bus/gen_timer.interface_timer/timer_count_reg[10]/C
High Pulse Width  Slow    FDCE/C              n/a            0.500         6.667       6.167      SLICE_X46Y8     bus/gen_timer.interface_timer/timer_count_reg[11]/C
High Pulse Width  Fast    FDCE/C              n/a            0.500         6.667       6.167      SLICE_X46Y8     bus/gen_timer.interface_timer/timer_count_reg[11]/C
High Pulse Width  Slow    FDCE/C              n/a            0.500         6.667       6.167      SLICE_X46Y9     bus/gen_timer.interface_timer/timer_count_reg[12]/C
High Pulse Width  Fast    FDCE/C              n/a            0.500         6.667       6.167      SLICE_X46Y9     bus/gen_timer.interface_timer/timer_count_reg[12]/C
High Pulse Width  Slow    FDCE/C              n/a            0.500         6.667       6.167      SLICE_X46Y9     bus/gen_timer.interface_timer/timer_count_reg[13]/C
High Pulse Width  Fast    FDCE/C              n/a            0.500         6.667       6.167      SLICE_X46Y9     bus/gen_timer.interface_timer/timer_count_reg[13]/C



---------------------------------------------------------------------------------------------------
From Clock:  clkfbout_cpuclk_1
  To Clock:  clkfbout_cpuclk_1

Setup :           NA  Failing Endpoints,  Worst Slack           NA  ,  Total Violation           NA
Hold  :           NA  Failing Endpoints,  Worst Slack           NA  ,  Total Violation           NA
PW    :            0  Failing Endpoints,  Worst Slack       12.633ns,  Total Violation        0.000ns
---------------------------------------------------------------------------------------------------


Pulse Width Checks
--------------------------------------------------------------------------------------
Clock Name:         clkfbout_cpuclk_1
Waveform(ns):       { 0.000 20.000 }
Period(ns):         40.000
Sources:            { cpuClk/inst/plle2_adv_inst/CLKFBOUT }

Check Type  Corner  Lib Pin             Reference Pin  Required(ns)  Actual(ns)  Slack(ns)  Location        Pin
Min Period  n/a     BUFG/I              n/a            1.592         40.000      38.408     BUFGCTRL_X0Y17  cpuClk/inst/clkf_buf/I
Min Period  n/a     PLLE2_ADV/CLKFBOUT  n/a            1.249         40.000      38.751     PLLE2_ADV_X1Y1  cpuClk/inst/plle2_adv_inst/CLKFBOUT
Min Period  n/a     PLLE2_ADV/CLKFBIN   n/a            1.249         40.000      38.751     PLLE2_ADV_X1Y1  cpuClk/inst/plle2_adv_inst/CLKFBIN
Max Period  n/a     PLLE2_ADV/CLKFBIN   n/a            52.633        40.000      12.633     PLLE2_ADV_X1Y1  cpuClk/inst/plle2_adv_inst/CLKFBIN
Max Period  n/a     PLLE2_ADV/CLKFBOUT  n/a            160.000       40.000      120.000    PLLE2_ADV_X1Y1  cpuClk/inst/plle2_adv_inst/CLKFBOUT



--------------------------------------------------------------------------------------
Path Group:  (none)
From Clock:  clk_out1_cpuclk_1
  To Clock:  

Max Delay             1 Endpoint
Min Delay             1 Endpoint
--------------------------------------------------------------------------------------


Max Delay Paths
--------------------------------------------------------------------------------------
Slack:                    inf
  Source:                 bus/gen_uart.interface_uart/uart_tx_inst/tx_reg/C
                            (rising edge-triggered cell FDPE clocked by clk_out1_cpuclk_1  {rise@0.000ns fall@6.667ns period=13.333ns})
  Destination:            tx_out
                            (output port)
  Path Group:             (none)
  Path Type:              Max at Slow Process Corner
  Data Path Delay:        8.606ns  (logic 3.735ns (43.398%)  route 4.871ns (56.602%))
  Logic Levels:           1  (OBUF=1)
  Clock Uncertainty:      0.395ns  ((TSJ^2 + DJ^2)^1/2) / 2 + PE
    Total System Jitter     (TSJ):    0.050ns
    Discrete Jitter          (DJ):    0.263ns
    Phase Error              (PE):    0.262ns

    Location             Delay type                Incr(ns)  Path(ns)    Netlist Resource(s)
  -------------------------------------------------------------------    -------------------
                         (clock clk_out1_cpuclk_1 rise edge)
                                                      0.000     0.000 r  
    U18                                               0.000     0.000 r  clk (IN)
                         net (fo=0)                   0.000     0.000    cpuClk/inst/clk_in1
    U18                  IBUF (Prop_ibuf_I_O)         1.429     1.429 r  cpuClk/inst/clkin1_ibufg/O
                         net (fo=1, routed)           1.126     2.555    cpuClk/inst/clk_in1_cpuclk
    PLLE2_ADV_X1Y1       PLLE2_ADV (Prop_plle2_adv_CLKIN1_CLKOUT0)
                                                     -7.569    -5.014 r  cpuClk/inst/plle2_adv_inst/CLKOUT0
                         net (fo=1, routed)           1.594    -3.420    cpuClk/inst/clk_out1_cpuclk
    BUFGCTRL_X0Y16       BUFG (Prop_bufg_I_O)         0.085    -3.335 r  cpuClk/inst/clkout1_buf/O
                         net (fo=6943, routed)        1.457    -1.878    bus/gen_uart.interface_uart/uart_tx_inst/clk_out1
    SLICE_X58Y12         FDPE                                         r  bus/gen_uart.interface_uart/uart_tx_inst/tx_reg/C
  -------------------------------------------------------------------    -------------------
    SLICE_X58Y12         FDPE (Prop_fdpe_C_Q)         0.433    -1.445 r  bus/gen_uart.interface_uart/uart_tx_inst/tx_reg/Q
                         net (fo=1, routed)           4.871     3.427    tx_out_OBUF
    J15                  OBUF (Prop_obuf_I_O)         3.302     6.729 r  tx_out_OBUF_inst/O
                         net (fo=0)                   0.000     6.729    tx_out
    J15                                                               r  tx_out (OUT)
  -------------------------------------------------------------------    -------------------





Min Delay Paths
--------------------------------------------------------------------------------------
Slack:                    inf
  Source:                 bus/gen_uart.interface_uart/uart_tx_inst/tx_reg/C
                            (rising edge-triggered cell FDPE clocked by clk_out1_cpuclk_1  {rise@0.000ns fall@6.667ns period=13.333ns})
  Destination:            tx_out
                            (output port)
  Path Group:             (none)
  Path Type:              Min at Fast Process Corner
  Data Path Delay:        3.602ns  (logic 1.421ns (39.457%)  route 2.180ns (60.543%))
  Logic Levels:           1  (OBUF=1)
  Clock Uncertainty:      0.395ns  ((TSJ^2 + DJ^2)^1/2) / 2 + PE
    Total System Jitter     (TSJ):    0.050ns
    Discrete Jitter          (DJ):    0.263ns
    Phase Error              (PE):    0.262ns

    Location             Delay type                Incr(ns)  Path(ns)    Netlist Resource(s)
  -------------------------------------------------------------------    -------------------
                         (clock clk_out1_cpuclk_1 rise edge)
                                                      0.000     0.000 r  
    U18                                               0.000     0.000 r  clk (IN)
                         net (fo=0)                   0.000     0.000    cpuClk/inst/clk_in1
    U18                  IBUF (Prop_ibuf_I_O)         0.266     0.266 r  cpuClk/inst/clkin1_ibufg/O
                         net (fo=1, routed)           0.440     0.706    cpuClk/inst/clk_in1_cpuclk
    PLLE2_ADV_X1Y1       PLLE2_ADV (Prop_plle2_adv_CLKIN1_CLKOUT0)
                                                     -2.407    -1.700 r  cpuClk/inst/plle2_adv_inst/CLKOUT0
                         net (fo=1, routed)           0.544    -1.156    cpuClk/inst/clk_out1_cpuclk
    BUFGCTRL_X0Y16       BUFG (Prop_bufg_I_O)         0.026    -1.130 r  cpuClk/inst/clkout1_buf/O
                         net (fo=6943, routed)        0.580    -0.551    bus/gen_uart.interface_uart/uart_tx_inst/clk_out1
    SLICE_X58Y12         FDPE                                         r  bus/gen_uart.interface_uart/uart_tx_inst/tx_reg/C
  -------------------------------------------------------------------    -------------------
    SLICE_X58Y12         FDPE (Prop_fdpe_C_Q)         0.164    -0.387 r  bus/gen_uart.interface_uart/uart_tx_inst/tx_reg/Q
                         net (fo=1, routed)           2.180     1.794    tx_out_OBUF
    J15                  OBUF (Prop_obuf_I_O)         1.257     3.051 r  tx_out_OBUF_inst/O
                         net (fo=0)                   0.000     3.051    tx_out
    J15                                                               r  tx_out (OUT)
  -------------------------------------------------------------------    -------------------





--------------------------------------------------------------------------------------
Path Group:  (none)
From Clock:  clkfbout_cpuclk_1
  To Clock:  

Max Delay             1 Endpoint
Min Delay             1 Endpoint
--------------------------------------------------------------------------------------


Max Delay Paths
--------------------------------------------------------------------------------------
Slack:                    inf
  Source:                 cpuClk/inst/plle2_adv_inst/CLKFBOUT
                            (clock source 'clkfbout_cpuclk_1'  {rise@0.000ns fall@20.000ns period=40.000ns})
  Destination:            cpuClk/inst/plle2_adv_inst/CLKFBIN
  Path Group:             (none)
  Path Type:              Max at Fast Process Corner
  Data Path Delay:        1.485ns  (logic 0.029ns (1.953%)  route 1.456ns (98.047%))
  Logic Levels:           1  (BUFG=1)
  Clock Uncertainty:      0.354ns  ((TSJ^2 + DJ^2)^1/2) / 2 + PE
    Total System Jitter     (TSJ):    0.050ns
    Discrete Jitter          (DJ):    0.177ns
    Phase Error              (PE):    0.262ns

    Location             Delay type                Incr(ns)  Path(ns)    Netlist Resource(s)
  -------------------------------------------------------------------    -------------------
                         (clock clkfbout_cpuclk_1 fall edge)
                                                     20.000    20.000 f  
    U18                                               0.000    20.000 f  clk (IN)
                         net (fo=0)                   0.000    20.000    cpuClk/inst/clk_in1
    U18                  IBUF (Prop_ibuf_I_O)         0.454    20.454 f  cpuClk/inst/clkin1_ibufg/O
                         net (fo=1, routed)           0.481    20.935    cpuClk/inst/clk_in1_cpuclk
  -------------------------------------------------------------------    -------------------
    PLLE2_ADV_X1Y1       PLLE2_ADV (Prop_plle2_adv_CLKIN1_CLKFBOUT)
                                                     -2.727    18.208 f  cpuClk/inst/plle2_adv_inst/CLKFBOUT
                         net (fo=1, routed)           0.592    18.800    cpuClk/inst/clkfbout_cpuclk
    BUFGCTRL_X0Y17       BUFG (Prop_bufg_I_O)         0.029    18.829 f  cpuClk/inst/clkf_buf/O
                         net (fo=1, routed)           0.864    19.693    cpuClk/inst/clkfbout_buf_cpuclk
    PLLE2_ADV_X1Y1       PLLE2_ADV                                    f  cpuClk/inst/plle2_adv_inst/CLKFBIN
  -------------------------------------------------------------------    -------------------





Min Delay Paths
--------------------------------------------------------------------------------------
Slack:                    inf
  Source:                 cpuClk/inst/plle2_adv_inst/CLKFBOUT
                            (clock source 'clkfbout_cpuclk_1'  {rise@0.000ns fall@20.000ns period=40.000ns})
  Destination:            cpuClk/inst/plle2_adv_inst/CLKFBIN
  Path Group:             (none)
  Path Type:              Min at Slow Process Corner
  Data Path Delay:        2.915ns  (logic 0.077ns (2.642%)  route 2.838ns (97.358%))
  Logic Levels:           1  (BUFG=1)
  Clock Uncertainty:      0.354ns  ((TSJ^2 + DJ^2)^1/2) / 2 + PE
    Total System Jitter     (TSJ):    0.050ns
    Discrete Jitter          (DJ):    0.177ns
    Phase Error              (PE):    0.262ns

    Location             Delay type                Incr(ns)  Path(ns)    Netlist Resource(s)
  -------------------------------------------------------------------    -------------------
                         (clock clkfbout_cpuclk_1 rise edge)
                                                      0.000     0.000 r  
    U18                                               0.000     0.000 r  clk (IN)
                         net (fo=0)                   0.000     0.000    cpuClk/inst/clk_in1
    U18                  IBUF (Prop_ibuf_I_O)         1.363     1.363 r  cpuClk/inst/clkin1_ibufg/O
                         net (fo=1, routed)           1.019     2.382    cpuClk/inst/clk_in1_cpuclk
  -------------------------------------------------------------------    -------------------
    PLLE2_ADV_X1Y1       PLLE2_ADV (Prop_plle2_adv_CLKIN1_CLKFBOUT)
                                                     -6.696    -4.314 r  cpuClk/inst/plle2_adv_inst/CLKFBOUT
                         net (fo=1, routed)           1.451    -2.862    cpuClk/inst/clkfbout_cpuclk
    BUFGCTRL_X0Y17       BUFG (Prop_bufg_I_O)         0.077    -2.785 r  cpuClk/inst/clkf_buf/O
                         net (fo=1, routed)           1.386    -1.399    cpuClk/inst/clkfbout_buf_cpuclk
    PLLE2_ADV_X1Y1       PLLE2_ADV                                    r  cpuClk/inst/plle2_adv_inst/CLKFBIN
  -------------------------------------------------------------------    -------------------





--------------------------------------------------------------------------------------
Path Group:  (none)
From Clock:  
  To Clock:  clk_out1_cpuclk_1

Max Delay          6974 Endpoints
Min Delay          6974 Endpoints
--------------------------------------------------------------------------------------


Max Delay Paths
--------------------------------------------------------------------------------------
Slack:                    inf
  Source:                 rst
                            (input port)
  Destination:            mini_rv_u/If/branchPredictor/btb/tag_table_reg[14][8]/CLR
                            (recovery check against rising-edge clock clk_out1_cpuclk_1  {rise@0.000ns fall@6.667ns period=13.333ns})
  Path Group:             (none)
  Path Type:              Recovery (Max at Slow Process Corner)
  Data Path Delay:        21.189ns  (logic 1.659ns (7.828%)  route 19.530ns (92.172%))
  Logic Levels:           3  (IBUF=1 LUT1=1 LUT2=1)
  Clock Path Skew:        -1.502ns (DCD - SCD + CPR)
    Destination Clock Delay (DCD):    -1.502ns
    Source Clock Delay      (SCD):    0.000ns
    Clock Pessimism Removal (CPR):    0.000ns

    Location             Delay type                Incr(ns)  Path(ns)    Netlist Resource(s)
  -------------------------------------------------------------------    -------------------
    N16                                               0.000     0.000 r  rst (IN)
                         net (fo=0)                   0.000     0.000    rst
    N16                  IBUF (Prop_ibuf_I_O)         1.449     1.449 r  rst_IBUF_inst/O
                         net (fo=1, routed)           1.180     2.629    mini_rv_u/dcache/u_dcache/rst_IBUF
    SLICE_X113Y98        LUT2 (Prop_lut2_I1_O)        0.105     2.734 r  mini_rv_u/dcache/u_dcache/rd_index[3]_i_1/O
                         net (fo=112, routed)         3.855     6.589    mini_rv_u/If/branchPredictor/bht/rst_n
    SLICE_X72Y19         LUT1 (Prop_lut1_I0_O)        0.105     6.694 f  mini_rv_u/If/branchPredictor/bht/tag_table[0][6]_i_2/O
                         net (fo=4266, routed)       14.495    21.189    mini_rv_u/If/branchPredictor/btb/target_table_reg[15][31]_0
    SLICE_X58Y60         FDCE                                         f  mini_rv_u/If/branchPredictor/btb/tag_table_reg[14][8]/CLR
  -------------------------------------------------------------------    -------------------

                         (clock clk_out1_cpuclk_1 rise edge)
                                                      0.000     0.000 r  
    U18                                               0.000     0.000 r  clk (IN)
                         net (fo=0)                   0.000     0.000    cpuClk/inst/clk_in1
    U18                  IBUF (Prop_ibuf_I_O)         1.363     1.363 r  cpuClk/inst/clkin1_ibufg/O
                         net (fo=1, routed)           1.019     2.382    cpuClk/inst/clk_in1_cpuclk
    PLLE2_ADV_X1Y1       PLLE2_ADV (Prop_plle2_adv_CLKIN1_CLKOUT0)
                                                     -6.696    -4.314 r  cpuClk/inst/plle2_adv_inst/CLKOUT0
                         net (fo=1, routed)           1.451    -2.862    cpuClk/inst/clk_out1_cpuclk
    BUFGCTRL_X0Y16       BUFG (Prop_bufg_I_O)         0.077    -2.785 r  cpuClk/inst/clkout1_buf/O
                         net (fo=6943, routed)        1.283    -1.502    mini_rv_u/If/branchPredictor/btb/clk_out1
    SLICE_X58Y60         FDCE                                         r  mini_rv_u/If/branchPredictor/btb/tag_table_reg[14][8]/C

Slack:                    inf
  Source:                 rst
                            (input port)
  Destination:            mini_rv_u/If/branchPredictor/btb/tag_table_reg[4][8]/CLR
                            (recovery check against rising-edge clock clk_out1_cpuclk_1  {rise@0.000ns fall@6.667ns period=13.333ns})
  Path Group:             (none)
  Path Type:              Recovery (Max at Slow Process Corner)
  Data Path Delay:        21.189ns  (logic 1.659ns (7.828%)  route 19.530ns (92.172%))
  Logic Levels:           3  (IBUF=1 LUT1=1 LUT2=1)
  Clock Path Skew:        -1.502ns (DCD - SCD + CPR)
    Destination Clock Delay (DCD):    -1.502ns
    Source Clock Delay      (SCD):    0.000ns
    Clock Pessimism Removal (CPR):    0.000ns

    Location             Delay type                Incr(ns)  Path(ns)    Netlist Resource(s)
  -------------------------------------------------------------------    -------------------
    N16                                               0.000     0.000 r  rst (IN)
                         net (fo=0)                   0.000     0.000    rst
    N16                  IBUF (Prop_ibuf_I_O)         1.449     1.449 r  rst_IBUF_inst/O
                         net (fo=1, routed)           1.180     2.629    mini_rv_u/dcache/u_dcache/rst_IBUF
    SLICE_X113Y98        LUT2 (Prop_lut2_I1_O)        0.105     2.734 r  mini_rv_u/dcache/u_dcache/rd_index[3]_i_1/O
                         net (fo=112, routed)         3.855     6.589    mini_rv_u/If/branchPredictor/bht/rst_n
    SLICE_X72Y19         LUT1 (Prop_lut1_I0_O)        0.105     6.694 f  mini_rv_u/If/branchPredictor/bht/tag_table[0][6]_i_2/O
                         net (fo=4266, routed)       14.495    21.189    mini_rv_u/If/branchPredictor/btb/target_table_reg[15][31]_0
    SLICE_X59Y60         FDCE                                         f  mini_rv_u/If/branchPredictor/btb/tag_table_reg[4][8]/CLR
  -------------------------------------------------------------------    -------------------

                         (clock clk_out1_cpuclk_1 rise edge)
                                                      0.000     0.000 r  
    U18                                               0.000     0.000 r  clk (IN)
                         net (fo=0)                   0.000     0.000    cpuClk/inst/clk_in1
    U18                  IBUF (Prop_ibuf_I_O)         1.363     1.363 r  cpuClk/inst/clkin1_ibufg/O
                         net (fo=1, routed)           1.019     2.382    cpuClk/inst/clk_in1_cpuclk
    PLLE2_ADV_X1Y1       PLLE2_ADV (Prop_plle2_adv_CLKIN1_CLKOUT0)
                                                     -6.696    -4.314 r  cpuClk/inst/plle2_adv_inst/CLKOUT0
                         net (fo=1, routed)           1.451    -2.862    cpuClk/inst/clk_out1_cpuclk
    BUFGCTRL_X0Y16       BUFG (Prop_bufg_I_O)         0.077    -2.785 r  cpuClk/inst/clkout1_buf/O
                         net (fo=6943, routed)        1.283    -1.502    mini_rv_u/If/branchPredictor/btb/clk_out1
    SLICE_X59Y60         FDCE                                         r  mini_rv_u/If/branchPredictor/btb/tag_table_reg[4][8]/C

Slack:                    inf
  Source:                 rst
                            (input port)
  Destination:            mini_rv_u/If/branchPredictor/btb/target_table_reg[4][20]/CLR
                            (recovery check against rising-edge clock clk_out1_cpuclk_1  {rise@0.000ns fall@6.667ns period=13.333ns})
  Path Group:             (none)
  Path Type:              Recovery (Max at Slow Process Corner)
  Data Path Delay:        21.189ns  (logic 1.659ns (7.828%)  route 19.530ns (92.172%))
  Logic Levels:           3  (IBUF=1 LUT1=1 LUT2=1)
  Clock Path Skew:        -1.502ns (DCD - SCD + CPR)
    Destination Clock Delay (DCD):    -1.502ns
    Source Clock Delay      (SCD):    0.000ns
    Clock Pessimism Removal (CPR):    0.000ns

    Location             Delay type                Incr(ns)  Path(ns)    Netlist Resource(s)
  -------------------------------------------------------------------    -------------------
    N16                                               0.000     0.000 r  rst (IN)
                         net (fo=0)                   0.000     0.000    rst
    N16                  IBUF (Prop_ibuf_I_O)         1.449     1.449 r  rst_IBUF_inst/O
                         net (fo=1, routed)           1.180     2.629    mini_rv_u/dcache/u_dcache/rst_IBUF
    SLICE_X113Y98        LUT2 (Prop_lut2_I1_O)        0.105     2.734 r  mini_rv_u/dcache/u_dcache/rd_index[3]_i_1/O
                         net (fo=112, routed)         3.855     6.589    mini_rv_u/If/branchPredictor/bht/rst_n
    SLICE_X72Y19         LUT1 (Prop_lut1_I0_O)        0.105     6.694 f  mini_rv_u/If/branchPredictor/bht/tag_table[0][6]_i_2/O
                         net (fo=4266, routed)       14.495    21.189    mini_rv_u/If/branchPredictor/btb/target_table_reg[15][31]_0
    SLICE_X59Y60         FDCE                                         f  mini_rv_u/If/branchPredictor/btb/target_table_reg[4][20]/CLR
  -------------------------------------------------------------------    -------------------

                         (clock clk_out1_cpuclk_1 rise edge)
                                                      0.000     0.000 r  
    U18                                               0.000     0.000 r  clk (IN)
                         net (fo=0)                   0.000     0.000    cpuClk/inst/clk_in1
    U18                  IBUF (Prop_ibuf_I_O)         1.363     1.363 r  cpuClk/inst/clkin1_ibufg/O
                         net (fo=1, routed)           1.019     2.382    cpuClk/inst/clk_in1_cpuclk
    PLLE2_ADV_X1Y1       PLLE2_ADV (Prop_plle2_adv_CLKIN1_CLKOUT0)
                                                     -6.696    -4.314 r  cpuClk/inst/plle2_adv_inst/CLKOUT0
                         net (fo=1, routed)           1.451    -2.862    cpuClk/inst/clk_out1_cpuclk
    BUFGCTRL_X0Y16       BUFG (Prop_bufg_I_O)         0.077    -2.785 r  cpuClk/inst/clkout1_buf/O
                         net (fo=6943, routed)        1.283    -1.502    mini_rv_u/If/branchPredictor/btb/clk_out1
    SLICE_X59Y60         FDCE                                         r  mini_rv_u/If/branchPredictor/btb/target_table_reg[4][20]/C

Slack:                    inf
  Source:                 rst
                            (input port)
  Destination:            mini_rv_u/Id/regFile/rf_reg[7][20]/CLR
                            (recovery check against rising-edge clock clk_out1_cpuclk_1  {rise@0.000ns fall@6.667ns period=13.333ns})
  Path Group:             (none)
  Path Type:              Recovery (Max at Slow Process Corner)
  Data Path Delay:        21.082ns  (logic 1.659ns (7.867%)  route 19.423ns (92.133%))
  Logic Levels:           3  (IBUF=1 LUT1=1 LUT2=1)
  Clock Path Skew:        -1.498ns (DCD - SCD + CPR)
    Destination Clock Delay (DCD):    -1.498ns = ( 5.169 - 6.667 ) 
    Source Clock Delay      (SCD):    0.000ns
    Clock Pessimism Removal (CPR):    0.000ns

    Location             Delay type                Incr(ns)  Path(ns)    Netlist Resource(s)
  -------------------------------------------------------------------    -------------------
    N16                                               0.000     0.000 r  rst (IN)
                         net (fo=0)                   0.000     0.000    rst
    N16                  IBUF (Prop_ibuf_I_O)         1.449     1.449 r  rst_IBUF_inst/O
                         net (fo=1, routed)           1.180     2.629    mini_rv_u/dcache/u_dcache/rst_IBUF
    SLICE_X113Y98        LUT2 (Prop_lut2_I1_O)        0.105     2.734 r  mini_rv_u/dcache/u_dcache/rd_index[3]_i_1/O
                         net (fo=112, routed)         3.855     6.589    mini_rv_u/If/branchPredictor/bht/rst_n
    SLICE_X72Y19         LUT1 (Prop_lut1_I0_O)        0.105     6.694 f  mini_rv_u/If/branchPredictor/bht/tag_table[0][6]_i_2/O
                         net (fo=4266, routed)       14.388    21.082    mini_rv_u/Id/regFile/rf_reg[1][31]_0
    SLICE_X64Y60         FDCE                                         f  mini_rv_u/Id/regFile/rf_reg[7][20]/CLR
  -------------------------------------------------------------------    -------------------

                         (clock clk_out1_cpuclk_1 fall edge)
                                                      6.667     6.667 f  
    U18                                               0.000     6.667 f  clk (IN)
                         net (fo=0)                   0.000     6.667    cpuClk/inst/clk_in1
    U18                  IBUF (Prop_ibuf_I_O)         1.363     8.030 f  cpuClk/inst/clkin1_ibufg/O
                         net (fo=1, routed)           1.019     9.049    cpuClk/inst/clk_in1_cpuclk
    PLLE2_ADV_X1Y1       PLLE2_ADV (Prop_plle2_adv_CLKIN1_CLKOUT0)
                                                     -6.696     2.353 f  cpuClk/inst/plle2_adv_inst/CLKOUT0
                         net (fo=1, routed)           1.451     3.805    cpuClk/inst/clk_out1_cpuclk
    BUFGCTRL_X0Y16       BUFG (Prop_bufg_I_O)         0.077     3.882 f  cpuClk/inst/clkout1_buf/O
                         net (fo=6943, routed)        1.287     5.169    mini_rv_u/Id/regFile/clk_out1
    SLICE_X64Y60         FDCE                                         r  mini_rv_u/Id/regFile/rf_reg[7][20]/C  (IS_INVERTED)

Slack:                    inf
  Source:                 rst
                            (input port)
  Destination:            mini_rv_u/Id/regFile/rf_reg[7][22]/CLR
                            (recovery check against rising-edge clock clk_out1_cpuclk_1  {rise@0.000ns fall@6.667ns period=13.333ns})
  Path Group:             (none)
  Path Type:              Recovery (Max at Slow Process Corner)
  Data Path Delay:        21.082ns  (logic 1.659ns (7.867%)  route 19.423ns (92.133%))
  Logic Levels:           3  (IBUF=1 LUT1=1 LUT2=1)
  Clock Path Skew:        -1.498ns (DCD - SCD + CPR)
    Destination Clock Delay (DCD):    -1.498ns = ( 5.169 - 6.667 ) 
    Source Clock Delay      (SCD):    0.000ns
    Clock Pessimism Removal (CPR):    0.000ns

    Location             Delay type                Incr(ns)  Path(ns)    Netlist Resource(s)
  -------------------------------------------------------------------    -------------------
    N16                                               0.000     0.000 r  rst (IN)
                         net (fo=0)                   0.000     0.000    rst
    N16                  IBUF (Prop_ibuf_I_O)         1.449     1.449 r  rst_IBUF_inst/O
                         net (fo=1, routed)           1.180     2.629    mini_rv_u/dcache/u_dcache/rst_IBUF
    SLICE_X113Y98        LUT2 (Prop_lut2_I1_O)        0.105     2.734 r  mini_rv_u/dcache/u_dcache/rd_index[3]_i_1/O
                         net (fo=112, routed)         3.855     6.589    mini_rv_u/If/branchPredictor/bht/rst_n
    SLICE_X72Y19         LUT1 (Prop_lut1_I0_O)        0.105     6.694 f  mini_rv_u/If/branchPredictor/bht/tag_table[0][6]_i_2/O
                         net (fo=4266, routed)       14.388    21.082    mini_rv_u/Id/regFile/rf_reg[1][31]_0
    SLICE_X64Y60         FDCE                                         f  mini_rv_u/Id/regFile/rf_reg[7][22]/CLR
  -------------------------------------------------------------------    -------------------

                         (clock clk_out1_cpuclk_1 fall edge)
                                                      6.667     6.667 f  
    U18                                               0.000     6.667 f  clk (IN)
                         net (fo=0)                   0.000     6.667    cpuClk/inst/clk_in1
    U18                  IBUF (Prop_ibuf_I_O)         1.363     8.030 f  cpuClk/inst/clkin1_ibufg/O
                         net (fo=1, routed)           1.019     9.049    cpuClk/inst/clk_in1_cpuclk
    PLLE2_ADV_X1Y1       PLLE2_ADV (Prop_plle2_adv_CLKIN1_CLKOUT0)
                                                     -6.696     2.353 f  cpuClk/inst/plle2_adv_inst/CLKOUT0
                         net (fo=1, routed)           1.451     3.805    cpuClk/inst/clk_out1_cpuclk
    BUFGCTRL_X0Y16       BUFG (Prop_bufg_I_O)         0.077     3.882 f  cpuClk/inst/clkout1_buf/O
                         net (fo=6943, routed)        1.287     5.169    mini_rv_u/Id/regFile/clk_out1
    SLICE_X64Y60         FDCE                                         r  mini_rv_u/Id/regFile/rf_reg[7][22]/C  (IS_INVERTED)

Slack:                    inf
  Source:                 rst
                            (input port)
  Destination:            mini_rv_u/Id/regFile/rf_reg[6][29]/CLR
                            (recovery check against rising-edge clock clk_out1_cpuclk_1  {rise@0.000ns fall@6.667ns period=13.333ns})
  Path Group:             (none)
  Path Type:              Recovery (Max at Slow Process Corner)
  Data Path Delay:        21.078ns  (logic 1.659ns (7.869%)  route 19.419ns (92.131%))
  Logic Levels:           3  (IBUF=1 LUT1=1 LUT2=1)
  Clock Path Skew:        -1.498ns (DCD - SCD + CPR)
    Destination Clock Delay (DCD):    -1.498ns = ( 5.169 - 6.667 ) 
    Source Clock Delay      (SCD):    0.000ns
    Clock Pessimism Removal (CPR):    0.000ns

    Location             Delay type                Incr(ns)  Path(ns)    Netlist Resource(s)
  -------------------------------------------------------------------    -------------------
    N16                                               0.000     0.000 r  rst (IN)
                         net (fo=0)                   0.000     0.000    rst
    N16                  IBUF (Prop_ibuf_I_O)         1.449     1.449 r  rst_IBUF_inst/O
                         net (fo=1, routed)           1.180     2.629    mini_rv_u/dcache/u_dcache/rst_IBUF
    SLICE_X113Y98        LUT2 (Prop_lut2_I1_O)        0.105     2.734 r  mini_rv_u/dcache/u_dcache/rd_index[3]_i_1/O
                         net (fo=112, routed)         3.855     6.589    mini_rv_u/If/branchPredictor/bht/rst_n
    SLICE_X72Y19         LUT1 (Prop_lut1_I0_O)        0.105     6.694 f  mini_rv_u/If/branchPredictor/bht/tag_table[0][6]_i_2/O
                         net (fo=4266, routed)       14.384    21.078    mini_rv_u/Id/regFile/rf_reg[1][31]_0
    SLICE_X65Y60         FDCE                                         f  mini_rv_u/Id/regFile/rf_reg[6][29]/CLR
  -------------------------------------------------------------------    -------------------

                         (clock clk_out1_cpuclk_1 fall edge)
                                                      6.667     6.667 f  
    U18                                               0.000     6.667 f  clk (IN)
                         net (fo=0)                   0.000     6.667    cpuClk/inst/clk_in1
    U18                  IBUF (Prop_ibuf_I_O)         1.363     8.030 f  cpuClk/inst/clkin1_ibufg/O
                         net (fo=1, routed)           1.019     9.049    cpuClk/inst/clk_in1_cpuclk
    PLLE2_ADV_X1Y1       PLLE2_ADV (Prop_plle2_adv_CLKIN1_CLKOUT0)
                                                     -6.696     2.353 f  cpuClk/inst/plle2_adv_inst/CLKOUT0
                         net (fo=1, routed)           1.451     3.805    cpuClk/inst/clk_out1_cpuclk
    BUFGCTRL_X0Y16       BUFG (Prop_bufg_I_O)         0.077     3.882 f  cpuClk/inst/clkout1_buf/O
                         net (fo=6943, routed)        1.287     5.169    mini_rv_u/Id/regFile/clk_out1
    SLICE_X65Y60         FDCE                                         r  mini_rv_u/Id/regFile/rf_reg[6][29]/C  (IS_INVERTED)

Slack:                    inf
  Source:                 rst
                            (input port)
  Destination:            mini_rv_u/Id/regFile/rf_reg[6][30]/CLR
                            (recovery check against rising-edge clock clk_out1_cpuclk_1  {rise@0.000ns fall@6.667ns period=13.333ns})
  Path Group:             (none)
  Path Type:              Recovery (Max at Slow Process Corner)
  Data Path Delay:        21.078ns  (logic 1.659ns (7.869%)  route 19.419ns (92.131%))
  Logic Levels:           3  (IBUF=1 LUT1=1 LUT2=1)
  Clock Path Skew:        -1.498ns (DCD - SCD + CPR)
    Destination Clock Delay (DCD):    -1.498ns = ( 5.169 - 6.667 ) 
    Source Clock Delay      (SCD):    0.000ns
    Clock Pessimism Removal (CPR):    0.000ns

    Location             Delay type                Incr(ns)  Path(ns)    Netlist Resource(s)
  -------------------------------------------------------------------    -------------------
    N16                                               0.000     0.000 r  rst (IN)
                         net (fo=0)                   0.000     0.000    rst
    N16                  IBUF (Prop_ibuf_I_O)         1.449     1.449 r  rst_IBUF_inst/O
                         net (fo=1, routed)           1.180     2.629    mini_rv_u/dcache/u_dcache/rst_IBUF
    SLICE_X113Y98        LUT2 (Prop_lut2_I1_O)        0.105     2.734 r  mini_rv_u/dcache/u_dcache/rd_index[3]_i_1/O
                         net (fo=112, routed)         3.855     6.589    mini_rv_u/If/branchPredictor/bht/rst_n
    SLICE_X72Y19         LUT1 (Prop_lut1_I0_O)        0.105     6.694 f  mini_rv_u/If/branchPredictor/bht/tag_table[0][6]_i_2/O
                         net (fo=4266, routed)       14.384    21.078    mini_rv_u/Id/regFile/rf_reg[1][31]_0
    SLICE_X65Y60         FDCE                                         f  mini_rv_u/Id/regFile/rf_reg[6][30]/CLR
  -------------------------------------------------------------------    -------------------

                         (clock clk_out1_cpuclk_1 fall edge)
                                                      6.667     6.667 f  
    U18                                               0.000     6.667 f  clk (IN)
                         net (fo=0)                   0.000     6.667    cpuClk/inst/clk_in1
    U18                  IBUF (Prop_ibuf_I_O)         1.363     8.030 f  cpuClk/inst/clkin1_ibufg/O
                         net (fo=1, routed)           1.019     9.049    cpuClk/inst/clk_in1_cpuclk
    PLLE2_ADV_X1Y1       PLLE2_ADV (Prop_plle2_adv_CLKIN1_CLKOUT0)
                                                     -6.696     2.353 f  cpuClk/inst/plle2_adv_inst/CLKOUT0
                         net (fo=1, routed)           1.451     3.805    cpuClk/inst/clk_out1_cpuclk
    BUFGCTRL_X0Y16       BUFG (Prop_bufg_I_O)         0.077     3.882 f  cpuClk/inst/clkout1_buf/O
                         net (fo=6943, routed)        1.287     5.169    mini_rv_u/Id/regFile/clk_out1
    SLICE_X65Y60         FDCE                                         r  mini_rv_u/Id/regFile/rf_reg[6][30]/C  (IS_INVERTED)

Slack:                    inf
  Source:                 rst
                            (input port)
  Destination:            mini_rv_u/Id/regFile/rf_reg[6][31]/CLR
                            (recovery check against rising-edge clock clk_out1_cpuclk_1  {rise@0.000ns fall@6.667ns period=13.333ns})
  Path Group:             (none)
  Path Type:              Recovery (Max at Slow Process Corner)
  Data Path Delay:        21.078ns  (logic 1.659ns (7.869%)  route 19.419ns (92.131%))
  Logic Levels:           3  (IBUF=1 LUT1=1 LUT2=1)
  Clock Path Skew:        -1.498ns (DCD - SCD + CPR)
    Destination Clock Delay (DCD):    -1.498ns = ( 5.169 - 6.667 ) 
    Source Clock Delay      (SCD):    0.000ns
    Clock Pessimism Removal (CPR):    0.000ns

    Location             Delay type                Incr(ns)  Path(ns)    Netlist Resource(s)
  -------------------------------------------------------------------    -------------------
    N16                                               0.000     0.000 r  rst (IN)
                         net (fo=0)                   0.000     0.000    rst
    N16                  IBUF (Prop_ibuf_I_O)         1.449     1.449 r  rst_IBUF_inst/O
                         net (fo=1, routed)           1.180     2.629    mini_rv_u/dcache/u_dcache/rst_IBUF
    SLICE_X113Y98        LUT2 (Prop_lut2_I1_O)        0.105     2.734 r  mini_rv_u/dcache/u_dcache/rd_index[3]_i_1/O
                         net (fo=112, routed)         3.855     6.589    mini_rv_u/If/branchPredictor/bht/rst_n
    SLICE_X72Y19         LUT1 (Prop_lut1_I0_O)        0.105     6.694 f  mini_rv_u/If/branchPredictor/bht/tag_table[0][6]_i_2/O
                         net (fo=4266, routed)       14.384    21.078    mini_rv_u/Id/regFile/rf_reg[1][31]_0
    SLICE_X65Y60         FDCE                                         f  mini_rv_u/Id/regFile/rf_reg[6][31]/CLR
  -------------------------------------------------------------------    -------------------

                         (clock clk_out1_cpuclk_1 fall edge)
                                                      6.667     6.667 f  
    U18                                               0.000     6.667 f  clk (IN)
                         net (fo=0)                   0.000     6.667    cpuClk/inst/clk_in1
    U18                  IBUF (Prop_ibuf_I_O)         1.363     8.030 f  cpuClk/inst/clkin1_ibufg/O
                         net (fo=1, routed)           1.019     9.049    cpuClk/inst/clk_in1_cpuclk
    PLLE2_ADV_X1Y1       PLLE2_ADV (Prop_plle2_adv_CLKIN1_CLKOUT0)
                                                     -6.696     2.353 f  cpuClk/inst/plle2_adv_inst/CLKOUT0
                         net (fo=1, routed)           1.451     3.805    cpuClk/inst/clk_out1_cpuclk
    BUFGCTRL_X0Y16       BUFG (Prop_bufg_I_O)         0.077     3.882 f  cpuClk/inst/clkout1_buf/O
                         net (fo=6943, routed)        1.287     5.169    mini_rv_u/Id/regFile/clk_out1
    SLICE_X65Y60         FDCE                                         r  mini_rv_u/Id/regFile/rf_reg[6][31]/C  (IS_INVERTED)

Slack:                    inf
  Source:                 rst
                            (input port)
  Destination:            mini_rv_u/Id/regFile/rf_reg[5][20]/CLR
                            (recovery check against rising-edge clock clk_out1_cpuclk_1  {rise@0.000ns fall@6.667ns period=13.333ns})
  Path Group:             (none)
  Path Type:              Recovery (Max at Slow Process Corner)
  Data Path Delay:        20.964ns  (logic 1.659ns (7.912%)  route 19.306ns (92.088%))
  Logic Levels:           3  (IBUF=1 LUT1=1 LUT2=1)
  Clock Path Skew:        -1.499ns (DCD - SCD + CPR)
    Destination Clock Delay (DCD):    -1.499ns = ( 5.168 - 6.667 ) 
    Source Clock Delay      (SCD):    0.000ns
    Clock Pessimism Removal (CPR):    0.000ns

    Location             Delay type                Incr(ns)  Path(ns)    Netlist Resource(s)
  -------------------------------------------------------------------    -------------------
    N16                                               0.000     0.000 r  rst (IN)
                         net (fo=0)                   0.000     0.000    rst
    N16                  IBUF (Prop_ibuf_I_O)         1.449     1.449 r  rst_IBUF_inst/O
                         net (fo=1, routed)           1.180     2.629    mini_rv_u/dcache/u_dcache/rst_IBUF
    SLICE_X113Y98        LUT2 (Prop_lut2_I1_O)        0.105     2.734 r  mini_rv_u/dcache/u_dcache/rd_index[3]_i_1/O
                         net (fo=112, routed)         3.855     6.589    mini_rv_u/If/branchPredictor/bht/rst_n
    SLICE_X72Y19         LUT1 (Prop_lut1_I0_O)        0.105     6.694 f  mini_rv_u/If/branchPredictor/bht/tag_table[0][6]_i_2/O
                         net (fo=4266, routed)       14.270    20.964    mini_rv_u/Id/regFile/rf_reg[1][31]_0
    SLICE_X64Y61         FDCE                                         f  mini_rv_u/Id/regFile/rf_reg[5][20]/CLR
  -------------------------------------------------------------------    -------------------

                         (clock clk_out1_cpuclk_1 fall edge)
                                                      6.667     6.667 f  
    U18                                               0.000     6.667 f  clk (IN)
                         net (fo=0)                   0.000     6.667    cpuClk/inst/clk_in1
    U18                  IBUF (Prop_ibuf_I_O)         1.363     8.030 f  cpuClk/inst/clkin1_ibufg/O
                         net (fo=1, routed)           1.019     9.049    cpuClk/inst/clk_in1_cpuclk
    PLLE2_ADV_X1Y1       PLLE2_ADV (Prop_plle2_adv_CLKIN1_CLKOUT0)
                                                     -6.696     2.353 f  cpuClk/inst/plle2_adv_inst/CLKOUT0
                         net (fo=1, routed)           1.451     3.805    cpuClk/inst/clk_out1_cpuclk
    BUFGCTRL_X0Y16       BUFG (Prop_bufg_I_O)         0.077     3.882 f  cpuClk/inst/clkout1_buf/O
                         net (fo=6943, routed)        1.286     5.168    mini_rv_u/Id/regFile/clk_out1
    SLICE_X64Y61         FDCE                                         r  mini_rv_u/Id/regFile/rf_reg[5][20]/C  (IS_INVERTED)

Slack:                    inf
  Source:                 rst
                            (input port)
  Destination:            mini_rv_u/Id/regFile/rf_reg[5][22]/CLR
                            (recovery check against rising-edge clock clk_out1_cpuclk_1  {rise@0.000ns fall@6.667ns period=13.333ns})
  Path Group:             (none)
  Path Type:              Recovery (Max at Slow Process Corner)
  Data Path Delay:        20.964ns  (logic 1.659ns (7.912%)  route 19.306ns (92.088%))
  Logic Levels:           3  (IBUF=1 LUT1=1 LUT2=1)
  Clock Path Skew:        -1.499ns (DCD - SCD + CPR)
    Destination Clock Delay (DCD):    -1.499ns = ( 5.168 - 6.667 ) 
    Source Clock Delay      (SCD):    0.000ns
    Clock Pessimism Removal (CPR):    0.000ns

    Location             Delay type                Incr(ns)  Path(ns)    Netlist Resource(s)
  -------------------------------------------------------------------    -------------------
    N16                                               0.000     0.000 r  rst (IN)
                         net (fo=0)                   0.000     0.000    rst
    N16                  IBUF (Prop_ibuf_I_O)         1.449     1.449 r  rst_IBUF_inst/O
                         net (fo=1, routed)           1.180     2.629    mini_rv_u/dcache/u_dcache/rst_IBUF
    SLICE_X113Y98        LUT2 (Prop_lut2_I1_O)        0.105     2.734 r  mini_rv_u/dcache/u_dcache/rd_index[3]_i_1/O
                         net (fo=112, routed)         3.855     6.589    mini_rv_u/If/branchPredictor/bht/rst_n
    SLICE_X72Y19         LUT1 (Prop_lut1_I0_O)        0.105     6.694 f  mini_rv_u/If/branchPredictor/bht/tag_table[0][6]_i_2/O
                         net (fo=4266, routed)       14.270    20.964    mini_rv_u/Id/regFile/rf_reg[1][31]_0
    SLICE_X64Y61         FDCE                                         f  mini_rv_u/Id/regFile/rf_reg[5][22]/CLR
  -------------------------------------------------------------------    -------------------

                         (clock clk_out1_cpuclk_1 fall edge)
                                                      6.667     6.667 f  
    U18                                               0.000     6.667 f  clk (IN)
                         net (fo=0)                   0.000     6.667    cpuClk/inst/clk_in1
    U18                  IBUF (Prop_ibuf_I_O)         1.363     8.030 f  cpuClk/inst/clkin1_ibufg/O
                         net (fo=1, routed)           1.019     9.049    cpuClk/inst/clk_in1_cpuclk
    PLLE2_ADV_X1Y1       PLLE2_ADV (Prop_plle2_adv_CLKIN1_CLKOUT0)
                                                     -6.696     2.353 f  cpuClk/inst/plle2_adv_inst/CLKOUT0
                         net (fo=1, routed)           1.451     3.805    cpuClk/inst/clk_out1_cpuclk
    BUFGCTRL_X0Y16       BUFG (Prop_bufg_I_O)         0.077     3.882 f  cpuClk/inst/clkout1_buf/O
                         net (fo=6943, routed)        1.286     5.168    mini_rv_u/Id/regFile/clk_out1
    SLICE_X64Y61         FDCE                                         r  mini_rv_u/Id/regFile/rf_reg[5][22]/C  (IS_INVERTED)





Min Delay Paths
--------------------------------------------------------------------------------------
Slack:                    inf
  Source:                 rst
                            (input port)
  Destination:            mini_rv_u/Ex/m_div/done_reg/D
                            (rising edge-triggered cell FDRE clocked by clk_out1_cpuclk_1  {rise@0.000ns fall@6.667ns period=13.333ns})
  Path Group:             (none)
  Path Type:              Hold (Min at Fast Process Corner)
  Data Path Delay:        2.567ns  (logic 0.375ns (14.611%)  route 2.192ns (85.389%))
  Logic Levels:           3  (IBUF=1 LUT2=2)
  Clock Path Skew:        -0.318ns (DCD - SCD - CPR)
    Destination Clock Delay (DCD):    -0.318ns
    Source Clock Delay      (SCD):    0.000ns
    Clock Pessimism Removal (CPR):    -0.000ns

    Location             Delay type                Incr(ns)  Path(ns)    Netlist Resource(s)
  -------------------------------------------------------------------    -------------------
    N16                                               0.000     0.000 r  rst (IN)
                         net (fo=0)                   0.000     0.000    rst
    N16                  IBUF (Prop_ibuf_I_O)         0.285     0.285 r  rst_IBUF_inst/O
                         net (fo=1, routed)           0.550     0.836    mini_rv_u/dcache/u_dcache/rst_IBUF
    SLICE_X113Y98        LUT2 (Prop_lut2_I1_O)        0.045     0.881 r  mini_rv_u/dcache/u_dcache/rd_index[3]_i_1/O
                         net (fo=112, routed)         1.642     2.522    mini_rv_u/Ex/m_div/rst_n
    SLICE_X62Y45         LUT2 (Prop_lut2_I1_O)        0.045     2.567 r  mini_rv_u/Ex/m_div/done_i_1/O
                         net (fo=1, routed)           0.000     2.567    mini_rv_u/Ex/m_div/done_i_1_n_0
    SLICE_X62Y45         FDRE                                         r  mini_rv_u/Ex/m_div/done_reg/D
  -------------------------------------------------------------------    -------------------

                         (clock clk_out1_cpuclk_1 rise edge)
                                                      0.000     0.000 r  
    U18                                               0.000     0.000 r  clk (IN)
                         net (fo=0)                   0.000     0.000    cpuClk/inst/clk_in1
    U18                  IBUF (Prop_ibuf_I_O)         0.454     0.454 r  cpuClk/inst/clkin1_ibufg/O
                         net (fo=1, routed)           0.481     0.935    cpuClk/inst/clk_in1_cpuclk
    PLLE2_ADV_X1Y1       PLLE2_ADV (Prop_plle2_adv_CLKIN1_CLKOUT0)
                                                     -2.727    -1.792 r  cpuClk/inst/plle2_adv_inst/CLKOUT0
                         net (fo=1, routed)           0.592    -1.200    cpuClk/inst/clk_out1_cpuclk
    BUFGCTRL_X0Y16       BUFG (Prop_bufg_I_O)         0.029    -1.171 r  cpuClk/inst/clkout1_buf/O
                         net (fo=6943, routed)        0.853    -0.318    mini_rv_u/Ex/m_div/clk_out1
    SLICE_X62Y45         FDRE                                         r  mini_rv_u/Ex/m_div/done_reg/C

Slack:                    inf
  Source:                 rst
                            (input port)
  Destination:            mini_rv_u/Ex/m_mul/acc_reg[10]/R
                            (rising edge-triggered cell FDRE clocked by clk_out1_cpuclk_1  {rise@0.000ns fall@6.667ns period=13.333ns})
  Path Group:             (none)
  Path Type:              Hold (Min at Fast Process Corner)
  Data Path Delay:        2.634ns  (logic 0.374ns (14.203%)  route 2.260ns (85.797%))
  Logic Levels:           3  (IBUF=1 LUT2=2)
  Clock Path Skew:        -0.322ns (DCD - SCD - CPR)
    Destination Clock Delay (DCD):    -0.322ns
    Source Clock Delay      (SCD):    0.000ns
    Clock Pessimism Removal (CPR):    -0.000ns

    Location             Delay type                Incr(ns)  Path(ns)    Netlist Resource(s)
  -------------------------------------------------------------------    -------------------
    N16                                               0.000     0.000 f  rst (IN)
                         net (fo=0)                   0.000     0.000    rst
    N16                  IBUF (Prop_ibuf_I_O)         0.285     0.285 f  rst_IBUF_inst/O
                         net (fo=1, routed)           0.550     0.836    mini_rv_u/dcache/u_dcache/rst_IBUF
    SLICE_X113Y98        LUT2 (Prop_lut2_I1_O)        0.045     0.881 f  mini_rv_u/dcache/u_dcache/rd_index[3]_i_1/O
                         net (fo=112, routed)         1.526     2.407    mini_rv_u/Ex/m_mul/rst_n
    SLICE_X63Y52         LUT2 (Prop_lut2_I1_O)        0.044     2.451 r  mini_rv_u/Ex/m_mul/cnt[3]_i_1__0/O
                         net (fo=36, routed)          0.183     2.634    mini_rv_u/Ex/m_mul/cnt[3]_i_1__0_n_0
    SLICE_X62Y51         FDRE                                         r  mini_rv_u/Ex/m_mul/acc_reg[10]/R
  -------------------------------------------------------------------    -------------------

                         (clock clk_out1_cpuclk_1 rise edge)
                                                      0.000     0.000 r  
    U18                                               0.000     0.000 r  clk (IN)
                         net (fo=0)                   0.000     0.000    cpuClk/inst/clk_in1
    U18                  IBUF (Prop_ibuf_I_O)         0.454     0.454 r  cpuClk/inst/clkin1_ibufg/O
                         net (fo=1, routed)           0.481     0.935    cpuClk/inst/clk_in1_cpuclk
    PLLE2_ADV_X1Y1       PLLE2_ADV (Prop_plle2_adv_CLKIN1_CLKOUT0)
                                                     -2.727    -1.792 r  cpuClk/inst/plle2_adv_inst/CLKOUT0
                         net (fo=1, routed)           0.592    -1.200    cpuClk/inst/clk_out1_cpuclk
    BUFGCTRL_X0Y16       BUFG (Prop_bufg_I_O)         0.029    -1.171 r  cpuClk/inst/clkout1_buf/O
                         net (fo=6943, routed)        0.849    -0.322    mini_rv_u/Ex/m_mul/clk_out1
    SLICE_X62Y51         FDRE                                         r  mini_rv_u/Ex/m_mul/acc_reg[10]/C

Slack:                    inf
  Source:                 rst
                            (input port)
  Destination:            mini_rv_u/Ex/m_mul/acc_reg[11]/R
                            (rising edge-triggered cell FDRE clocked by clk_out1_cpuclk_1  {rise@0.000ns fall@6.667ns period=13.333ns})
  Path Group:             (none)
  Path Type:              Hold (Min at Fast Process Corner)
  Data Path Delay:        2.634ns  (logic 0.374ns (14.203%)  route 2.260ns (85.797%))
  Logic Levels:           3  (IBUF=1 LUT2=2)
  Clock Path Skew:        -0.322ns (DCD - SCD - CPR)
    Destination Clock Delay (DCD):    -0.322ns
    Source Clock Delay      (SCD):    0.000ns
    Clock Pessimism Removal (CPR):    -0.000ns

    Location             Delay type                Incr(ns)  Path(ns)    Netlist Resource(s)
  -------------------------------------------------------------------    -------------------
    N16                                               0.000     0.000 f  rst (IN)
                         net (fo=0)                   0.000     0.000    rst
    N16                  IBUF (Prop_ibuf_I_O)         0.285     0.285 f  rst_IBUF_inst/O
                         net (fo=1, routed)           0.550     0.836    mini_rv_u/dcache/u_dcache/rst_IBUF
    SLICE_X113Y98        LUT2 (Prop_lut2_I1_O)        0.045     0.881 f  mini_rv_u/dcache/u_dcache/rd_index[3]_i_1/O
                         net (fo=112, routed)         1.526     2.407    mini_rv_u/Ex/m_mul/rst_n
    SLICE_X63Y52         LUT2 (Prop_lut2_I1_O)        0.044     2.451 r  mini_rv_u/Ex/m_mul/cnt[3]_i_1__0/O
                         net (fo=36, routed)          0.183     2.634    mini_rv_u/Ex/m_mul/cnt[3]_i_1__0_n_0
    SLICE_X62Y51         FDRE                                         r  mini_rv_u/Ex/m_mul/acc_reg[11]/R
  -------------------------------------------------------------------    -------------------

                         (clock clk_out1_cpuclk_1 rise edge)
                                                      0.000     0.000 r  
    U18                                               0.000     0.000 r  clk (IN)
                         net (fo=0)                   0.000     0.000    cpuClk/inst/clk_in1
    U18                  IBUF (Prop_ibuf_I_O)         0.454     0.454 r  cpuClk/inst/clkin1_ibufg/O
                         net (fo=1, routed)           0.481     0.935    cpuClk/inst/clk_in1_cpuclk
    PLLE2_ADV_X1Y1       PLLE2_ADV (Prop_plle2_adv_CLKIN1_CLKOUT0)
                                                     -2.727    -1.792 r  cpuClk/inst/plle2_adv_inst/CLKOUT0
                         net (fo=1, routed)           0.592    -1.200    cpuClk/inst/clk_out1_cpuclk
    BUFGCTRL_X0Y16       BUFG (Prop_bufg_I_O)         0.029    -1.171 r  cpuClk/inst/clkout1_buf/O
                         net (fo=6943, routed)        0.849    -0.322    mini_rv_u/Ex/m_mul/clk_out1
    SLICE_X62Y51         FDRE                                         r  mini_rv_u/Ex/m_mul/acc_reg[11]/C

Slack:                    inf
  Source:                 rst
                            (input port)
  Destination:            mini_rv_u/Ex/m_mul/acc_reg[12]/R
                            (rising edge-triggered cell FDRE clocked by clk_out1_cpuclk_1  {rise@0.000ns fall@6.667ns period=13.333ns})
  Path Group:             (none)
  Path Type:              Hold (Min at Fast Process Corner)
  Data Path Delay:        2.634ns  (logic 0.374ns (14.203%)  route 2.260ns (85.797%))
  Logic Levels:           3  (IBUF=1 LUT2=2)
  Clock Path Skew:        -0.322ns (DCD - SCD - CPR)
    Destination Clock Delay (DCD):    -0.322ns
    Source Clock Delay      (SCD):    0.000ns
    Clock Pessimism Removal (CPR):    -0.000ns

    Location             Delay type                Incr(ns)  Path(ns)    Netlist Resource(s)
  -------------------------------------------------------------------    -------------------
    N16                                               0.000     0.000 f  rst (IN)
                         net (fo=0)                   0.000     0.000    rst
    N16                  IBUF (Prop_ibuf_I_O)         0.285     0.285 f  rst_IBUF_inst/O
                         net (fo=1, routed)           0.550     0.836    mini_rv_u/dcache/u_dcache/rst_IBUF
    SLICE_X113Y98        LUT2 (Prop_lut2_I1_O)        0.045     0.881 f  mini_rv_u/dcache/u_dcache/rd_index[3]_i_1/O
                         net (fo=112, routed)         1.526     2.407    mini_rv_u/Ex/m_mul/rst_n
    SLICE_X63Y52         LUT2 (Prop_lut2_I1_O)        0.044     2.451 r  mini_rv_u/Ex/m_mul/cnt[3]_i_1__0/O
                         net (fo=36, routed)          0.183     2.634    mini_rv_u/Ex/m_mul/cnt[3]_i_1__0_n_0
    SLICE_X62Y51         FDRE                                         r  mini_rv_u/Ex/m_mul/acc_reg[12]/R
  -------------------------------------------------------------------    -------------------

                         (clock clk_out1_cpuclk_1 rise edge)
                                                      0.000     0.000 r  
    U18                                               0.000     0.000 r  clk (IN)
                         net (fo=0)                   0.000     0.000    cpuClk/inst/clk_in1
    U18                  IBUF (Prop_ibuf_I_O)         0.454     0.454 r  cpuClk/inst/clkin1_ibufg/O
                         net (fo=1, routed)           0.481     0.935    cpuClk/inst/clk_in1_cpuclk
    PLLE2_ADV_X1Y1       PLLE2_ADV (Prop_plle2_adv_CLKIN1_CLKOUT0)
                                                     -2.727    -1.792 r  cpuClk/inst/plle2_adv_inst/CLKOUT0
                         net (fo=1, routed)           0.592    -1.200    cpuClk/inst/clk_out1_cpuclk
    BUFGCTRL_X0Y16       BUFG (Prop_bufg_I_O)         0.029    -1.171 r  cpuClk/inst/clkout1_buf/O
                         net (fo=6943, routed)        0.849    -0.322    mini_rv_u/Ex/m_mul/clk_out1
    SLICE_X62Y51         FDRE                                         r  mini_rv_u/Ex/m_mul/acc_reg[12]/C

Slack:                    inf
  Source:                 rst
                            (input port)
  Destination:            mini_rv_u/Ex/m_mul/acc_reg[13]/R
                            (rising edge-triggered cell FDRE clocked by clk_out1_cpuclk_1  {rise@0.000ns fall@6.667ns period=13.333ns})
  Path Group:             (none)
  Path Type:              Hold (Min at Fast Process Corner)
  Data Path Delay:        2.634ns  (logic 0.374ns (14.203%)  route 2.260ns (85.797%))
  Logic Levels:           3  (IBUF=1 LUT2=2)
  Clock Path Skew:        -0.322ns (DCD - SCD - CPR)
    Destination Clock Delay (DCD):    -0.322ns
    Source Clock Delay      (SCD):    0.000ns
    Clock Pessimism Removal (CPR):    -0.000ns

    Location             Delay type                Incr(ns)  Path(ns)    Netlist Resource(s)
  -------------------------------------------------------------------    -------------------
    N16                                               0.000     0.000 f  rst (IN)
                         net (fo=0)                   0.000     0.000    rst
    N16                  IBUF (Prop_ibuf_I_O)         0.285     0.285 f  rst_IBUF_inst/O
                         net (fo=1, routed)           0.550     0.836    mini_rv_u/dcache/u_dcache/rst_IBUF
    SLICE_X113Y98        LUT2 (Prop_lut2_I1_O)        0.045     0.881 f  mini_rv_u/dcache/u_dcache/rd_index[3]_i_1/O
                         net (fo=112, routed)         1.526     2.407    mini_rv_u/Ex/m_mul/rst_n
    SLICE_X63Y52         LUT2 (Prop_lut2_I1_O)        0.044     2.451 r  mini_rv_u/Ex/m_mul/cnt[3]_i_1__0/O
                         net (fo=36, routed)          0.183     2.634    mini_rv_u/Ex/m_mul/cnt[3]_i_1__0_n_0
    SLICE_X62Y51         FDRE                                         r  mini_rv_u/Ex/m_mul/acc_reg[13]/R
  -------------------------------------------------------------------    -------------------

                         (clock clk_out1_cpuclk_1 rise edge)
                                                      0.000     0.000 r  
    U18                                               0.000     0.000 r  clk (IN)
                         net (fo=0)                   0.000     0.000    cpuClk/inst/clk_in1
    U18                  IBUF (Prop_ibuf_I_O)         0.454     0.454 r  cpuClk/inst/clkin1_ibufg/O
                         net (fo=1, routed)           0.481     0.935    cpuClk/inst/clk_in1_cpuclk
    PLLE2_ADV_X1Y1       PLLE2_ADV (Prop_plle2_adv_CLKIN1_CLKOUT0)
                                                     -2.727    -1.792 r  cpuClk/inst/plle2_adv_inst/CLKOUT0
                         net (fo=1, routed)           0.592    -1.200    cpuClk/inst/clk_out1_cpuclk
    BUFGCTRL_X0Y16       BUFG (Prop_bufg_I_O)         0.029    -1.171 r  cpuClk/inst/clkout1_buf/O
                         net (fo=6943, routed)        0.849    -0.322    mini_rv_u/Ex/m_mul/clk_out1
    SLICE_X62Y51         FDRE                                         r  mini_rv_u/Ex/m_mul/acc_reg[13]/C

Slack:                    inf
  Source:                 rst
                            (input port)
  Destination:            mini_rv_u/Ex/m_mul/acc_reg[15]/R
                            (rising edge-triggered cell FDRE clocked by clk_out1_cpuclk_1  {rise@0.000ns fall@6.667ns period=13.333ns})
  Path Group:             (none)
  Path Type:              Hold (Min at Fast Process Corner)
  Data Path Delay:        2.637ns  (logic 0.374ns (14.184%)  route 2.263ns (85.816%))
  Logic Levels:           3  (IBUF=1 LUT2=2)
  Clock Path Skew:        -0.322ns (DCD - SCD - CPR)
    Destination Clock Delay (DCD):    -0.322ns
    Source Clock Delay      (SCD):    0.000ns
    Clock Pessimism Removal (CPR):    -0.000ns

    Location             Delay type                Incr(ns)  Path(ns)    Netlist Resource(s)
  -------------------------------------------------------------------    -------------------
    N16                                               0.000     0.000 f  rst (IN)
                         net (fo=0)                   0.000     0.000    rst
    N16                  IBUF (Prop_ibuf_I_O)         0.285     0.285 f  rst_IBUF_inst/O
                         net (fo=1, routed)           0.550     0.836    mini_rv_u/dcache/u_dcache/rst_IBUF
    SLICE_X113Y98        LUT2 (Prop_lut2_I1_O)        0.045     0.881 f  mini_rv_u/dcache/u_dcache/rd_index[3]_i_1/O
                         net (fo=112, routed)         1.526     2.407    mini_rv_u/Ex/m_mul/rst_n
    SLICE_X63Y52         LUT2 (Prop_lut2_I1_O)        0.044     2.451 r  mini_rv_u/Ex/m_mul/cnt[3]_i_1__0/O
                         net (fo=36, routed)          0.187     2.637    mini_rv_u/Ex/m_mul/cnt[3]_i_1__0_n_0
    SLICE_X62Y52         FDRE                                         r  mini_rv_u/Ex/m_mul/acc_reg[15]/R
  -------------------------------------------------------------------    -------------------

                         (clock clk_out1_cpuclk_1 rise edge)
                                                      0.000     0.000 r  
    U18                                               0.000     0.000 r  clk (IN)
                         net (fo=0)                   0.000     0.000    cpuClk/inst/clk_in1
    U18                  IBUF (Prop_ibuf_I_O)         0.454     0.454 r  cpuClk/inst/clkin1_ibufg/O
                         net (fo=1, routed)           0.481     0.935    cpuClk/inst/clk_in1_cpuclk
    PLLE2_ADV_X1Y1       PLLE2_ADV (Prop_plle2_adv_CLKIN1_CLKOUT0)
                                                     -2.727    -1.792 r  cpuClk/inst/plle2_adv_inst/CLKOUT0
                         net (fo=1, routed)           0.592    -1.200    cpuClk/inst/clk_out1_cpuclk
    BUFGCTRL_X0Y16       BUFG (Prop_bufg_I_O)         0.029    -1.171 r  cpuClk/inst/clkout1_buf/O
                         net (fo=6943, routed)        0.849    -0.322    mini_rv_u/Ex/m_mul/clk_out1
    SLICE_X62Y52         FDRE                                         r  mini_rv_u/Ex/m_mul/acc_reg[15]/C

Slack:                    inf
  Source:                 rst
                            (input port)
  Destination:            mini_rv_u/Ex/m_mul/acc_reg[17]/R
                            (rising edge-triggered cell FDRE clocked by clk_out1_cpuclk_1  {rise@0.000ns fall@6.667ns period=13.333ns})
  Path Group:             (none)
  Path Type:              Hold (Min at Fast Process Corner)
  Data Path Delay:        2.637ns  (logic 0.374ns (14.184%)  route 2.263ns (85.816%))
  Logic Levels:           3  (IBUF=1 LUT2=2)
  Clock Path Skew:        -0.322ns (DCD - SCD - CPR)
    Destination Clock Delay (DCD):    -0.322ns
    Source Clock Delay      (SCD):    0.000ns
    Clock Pessimism Removal (CPR):    -0.000ns

    Location             Delay type                Incr(ns)  Path(ns)    Netlist Resource(s)
  -------------------------------------------------------------------    -------------------
    N16                                               0.000     0.000 f  rst (IN)
                         net (fo=0)                   0.000     0.000    rst
    N16                  IBUF (Prop_ibuf_I_O)         0.285     0.285 f  rst_IBUF_inst/O
                         net (fo=1, routed)           0.550     0.836    mini_rv_u/dcache/u_dcache/rst_IBUF
    SLICE_X113Y98        LUT2 (Prop_lut2_I1_O)        0.045     0.881 f  mini_rv_u/dcache/u_dcache/rd_index[3]_i_1/O
                         net (fo=112, routed)         1.526     2.407    mini_rv_u/Ex/m_mul/rst_n
    SLICE_X63Y52         LUT2 (Prop_lut2_I1_O)        0.044     2.451 r  mini_rv_u/Ex/m_mul/cnt[3]_i_1__0/O
                         net (fo=36, routed)          0.187     2.637    mini_rv_u/Ex/m_mul/cnt[3]_i_1__0_n_0
    SLICE_X62Y52         FDRE                                         r  mini_rv_u/Ex/m_mul/acc_reg[17]/R
  -------------------------------------------------------------------    -------------------

                         (clock clk_out1_cpuclk_1 rise edge)
                                                      0.000     0.000 r  
    U18                                               0.000     0.000 r  clk (IN)
                         net (fo=0)                   0.000     0.000    cpuClk/inst/clk_in1
    U18                  IBUF (Prop_ibuf_I_O)         0.454     0.454 r  cpuClk/inst/clkin1_ibufg/O
                         net (fo=1, routed)           0.481     0.935    cpuClk/inst/clk_in1_cpuclk
    PLLE2_ADV_X1Y1       PLLE2_ADV (Prop_plle2_adv_CLKIN1_CLKOUT0)
                                                     -2.727    -1.792 r  cpuClk/inst/plle2_adv_inst/CLKOUT0
                         net (fo=1, routed)           0.592    -1.200    cpuClk/inst/clk_out1_cpuclk
    BUFGCTRL_X0Y16       BUFG (Prop_bufg_I_O)         0.029    -1.171 r  cpuClk/inst/clkout1_buf/O
                         net (fo=6943, routed)        0.849    -0.322    mini_rv_u/Ex/m_mul/clk_out1
    SLICE_X62Y52         FDRE                                         r  mini_rv_u/Ex/m_mul/acc_reg[17]/C

Slack:                    inf
  Source:                 rst
                            (input port)
  Destination:            mini_rv_u/Ex/m_mul/acc_reg[19]/R
                            (rising edge-triggered cell FDRE clocked by clk_out1_cpuclk_1  {rise@0.000ns fall@6.667ns period=13.333ns})
  Path Group:             (none)
  Path Type:              Hold (Min at Fast Process Corner)
  Data Path Delay:        2.637ns  (logic 0.374ns (14.184%)  route 2.263ns (85.816%))
  Logic Levels:           3  (IBUF=1 LUT2=2)
  Clock Path Skew:        -0.322ns (DCD - SCD - CPR)
    Destination Clock Delay (DCD):    -0.322ns
    Source Clock Delay      (SCD):    0.000ns
    Clock Pessimism Removal (CPR):    -0.000ns

    Location             Delay type                Incr(ns)  Path(ns)    Netlist Resource(s)
  -------------------------------------------------------------------    -------------------
    N16                                               0.000     0.000 f  rst (IN)
                         net (fo=0)                   0.000     0.000    rst
    N16                  IBUF (Prop_ibuf_I_O)         0.285     0.285 f  rst_IBUF_inst/O
                         net (fo=1, routed)           0.550     0.836    mini_rv_u/dcache/u_dcache/rst_IBUF
    SLICE_X113Y98        LUT2 (Prop_lut2_I1_O)        0.045     0.881 f  mini_rv_u/dcache/u_dcache/rd_index[3]_i_1/O
                         net (fo=112, routed)         1.526     2.407    mini_rv_u/Ex/m_mul/rst_n
    SLICE_X63Y52         LUT2 (Prop_lut2_I1_O)        0.044     2.451 r  mini_rv_u/Ex/m_mul/cnt[3]_i_1__0/O
                         net (fo=36, routed)          0.187     2.637    mini_rv_u/Ex/m_mul/cnt[3]_i_1__0_n_0
    SLICE_X62Y52         FDRE                                         r  mini_rv_u/Ex/m_mul/acc_reg[19]/R
  -------------------------------------------------------------------    -------------------

                         (clock clk_out1_cpuclk_1 rise edge)
                                                      0.000     0.000 r  
    U18                                               0.000     0.000 r  clk (IN)
                         net (fo=0)                   0.000     0.000    cpuClk/inst/clk_in1
    U18                  IBUF (Prop_ibuf_I_O)         0.454     0.454 r  cpuClk/inst/clkin1_ibufg/O
                         net (fo=1, routed)           0.481     0.935    cpuClk/inst/clk_in1_cpuclk
    PLLE2_ADV_X1Y1       PLLE2_ADV (Prop_plle2_adv_CLKIN1_CLKOUT0)
                                                     -2.727    -1.792 r  cpuClk/inst/plle2_adv_inst/CLKOUT0
                         net (fo=1, routed)           0.592    -1.200    cpuClk/inst/clk_out1_cpuclk
    BUFGCTRL_X0Y16       BUFG (Prop_bufg_I_O)         0.029    -1.171 r  cpuClk/inst/clkout1_buf/O
                         net (fo=6943, routed)        0.849    -0.322    mini_rv_u/Ex/m_mul/clk_out1
    SLICE_X62Y52         FDRE                                         r  mini_rv_u/Ex/m_mul/acc_reg[19]/C

Slack:                    inf
  Source:                 rst
                            (input port)
  Destination:            mini_rv_u/Ex/m_mul/acc_reg[20]/R
                            (rising edge-triggered cell FDRE clocked by clk_out1_cpuclk_1  {rise@0.000ns fall@6.667ns period=13.333ns})
  Path Group:             (none)
  Path Type:              Hold (Min at Fast Process Corner)
  Data Path Delay:        2.637ns  (logic 0.374ns (14.184%)  route 2.263ns (85.816%))
  Logic Levels:           3  (IBUF=1 LUT2=2)
  Clock Path Skew:        -0.322ns (DCD - SCD - CPR)
    Destination Clock Delay (DCD):    -0.322ns
    Source Clock Delay      (SCD):    0.000ns
    Clock Pessimism Removal (CPR):    -0.000ns

    Location             Delay type                Incr(ns)  Path(ns)    Netlist Resource(s)
  -------------------------------------------------------------------    -------------------
    N16                                               0.000     0.000 f  rst (IN)
                         net (fo=0)                   0.000     0.000    rst
    N16                  IBUF (Prop_ibuf_I_O)         0.285     0.285 f  rst_IBUF_inst/O
                         net (fo=1, routed)           0.550     0.836    mini_rv_u/dcache/u_dcache/rst_IBUF
    SLICE_X113Y98        LUT2 (Prop_lut2_I1_O)        0.045     0.881 f  mini_rv_u/dcache/u_dcache/rd_index[3]_i_1/O
                         net (fo=112, routed)         1.526     2.407    mini_rv_u/Ex/m_mul/rst_n
    SLICE_X63Y52         LUT2 (Prop_lut2_I1_O)        0.044     2.451 r  mini_rv_u/Ex/m_mul/cnt[3]_i_1__0/O
                         net (fo=36, routed)          0.187     2.637    mini_rv_u/Ex/m_mul/cnt[3]_i_1__0_n_0
    SLICE_X62Y52         FDRE                                         r  mini_rv_u/Ex/m_mul/acc_reg[20]/R
  -------------------------------------------------------------------    -------------------

                         (clock clk_out1_cpuclk_1 rise edge)
                                                      0.000     0.000 r  
    U18                                               0.000     0.000 r  clk (IN)
                         net (fo=0)                   0.000     0.000    cpuClk/inst/clk_in1
    U18                  IBUF (Prop_ibuf_I_O)         0.454     0.454 r  cpuClk/inst/clkin1_ibufg/O
                         net (fo=1, routed)           0.481     0.935    cpuClk/inst/clk_in1_cpuclk
    PLLE2_ADV_X1Y1       PLLE2_ADV (Prop_plle2_adv_CLKIN1_CLKOUT0)
                                                     -2.727    -1.792 r  cpuClk/inst/plle2_adv_inst/CLKOUT0
                         net (fo=1, routed)           0.592    -1.200    cpuClk/inst/clk_out1_cpuclk
    BUFGCTRL_X0Y16       BUFG (Prop_bufg_I_O)         0.029    -1.171 r  cpuClk/inst/clkout1_buf/O
                         net (fo=6943, routed)        0.849    -0.322    mini_rv_u/Ex/m_mul/clk_out1
    SLICE_X62Y52         FDRE                                         r  mini_rv_u/Ex/m_mul/acc_reg[20]/C

Slack:                    inf
  Source:                 rst
                            (input port)
  Destination:            mini_rv_u/Ex/m_mul/cnt_reg[0]/R
                            (rising edge-triggered cell FDRE clocked by clk_out1_cpuclk_1  {rise@0.000ns fall@6.667ns period=13.333ns})
  Path Group:             (none)
  Path Type:              Hold (Min at Fast Process Corner)
  Data Path Delay:        2.681ns  (logic 0.374ns (13.953%)  route 2.307ns (86.047%))
  Logic Levels:           3  (IBUF=1 LUT2=2)
  Clock Path Skew:        -0.324ns (DCD - SCD - CPR)
    Destination Clock Delay (DCD):    -0.324ns
    Source Clock Delay      (SCD):    0.000ns
    Clock Pessimism Removal (CPR):    -0.000ns

    Location             Delay type                Incr(ns)  Path(ns)    Netlist Resource(s)
  -------------------------------------------------------------------    -------------------
    N16                                               0.000     0.000 f  rst (IN)
                         net (fo=0)                   0.000     0.000    rst
    N16                  IBUF (Prop_ibuf_I_O)         0.285     0.285 f  rst_IBUF_inst/O
                         net (fo=1, routed)           0.550     0.836    mini_rv_u/dcache/u_dcache/rst_IBUF
    SLICE_X113Y98        LUT2 (Prop_lut2_I1_O)        0.045     0.881 f  mini_rv_u/dcache/u_dcache/rd_index[3]_i_1/O
                         net (fo=112, routed)         1.526     2.407    mini_rv_u/Ex/m_mul/rst_n
    SLICE_X63Y52         LUT2 (Prop_lut2_I1_O)        0.044     2.451 r  mini_rv_u/Ex/m_mul/cnt[3]_i_1__0/O
                         net (fo=36, routed)          0.230     2.681    mini_rv_u/Ex/m_mul/cnt[3]_i_1__0_n_0
    SLICE_X59Y53         FDRE                                         r  mini_rv_u/Ex/m_mul/cnt_reg[0]/R
  -------------------------------------------------------------------    -------------------

                         (clock clk_out1_cpuclk_1 rise edge)
                                                      0.000     0.000 r  
    U18                                               0.000     0.000 r  clk (IN)
                         net (fo=0)                   0.000     0.000    cpuClk/inst/clk_in1
    U18                  IBUF (Prop_ibuf_I_O)         0.454     0.454 r  cpuClk/inst/clkin1_ibufg/O
                         net (fo=1, routed)           0.481     0.935    cpuClk/inst/clk_in1_cpuclk
    PLLE2_ADV_X1Y1       PLLE2_ADV (Prop_plle2_adv_CLKIN1_CLKOUT0)
                                                     -2.727    -1.792 r  cpuClk/inst/plle2_adv_inst/CLKOUT0
                         net (fo=1, routed)           0.592    -1.200    cpuClk/inst/clk_out1_cpuclk
    BUFGCTRL_X0Y16       BUFG (Prop_bufg_I_O)         0.029    -1.171 r  cpuClk/inst/clkout1_buf/O
                         net (fo=6943, routed)        0.847    -0.324    mini_rv_u/Ex/m_mul/clk_out1
    SLICE_X59Y53         FDRE                                         r  mini_rv_u/Ex/m_mul/cnt_reg[0]/C





