Copyright 1986-2021 Xilinx, Inc. All Rights Reserved.
------------------------------------------------------------------------------------------------------------------------------------------------------------------------------------------------------
| Tool Version : Vivado v.2021.2 (win64) Build 3367213 Tue Oct 19 02:48:09 MDT 2021
| Date         : Sat May  2 21:47:00 2026
| Host         : WDDdLaptop running 64-bit major release  (build 9200)
| Command      : report_timing_summary -max_paths 10 -report_unconstrained -file top_timing_summary_routed.rpt -pb top_timing_summary_routed.pb -rpx top_timing_summary_routed.rpx -warn_on_violation
| Design       : top
| Device       : 7z020-clg400
| Speed File   : -2  PRODUCTION 1.12 2019-11-22
------------------------------------------------------------------------------------------------------------------------------------------------------------------------------------------------------

Timing Summary Report

------------------------------------------------------------------------------------------------
| Timer Settings
| --------------
------------------------------------------------------------------------------------------------

  Enable Multi Corner Analysis               :  Yes
  Enable Pessimism Removal                   :  Yes
  Pessimism Removal Resolution               :  Nearest Common Node
  Enable Input Delay Default Clock           :  No
  Enable Preset / Clear Arcs                 :  No
  Disable Flight Delays                      :  No
  Ignore I/O Paths                           :  No
  Timing Early Launch at Borrowing Latches   :  No
  Borrow Time for Max Delay Exceptions       :  Yes
  Merge Timing Exceptions                    :  Yes

  Corner  Analyze    Analyze    
  Name    Max Paths  Min Paths  
  ------  ---------  ---------  
  Slow    Yes        Yes        
  Fast    Yes        Yes        


------------------------------------------------------------------------------------------------
| Report Methodology
| ------------------
------------------------------------------------------------------------------------------------

Rule     Severity  Description                                             Violations  
-------  --------  ------------------------------------------------------  ----------  
LUTAR-1  Warning   LUT drives async reset alert                            1           
XDCC-7   Warning   Scoped Clock constraint overwritten on the same source  1           

Note: This report is based on the most recent report_methodology run and may not be up-to-date. Run report_methodology on the current design for the latest report.



check_timing report

Table of Contents
-----------------
1. checking no_clock (0)
2. checking constant_clock (0)
3. checking pulse_width_clock (0)
4. checking unconstrained_internal_endpoints (0)
5. checking no_input_delay (1)
6. checking no_output_delay (1)
7. checking multiple_clock (0)
8. checking generated_clocks (0)
9. checking loops (0)
10. checking partial_input_delay (0)
11. checking partial_output_delay (0)
12. checking latch_loops (0)

1. checking no_clock (0)
------------------------
 There are 0 register/latch pins with no clock.


2. checking constant_clock (0)
------------------------------
 There are 0 register/latch pins with constant_clock.


3. checking pulse_width_clock (0)
---------------------------------
 There are 0 register/latch pins which need pulse_width check


4. checking unconstrained_internal_endpoints (0)
------------------------------------------------
 There are 0 pins that are not constrained for maximum delay.

 There are 0 pins that are not constrained for maximum delay due to constant clock.


5. checking no_input_delay (1)
------------------------------
 There is 1 input port with no input delay specified. (HIGH)

 There are 0 input ports with no input delay but user has a false path constraint.


6. checking no_output_delay (1)
-------------------------------
 There is 1 port with no output delay specified. (HIGH)

 There are 0 ports with no output delay but user has a false path constraint

 There are 0 ports with no output delay but with a timing clock defined on it or propagating through it


7. checking multiple_clock (0)
------------------------------
 There are 0 register/latch pins with multiple clocks.


8. checking generated_clocks (0)
--------------------------------
 There are 0 generated clocks that are not connected to a clock source.


9. checking loops (0)
---------------------
 There are 0 combinational loops in the design.


10. checking partial_input_delay (0)
------------------------------------
 There are 0 input ports with partial input delay specified.


11. checking partial_output_delay (0)
-------------------------------------
 There are 0 ports with partial output delay specified.


12. checking latch_loops (0)
----------------------------
 There are 0 combinational latch loops in the design through latch input



------------------------------------------------------------------------------------------------
| Design Timing Summary
| ---------------------
------------------------------------------------------------------------------------------------

    WNS(ns)      TNS(ns)  TNS Failing Endpoints  TNS Total Endpoints      WHS(ns)      THS(ns)  THS Failing Endpoints  THS Total Endpoints     WPWS(ns)     TPWS(ns)  TPWS Failing Endpoints  TPWS Total Endpoints  
    -------      -------  ---------------------  -------------------      -------      -------  ---------------------  -------------------     --------     --------  ----------------------  --------------------  
      0.559        0.000                      0                15823        0.086        0.000                      0                15823        6.167        0.000                       0                  7906  


All user specified timing constraints are met.


------------------------------------------------------------------------------------------------
| Clock Summary
| -------------
------------------------------------------------------------------------------------------------

Clock                Waveform(ns)       Period(ns)      Frequency(MHz)
-----                ------------       ----------      --------------
sys_clk_pin          {0.000 10.000}     20.000          50.000          
  clk_out1_cpuclk_1  {0.000 6.667}      13.333          75.000          
  clkfbout_cpuclk_1  {0.000 20.000}     40.000          25.000          


------------------------------------------------------------------------------------------------
| Intra Clock Table
| -----------------
------------------------------------------------------------------------------------------------

Clock                    WNS(ns)      TNS(ns)  TNS Failing Endpoints  TNS Total Endpoints      WHS(ns)      THS(ns)  THS Failing Endpoints  THS Total Endpoints     WPWS(ns)     TPWS(ns)  TPWS Failing Endpoints  TPWS Total Endpoints  
-----                    -------      -------  ---------------------  -------------------      -------      -------  ---------------------  -------------------     --------     --------  ----------------------  --------------------  
sys_clk_pin                                                                                                                                                            7.000        0.000                       0                     1  
  clk_out1_cpuclk_1        0.559        0.000                      0                15823        0.086        0.000                      0                15823        6.167        0.000                       0                  7902  
  clkfbout_cpuclk_1                                                                                                                                                   12.633        0.000                       0                     3  


------------------------------------------------------------------------------------------------
| Inter Clock Table
| -----------------
------------------------------------------------------------------------------------------------

From Clock    To Clock          WNS(ns)      TNS(ns)  TNS Failing Endpoints  TNS Total Endpoints      WHS(ns)      THS(ns)  THS Failing Endpoints  THS Total Endpoints  
----------    --------          -------      -------  ---------------------  -------------------      -------      -------  ---------------------  -------------------  


------------------------------------------------------------------------------------------------
| Other Path Groups Table
| -----------------------
------------------------------------------------------------------------------------------------

Path Group    From Clock    To Clock          WNS(ns)      TNS(ns)  TNS Failing Endpoints  TNS Total Endpoints      WHS(ns)      THS(ns)  THS Failing Endpoints  THS Total Endpoints  
----------    ----------    --------          -------      -------  ---------------------  -------------------      -------      -------  ---------------------  -------------------  


------------------------------------------------------------------------------------------------
| User Ignored Path Table
| -----------------------
------------------------------------------------------------------------------------------------

Path Group    From Clock    To Clock    
----------    ----------    --------    


------------------------------------------------------------------------------------------------
| Unconstrained Path Table
| ------------------------
------------------------------------------------------------------------------------------------

Path Group         From Clock         To Clock         
----------         ----------         --------         
(none)             clk_out1_cpuclk_1                     
(none)             clkfbout_cpuclk_1                     
(none)                                clk_out1_cpuclk_1  


------------------------------------------------------------------------------------------------
| Timing Details
| --------------
------------------------------------------------------------------------------------------------


---------------------------------------------------------------------------------------------------
From Clock:  sys_clk_pin
  To Clock:  sys_clk_pin

Setup :           NA  Failing Endpoints,  Worst Slack           NA  ,  Total Violation           NA
Hold  :           NA  Failing Endpoints,  Worst Slack           NA  ,  Total Violation           NA
PW    :            0  Failing Endpoints,  Worst Slack        7.000ns,  Total Violation        0.000ns
---------------------------------------------------------------------------------------------------


Pulse Width Checks
--------------------------------------------------------------------------------------
Clock Name:         sys_clk_pin
Waveform(ns):       { 0.000 10.000 }
Period(ns):         20.000
Sources:            { clk }

Check Type        Corner  Lib Pin           Reference Pin  Required(ns)  Actual(ns)  Slack(ns)  Location        Pin
Min Period        n/a     PLLE2_ADV/CLKIN1  n/a            1.249         20.000      18.751     PLLE2_ADV_X1Y1  cpuClk/inst/plle2_adv_inst/CLKIN1
Max Period        n/a     PLLE2_ADV/CLKIN1  n/a            52.633        20.000      32.633     PLLE2_ADV_X1Y1  cpuClk/inst/plle2_adv_inst/CLKIN1
Low Pulse Width   Slow    PLLE2_ADV/CLKIN1  n/a            3.000         10.000      7.000      PLLE2_ADV_X1Y1  cpuClk/inst/plle2_adv_inst/CLKIN1
Low Pulse Width   Fast    PLLE2_ADV/CLKIN1  n/a            3.000         10.000      7.000      PLLE2_ADV_X1Y1  cpuClk/inst/plle2_adv_inst/CLKIN1
High Pulse Width  Slow    PLLE2_ADV/CLKIN1  n/a            3.000         10.000      7.000      PLLE2_ADV_X1Y1  cpuClk/inst/plle2_adv_inst/CLKIN1
High Pulse Width  Fast    PLLE2_ADV/CLKIN1  n/a            3.000         10.000      7.000      PLLE2_ADV_X1Y1  cpuClk/inst/plle2_adv_inst/CLKIN1



---------------------------------------------------------------------------------------------------
From Clock:  clk_out1_cpuclk_1
  To Clock:  clk_out1_cpuclk_1

Setup :            0  Failing Endpoints,  Worst Slack        0.559ns,  Total Violation        0.000ns
Hold  :            0  Failing Endpoints,  Worst Slack        0.086ns,  Total Violation        0.000ns
PW    :            0  Failing Endpoints,  Worst Slack        6.167ns,  Total Violation        0.000ns
---------------------------------------------------------------------------------------------------


Max Delay Paths
--------------------------------------------------------------------------------------
Slack (MET) :             0.559ns  (required time - arrival time)
  Source:                 mini_rv_u/id_ex/Rs2_o_reg[4]/C
                            (rising edge-triggered cell FDCE clocked by clk_out1_cpuclk_1  {rise@0.000ns fall@6.667ns period=13.333ns})
  Destination:            mini_rv_u/If/IF_npc/branchPredictor/bht/PCtable_reg[86][14]/CE
                            (rising edge-triggered cell FDRE clocked by clk_out1_cpuclk_1  {rise@0.000ns fall@6.667ns period=13.333ns})
  Path Group:             clk_out1_cpuclk_1
  Path Type:              Setup (Max at Slow Process Corner)
  Requirement:            13.333ns  (clk_out1_cpuclk_1 rise@13.333ns - clk_out1_cpuclk_1 rise@0.000ns)
  Data Path Delay:        12.083ns  (logic 3.012ns (24.927%)  route 9.071ns (75.073%))
  Logic Levels:           14  (CARRY4=3 LUT2=1 LUT3=1 LUT4=2 LUT5=2 LUT6=5)
  Clock Path Skew:        -0.217ns (DCD - SCD + CPR)
    Destination Clock Delay (DCD):    -1.551ns = ( 11.782 - 13.333 ) 
    Source Clock Delay      (SCD):    -1.884ns
    Clock Pessimism Removal (CPR):    -0.549ns
  Clock Uncertainty:      0.136ns  ((TSJ^2 + DJ^2)^1/2) / 2 + PE
    Total System Jitter     (TSJ):    0.071ns
    Discrete Jitter          (DJ):    0.263ns
    Phase Error              (PE):    0.000ns

    Location             Delay type                Incr(ns)  Path(ns)    Netlist Resource(s)
  -------------------------------------------------------------------    -------------------
                         (clock clk_out1_cpuclk_1 rise edge)
                                                      0.000     0.000 r  
    U18                                               0.000     0.000 r  clk (IN)
                         net (fo=0)                   0.000     0.000    cpuClk/inst/clk_in1
    U18                  IBUF (Prop_ibuf_I_O)         1.429     1.429 r  cpuClk/inst/clkin1_ibufg/O
                         net (fo=1, routed)           1.126     2.555    cpuClk/inst/clk_in1_cpuclk
    PLLE2_ADV_X1Y1       PLLE2_ADV (Prop_plle2_adv_CLKIN1_CLKOUT0)
                                                     -7.569    -5.014 r  cpuClk/inst/plle2_adv_inst/CLKOUT0
                         net (fo=1, routed)           1.594    -3.420    cpuClk/inst/clk_out1_cpuclk
    BUFGCTRL_X0Y16       BUFG (Prop_bufg_I_O)         0.085    -3.335 r  cpuClk/inst/clkout1_buf/O
                         net (fo=7900, routed)        1.451    -1.884    mini_rv_u/id_ex/clk_out1
    SLICE_X54Y15         FDCE                                         r  mini_rv_u/id_ex/Rs2_o_reg[4]/C
  -------------------------------------------------------------------    -------------------
    SLICE_X54Y15         FDCE (Prop_fdce_C_Q)         0.398    -1.486 r  mini_rv_u/id_ex/Rs2_o_reg[4]/Q
                         net (fo=5, routed)           1.008    -0.478    mini_rv_u/forwardingUnit/Rs2_o[4]
    SLICE_X53Y16         LUT6 (Prop_lut6_I0_O)        0.232    -0.246 f  mini_rv_u/forwardingUnit/i_/q[4]_i_14/O
                         net (fo=1, routed)           0.346     0.100    mini_rv_u/forwardingUnit/i_/q[4]_i_14_n_0
    SLICE_X53Y16         LUT4 (Prop_lut4_I3_O)        0.105     0.205 f  mini_rv_u/forwardingUnit/i_/q[4]_i_10/O
                         net (fo=37, routed)          0.425     0.630    mini_rv_u/forwardingUnit/RegWr_o_reg[1]
    SLICE_X52Y16         LUT5 (Prop_lut5_I4_O)        0.105     0.735 r  mini_rv_u/forwardingUnit/i_/DRAMIn_o[31]_i_2/O
                         net (fo=93, routed)          0.627     1.362    mini_rv_u/forwardingUnit/MUX_B_Forwarding
    SLICE_X49Y20         LUT6 (Prop_lut6_I0_O)        0.105     1.467 r  mini_rv_u/forwardingUnit/i_/q[0]_i_3/O
                         net (fo=2, routed)           0.550     2.017    mini_rv_u/id_ex/forwardingB[0]
    SLICE_X49Y25         LUT4 (Prop_lut4_I1_O)        0.105     2.122 r  mini_rv_u/id_ex/q[0]_i_2/O
                         net (fo=99, routed)          0.852     2.974    mini_rv_u/id_ex/BSel_o_reg_0[0]
    SLICE_X43Y27         LUT5 (Prop_lut5_I1_O)        0.127     3.101 r  mini_rv_u/id_ex/addOut0_carry_i_5/O
                         net (fo=1, routed)           0.451     3.552    mini_rv_u/Ex/alu/S[0]
    SLICE_X45Y27         CARRY4 (Prop_carry4_S[0]_CO[3])
                                                      0.708     4.260 r  mini_rv_u/Ex/alu/addOut0_carry/CO[3]
                         net (fo=1, routed)           0.000     4.260    mini_rv_u/Ex/alu/addOut0_carry_n_0
    SLICE_X45Y28         CARRY4 (Prop_carry4_CI_CO[3])
                                                      0.098     4.358 r  mini_rv_u/Ex/alu/addOut0_carry__0/CO[3]
                         net (fo=1, routed)           0.000     4.358    mini_rv_u/Ex/alu/addOut0_carry__0_n_0
    SLICE_X45Y29         CARRY4 (Prop_carry4_CI_O[0])
                                                      0.180     4.538 r  mini_rv_u/Ex/alu/addOut0_carry__1/O[0]
                         net (fo=1, routed)           0.520     5.058    mini_rv_u/id_ex/data6[8]
    SLICE_X50Y33         LUT6 (Prop_lut6_I5_O)        0.249     5.307 r  mini_rv_u/id_ex/PCtable[127][6]_i_3/O
                         net (fo=2, routed)           0.232     5.538    mini_rv_u/id_ex/PCtable[127][6]_i_3_n_0
    SLICE_X53Y33         LUT6 (Prop_lut6_I1_O)        0.105     5.643 r  mini_rv_u/id_ex/PCtable[127][6]_i_1/O
                         net (fo=177, routed)         1.048     6.692    mini_rv_u/id_ex/ALUOut_EX[8]
    SLICE_X62Y29         LUT2 (Prop_lut2_I0_O)        0.105     6.797 f  mini_rv_u/id_ex/PCtable[71][36]_i_3/O
                         net (fo=12, routed)          0.861     7.657    mini_rv_u/id_ex/PCtable[71][36]_i_3_n_0
    SLICE_X68Y31         LUT6 (Prop_lut6_I1_O)        0.264     7.921 r  mini_rv_u/id_ex/PCtable[86][36]_i_2/O
                         net (fo=4, routed)           0.637     8.558    mini_rv_u/id_ex/isNeededWrite_reg[1]_46
    SLICE_X68Y31         LUT3 (Prop_lut3_I2_O)        0.126     8.684 r  mini_rv_u/id_ex/PCtable[86][36]_i_1/O
                         net (fo=30, routed)          1.515    10.200    mini_rv_u/If/IF_npc/branchPredictor/bht/PCtable_reg[86][35]_0
    SLICE_X44Y56         FDRE                                         r  mini_rv_u/If/IF_npc/branchPredictor/bht/PCtable_reg[86][14]/CE
  -------------------------------------------------------------------    -------------------

                         (clock clk_out1_cpuclk_1 rise edge)
                                                     13.333    13.333 r  
    U18                                               0.000    13.333 r  clk (IN)
                         net (fo=0)                   0.000    13.333    cpuClk/inst/clk_in1
    U18                  IBUF (Prop_ibuf_I_O)         1.363    14.697 r  cpuClk/inst/clkin1_ibufg/O
                         net (fo=1, routed)           1.019    15.715    cpuClk/inst/clk_in1_cpuclk
    PLLE2_ADV_X1Y1       PLLE2_ADV (Prop_plle2_adv_CLKIN1_CLKOUT0)
                                                     -6.696     9.020 r  cpuClk/inst/plle2_adv_inst/CLKOUT0
                         net (fo=1, routed)           1.451    10.471    cpuClk/inst/clk_out1_cpuclk
    BUFGCTRL_X0Y16       BUFG (Prop_bufg_I_O)         0.077    10.548 r  cpuClk/inst/clkout1_buf/O
                         net (fo=7900, routed)        1.234    11.782    mini_rv_u/If/IF_npc/branchPredictor/bht/clk_out1
    SLICE_X44Y56         FDRE                                         r  mini_rv_u/If/IF_npc/branchPredictor/bht/PCtable_reg[86][14]/C
                         clock pessimism             -0.549    11.233    
                         clock uncertainty           -0.136    11.097    
    SLICE_X44Y56         FDRE (Setup_fdre_C_CE)      -0.338    10.759    mini_rv_u/If/IF_npc/branchPredictor/bht/PCtable_reg[86][14]
  -------------------------------------------------------------------
                         required time                         10.759    
                         arrival time                         -10.200    
  -------------------------------------------------------------------
                         slack                                  0.559    

Slack (MET) :             0.711ns  (required time - arrival time)
  Source:                 mini_rv_u/id_ex/Rs2_o_reg[4]/C
                            (rising edge-triggered cell FDCE clocked by clk_out1_cpuclk_1  {rise@0.000ns fall@6.667ns period=13.333ns})
  Destination:            mini_rv_u/If/IF_npc/branchPredictor/bht/PCtable_reg[98][17]/CE
                            (rising edge-triggered cell FDRE clocked by clk_out1_cpuclk_1  {rise@0.000ns fall@6.667ns period=13.333ns})
  Path Group:             clk_out1_cpuclk_1
  Path Type:              Setup (Max at Slow Process Corner)
  Requirement:            13.333ns  (clk_out1_cpuclk_1 rise@13.333ns - clk_out1_cpuclk_1 rise@0.000ns)
  Data Path Delay:        11.941ns  (logic 2.947ns (24.679%)  route 8.994ns (75.321%))
  Logic Levels:           13  (CARRY4=2 LUT2=1 LUT3=1 LUT4=2 LUT5=3 LUT6=4)
  Clock Path Skew:        -0.215ns (DCD - SCD + CPR)
    Destination Clock Delay (DCD):    -1.549ns = ( 11.784 - 13.333 ) 
    Source Clock Delay      (SCD):    -1.884ns
    Clock Pessimism Removal (CPR):    -0.549ns
  Clock Uncertainty:      0.136ns  ((TSJ^2 + DJ^2)^1/2) / 2 + PE
    Total System Jitter     (TSJ):    0.071ns
    Discrete Jitter          (DJ):    0.263ns
    Phase Error              (PE):    0.000ns

    Location             Delay type                Incr(ns)  Path(ns)    Netlist Resource(s)
  -------------------------------------------------------------------    -------------------
                         (clock clk_out1_cpuclk_1 rise edge)
                                                      0.000     0.000 r  
    U18                                               0.000     0.000 r  clk (IN)
                         net (fo=0)                   0.000     0.000    cpuClk/inst/clk_in1
    U18                  IBUF (Prop_ibuf_I_O)         1.429     1.429 r  cpuClk/inst/clkin1_ibufg/O
                         net (fo=1, routed)           1.126     2.555    cpuClk/inst/clk_in1_cpuclk
    PLLE2_ADV_X1Y1       PLLE2_ADV (Prop_plle2_adv_CLKIN1_CLKOUT0)
                                                     -7.569    -5.014 r  cpuClk/inst/plle2_adv_inst/CLKOUT0
                         net (fo=1, routed)           1.594    -3.420    cpuClk/inst/clk_out1_cpuclk
    BUFGCTRL_X0Y16       BUFG (Prop_bufg_I_O)         0.085    -3.335 r  cpuClk/inst/clkout1_buf/O
                         net (fo=7900, routed)        1.451    -1.884    mini_rv_u/id_ex/clk_out1
    SLICE_X54Y15         FDCE                                         r  mini_rv_u/id_ex/Rs2_o_reg[4]/C
  -------------------------------------------------------------------    -------------------
    SLICE_X54Y15         FDCE (Prop_fdce_C_Q)         0.398    -1.486 r  mini_rv_u/id_ex/Rs2_o_reg[4]/Q
                         net (fo=5, routed)           1.008    -0.478    mini_rv_u/forwardingUnit/Rs2_o[4]
    SLICE_X53Y16         LUT6 (Prop_lut6_I0_O)        0.232    -0.246 f  mini_rv_u/forwardingUnit/i_/q[4]_i_14/O
                         net (fo=1, routed)           0.346     0.100    mini_rv_u/forwardingUnit/i_/q[4]_i_14_n_0
    SLICE_X53Y16         LUT4 (Prop_lut4_I3_O)        0.105     0.205 f  mini_rv_u/forwardingUnit/i_/q[4]_i_10/O
                         net (fo=37, routed)          0.425     0.630    mini_rv_u/forwardingUnit/RegWr_o_reg[1]
    SLICE_X52Y16         LUT5 (Prop_lut5_I4_O)        0.105     0.735 r  mini_rv_u/forwardingUnit/i_/DRAMIn_o[31]_i_2/O
                         net (fo=93, routed)          0.627     1.362    mini_rv_u/forwardingUnit/MUX_B_Forwarding
    SLICE_X49Y20         LUT6 (Prop_lut6_I0_O)        0.105     1.467 r  mini_rv_u/forwardingUnit/i_/q[0]_i_3/O
                         net (fo=2, routed)           0.550     2.017    mini_rv_u/id_ex/forwardingB[0]
    SLICE_X49Y25         LUT4 (Prop_lut4_I1_O)        0.105     2.122 r  mini_rv_u/id_ex/q[0]_i_2/O
                         net (fo=99, routed)          0.852     2.974    mini_rv_u/id_ex/BSel_o_reg_0[0]
    SLICE_X43Y27         LUT5 (Prop_lut5_I1_O)        0.127     3.101 r  mini_rv_u/id_ex/addOut0_carry_i_5/O
                         net (fo=1, routed)           0.451     3.552    mini_rv_u/Ex/alu/S[0]
    SLICE_X45Y27         CARRY4 (Prop_carry4_S[0]_CO[3])
                                                      0.708     4.260 r  mini_rv_u/Ex/alu/addOut0_carry/CO[3]
                         net (fo=1, routed)           0.000     4.260    mini_rv_u/Ex/alu/addOut0_carry_n_0
    SLICE_X45Y28         CARRY4 (Prop_carry4_CI_O[2])
                                                      0.200     4.460 f  mini_rv_u/Ex/alu/addOut0_carry__0/O[2]
                         net (fo=1, routed)           0.612     5.072    mini_rv_u/id_ex/data6[6]
    SLICE_X53Y31         LUT6 (Prop_lut6_I5_O)        0.253     5.325 f  mini_rv_u/id_ex/PCtable[127][4]_i_3/O
                         net (fo=3, routed)           0.461     5.785    mini_rv_u/id_ex/PCtable[127][4]_i_3_n_0
    SLICE_X55Y31         LUT6 (Prop_lut6_I1_O)        0.105     5.890 f  mini_rv_u/id_ex/PCtable[110][4]_i_1/O
                         net (fo=77, routed)          0.787     6.677    mini_rv_u/id_ex/ALUop_o_reg[2]_6
    SLICE_X69Y31         LUT2 (Prop_lut2_I0_O)        0.105     6.782 r  mini_rv_u/id_ex/PCtable[103][39]_i_2/O
                         net (fo=64, routed)          0.854     7.636    mini_rv_u/id_ex/ALUop_o_reg[2]_12
    SLICE_X67Y29         LUT5 (Prop_lut5_I1_O)        0.128     7.764 r  mini_rv_u/id_ex/PCtable[98][36]_i_2/O
                         net (fo=4, routed)           0.616     8.380    mini_rv_u/id_ex/isNeededWrite_reg[1]_34
    SLICE_X57Y29         LUT3 (Prop_lut3_I2_O)        0.271     8.651 r  mini_rv_u/id_ex/PCtable[98][36]_i_1/O
                         net (fo=30, routed)          1.407    10.058    mini_rv_u/If/IF_npc/branchPredictor/bht/PCtable_reg[98][35]_0
    SLICE_X39Y53         FDRE                                         r  mini_rv_u/If/IF_npc/branchPredictor/bht/PCtable_reg[98][17]/CE
  -------------------------------------------------------------------    -------------------

                         (clock clk_out1_cpuclk_1 rise edge)
                                                     13.333    13.333 r  
    U18                                               0.000    13.333 r  clk (IN)
                         net (fo=0)                   0.000    13.333    cpuClk/inst/clk_in1
    U18                  IBUF (Prop_ibuf_I_O)         1.363    14.697 r  cpuClk/inst/clkin1_ibufg/O
                         net (fo=1, routed)           1.019    15.715    cpuClk/inst/clk_in1_cpuclk
    PLLE2_ADV_X1Y1       PLLE2_ADV (Prop_plle2_adv_CLKIN1_CLKOUT0)
                                                     -6.696     9.020 r  cpuClk/inst/plle2_adv_inst/CLKOUT0
                         net (fo=1, routed)           1.451    10.471    cpuClk/inst/clk_out1_cpuclk
    BUFGCTRL_X0Y16       BUFG (Prop_bufg_I_O)         0.077    10.548 r  cpuClk/inst/clkout1_buf/O
                         net (fo=7900, routed)        1.236    11.784    mini_rv_u/If/IF_npc/branchPredictor/bht/clk_out1
    SLICE_X39Y53         FDRE                                         r  mini_rv_u/If/IF_npc/branchPredictor/bht/PCtable_reg[98][17]/C
                         clock pessimism             -0.549    11.235    
                         clock uncertainty           -0.136    11.099    
    SLICE_X39Y53         FDRE (Setup_fdre_C_CE)      -0.330    10.769    mini_rv_u/If/IF_npc/branchPredictor/bht/PCtable_reg[98][17]
  -------------------------------------------------------------------
                         required time                         10.769    
                         arrival time                         -10.058    
  -------------------------------------------------------------------
                         slack                                  0.711    

Slack (MET) :             0.711ns  (required time - arrival time)
  Source:                 mini_rv_u/id_ex/Rs2_o_reg[4]/C
                            (rising edge-triggered cell FDCE clocked by clk_out1_cpuclk_1  {rise@0.000ns fall@6.667ns period=13.333ns})
  Destination:            mini_rv_u/If/IF_npc/branchPredictor/bht/PCtable_reg[98][23]/CE
                            (rising edge-triggered cell FDRE clocked by clk_out1_cpuclk_1  {rise@0.000ns fall@6.667ns period=13.333ns})
  Path Group:             clk_out1_cpuclk_1
  Path Type:              Setup (Max at Slow Process Corner)
  Requirement:            13.333ns  (clk_out1_cpuclk_1 rise@13.333ns - clk_out1_cpuclk_1 rise@0.000ns)
  Data Path Delay:        11.941ns  (logic 2.947ns (24.679%)  route 8.994ns (75.321%))
  Logic Levels:           13  (CARRY4=2 LUT2=1 LUT3=1 LUT4=2 LUT5=3 LUT6=4)
  Clock Path Skew:        -0.215ns (DCD - SCD + CPR)
    Destination Clock Delay (DCD):    -1.549ns = ( 11.784 - 13.333 ) 
    Source Clock Delay      (SCD):    -1.884ns
    Clock Pessimism Removal (CPR):    -0.549ns
  Clock Uncertainty:      0.136ns  ((TSJ^2 + DJ^2)^1/2) / 2 + PE
    Total System Jitter     (TSJ):    0.071ns
    Discrete Jitter          (DJ):    0.263ns
    Phase Error              (PE):    0.000ns

    Location             Delay type                Incr(ns)  Path(ns)    Netlist Resource(s)
  -------------------------------------------------------------------    -------------------
                         (clock clk_out1_cpuclk_1 rise edge)
                                                      0.000     0.000 r  
    U18                                               0.000     0.000 r  clk (IN)
                         net (fo=0)                   0.000     0.000    cpuClk/inst/clk_in1
    U18                  IBUF (Prop_ibuf_I_O)         1.429     1.429 r  cpuClk/inst/clkin1_ibufg/O
                         net (fo=1, routed)           1.126     2.555    cpuClk/inst/clk_in1_cpuclk
    PLLE2_ADV_X1Y1       PLLE2_ADV (Prop_plle2_adv_CLKIN1_CLKOUT0)
                                                     -7.569    -5.014 r  cpuClk/inst/plle2_adv_inst/CLKOUT0
                         net (fo=1, routed)           1.594    -3.420    cpuClk/inst/clk_out1_cpuclk
    BUFGCTRL_X0Y16       BUFG (Prop_bufg_I_O)         0.085    -3.335 r  cpuClk/inst/clkout1_buf/O
                         net (fo=7900, routed)        1.451    -1.884    mini_rv_u/id_ex/clk_out1
    SLICE_X54Y15         FDCE                                         r  mini_rv_u/id_ex/Rs2_o_reg[4]/C
  -------------------------------------------------------------------    -------------------
    SLICE_X54Y15         FDCE (Prop_fdce_C_Q)         0.398    -1.486 r  mini_rv_u/id_ex/Rs2_o_reg[4]/Q
                         net (fo=5, routed)           1.008    -0.478    mini_rv_u/forwardingUnit/Rs2_o[4]
    SLICE_X53Y16         LUT6 (Prop_lut6_I0_O)        0.232    -0.246 f  mini_rv_u/forwardingUnit/i_/q[4]_i_14/O
                         net (fo=1, routed)           0.346     0.100    mini_rv_u/forwardingUnit/i_/q[4]_i_14_n_0
    SLICE_X53Y16         LUT4 (Prop_lut4_I3_O)        0.105     0.205 f  mini_rv_u/forwardingUnit/i_/q[4]_i_10/O
                         net (fo=37, routed)          0.425     0.630    mini_rv_u/forwardingUnit/RegWr_o_reg[1]
    SLICE_X52Y16         LUT5 (Prop_lut5_I4_O)        0.105     0.735 r  mini_rv_u/forwardingUnit/i_/DRAMIn_o[31]_i_2/O
                         net (fo=93, routed)          0.627     1.362    mini_rv_u/forwardingUnit/MUX_B_Forwarding
    SLICE_X49Y20         LUT6 (Prop_lut6_I0_O)        0.105     1.467 r  mini_rv_u/forwardingUnit/i_/q[0]_i_3/O
                         net (fo=2, routed)           0.550     2.017    mini_rv_u/id_ex/forwardingB[0]
    SLICE_X49Y25         LUT4 (Prop_lut4_I1_O)        0.105     2.122 r  mini_rv_u/id_ex/q[0]_i_2/O
                         net (fo=99, routed)          0.852     2.974    mini_rv_u/id_ex/BSel_o_reg_0[0]
    SLICE_X43Y27         LUT5 (Prop_lut5_I1_O)        0.127     3.101 r  mini_rv_u/id_ex/addOut0_carry_i_5/O
                         net (fo=1, routed)           0.451     3.552    mini_rv_u/Ex/alu/S[0]
    SLICE_X45Y27         CARRY4 (Prop_carry4_S[0]_CO[3])
                                                      0.708     4.260 r  mini_rv_u/Ex/alu/addOut0_carry/CO[3]
                         net (fo=1, routed)           0.000     4.260    mini_rv_u/Ex/alu/addOut0_carry_n_0
    SLICE_X45Y28         CARRY4 (Prop_carry4_CI_O[2])
                                                      0.200     4.460 f  mini_rv_u/Ex/alu/addOut0_carry__0/O[2]
                         net (fo=1, routed)           0.612     5.072    mini_rv_u/id_ex/data6[6]
    SLICE_X53Y31         LUT6 (Prop_lut6_I5_O)        0.253     5.325 f  mini_rv_u/id_ex/PCtable[127][4]_i_3/O
                         net (fo=3, routed)           0.461     5.785    mini_rv_u/id_ex/PCtable[127][4]_i_3_n_0
    SLICE_X55Y31         LUT6 (Prop_lut6_I1_O)        0.105     5.890 f  mini_rv_u/id_ex/PCtable[110][4]_i_1/O
                         net (fo=77, routed)          0.787     6.677    mini_rv_u/id_ex/ALUop_o_reg[2]_6
    SLICE_X69Y31         LUT2 (Prop_lut2_I0_O)        0.105     6.782 r  mini_rv_u/id_ex/PCtable[103][39]_i_2/O
                         net (fo=64, routed)          0.854     7.636    mini_rv_u/id_ex/ALUop_o_reg[2]_12
    SLICE_X67Y29         LUT5 (Prop_lut5_I1_O)        0.128     7.764 r  mini_rv_u/id_ex/PCtable[98][36]_i_2/O
                         net (fo=4, routed)           0.616     8.380    mini_rv_u/id_ex/isNeededWrite_reg[1]_34
    SLICE_X57Y29         LUT3 (Prop_lut3_I2_O)        0.271     8.651 r  mini_rv_u/id_ex/PCtable[98][36]_i_1/O
                         net (fo=30, routed)          1.407    10.058    mini_rv_u/If/IF_npc/branchPredictor/bht/PCtable_reg[98][35]_0
    SLICE_X39Y53         FDRE                                         r  mini_rv_u/If/IF_npc/branchPredictor/bht/PCtable_reg[98][23]/CE
  -------------------------------------------------------------------    -------------------

                         (clock clk_out1_cpuclk_1 rise edge)
                                                     13.333    13.333 r  
    U18                                               0.000    13.333 r  clk (IN)
                         net (fo=0)                   0.000    13.333    cpuClk/inst/clk_in1
    U18                  IBUF (Prop_ibuf_I_O)         1.363    14.697 r  cpuClk/inst/clkin1_ibufg/O
                         net (fo=1, routed)           1.019    15.715    cpuClk/inst/clk_in1_cpuclk
    PLLE2_ADV_X1Y1       PLLE2_ADV (Prop_plle2_adv_CLKIN1_CLKOUT0)
                                                     -6.696     9.020 r  cpuClk/inst/plle2_adv_inst/CLKOUT0
                         net (fo=1, routed)           1.451    10.471    cpuClk/inst/clk_out1_cpuclk
    BUFGCTRL_X0Y16       BUFG (Prop_bufg_I_O)         0.077    10.548 r  cpuClk/inst/clkout1_buf/O
                         net (fo=7900, routed)        1.236    11.784    mini_rv_u/If/IF_npc/branchPredictor/bht/clk_out1
    SLICE_X39Y53         FDRE                                         r  mini_rv_u/If/IF_npc/branchPredictor/bht/PCtable_reg[98][23]/C
                         clock pessimism             -0.549    11.235    
                         clock uncertainty           -0.136    11.099    
    SLICE_X39Y53         FDRE (Setup_fdre_C_CE)      -0.330    10.769    mini_rv_u/If/IF_npc/branchPredictor/bht/PCtable_reg[98][23]
  -------------------------------------------------------------------
                         required time                         10.769    
                         arrival time                         -10.058    
  -------------------------------------------------------------------
                         slack                                  0.711    

Slack (MET) :             0.719ns  (required time - arrival time)
  Source:                 mini_rv_u/id_ex/Rs2_o_reg[4]/C
                            (rising edge-triggered cell FDCE clocked by clk_out1_cpuclk_1  {rise@0.000ns fall@6.667ns period=13.333ns})
  Destination:            mini_rv_u/If/IF_npc/branchPredictor/bht/PCtable_reg[80][16]/CE
                            (rising edge-triggered cell FDRE clocked by clk_out1_cpuclk_1  {rise@0.000ns fall@6.667ns period=13.333ns})
  Path Group:             clk_out1_cpuclk_1
  Path Type:              Setup (Max at Slow Process Corner)
  Requirement:            13.333ns  (clk_out1_cpuclk_1 rise@13.333ns - clk_out1_cpuclk_1 rise@0.000ns)
  Data Path Delay:        11.965ns  (logic 3.024ns (25.273%)  route 8.941ns (74.727%))
  Logic Levels:           13  (CARRY4=2 LUT2=1 LUT3=1 LUT4=2 LUT5=2 LUT6=5)
  Clock Path Skew:        -0.215ns (DCD - SCD + CPR)
    Destination Clock Delay (DCD):    -1.549ns = ( 11.784 - 13.333 ) 
    Source Clock Delay      (SCD):    -1.884ns
    Clock Pessimism Removal (CPR):    -0.549ns
  Clock Uncertainty:      0.136ns  ((TSJ^2 + DJ^2)^1/2) / 2 + PE
    Total System Jitter     (TSJ):    0.071ns
    Discrete Jitter          (DJ):    0.263ns
    Phase Error              (PE):    0.000ns

    Location             Delay type                Incr(ns)  Path(ns)    Netlist Resource(s)
  -------------------------------------------------------------------    -------------------
                         (clock clk_out1_cpuclk_1 rise edge)
                                                      0.000     0.000 r  
    U18                                               0.000     0.000 r  clk (IN)
                         net (fo=0)                   0.000     0.000    cpuClk/inst/clk_in1
    U18                  IBUF (Prop_ibuf_I_O)         1.429     1.429 r  cpuClk/inst/clkin1_ibufg/O
                         net (fo=1, routed)           1.126     2.555    cpuClk/inst/clk_in1_cpuclk
    PLLE2_ADV_X1Y1       PLLE2_ADV (Prop_plle2_adv_CLKIN1_CLKOUT0)
                                                     -7.569    -5.014 r  cpuClk/inst/plle2_adv_inst/CLKOUT0
                         net (fo=1, routed)           1.594    -3.420    cpuClk/inst/clk_out1_cpuclk
    BUFGCTRL_X0Y16       BUFG (Prop_bufg_I_O)         0.085    -3.335 r  cpuClk/inst/clkout1_buf/O
                         net (fo=7900, routed)        1.451    -1.884    mini_rv_u/id_ex/clk_out1
    SLICE_X54Y15         FDCE                                         r  mini_rv_u/id_ex/Rs2_o_reg[4]/C
  -------------------------------------------------------------------    -------------------
    SLICE_X54Y15         FDCE (Prop_fdce_C_Q)         0.398    -1.486 r  mini_rv_u/id_ex/Rs2_o_reg[4]/Q
                         net (fo=5, routed)           1.008    -0.478    mini_rv_u/forwardingUnit/Rs2_o[4]
    SLICE_X53Y16         LUT6 (Prop_lut6_I0_O)        0.232    -0.246 f  mini_rv_u/forwardingUnit/i_/q[4]_i_14/O
                         net (fo=1, routed)           0.346     0.100    mini_rv_u/forwardingUnit/i_/q[4]_i_14_n_0
    SLICE_X53Y16         LUT4 (Prop_lut4_I3_O)        0.105     0.205 f  mini_rv_u/forwardingUnit/i_/q[4]_i_10/O
                         net (fo=37, routed)          0.425     0.630    mini_rv_u/forwardingUnit/RegWr_o_reg[1]
    SLICE_X52Y16         LUT5 (Prop_lut5_I4_O)        0.105     0.735 r  mini_rv_u/forwardingUnit/i_/DRAMIn_o[31]_i_2/O
                         net (fo=93, routed)          0.627     1.362    mini_rv_u/forwardingUnit/MUX_B_Forwarding
    SLICE_X49Y20         LUT6 (Prop_lut6_I0_O)        0.105     1.467 r  mini_rv_u/forwardingUnit/i_/q[0]_i_3/O
                         net (fo=2, routed)           0.550     2.017    mini_rv_u/id_ex/forwardingB[0]
    SLICE_X49Y25         LUT4 (Prop_lut4_I1_O)        0.105     2.122 r  mini_rv_u/id_ex/q[0]_i_2/O
                         net (fo=99, routed)          0.852     2.974    mini_rv_u/id_ex/BSel_o_reg_0[0]
    SLICE_X43Y27         LUT5 (Prop_lut5_I1_O)        0.127     3.101 r  mini_rv_u/id_ex/addOut0_carry_i_5/O
                         net (fo=1, routed)           0.451     3.552    mini_rv_u/Ex/alu/S[0]
    SLICE_X45Y27         CARRY4 (Prop_carry4_S[0]_CO[3])
                                                      0.708     4.260 r  mini_rv_u/Ex/alu/addOut0_carry/CO[3]
                         net (fo=1, routed)           0.000     4.260    mini_rv_u/Ex/alu/addOut0_carry_n_0
    SLICE_X45Y28         CARRY4 (Prop_carry4_CI_O[1])
                                                      0.265     4.525 f  mini_rv_u/Ex/alu/addOut0_carry__0/O[1]
                         net (fo=1, routed)           0.475     5.000    mini_rv_u/id_ex/data6[5]
    SLICE_X53Y29         LUT6 (Prop_lut6_I5_O)        0.250     5.250 f  mini_rv_u/id_ex/PCtable[127][3]_i_3/O
                         net (fo=2, routed)           0.525     5.776    mini_rv_u/id_ex/PCtable[127][3]_i_3_n_0
    SLICE_X55Y30         LUT6 (Prop_lut6_I1_O)        0.105     5.881 f  mini_rv_u/id_ex/PCtable[127][3]_i_1/O
                         net (fo=162, routed)         0.870     6.751    mini_rv_u/id_ex/ALUOut_EX[5]
    SLICE_X67Y28         LUT2 (Prop_lut2_I1_O)        0.126     6.877 r  mini_rv_u/id_ex/PCtable[86][36]_i_3/O
                         net (fo=8, routed)           0.674     7.551    mini_rv_u/id_ex/PCtable[86][36]_i_3_n_0
    SLICE_X67Y32         LUT6 (Prop_lut6_I1_O)        0.267     7.818 r  mini_rv_u/id_ex/PCtable[80][36]_i_2/O
                         net (fo=3, routed)           0.650     8.468    mini_rv_u/id_ex/isNeededWrite_reg[1]_113
    SLICE_X67Y33         LUT3 (Prop_lut3_I2_O)        0.126     8.594 r  mini_rv_u/id_ex/PCtable[80][36]_i_1/O
                         net (fo=30, routed)          1.488    10.082    mini_rv_u/If/IF_npc/branchPredictor/bht/PCtable_reg[80][35]_0
    SLICE_X36Y55         FDRE                                         r  mini_rv_u/If/IF_npc/branchPredictor/bht/PCtable_reg[80][16]/CE
  -------------------------------------------------------------------    -------------------

                         (clock clk_out1_cpuclk_1 rise edge)
                                                     13.333    13.333 r  
    U18                                               0.000    13.333 r  clk (IN)
                         net (fo=0)                   0.000    13.333    cpuClk/inst/clk_in1
    U18                  IBUF (Prop_ibuf_I_O)         1.363    14.697 r  cpuClk/inst/clkin1_ibufg/O
                         net (fo=1, routed)           1.019    15.715    cpuClk/inst/clk_in1_cpuclk
    PLLE2_ADV_X1Y1       PLLE2_ADV (Prop_plle2_adv_CLKIN1_CLKOUT0)
                                                     -6.696     9.020 r  cpuClk/inst/plle2_adv_inst/CLKOUT0
                         net (fo=1, routed)           1.451    10.471    cpuClk/inst/clk_out1_cpuclk
    BUFGCTRL_X0Y16       BUFG (Prop_bufg_I_O)         0.077    10.548 r  cpuClk/inst/clkout1_buf/O
                         net (fo=7900, routed)        1.236    11.784    mini_rv_u/If/IF_npc/branchPredictor/bht/clk_out1
    SLICE_X36Y55         FDRE                                         r  mini_rv_u/If/IF_npc/branchPredictor/bht/PCtable_reg[80][16]/C
                         clock pessimism             -0.549    11.235    
                         clock uncertainty           -0.136    11.099    
    SLICE_X36Y55         FDRE (Setup_fdre_C_CE)      -0.298    10.801    mini_rv_u/If/IF_npc/branchPredictor/bht/PCtable_reg[80][16]
  -------------------------------------------------------------------
                         required time                         10.801    
                         arrival time                         -10.082    
  -------------------------------------------------------------------
                         slack                                  0.719    

Slack (MET) :             0.719ns  (required time - arrival time)
  Source:                 mini_rv_u/id_ex/Rs2_o_reg[4]/C
                            (rising edge-triggered cell FDCE clocked by clk_out1_cpuclk_1  {rise@0.000ns fall@6.667ns period=13.333ns})
  Destination:            mini_rv_u/If/IF_npc/branchPredictor/bht/PCtable_reg[80][18]/CE
                            (rising edge-triggered cell FDRE clocked by clk_out1_cpuclk_1  {rise@0.000ns fall@6.667ns period=13.333ns})
  Path Group:             clk_out1_cpuclk_1
  Path Type:              Setup (Max at Slow Process Corner)
  Requirement:            13.333ns  (clk_out1_cpuclk_1 rise@13.333ns - clk_out1_cpuclk_1 rise@0.000ns)
  Data Path Delay:        11.965ns  (logic 3.024ns (25.273%)  route 8.941ns (74.727%))
  Logic Levels:           13  (CARRY4=2 LUT2=1 LUT3=1 LUT4=2 LUT5=2 LUT6=5)
  Clock Path Skew:        -0.215ns (DCD - SCD + CPR)
    Destination Clock Delay (DCD):    -1.549ns = ( 11.784 - 13.333 ) 
    Source Clock Delay      (SCD):    -1.884ns
    Clock Pessimism Removal (CPR):    -0.549ns
  Clock Uncertainty:      0.136ns  ((TSJ^2 + DJ^2)^1/2) / 2 + PE
    Total System Jitter     (TSJ):    0.071ns
    Discrete Jitter          (DJ):    0.263ns
    Phase Error              (PE):    0.000ns

    Location             Delay type                Incr(ns)  Path(ns)    Netlist Resource(s)
  -------------------------------------------------------------------    -------------------
                         (clock clk_out1_cpuclk_1 rise edge)
                                                      0.000     0.000 r  
    U18                                               0.000     0.000 r  clk (IN)
                         net (fo=0)                   0.000     0.000    cpuClk/inst/clk_in1
    U18                  IBUF (Prop_ibuf_I_O)         1.429     1.429 r  cpuClk/inst/clkin1_ibufg/O
                         net (fo=1, routed)           1.126     2.555    cpuClk/inst/clk_in1_cpuclk
    PLLE2_ADV_X1Y1       PLLE2_ADV (Prop_plle2_adv_CLKIN1_CLKOUT0)
                                                     -7.569    -5.014 r  cpuClk/inst/plle2_adv_inst/CLKOUT0
                         net (fo=1, routed)           1.594    -3.420    cpuClk/inst/clk_out1_cpuclk
    BUFGCTRL_X0Y16       BUFG (Prop_bufg_I_O)         0.085    -3.335 r  cpuClk/inst/clkout1_buf/O
                         net (fo=7900, routed)        1.451    -1.884    mini_rv_u/id_ex/clk_out1
    SLICE_X54Y15         FDCE                                         r  mini_rv_u/id_ex/Rs2_o_reg[4]/C
  -------------------------------------------------------------------    -------------------
    SLICE_X54Y15         FDCE (Prop_fdce_C_Q)         0.398    -1.486 r  mini_rv_u/id_ex/Rs2_o_reg[4]/Q
                         net (fo=5, routed)           1.008    -0.478    mini_rv_u/forwardingUnit/Rs2_o[4]
    SLICE_X53Y16         LUT6 (Prop_lut6_I0_O)        0.232    -0.246 f  mini_rv_u/forwardingUnit/i_/q[4]_i_14/O
                         net (fo=1, routed)           0.346     0.100    mini_rv_u/forwardingUnit/i_/q[4]_i_14_n_0
    SLICE_X53Y16         LUT4 (Prop_lut4_I3_O)        0.105     0.205 f  mini_rv_u/forwardingUnit/i_/q[4]_i_10/O
                         net (fo=37, routed)          0.425     0.630    mini_rv_u/forwardingUnit/RegWr_o_reg[1]
    SLICE_X52Y16         LUT5 (Prop_lut5_I4_O)        0.105     0.735 r  mini_rv_u/forwardingUnit/i_/DRAMIn_o[31]_i_2/O
                         net (fo=93, routed)          0.627     1.362    mini_rv_u/forwardingUnit/MUX_B_Forwarding
    SLICE_X49Y20         LUT6 (Prop_lut6_I0_O)        0.105     1.467 r  mini_rv_u/forwardingUnit/i_/q[0]_i_3/O
                         net (fo=2, routed)           0.550     2.017    mini_rv_u/id_ex/forwardingB[0]
    SLICE_X49Y25         LUT4 (Prop_lut4_I1_O)        0.105     2.122 r  mini_rv_u/id_ex/q[0]_i_2/O
                         net (fo=99, routed)          0.852     2.974    mini_rv_u/id_ex/BSel_o_reg_0[0]
    SLICE_X43Y27         LUT5 (Prop_lut5_I1_O)        0.127     3.101 r  mini_rv_u/id_ex/addOut0_carry_i_5/O
                         net (fo=1, routed)           0.451     3.552    mini_rv_u/Ex/alu/S[0]
    SLICE_X45Y27         CARRY4 (Prop_carry4_S[0]_CO[3])
                                                      0.708     4.260 r  mini_rv_u/Ex/alu/addOut0_carry/CO[3]
                         net (fo=1, routed)           0.000     4.260    mini_rv_u/Ex/alu/addOut0_carry_n_0
    SLICE_X45Y28         CARRY4 (Prop_carry4_CI_O[1])
                                                      0.265     4.525 f  mini_rv_u/Ex/alu/addOut0_carry__0/O[1]
                         net (fo=1, routed)           0.475     5.000    mini_rv_u/id_ex/data6[5]
    SLICE_X53Y29         LUT6 (Prop_lut6_I5_O)        0.250     5.250 f  mini_rv_u/id_ex/PCtable[127][3]_i_3/O
                         net (fo=2, routed)           0.525     5.776    mini_rv_u/id_ex/PCtable[127][3]_i_3_n_0
    SLICE_X55Y30         LUT6 (Prop_lut6_I1_O)        0.105     5.881 f  mini_rv_u/id_ex/PCtable[127][3]_i_1/O
                         net (fo=162, routed)         0.870     6.751    mini_rv_u/id_ex/ALUOut_EX[5]
    SLICE_X67Y28         LUT2 (Prop_lut2_I1_O)        0.126     6.877 r  mini_rv_u/id_ex/PCtable[86][36]_i_3/O
                         net (fo=8, routed)           0.674     7.551    mini_rv_u/id_ex/PCtable[86][36]_i_3_n_0
    SLICE_X67Y32         LUT6 (Prop_lut6_I1_O)        0.267     7.818 r  mini_rv_u/id_ex/PCtable[80][36]_i_2/O
                         net (fo=3, routed)           0.650     8.468    mini_rv_u/id_ex/isNeededWrite_reg[1]_113
    SLICE_X67Y33         LUT3 (Prop_lut3_I2_O)        0.126     8.594 r  mini_rv_u/id_ex/PCtable[80][36]_i_1/O
                         net (fo=30, routed)          1.488    10.082    mini_rv_u/If/IF_npc/branchPredictor/bht/PCtable_reg[80][35]_0
    SLICE_X36Y55         FDRE                                         r  mini_rv_u/If/IF_npc/branchPredictor/bht/PCtable_reg[80][18]/CE
  -------------------------------------------------------------------    -------------------

                         (clock clk_out1_cpuclk_1 rise edge)
                                                     13.333    13.333 r  
    U18                                               0.000    13.333 r  clk (IN)
                         net (fo=0)                   0.000    13.333    cpuClk/inst/clk_in1
    U18                  IBUF (Prop_ibuf_I_O)         1.363    14.697 r  cpuClk/inst/clkin1_ibufg/O
                         net (fo=1, routed)           1.019    15.715    cpuClk/inst/clk_in1_cpuclk
    PLLE2_ADV_X1Y1       PLLE2_ADV (Prop_plle2_adv_CLKIN1_CLKOUT0)
                                                     -6.696     9.020 r  cpuClk/inst/plle2_adv_inst/CLKOUT0
                         net (fo=1, routed)           1.451    10.471    cpuClk/inst/clk_out1_cpuclk
    BUFGCTRL_X0Y16       BUFG (Prop_bufg_I_O)         0.077    10.548 r  cpuClk/inst/clkout1_buf/O
                         net (fo=7900, routed)        1.236    11.784    mini_rv_u/If/IF_npc/branchPredictor/bht/clk_out1
    SLICE_X36Y55         FDRE                                         r  mini_rv_u/If/IF_npc/branchPredictor/bht/PCtable_reg[80][18]/C
                         clock pessimism             -0.549    11.235    
                         clock uncertainty           -0.136    11.099    
    SLICE_X36Y55         FDRE (Setup_fdre_C_CE)      -0.298    10.801    mini_rv_u/If/IF_npc/branchPredictor/bht/PCtable_reg[80][18]
  -------------------------------------------------------------------
                         required time                         10.801    
                         arrival time                         -10.082    
  -------------------------------------------------------------------
                         slack                                  0.719    

Slack (MET) :             0.731ns  (required time - arrival time)
  Source:                 mini_rv_u/id_ex/Rs2_o_reg[4]/C
                            (rising edge-triggered cell FDCE clocked by clk_out1_cpuclk_1  {rise@0.000ns fall@6.667ns period=13.333ns})
  Destination:            mini_rv_u/If/IF_npc/branchPredictor/bht/PCtable_reg[86][16]/CE
                            (rising edge-triggered cell FDRE clocked by clk_out1_cpuclk_1  {rise@0.000ns fall@6.667ns period=13.333ns})
  Path Group:             clk_out1_cpuclk_1
  Path Type:              Setup (Max at Slow Process Corner)
  Requirement:            13.333ns  (clk_out1_cpuclk_1 rise@13.333ns - clk_out1_cpuclk_1 rise@0.000ns)
  Data Path Delay:        11.944ns  (logic 3.012ns (25.218%)  route 8.932ns (74.782%))
  Logic Levels:           14  (CARRY4=3 LUT2=1 LUT3=1 LUT4=2 LUT5=2 LUT6=5)
  Clock Path Skew:        -0.216ns (DCD - SCD + CPR)
    Destination Clock Delay (DCD):    -1.550ns = ( 11.783 - 13.333 ) 
    Source Clock Delay      (SCD):    -1.884ns
    Clock Pessimism Removal (CPR):    -0.549ns
  Clock Uncertainty:      0.136ns  ((TSJ^2 + DJ^2)^1/2) / 2 + PE
    Total System Jitter     (TSJ):    0.071ns
    Discrete Jitter          (DJ):    0.263ns
    Phase Error              (PE):    0.000ns

    Location             Delay type                Incr(ns)  Path(ns)    Netlist Resource(s)
  -------------------------------------------------------------------    -------------------
                         (clock clk_out1_cpuclk_1 rise edge)
                                                      0.000     0.000 r  
    U18                                               0.000     0.000 r  clk (IN)
                         net (fo=0)                   0.000     0.000    cpuClk/inst/clk_in1
    U18                  IBUF (Prop_ibuf_I_O)         1.429     1.429 r  cpuClk/inst/clkin1_ibufg/O
                         net (fo=1, routed)           1.126     2.555    cpuClk/inst/clk_in1_cpuclk
    PLLE2_ADV_X1Y1       PLLE2_ADV (Prop_plle2_adv_CLKIN1_CLKOUT0)
                                                     -7.569    -5.014 r  cpuClk/inst/plle2_adv_inst/CLKOUT0
                         net (fo=1, routed)           1.594    -3.420    cpuClk/inst/clk_out1_cpuclk
    BUFGCTRL_X0Y16       BUFG (Prop_bufg_I_O)         0.085    -3.335 r  cpuClk/inst/clkout1_buf/O
                         net (fo=7900, routed)        1.451    -1.884    mini_rv_u/id_ex/clk_out1
    SLICE_X54Y15         FDCE                                         r  mini_rv_u/id_ex/Rs2_o_reg[4]/C
  -------------------------------------------------------------------    -------------------
    SLICE_X54Y15         FDCE (Prop_fdce_C_Q)         0.398    -1.486 r  mini_rv_u/id_ex/Rs2_o_reg[4]/Q
                         net (fo=5, routed)           1.008    -0.478    mini_rv_u/forwardingUnit/Rs2_o[4]
    SLICE_X53Y16         LUT6 (Prop_lut6_I0_O)        0.232    -0.246 f  mini_rv_u/forwardingUnit/i_/q[4]_i_14/O
                         net (fo=1, routed)           0.346     0.100    mini_rv_u/forwardingUnit/i_/q[4]_i_14_n_0
    SLICE_X53Y16         LUT4 (Prop_lut4_I3_O)        0.105     0.205 f  mini_rv_u/forwardingUnit/i_/q[4]_i_10/O
                         net (fo=37, routed)          0.425     0.630    mini_rv_u/forwardingUnit/RegWr_o_reg[1]
    SLICE_X52Y16         LUT5 (Prop_lut5_I4_O)        0.105     0.735 r  mini_rv_u/forwardingUnit/i_/DRAMIn_o[31]_i_2/O
                         net (fo=93, routed)          0.627     1.362    mini_rv_u/forwardingUnit/MUX_B_Forwarding
    SLICE_X49Y20         LUT6 (Prop_lut6_I0_O)        0.105     1.467 r  mini_rv_u/forwardingUnit/i_/q[0]_i_3/O
                         net (fo=2, routed)           0.550     2.017    mini_rv_u/id_ex/forwardingB[0]
    SLICE_X49Y25         LUT4 (Prop_lut4_I1_O)        0.105     2.122 r  mini_rv_u/id_ex/q[0]_i_2/O
                         net (fo=99, routed)          0.852     2.974    mini_rv_u/id_ex/BSel_o_reg_0[0]
    SLICE_X43Y27         LUT5 (Prop_lut5_I1_O)        0.127     3.101 r  mini_rv_u/id_ex/addOut0_carry_i_5/O
                         net (fo=1, routed)           0.451     3.552    mini_rv_u/Ex/alu/S[0]
    SLICE_X45Y27         CARRY4 (Prop_carry4_S[0]_CO[3])
                                                      0.708     4.260 r  mini_rv_u/Ex/alu/addOut0_carry/CO[3]
                         net (fo=1, routed)           0.000     4.260    mini_rv_u/Ex/alu/addOut0_carry_n_0
    SLICE_X45Y28         CARRY4 (Prop_carry4_CI_CO[3])
                                                      0.098     4.358 r  mini_rv_u/Ex/alu/addOut0_carry__0/CO[3]
                         net (fo=1, routed)           0.000     4.358    mini_rv_u/Ex/alu/addOut0_carry__0_n_0
    SLICE_X45Y29         CARRY4 (Prop_carry4_CI_O[0])
                                                      0.180     4.538 r  mini_rv_u/Ex/alu/addOut0_carry__1/O[0]
                         net (fo=1, routed)           0.520     5.058    mini_rv_u/id_ex/data6[8]
    SLICE_X50Y33         LUT6 (Prop_lut6_I5_O)        0.249     5.307 r  mini_rv_u/id_ex/PCtable[127][6]_i_3/O
                         net (fo=2, routed)           0.232     5.538    mini_rv_u/id_ex/PCtable[127][6]_i_3_n_0
    SLICE_X53Y33         LUT6 (Prop_lut6_I1_O)        0.105     5.643 r  mini_rv_u/id_ex/PCtable[127][6]_i_1/O
                         net (fo=177, routed)         1.048     6.692    mini_rv_u/id_ex/ALUOut_EX[8]
    SLICE_X62Y29         LUT2 (Prop_lut2_I0_O)        0.105     6.797 f  mini_rv_u/id_ex/PCtable[71][36]_i_3/O
                         net (fo=12, routed)          0.861     7.657    mini_rv_u/id_ex/PCtable[71][36]_i_3_n_0
    SLICE_X68Y31         LUT6 (Prop_lut6_I1_O)        0.264     7.921 r  mini_rv_u/id_ex/PCtable[86][36]_i_2/O
                         net (fo=4, routed)           0.637     8.558    mini_rv_u/id_ex/isNeededWrite_reg[1]_46
    SLICE_X68Y31         LUT3 (Prop_lut3_I2_O)        0.126     8.684 r  mini_rv_u/id_ex/PCtable[86][36]_i_1/O
                         net (fo=30, routed)          1.376    10.060    mini_rv_u/If/IF_npc/branchPredictor/bht/PCtable_reg[86][35]_0
    SLICE_X42Y55         FDRE                                         r  mini_rv_u/If/IF_npc/branchPredictor/bht/PCtable_reg[86][16]/CE
  -------------------------------------------------------------------    -------------------

                         (clock clk_out1_cpuclk_1 rise edge)
                                                     13.333    13.333 r  
    U18                                               0.000    13.333 r  clk (IN)
                         net (fo=0)                   0.000    13.333    cpuClk/inst/clk_in1
    U18                  IBUF (Prop_ibuf_I_O)         1.363    14.697 r  cpuClk/inst/clkin1_ibufg/O
                         net (fo=1, routed)           1.019    15.715    cpuClk/inst/clk_in1_cpuclk
    PLLE2_ADV_X1Y1       PLLE2_ADV (Prop_plle2_adv_CLKIN1_CLKOUT0)
                                                     -6.696     9.020 r  cpuClk/inst/plle2_adv_inst/CLKOUT0
                         net (fo=1, routed)           1.451    10.471    cpuClk/inst/clk_out1_cpuclk
    BUFGCTRL_X0Y16       BUFG (Prop_bufg_I_O)         0.077    10.548 r  cpuClk/inst/clkout1_buf/O
                         net (fo=7900, routed)        1.235    11.783    mini_rv_u/If/IF_npc/branchPredictor/bht/clk_out1
    SLICE_X42Y55         FDRE                                         r  mini_rv_u/If/IF_npc/branchPredictor/bht/PCtable_reg[86][16]/C
                         clock pessimism             -0.549    11.234    
                         clock uncertainty           -0.136    11.098    
    SLICE_X42Y55         FDRE (Setup_fdre_C_CE)      -0.306    10.792    mini_rv_u/If/IF_npc/branchPredictor/bht/PCtable_reg[86][16]
  -------------------------------------------------------------------
                         required time                         10.792    
                         arrival time                         -10.060    
  -------------------------------------------------------------------
                         slack                                  0.731    

Slack (MET) :             0.731ns  (required time - arrival time)
  Source:                 mini_rv_u/id_ex/Rs2_o_reg[4]/C
                            (rising edge-triggered cell FDCE clocked by clk_out1_cpuclk_1  {rise@0.000ns fall@6.667ns period=13.333ns})
  Destination:            mini_rv_u/If/IF_npc/branchPredictor/bht/PCtable_reg[86][17]/CE
                            (rising edge-triggered cell FDRE clocked by clk_out1_cpuclk_1  {rise@0.000ns fall@6.667ns period=13.333ns})
  Path Group:             clk_out1_cpuclk_1
  Path Type:              Setup (Max at Slow Process Corner)
  Requirement:            13.333ns  (clk_out1_cpuclk_1 rise@13.333ns - clk_out1_cpuclk_1 rise@0.000ns)
  Data Path Delay:        11.944ns  (logic 3.012ns (25.218%)  route 8.932ns (74.782%))
  Logic Levels:           14  (CARRY4=3 LUT2=1 LUT3=1 LUT4=2 LUT5=2 LUT6=5)
  Clock Path Skew:        -0.216ns (DCD - SCD + CPR)
    Destination Clock Delay (DCD):    -1.550ns = ( 11.783 - 13.333 ) 
    Source Clock Delay      (SCD):    -1.884ns
    Clock Pessimism Removal (CPR):    -0.549ns
  Clock Uncertainty:      0.136ns  ((TSJ^2 + DJ^2)^1/2) / 2 + PE
    Total System Jitter     (TSJ):    0.071ns
    Discrete Jitter          (DJ):    0.263ns
    Phase Error              (PE):    0.000ns

    Location             Delay type                Incr(ns)  Path(ns)    Netlist Resource(s)
  -------------------------------------------------------------------    -------------------
                         (clock clk_out1_cpuclk_1 rise edge)
                                                      0.000     0.000 r  
    U18                                               0.000     0.000 r  clk (IN)
                         net (fo=0)                   0.000     0.000    cpuClk/inst/clk_in1
    U18                  IBUF (Prop_ibuf_I_O)         1.429     1.429 r  cpuClk/inst/clkin1_ibufg/O
                         net (fo=1, routed)           1.126     2.555    cpuClk/inst/clk_in1_cpuclk
    PLLE2_ADV_X1Y1       PLLE2_ADV (Prop_plle2_adv_CLKIN1_CLKOUT0)
                                                     -7.569    -5.014 r  cpuClk/inst/plle2_adv_inst/CLKOUT0
                         net (fo=1, routed)           1.594    -3.420    cpuClk/inst/clk_out1_cpuclk
    BUFGCTRL_X0Y16       BUFG (Prop_bufg_I_O)         0.085    -3.335 r  cpuClk/inst/clkout1_buf/O
                         net (fo=7900, routed)        1.451    -1.884    mini_rv_u/id_ex/clk_out1
    SLICE_X54Y15         FDCE                                         r  mini_rv_u/id_ex/Rs2_o_reg[4]/C
  -------------------------------------------------------------------    -------------------
    SLICE_X54Y15         FDCE (Prop_fdce_C_Q)         0.398    -1.486 r  mini_rv_u/id_ex/Rs2_o_reg[4]/Q
                         net (fo=5, routed)           1.008    -0.478    mini_rv_u/forwardingUnit/Rs2_o[4]
    SLICE_X53Y16         LUT6 (Prop_lut6_I0_O)        0.232    -0.246 f  mini_rv_u/forwardingUnit/i_/q[4]_i_14/O
                         net (fo=1, routed)           0.346     0.100    mini_rv_u/forwardingUnit/i_/q[4]_i_14_n_0
    SLICE_X53Y16         LUT4 (Prop_lut4_I3_O)        0.105     0.205 f  mini_rv_u/forwardingUnit/i_/q[4]_i_10/O
                         net (fo=37, routed)          0.425     0.630    mini_rv_u/forwardingUnit/RegWr_o_reg[1]
    SLICE_X52Y16         LUT5 (Prop_lut5_I4_O)        0.105     0.735 r  mini_rv_u/forwardingUnit/i_/DRAMIn_o[31]_i_2/O
                         net (fo=93, routed)          0.627     1.362    mini_rv_u/forwardingUnit/MUX_B_Forwarding
    SLICE_X49Y20         LUT6 (Prop_lut6_I0_O)        0.105     1.467 r  mini_rv_u/forwardingUnit/i_/q[0]_i_3/O
                         net (fo=2, routed)           0.550     2.017    mini_rv_u/id_ex/forwardingB[0]
    SLICE_X49Y25         LUT4 (Prop_lut4_I1_O)        0.105     2.122 r  mini_rv_u/id_ex/q[0]_i_2/O
                         net (fo=99, routed)          0.852     2.974    mini_rv_u/id_ex/BSel_o_reg_0[0]
    SLICE_X43Y27         LUT5 (Prop_lut5_I1_O)        0.127     3.101 r  mini_rv_u/id_ex/addOut0_carry_i_5/O
                         net (fo=1, routed)           0.451     3.552    mini_rv_u/Ex/alu/S[0]
    SLICE_X45Y27         CARRY4 (Prop_carry4_S[0]_CO[3])
                                                      0.708     4.260 r  mini_rv_u/Ex/alu/addOut0_carry/CO[3]
                         net (fo=1, routed)           0.000     4.260    mini_rv_u/Ex/alu/addOut0_carry_n_0
    SLICE_X45Y28         CARRY4 (Prop_carry4_CI_CO[3])
                                                      0.098     4.358 r  mini_rv_u/Ex/alu/addOut0_carry__0/CO[3]
                         net (fo=1, routed)           0.000     4.358    mini_rv_u/Ex/alu/addOut0_carry__0_n_0
    SLICE_X45Y29         CARRY4 (Prop_carry4_CI_O[0])
                                                      0.180     4.538 r  mini_rv_u/Ex/alu/addOut0_carry__1/O[0]
                         net (fo=1, routed)           0.520     5.058    mini_rv_u/id_ex/data6[8]
    SLICE_X50Y33         LUT6 (Prop_lut6_I5_O)        0.249     5.307 r  mini_rv_u/id_ex/PCtable[127][6]_i_3/O
                         net (fo=2, routed)           0.232     5.538    mini_rv_u/id_ex/PCtable[127][6]_i_3_n_0
    SLICE_X53Y33         LUT6 (Prop_lut6_I1_O)        0.105     5.643 r  mini_rv_u/id_ex/PCtable[127][6]_i_1/O
                         net (fo=177, routed)         1.048     6.692    mini_rv_u/id_ex/ALUOut_EX[8]
    SLICE_X62Y29         LUT2 (Prop_lut2_I0_O)        0.105     6.797 f  mini_rv_u/id_ex/PCtable[71][36]_i_3/O
                         net (fo=12, routed)          0.861     7.657    mini_rv_u/id_ex/PCtable[71][36]_i_3_n_0
    SLICE_X68Y31         LUT6 (Prop_lut6_I1_O)        0.264     7.921 r  mini_rv_u/id_ex/PCtable[86][36]_i_2/O
                         net (fo=4, routed)           0.637     8.558    mini_rv_u/id_ex/isNeededWrite_reg[1]_46
    SLICE_X68Y31         LUT3 (Prop_lut3_I2_O)        0.126     8.684 r  mini_rv_u/id_ex/PCtable[86][36]_i_1/O
                         net (fo=30, routed)          1.376    10.060    mini_rv_u/If/IF_npc/branchPredictor/bht/PCtable_reg[86][35]_0
    SLICE_X42Y55         FDRE                                         r  mini_rv_u/If/IF_npc/branchPredictor/bht/PCtable_reg[86][17]/CE
  -------------------------------------------------------------------    -------------------

                         (clock clk_out1_cpuclk_1 rise edge)
                                                     13.333    13.333 r  
    U18                                               0.000    13.333 r  clk (IN)
                         net (fo=0)                   0.000    13.333    cpuClk/inst/clk_in1
    U18                  IBUF (Prop_ibuf_I_O)         1.363    14.697 r  cpuClk/inst/clkin1_ibufg/O
                         net (fo=1, routed)           1.019    15.715    cpuClk/inst/clk_in1_cpuclk
    PLLE2_ADV_X1Y1       PLLE2_ADV (Prop_plle2_adv_CLKIN1_CLKOUT0)
                                                     -6.696     9.020 r  cpuClk/inst/plle2_adv_inst/CLKOUT0
                         net (fo=1, routed)           1.451    10.471    cpuClk/inst/clk_out1_cpuclk
    BUFGCTRL_X0Y16       BUFG (Prop_bufg_I_O)         0.077    10.548 r  cpuClk/inst/clkout1_buf/O
                         net (fo=7900, routed)        1.235    11.783    mini_rv_u/If/IF_npc/branchPredictor/bht/clk_out1
    SLICE_X42Y55         FDRE                                         r  mini_rv_u/If/IF_npc/branchPredictor/bht/PCtable_reg[86][17]/C
                         clock pessimism             -0.549    11.234    
                         clock uncertainty           -0.136    11.098    
    SLICE_X42Y55         FDRE (Setup_fdre_C_CE)      -0.306    10.792    mini_rv_u/If/IF_npc/branchPredictor/bht/PCtable_reg[86][17]
  -------------------------------------------------------------------
                         required time                         10.792    
                         arrival time                         -10.060    
  -------------------------------------------------------------------
                         slack                                  0.731    

Slack (MET) :             0.731ns  (required time - arrival time)
  Source:                 mini_rv_u/id_ex/Rs2_o_reg[4]/C
                            (rising edge-triggered cell FDCE clocked by clk_out1_cpuclk_1  {rise@0.000ns fall@6.667ns period=13.333ns})
  Destination:            mini_rv_u/If/IF_npc/branchPredictor/bht/PCtable_reg[86][18]/CE
                            (rising edge-triggered cell FDRE clocked by clk_out1_cpuclk_1  {rise@0.000ns fall@6.667ns period=13.333ns})
  Path Group:             clk_out1_cpuclk_1
  Path Type:              Setup (Max at Slow Process Corner)
  Requirement:            13.333ns  (clk_out1_cpuclk_1 rise@13.333ns - clk_out1_cpuclk_1 rise@0.000ns)
  Data Path Delay:        11.944ns  (logic 3.012ns (25.218%)  route 8.932ns (74.782%))
  Logic Levels:           14  (CARRY4=3 LUT2=1 LUT3=1 LUT4=2 LUT5=2 LUT6=5)
  Clock Path Skew:        -0.216ns (DCD - SCD + CPR)
    Destination Clock Delay (DCD):    -1.550ns = ( 11.783 - 13.333 ) 
    Source Clock Delay      (SCD):    -1.884ns
    Clock Pessimism Removal (CPR):    -0.549ns
  Clock Uncertainty:      0.136ns  ((TSJ^2 + DJ^2)^1/2) / 2 + PE
    Total System Jitter     (TSJ):    0.071ns
    Discrete Jitter          (DJ):    0.263ns
    Phase Error              (PE):    0.000ns

    Location             Delay type                Incr(ns)  Path(ns)    Netlist Resource(s)
  -------------------------------------------------------------------    -------------------
                         (clock clk_out1_cpuclk_1 rise edge)
                                                      0.000     0.000 r  
    U18                                               0.000     0.000 r  clk (IN)
                         net (fo=0)                   0.000     0.000    cpuClk/inst/clk_in1
    U18                  IBUF (Prop_ibuf_I_O)         1.429     1.429 r  cpuClk/inst/clkin1_ibufg/O
                         net (fo=1, routed)           1.126     2.555    cpuClk/inst/clk_in1_cpuclk
    PLLE2_ADV_X1Y1       PLLE2_ADV (Prop_plle2_adv_CLKIN1_CLKOUT0)
                                                     -7.569    -5.014 r  cpuClk/inst/plle2_adv_inst/CLKOUT0
                         net (fo=1, routed)           1.594    -3.420    cpuClk/inst/clk_out1_cpuclk
    BUFGCTRL_X0Y16       BUFG (Prop_bufg_I_O)         0.085    -3.335 r  cpuClk/inst/clkout1_buf/O
                         net (fo=7900, routed)        1.451    -1.884    mini_rv_u/id_ex/clk_out1
    SLICE_X54Y15         FDCE                                         r  mini_rv_u/id_ex/Rs2_o_reg[4]/C
  -------------------------------------------------------------------    -------------------
    SLICE_X54Y15         FDCE (Prop_fdce_C_Q)         0.398    -1.486 r  mini_rv_u/id_ex/Rs2_o_reg[4]/Q
                         net (fo=5, routed)           1.008    -0.478    mini_rv_u/forwardingUnit/Rs2_o[4]
    SLICE_X53Y16         LUT6 (Prop_lut6_I0_O)        0.232    -0.246 f  mini_rv_u/forwardingUnit/i_/q[4]_i_14/O
                         net (fo=1, routed)           0.346     0.100    mini_rv_u/forwardingUnit/i_/q[4]_i_14_n_0
    SLICE_X53Y16         LUT4 (Prop_lut4_I3_O)        0.105     0.205 f  mini_rv_u/forwardingUnit/i_/q[4]_i_10/O
                         net (fo=37, routed)          0.425     0.630    mini_rv_u/forwardingUnit/RegWr_o_reg[1]
    SLICE_X52Y16         LUT5 (Prop_lut5_I4_O)        0.105     0.735 r  mini_rv_u/forwardingUnit/i_/DRAMIn_o[31]_i_2/O
                         net (fo=93, routed)          0.627     1.362    mini_rv_u/forwardingUnit/MUX_B_Forwarding
    SLICE_X49Y20         LUT6 (Prop_lut6_I0_O)        0.105     1.467 r  mini_rv_u/forwardingUnit/i_/q[0]_i_3/O
                         net (fo=2, routed)           0.550     2.017    mini_rv_u/id_ex/forwardingB[0]
    SLICE_X49Y25         LUT4 (Prop_lut4_I1_O)        0.105     2.122 r  mini_rv_u/id_ex/q[0]_i_2/O
                         net (fo=99, routed)          0.852     2.974    mini_rv_u/id_ex/BSel_o_reg_0[0]
    SLICE_X43Y27         LUT5 (Prop_lut5_I1_O)        0.127     3.101 r  mini_rv_u/id_ex/addOut0_carry_i_5/O
                         net (fo=1, routed)           0.451     3.552    mini_rv_u/Ex/alu/S[0]
    SLICE_X45Y27         CARRY4 (Prop_carry4_S[0]_CO[3])
                                                      0.708     4.260 r  mini_rv_u/Ex/alu/addOut0_carry/CO[3]
                         net (fo=1, routed)           0.000     4.260    mini_rv_u/Ex/alu/addOut0_carry_n_0
    SLICE_X45Y28         CARRY4 (Prop_carry4_CI_CO[3])
                                                      0.098     4.358 r  mini_rv_u/Ex/alu/addOut0_carry__0/CO[3]
                         net (fo=1, routed)           0.000     4.358    mini_rv_u/Ex/alu/addOut0_carry__0_n_0
    SLICE_X45Y29         CARRY4 (Prop_carry4_CI_O[0])
                                                      0.180     4.538 r  mini_rv_u/Ex/alu/addOut0_carry__1/O[0]
                         net (fo=1, routed)           0.520     5.058    mini_rv_u/id_ex/data6[8]
    SLICE_X50Y33         LUT6 (Prop_lut6_I5_O)        0.249     5.307 r  mini_rv_u/id_ex/PCtable[127][6]_i_3/O
                         net (fo=2, routed)           0.232     5.538    mini_rv_u/id_ex/PCtable[127][6]_i_3_n_0
    SLICE_X53Y33         LUT6 (Prop_lut6_I1_O)        0.105     5.643 r  mini_rv_u/id_ex/PCtable[127][6]_i_1/O
                         net (fo=177, routed)         1.048     6.692    mini_rv_u/id_ex/ALUOut_EX[8]
    SLICE_X62Y29         LUT2 (Prop_lut2_I0_O)        0.105     6.797 f  mini_rv_u/id_ex/PCtable[71][36]_i_3/O
                         net (fo=12, routed)          0.861     7.657    mini_rv_u/id_ex/PCtable[71][36]_i_3_n_0
    SLICE_X68Y31         LUT6 (Prop_lut6_I1_O)        0.264     7.921 r  mini_rv_u/id_ex/PCtable[86][36]_i_2/O
                         net (fo=4, routed)           0.637     8.558    mini_rv_u/id_ex/isNeededWrite_reg[1]_46
    SLICE_X68Y31         LUT3 (Prop_lut3_I2_O)        0.126     8.684 r  mini_rv_u/id_ex/PCtable[86][36]_i_1/O
                         net (fo=30, routed)          1.376    10.060    mini_rv_u/If/IF_npc/branchPredictor/bht/PCtable_reg[86][35]_0
    SLICE_X42Y55         FDRE                                         r  mini_rv_u/If/IF_npc/branchPredictor/bht/PCtable_reg[86][18]/CE
  -------------------------------------------------------------------    -------------------

                         (clock clk_out1_cpuclk_1 rise edge)
                                                     13.333    13.333 r  
    U18                                               0.000    13.333 r  clk (IN)
                         net (fo=0)                   0.000    13.333    cpuClk/inst/clk_in1
    U18                  IBUF (Prop_ibuf_I_O)         1.363    14.697 r  cpuClk/inst/clkin1_ibufg/O
                         net (fo=1, routed)           1.019    15.715    cpuClk/inst/clk_in1_cpuclk
    PLLE2_ADV_X1Y1       PLLE2_ADV (Prop_plle2_adv_CLKIN1_CLKOUT0)
                                                     -6.696     9.020 r  cpuClk/inst/plle2_adv_inst/CLKOUT0
                         net (fo=1, routed)           1.451    10.471    cpuClk/inst/clk_out1_cpuclk
    BUFGCTRL_X0Y16       BUFG (Prop_bufg_I_O)         0.077    10.548 r  cpuClk/inst/clkout1_buf/O
                         net (fo=7900, routed)        1.235    11.783    mini_rv_u/If/IF_npc/branchPredictor/bht/clk_out1
    SLICE_X42Y55         FDRE                                         r  mini_rv_u/If/IF_npc/branchPredictor/bht/PCtable_reg[86][18]/C
                         clock pessimism             -0.549    11.234    
                         clock uncertainty           -0.136    11.098    
    SLICE_X42Y55         FDRE (Setup_fdre_C_CE)      -0.306    10.792    mini_rv_u/If/IF_npc/branchPredictor/bht/PCtable_reg[86][18]
  -------------------------------------------------------------------
                         required time                         10.792    
                         arrival time                         -10.060    
  -------------------------------------------------------------------
                         slack                                  0.731    

Slack (MET) :             0.750ns  (required time - arrival time)
  Source:                 mini_rv_u/id_ex/Rs2_o_reg[4]/C
                            (rising edge-triggered cell FDCE clocked by clk_out1_cpuclk_1  {rise@0.000ns fall@6.667ns period=13.333ns})
  Destination:            mini_rv_u/If/IF_npc/branchPredictor/bht/PCtable_reg[80][24]/CE
                            (rising edge-triggered cell FDRE clocked by clk_out1_cpuclk_1  {rise@0.000ns fall@6.667ns period=13.333ns})
  Path Group:             clk_out1_cpuclk_1
  Path Type:              Setup (Max at Slow Process Corner)
  Requirement:            13.333ns  (clk_out1_cpuclk_1 rise@13.333ns - clk_out1_cpuclk_1 rise@0.000ns)
  Data Path Delay:        11.932ns  (logic 3.024ns (25.343%)  route 8.908ns (74.657%))
  Logic Levels:           13  (CARRY4=2 LUT2=1 LUT3=1 LUT4=2 LUT5=2 LUT6=5)
  Clock Path Skew:        -0.185ns (DCD - SCD + CPR)
    Destination Clock Delay (DCD):    -1.531ns = ( 11.802 - 13.333 ) 
    Source Clock Delay      (SCD):    -1.884ns
    Clock Pessimism Removal (CPR):    -0.537ns
  Clock Uncertainty:      0.136ns  ((TSJ^2 + DJ^2)^1/2) / 2 + PE
    Total System Jitter     (TSJ):    0.071ns
    Discrete Jitter          (DJ):    0.263ns
    Phase Error              (PE):    0.000ns

    Location             Delay type                Incr(ns)  Path(ns)    Netlist Resource(s)
  -------------------------------------------------------------------    -------------------
                         (clock clk_out1_cpuclk_1 rise edge)
                                                      0.000     0.000 r  
    U18                                               0.000     0.000 r  clk (IN)
                         net (fo=0)                   0.000     0.000    cpuClk/inst/clk_in1
    U18                  IBUF (Prop_ibuf_I_O)         1.429     1.429 r  cpuClk/inst/clkin1_ibufg/O
                         net (fo=1, routed)           1.126     2.555    cpuClk/inst/clk_in1_cpuclk
    PLLE2_ADV_X1Y1       PLLE2_ADV (Prop_plle2_adv_CLKIN1_CLKOUT0)
                                                     -7.569    -5.014 r  cpuClk/inst/plle2_adv_inst/CLKOUT0
                         net (fo=1, routed)           1.594    -3.420    cpuClk/inst/clk_out1_cpuclk
    BUFGCTRL_X0Y16       BUFG (Prop_bufg_I_O)         0.085    -3.335 r  cpuClk/inst/clkout1_buf/O
                         net (fo=7900, routed)        1.451    -1.884    mini_rv_u/id_ex/clk_out1
    SLICE_X54Y15         FDCE                                         r  mini_rv_u/id_ex/Rs2_o_reg[4]/C
  -------------------------------------------------------------------    -------------------
    SLICE_X54Y15         FDCE (Prop_fdce_C_Q)         0.398    -1.486 r  mini_rv_u/id_ex/Rs2_o_reg[4]/Q
                         net (fo=5, routed)           1.008    -0.478    mini_rv_u/forwardingUnit/Rs2_o[4]
    SLICE_X53Y16         LUT6 (Prop_lut6_I0_O)        0.232    -0.246 f  mini_rv_u/forwardingUnit/i_/q[4]_i_14/O
                         net (fo=1, routed)           0.346     0.100    mini_rv_u/forwardingUnit/i_/q[4]_i_14_n_0
    SLICE_X53Y16         LUT4 (Prop_lut4_I3_O)        0.105     0.205 f  mini_rv_u/forwardingUnit/i_/q[4]_i_10/O
                         net (fo=37, routed)          0.425     0.630    mini_rv_u/forwardingUnit/RegWr_o_reg[1]
    SLICE_X52Y16         LUT5 (Prop_lut5_I4_O)        0.105     0.735 r  mini_rv_u/forwardingUnit/i_/DRAMIn_o[31]_i_2/O
                         net (fo=93, routed)          0.627     1.362    mini_rv_u/forwardingUnit/MUX_B_Forwarding
    SLICE_X49Y20         LUT6 (Prop_lut6_I0_O)        0.105     1.467 r  mini_rv_u/forwardingUnit/i_/q[0]_i_3/O
                         net (fo=2, routed)           0.550     2.017    mini_rv_u/id_ex/forwardingB[0]
    SLICE_X49Y25         LUT4 (Prop_lut4_I1_O)        0.105     2.122 r  mini_rv_u/id_ex/q[0]_i_2/O
                         net (fo=99, routed)          0.852     2.974    mini_rv_u/id_ex/BSel_o_reg_0[0]
    SLICE_X43Y27         LUT5 (Prop_lut5_I1_O)        0.127     3.101 r  mini_rv_u/id_ex/addOut0_carry_i_5/O
                         net (fo=1, routed)           0.451     3.552    mini_rv_u/Ex/alu/S[0]
    SLICE_X45Y27         CARRY4 (Prop_carry4_S[0]_CO[3])
                                                      0.708     4.260 r  mini_rv_u/Ex/alu/addOut0_carry/CO[3]
                         net (fo=1, routed)           0.000     4.260    mini_rv_u/Ex/alu/addOut0_carry_n_0
    SLICE_X45Y28         CARRY4 (Prop_carry4_CI_O[1])
                                                      0.265     4.525 f  mini_rv_u/Ex/alu/addOut0_carry__0/O[1]
                         net (fo=1, routed)           0.475     5.000    mini_rv_u/id_ex/data6[5]
    SLICE_X53Y29         LUT6 (Prop_lut6_I5_O)        0.250     5.250 f  mini_rv_u/id_ex/PCtable[127][3]_i_3/O
                         net (fo=2, routed)           0.525     5.776    mini_rv_u/id_ex/PCtable[127][3]_i_3_n_0
    SLICE_X55Y30         LUT6 (Prop_lut6_I1_O)        0.105     5.881 f  mini_rv_u/id_ex/PCtable[127][3]_i_1/O
                         net (fo=162, routed)         0.870     6.751    mini_rv_u/id_ex/ALUOut_EX[5]
    SLICE_X67Y28         LUT2 (Prop_lut2_I1_O)        0.126     6.877 r  mini_rv_u/id_ex/PCtable[86][36]_i_3/O
                         net (fo=8, routed)           0.674     7.551    mini_rv_u/id_ex/PCtable[86][36]_i_3_n_0
    SLICE_X67Y32         LUT6 (Prop_lut6_I1_O)        0.267     7.818 r  mini_rv_u/id_ex/PCtable[80][36]_i_2/O
                         net (fo=3, routed)           0.650     8.468    mini_rv_u/id_ex/isNeededWrite_reg[1]_113
    SLICE_X67Y33         LUT3 (Prop_lut3_I2_O)        0.126     8.594 r  mini_rv_u/id_ex/PCtable[80][36]_i_1/O
                         net (fo=30, routed)          1.455    10.049    mini_rv_u/If/IF_npc/branchPredictor/bht/PCtable_reg[80][35]_0
    SLICE_X35Y47         FDRE                                         r  mini_rv_u/If/IF_npc/branchPredictor/bht/PCtable_reg[80][24]/CE
  -------------------------------------------------------------------    -------------------

                         (clock clk_out1_cpuclk_1 rise edge)
                                                     13.333    13.333 r  
    U18                                               0.000    13.333 r  clk (IN)
                         net (fo=0)                   0.000    13.333    cpuClk/inst/clk_in1
    U18                  IBUF (Prop_ibuf_I_O)         1.363    14.697 r  cpuClk/inst/clkin1_ibufg/O
                         net (fo=1, routed)           1.019    15.715    cpuClk/inst/clk_in1_cpuclk
    PLLE2_ADV_X1Y1       PLLE2_ADV (Prop_plle2_adv_CLKIN1_CLKOUT0)
                                                     -6.696     9.020 r  cpuClk/inst/plle2_adv_inst/CLKOUT0
                         net (fo=1, routed)           1.451    10.471    cpuClk/inst/clk_out1_cpuclk
    BUFGCTRL_X0Y16       BUFG (Prop_bufg_I_O)         0.077    10.548 r  cpuClk/inst/clkout1_buf/O
                         net (fo=7900, routed)        1.254    11.802    mini_rv_u/If/IF_npc/branchPredictor/bht/clk_out1
    SLICE_X35Y47         FDRE                                         r  mini_rv_u/If/IF_npc/branchPredictor/bht/PCtable_reg[80][24]/C
                         clock pessimism             -0.537    11.265    
                         clock uncertainty           -0.136    11.129    
    SLICE_X35Y47         FDRE (Setup_fdre_C_CE)      -0.330    10.799    mini_rv_u/If/IF_npc/branchPredictor/bht/PCtable_reg[80][24]
  -------------------------------------------------------------------
                         required time                         10.799    
                         arrival time                         -10.049    
  -------------------------------------------------------------------
                         slack                                  0.750    

Slack (MET) :             0.769ns  (required time - arrival time)
  Source:                 mini_rv_u/id_ex/Rs2_o_reg[4]/C
                            (rising edge-triggered cell FDCE clocked by clk_out1_cpuclk_1  {rise@0.000ns fall@6.667ns period=13.333ns})
  Destination:            mini_rv_u/If/IF_npc/branchPredictor/bht/PCtable_reg[86][23]/CE
                            (rising edge-triggered cell FDRE clocked by clk_out1_cpuclk_1  {rise@0.000ns fall@6.667ns period=13.333ns})
  Path Group:             clk_out1_cpuclk_1
  Path Type:              Setup (Max at Slow Process Corner)
  Requirement:            13.333ns  (clk_out1_cpuclk_1 rise@13.333ns - clk_out1_cpuclk_1 rise@0.000ns)
  Data Path Delay:        11.903ns  (logic 3.012ns (25.305%)  route 8.891ns (74.695%))
  Logic Levels:           14  (CARRY4=3 LUT2=1 LUT3=1 LUT4=2 LUT5=2 LUT6=5)
  Clock Path Skew:        -0.187ns (DCD - SCD + CPR)
    Destination Clock Delay (DCD):    -1.533ns = ( 11.800 - 13.333 ) 
    Source Clock Delay      (SCD):    -1.884ns
    Clock Pessimism Removal (CPR):    -0.537ns
  Clock Uncertainty:      0.136ns  ((TSJ^2 + DJ^2)^1/2) / 2 + PE
    Total System Jitter     (TSJ):    0.071ns
    Discrete Jitter          (DJ):    0.263ns
    Phase Error              (PE):    0.000ns

    Location             Delay type                Incr(ns)  Path(ns)    Netlist Resource(s)
  -------------------------------------------------------------------    -------------------
                         (clock clk_out1_cpuclk_1 rise edge)
                                                      0.000     0.000 r  
    U18                                               0.000     0.000 r  clk (IN)
                         net (fo=0)                   0.000     0.000    cpuClk/inst/clk_in1
    U18                  IBUF (Prop_ibuf_I_O)         1.429     1.429 r  cpuClk/inst/clkin1_ibufg/O
                         net (fo=1, routed)           1.126     2.555    cpuClk/inst/clk_in1_cpuclk
    PLLE2_ADV_X1Y1       PLLE2_ADV (Prop_plle2_adv_CLKIN1_CLKOUT0)
                                                     -7.569    -5.014 r  cpuClk/inst/plle2_adv_inst/CLKOUT0
                         net (fo=1, routed)           1.594    -3.420    cpuClk/inst/clk_out1_cpuclk
    BUFGCTRL_X0Y16       BUFG (Prop_bufg_I_O)         0.085    -3.335 r  cpuClk/inst/clkout1_buf/O
                         net (fo=7900, routed)        1.451    -1.884    mini_rv_u/id_ex/clk_out1
    SLICE_X54Y15         FDCE                                         r  mini_rv_u/id_ex/Rs2_o_reg[4]/C
  -------------------------------------------------------------------    -------------------
    SLICE_X54Y15         FDCE (Prop_fdce_C_Q)         0.398    -1.486 r  mini_rv_u/id_ex/Rs2_o_reg[4]/Q
                         net (fo=5, routed)           1.008    -0.478    mini_rv_u/forwardingUnit/Rs2_o[4]
    SLICE_X53Y16         LUT6 (Prop_lut6_I0_O)        0.232    -0.246 f  mini_rv_u/forwardingUnit/i_/q[4]_i_14/O
                         net (fo=1, routed)           0.346     0.100    mini_rv_u/forwardingUnit/i_/q[4]_i_14_n_0
    SLICE_X53Y16         LUT4 (Prop_lut4_I3_O)        0.105     0.205 f  mini_rv_u/forwardingUnit/i_/q[4]_i_10/O
                         net (fo=37, routed)          0.425     0.630    mini_rv_u/forwardingUnit/RegWr_o_reg[1]
    SLICE_X52Y16         LUT5 (Prop_lut5_I4_O)        0.105     0.735 r  mini_rv_u/forwardingUnit/i_/DRAMIn_o[31]_i_2/O
                         net (fo=93, routed)          0.627     1.362    mini_rv_u/forwardingUnit/MUX_B_Forwarding
    SLICE_X49Y20         LUT6 (Prop_lut6_I0_O)        0.105     1.467 r  mini_rv_u/forwardingUnit/i_/q[0]_i_3/O
                         net (fo=2, routed)           0.550     2.017    mini_rv_u/id_ex/forwardingB[0]
    SLICE_X49Y25         LUT4 (Prop_lut4_I1_O)        0.105     2.122 r  mini_rv_u/id_ex/q[0]_i_2/O
                         net (fo=99, routed)          0.852     2.974    mini_rv_u/id_ex/BSel_o_reg_0[0]
    SLICE_X43Y27         LUT5 (Prop_lut5_I1_O)        0.127     3.101 r  mini_rv_u/id_ex/addOut0_carry_i_5/O
                         net (fo=1, routed)           0.451     3.552    mini_rv_u/Ex/alu/S[0]
    SLICE_X45Y27         CARRY4 (Prop_carry4_S[0]_CO[3])
                                                      0.708     4.260 r  mini_rv_u/Ex/alu/addOut0_carry/CO[3]
                         net (fo=1, routed)           0.000     4.260    mini_rv_u/Ex/alu/addOut0_carry_n_0
    SLICE_X45Y28         CARRY4 (Prop_carry4_CI_CO[3])
                                                      0.098     4.358 r  mini_rv_u/Ex/alu/addOut0_carry__0/CO[3]
                         net (fo=1, routed)           0.000     4.358    mini_rv_u/Ex/alu/addOut0_carry__0_n_0
    SLICE_X45Y29         CARRY4 (Prop_carry4_CI_O[0])
                                                      0.180     4.538 r  mini_rv_u/Ex/alu/addOut0_carry__1/O[0]
                         net (fo=1, routed)           0.520     5.058    mini_rv_u/id_ex/data6[8]
    SLICE_X50Y33         LUT6 (Prop_lut6_I5_O)        0.249     5.307 r  mini_rv_u/id_ex/PCtable[127][6]_i_3/O
                         net (fo=2, routed)           0.232     5.538    mini_rv_u/id_ex/PCtable[127][6]_i_3_n_0
    SLICE_X53Y33         LUT6 (Prop_lut6_I1_O)        0.105     5.643 r  mini_rv_u/id_ex/PCtable[127][6]_i_1/O
                         net (fo=177, routed)         1.048     6.692    mini_rv_u/id_ex/ALUOut_EX[8]
    SLICE_X62Y29         LUT2 (Prop_lut2_I0_O)        0.105     6.797 f  mini_rv_u/id_ex/PCtable[71][36]_i_3/O
                         net (fo=12, routed)          0.861     7.657    mini_rv_u/id_ex/PCtable[71][36]_i_3_n_0
    SLICE_X68Y31         LUT6 (Prop_lut6_I1_O)        0.264     7.921 r  mini_rv_u/id_ex/PCtable[86][36]_i_2/O
                         net (fo=4, routed)           0.637     8.558    mini_rv_u/id_ex/isNeededWrite_reg[1]_46
    SLICE_X68Y31         LUT3 (Prop_lut3_I2_O)        0.126     8.684 r  mini_rv_u/id_ex/PCtable[86][36]_i_1/O
                         net (fo=30, routed)          1.335    10.019    mini_rv_u/If/IF_npc/branchPredictor/bht/PCtable_reg[86][35]_0
    SLICE_X44Y46         FDRE                                         r  mini_rv_u/If/IF_npc/branchPredictor/bht/PCtable_reg[86][23]/CE
  -------------------------------------------------------------------    -------------------

                         (clock clk_out1_cpuclk_1 rise edge)
                                                     13.333    13.333 r  
    U18                                               0.000    13.333 r  clk (IN)
                         net (fo=0)                   0.000    13.333    cpuClk/inst/clk_in1
    U18                  IBUF (Prop_ibuf_I_O)         1.363    14.697 r  cpuClk/inst/clkin1_ibufg/O
                         net (fo=1, routed)           1.019    15.715    cpuClk/inst/clk_in1_cpuclk
    PLLE2_ADV_X1Y1       PLLE2_ADV (Prop_plle2_adv_CLKIN1_CLKOUT0)
                                                     -6.696     9.020 r  cpuClk/inst/plle2_adv_inst/CLKOUT0
                         net (fo=1, routed)           1.451    10.471    cpuClk/inst/clk_out1_cpuclk
    BUFGCTRL_X0Y16       BUFG (Prop_bufg_I_O)         0.077    10.548 r  cpuClk/inst/clkout1_buf/O
                         net (fo=7900, routed)        1.252    11.800    mini_rv_u/If/IF_npc/branchPredictor/bht/clk_out1
    SLICE_X44Y46         FDRE                                         r  mini_rv_u/If/IF_npc/branchPredictor/bht/PCtable_reg[86][23]/C
                         clock pessimism             -0.537    11.263    
                         clock uncertainty           -0.136    11.127    
    SLICE_X44Y46         FDRE (Setup_fdre_C_CE)      -0.338    10.789    mini_rv_u/If/IF_npc/branchPredictor/bht/PCtable_reg[86][23]
  -------------------------------------------------------------------
                         required time                         10.789    
                         arrival time                         -10.019    
  -------------------------------------------------------------------
                         slack                                  0.769    





Min Delay Paths
--------------------------------------------------------------------------------------
Slack (MET) :             0.086ns  (arrival time - required time)
  Source:                 mini_rv_u/ex_mem/ALUOut_o_reg[19]/C
                            (rising edge-triggered cell FDCE clocked by clk_out1_cpuclk_1  {rise@0.000ns fall@6.667ns period=13.333ns})
  Destination:            mini_rv_u/mem_wb/ALUOut_o_reg[19]/D
                            (rising edge-triggered cell FDCE clocked by clk_out1_cpuclk_1  {rise@0.000ns fall@6.667ns period=13.333ns})
  Path Group:             clk_out1_cpuclk_1
  Path Type:              Hold (Min at Fast Process Corner)
  Requirement:            0.000ns  (clk_out1_cpuclk_1 rise@0.000ns - clk_out1_cpuclk_1 rise@0.000ns)
  Data Path Delay:        0.420ns  (logic 0.164ns (39.050%)  route 0.256ns (60.950%))
  Logic Levels:           0  
  Clock Path Skew:        0.264ns (DCD - SCD - CPR)
    Destination Clock Delay (DCD):    -0.353ns
    Source Clock Delay      (SCD):    -0.582ns
    Clock Pessimism Removal (CPR):    -0.035ns

    Location             Delay type                Incr(ns)  Path(ns)    Netlist Resource(s)
  -------------------------------------------------------------------    -------------------
                         (clock clk_out1_cpuclk_1 rise edge)
                                                      0.000     0.000 r  
    U18                                               0.000     0.000 r  clk (IN)
                         net (fo=0)                   0.000     0.000    cpuClk/inst/clk_in1
    U18                  IBUF (Prop_ibuf_I_O)         0.266     0.266 r  cpuClk/inst/clkin1_ibufg/O
                         net (fo=1, routed)           0.440     0.706    cpuClk/inst/clk_in1_cpuclk
    PLLE2_ADV_X1Y1       PLLE2_ADV (Prop_plle2_adv_CLKIN1_CLKOUT0)
                                                     -2.407    -1.700 r  cpuClk/inst/plle2_adv_inst/CLKOUT0
                         net (fo=1, routed)           0.544    -1.156    cpuClk/inst/clk_out1_cpuclk
    BUFGCTRL_X0Y16       BUFG (Prop_bufg_I_O)         0.026    -1.130 r  cpuClk/inst/clkout1_buf/O
                         net (fo=7900, routed)        0.549    -0.582    mini_rv_u/ex_mem/clk_out1
    SLICE_X50Y20         FDCE                                         r  mini_rv_u/ex_mem/ALUOut_o_reg[19]/C
  -------------------------------------------------------------------    -------------------
    SLICE_X50Y20         FDCE (Prop_fdce_C_Q)         0.164    -0.418 r  mini_rv_u/ex_mem/ALUOut_o_reg[19]/Q
                         net (fo=3, routed)           0.256    -0.162    mini_rv_u/mem_wb/ALUOut_o_reg[31]_1[19]
    SLICE_X43Y20         FDCE                                         r  mini_rv_u/mem_wb/ALUOut_o_reg[19]/D
  -------------------------------------------------------------------    -------------------

                         (clock clk_out1_cpuclk_1 rise edge)
                                                      0.000     0.000 r  
    U18                                               0.000     0.000 r  clk (IN)
                         net (fo=0)                   0.000     0.000    cpuClk/inst/clk_in1
    U18                  IBUF (Prop_ibuf_I_O)         0.454     0.454 r  cpuClk/inst/clkin1_ibufg/O
                         net (fo=1, routed)           0.481     0.935    cpuClk/inst/clk_in1_cpuclk
    PLLE2_ADV_X1Y1       PLLE2_ADV (Prop_plle2_adv_CLKIN1_CLKOUT0)
                                                     -2.727    -1.792 r  cpuClk/inst/plle2_adv_inst/CLKOUT0
                         net (fo=1, routed)           0.592    -1.200    cpuClk/inst/clk_out1_cpuclk
    BUFGCTRL_X0Y16       BUFG (Prop_bufg_I_O)         0.029    -1.171 r  cpuClk/inst/clkout1_buf/O
                         net (fo=7900, routed)        0.818    -0.353    mini_rv_u/mem_wb/clk_out1
    SLICE_X43Y20         FDCE                                         r  mini_rv_u/mem_wb/ALUOut_o_reg[19]/C
                         clock pessimism              0.035    -0.317    
    SLICE_X43Y20         FDCE (Hold_fdce_C_D)         0.070    -0.247    mini_rv_u/mem_wb/ALUOut_o_reg[19]
  -------------------------------------------------------------------
                         required time                          0.247    
                         arrival time                          -0.162    
  -------------------------------------------------------------------
                         slack                                  0.086    

Slack (MET) :             0.106ns  (arrival time - required time)
  Source:                 mini_rv_u/ex_mem/ALUOut_o_reg[25]/C
                            (rising edge-triggered cell FDCE clocked by clk_out1_cpuclk_1  {rise@0.000ns fall@6.667ns period=13.333ns})
  Destination:            mini_rv_u/mem_wb/ALUOut_o_reg[25]/D
                            (rising edge-triggered cell FDCE clocked by clk_out1_cpuclk_1  {rise@0.000ns fall@6.667ns period=13.333ns})
  Path Group:             clk_out1_cpuclk_1
  Path Type:              Hold (Min at Fast Process Corner)
  Requirement:            0.000ns  (clk_out1_cpuclk_1 rise@0.000ns - clk_out1_cpuclk_1 rise@0.000ns)
  Data Path Delay:        0.438ns  (logic 0.164ns (37.467%)  route 0.274ns (62.533%))
  Logic Levels:           0  
  Clock Path Skew:        0.261ns (DCD - SCD - CPR)
    Destination Clock Delay (DCD):    -0.357ns
    Source Clock Delay      (SCD):    -0.583ns
    Clock Pessimism Removal (CPR):    -0.035ns

    Location             Delay type                Incr(ns)  Path(ns)    Netlist Resource(s)
  -------------------------------------------------------------------    -------------------
                         (clock clk_out1_cpuclk_1 rise edge)
                                                      0.000     0.000 r  
    U18                                               0.000     0.000 r  clk (IN)
                         net (fo=0)                   0.000     0.000    cpuClk/inst/clk_in1
    U18                  IBUF (Prop_ibuf_I_O)         0.266     0.266 r  cpuClk/inst/clkin1_ibufg/O
                         net (fo=1, routed)           0.440     0.706    cpuClk/inst/clk_in1_cpuclk
    PLLE2_ADV_X1Y1       PLLE2_ADV (Prop_plle2_adv_CLKIN1_CLKOUT0)
                                                     -2.407    -1.700 r  cpuClk/inst/plle2_adv_inst/CLKOUT0
                         net (fo=1, routed)           0.544    -1.156    cpuClk/inst/clk_out1_cpuclk
    BUFGCTRL_X0Y16       BUFG (Prop_bufg_I_O)         0.026    -1.130 r  cpuClk/inst/clkout1_buf/O
                         net (fo=7900, routed)        0.548    -0.583    mini_rv_u/ex_mem/clk_out1
    SLICE_X50Y22         FDCE                                         r  mini_rv_u/ex_mem/ALUOut_o_reg[25]/C
  -------------------------------------------------------------------    -------------------
    SLICE_X50Y22         FDCE (Prop_fdce_C_Q)         0.164    -0.419 r  mini_rv_u/ex_mem/ALUOut_o_reg[25]/Q
                         net (fo=3, routed)           0.274    -0.145    mini_rv_u/mem_wb/ALUOut_o_reg[31]_1[25]
    SLICE_X37Y23         FDCE                                         r  mini_rv_u/mem_wb/ALUOut_o_reg[25]/D
  -------------------------------------------------------------------    -------------------

                         (clock clk_out1_cpuclk_1 rise edge)
                                                      0.000     0.000 r  
    U18                                               0.000     0.000 r  clk (IN)
                         net (fo=0)                   0.000     0.000    cpuClk/inst/clk_in1
    U18                  IBUF (Prop_ibuf_I_O)         0.454     0.454 r  cpuClk/inst/clkin1_ibufg/O
                         net (fo=1, routed)           0.481     0.935    cpuClk/inst/clk_in1_cpuclk
    PLLE2_ADV_X1Y1       PLLE2_ADV (Prop_plle2_adv_CLKIN1_CLKOUT0)
                                                     -2.727    -1.792 r  cpuClk/inst/plle2_adv_inst/CLKOUT0
                         net (fo=1, routed)           0.592    -1.200    cpuClk/inst/clk_out1_cpuclk
    BUFGCTRL_X0Y16       BUFG (Prop_bufg_I_O)         0.029    -1.171 r  cpuClk/inst/clkout1_buf/O
                         net (fo=7900, routed)        0.814    -0.357    mini_rv_u/mem_wb/clk_out1
    SLICE_X37Y23         FDCE                                         r  mini_rv_u/mem_wb/ALUOut_o_reg[25]/C
                         clock pessimism              0.035    -0.321    
    SLICE_X37Y23         FDCE (Hold_fdce_C_D)         0.070    -0.251    mini_rv_u/mem_wb/ALUOut_o_reg[25]
  -------------------------------------------------------------------
                         required time                          0.251    
                         arrival time                          -0.145    
  -------------------------------------------------------------------
                         slack                                  0.106    

Slack (MET) :             0.113ns  (arrival time - required time)
  Source:                 mini_rv_u/Ex/m_mul/acc_reg[13]/C
                            (rising edge-triggered cell FDRE clocked by clk_out1_cpuclk_1  {rise@0.000ns fall@6.667ns period=13.333ns})
  Destination:            mini_rv_u/Ex/m_mul/product_reg[45]/D
                            (rising edge-triggered cell FDRE clocked by clk_out1_cpuclk_1  {rise@0.000ns fall@6.667ns period=13.333ns})
  Path Group:             clk_out1_cpuclk_1
  Path Type:              Hold (Min at Fast Process Corner)
  Requirement:            0.000ns  (clk_out1_cpuclk_1 rise@0.000ns - clk_out1_cpuclk_1 rise@0.000ns)
  Data Path Delay:        0.482ns  (logic 0.251ns (52.060%)  route 0.231ns (47.940%))
  Logic Levels:           2  (CARRY4=1 LUT2=1)
  Clock Path Skew:        0.264ns (DCD - SCD - CPR)
    Destination Clock Delay (DCD):    -0.354ns
    Source Clock Delay      (SCD):    -0.583ns
    Clock Pessimism Removal (CPR):    -0.035ns

    Location             Delay type                Incr(ns)  Path(ns)    Netlist Resource(s)
  -------------------------------------------------------------------    -------------------
                         (clock clk_out1_cpuclk_1 rise edge)
                                                      0.000     0.000 r  
    U18                                               0.000     0.000 r  clk (IN)
                         net (fo=0)                   0.000     0.000    cpuClk/inst/clk_in1
    U18                  IBUF (Prop_ibuf_I_O)         0.266     0.266 r  cpuClk/inst/clkin1_ibufg/O
                         net (fo=1, routed)           0.440     0.706    cpuClk/inst/clk_in1_cpuclk
    PLLE2_ADV_X1Y1       PLLE2_ADV (Prop_plle2_adv_CLKIN1_CLKOUT0)
                                                     -2.407    -1.700 r  cpuClk/inst/plle2_adv_inst/CLKOUT0
                         net (fo=1, routed)           0.544    -1.156    cpuClk/inst/clk_out1_cpuclk
    BUFGCTRL_X0Y16       BUFG (Prop_bufg_I_O)         0.026    -1.130 r  cpuClk/inst/clkout1_buf/O
                         net (fo=7900, routed)        0.548    -0.583    mini_rv_u/Ex/m_mul/clk_out1
    SLICE_X51Y27         FDRE                                         r  mini_rv_u/Ex/m_mul/acc_reg[13]/C
  -------------------------------------------------------------------    -------------------
    SLICE_X51Y27         FDRE (Prop_fdre_C_Q)         0.141    -0.442 r  mini_rv_u/Ex/m_mul/acc_reg[13]/Q
                         net (fo=5, routed)           0.231    -0.211    mini_rv_u/Ex/m_mul/p_0_in[45]
    SLICE_X47Y28         LUT2 (Prop_lut2_I1_O)        0.045    -0.166 r  mini_rv_u/Ex/m_mul/product[47]_i_4/O
                         net (fo=1, routed)           0.000    -0.166    mini_rv_u/Ex/m_mul/product[47]_i_4_n_0
    SLICE_X47Y28         CARRY4 (Prop_carry4_S[1]_O[1])
                                                      0.065    -0.101 r  mini_rv_u/Ex/m_mul/product_reg[47]_i_1/O[1]
                         net (fo=1, routed)           0.000    -0.101    mini_rv_u/Ex/m_mul/product_reg[47]_i_1_n_6
    SLICE_X47Y28         FDRE                                         r  mini_rv_u/Ex/m_mul/product_reg[45]/D
  -------------------------------------------------------------------    -------------------

                         (clock clk_out1_cpuclk_1 rise edge)
                                                      0.000     0.000 r  
    U18                                               0.000     0.000 r  clk (IN)
                         net (fo=0)                   0.000     0.000    cpuClk/inst/clk_in1
    U18                  IBUF (Prop_ibuf_I_O)         0.454     0.454 r  cpuClk/inst/clkin1_ibufg/O
                         net (fo=1, routed)           0.481     0.935    cpuClk/inst/clk_in1_cpuclk
    PLLE2_ADV_X1Y1       PLLE2_ADV (Prop_plle2_adv_CLKIN1_CLKOUT0)
                                                     -2.727    -1.792 r  cpuClk/inst/plle2_adv_inst/CLKOUT0
                         net (fo=1, routed)           0.592    -1.200    cpuClk/inst/clk_out1_cpuclk
    BUFGCTRL_X0Y16       BUFG (Prop_bufg_I_O)         0.029    -1.171 r  cpuClk/inst/clkout1_buf/O
                         net (fo=7900, routed)        0.817    -0.354    mini_rv_u/Ex/m_mul/clk_out1
    SLICE_X47Y28         FDRE                                         r  mini_rv_u/Ex/m_mul/product_reg[45]/C
                         clock pessimism              0.035    -0.318    
    SLICE_X47Y28         FDRE (Hold_fdre_C_D)         0.105    -0.213    mini_rv_u/Ex/m_mul/product_reg[45]
  -------------------------------------------------------------------
                         required time                          0.213    
                         arrival time                          -0.101    
  -------------------------------------------------------------------
                         slack                                  0.113    

Slack (MET) :             0.118ns  (arrival time - required time)
  Source:                 mini_rv_u/If/IF_npc/branchPredictor/btb/pc_delay_reg[0][2]/C
                            (rising edge-triggered cell FDCE clocked by clk_out1_cpuclk_1  {rise@0.000ns fall@6.667ns period=13.333ns})
  Destination:            mini_rv_u/If/IF_npc/branchPredictor/btb/pc_delay_reg[1][2]/D
                            (rising edge-triggered cell FDCE clocked by clk_out1_cpuclk_1  {rise@0.000ns fall@6.667ns period=13.333ns})
  Path Group:             clk_out1_cpuclk_1
  Path Type:              Hold (Min at Fast Process Corner)
  Requirement:            0.000ns  (clk_out1_cpuclk_1 rise@0.000ns - clk_out1_cpuclk_1 rise@0.000ns)
  Data Path Delay:        0.196ns  (logic 0.141ns (71.838%)  route 0.055ns (28.162%))
  Logic Levels:           0  
  Clock Path Skew:        0.000ns (DCD - SCD - CPR)
    Destination Clock Delay (DCD):    -0.326ns
    Source Clock Delay      (SCD):    -0.553ns
    Clock Pessimism Removal (CPR):    0.227ns

    Location             Delay type                Incr(ns)  Path(ns)    Netlist Resource(s)
  -------------------------------------------------------------------    -------------------
                         (clock clk_out1_cpuclk_1 rise edge)
                                                      0.000     0.000 r  
    U18                                               0.000     0.000 r  clk (IN)
                         net (fo=0)                   0.000     0.000    cpuClk/inst/clk_in1
    U18                  IBUF (Prop_ibuf_I_O)         0.266     0.266 r  cpuClk/inst/clkin1_ibufg/O
                         net (fo=1, routed)           0.440     0.706    cpuClk/inst/clk_in1_cpuclk
    PLLE2_ADV_X1Y1       PLLE2_ADV (Prop_plle2_adv_CLKIN1_CLKOUT0)
                                                     -2.407    -1.700 r  cpuClk/inst/plle2_adv_inst/CLKOUT0
                         net (fo=1, routed)           0.544    -1.156    cpuClk/inst/clk_out1_cpuclk
    BUFGCTRL_X0Y16       BUFG (Prop_bufg_I_O)         0.026    -1.130 r  cpuClk/inst/clkout1_buf/O
                         net (fo=7900, routed)        0.578    -0.553    mini_rv_u/If/IF_npc/branchPredictor/btb/clk_out1
    SLICE_X79Y21         FDCE                                         r  mini_rv_u/If/IF_npc/branchPredictor/btb/pc_delay_reg[0][2]/C
  -------------------------------------------------------------------    -------------------
    SLICE_X79Y21         FDCE (Prop_fdce_C_Q)         0.141    -0.412 r  mini_rv_u/If/IF_npc/branchPredictor/btb/pc_delay_reg[0][2]/Q
                         net (fo=1, routed)           0.055    -0.357    mini_rv_u/If/IF_npc/branchPredictor/btb/pc_delay_reg[0]_1[2]
    SLICE_X79Y21         FDCE                                         r  mini_rv_u/If/IF_npc/branchPredictor/btb/pc_delay_reg[1][2]/D
  -------------------------------------------------------------------    -------------------

                         (clock clk_out1_cpuclk_1 rise edge)
                                                      0.000     0.000 r  
    U18                                               0.000     0.000 r  clk (IN)
                         net (fo=0)                   0.000     0.000    cpuClk/inst/clk_in1
    U18                  IBUF (Prop_ibuf_I_O)         0.454     0.454 r  cpuClk/inst/clkin1_ibufg/O
                         net (fo=1, routed)           0.481     0.935    cpuClk/inst/clk_in1_cpuclk
    PLLE2_ADV_X1Y1       PLLE2_ADV (Prop_plle2_adv_CLKIN1_CLKOUT0)
                                                     -2.727    -1.792 r  cpuClk/inst/plle2_adv_inst/CLKOUT0
                         net (fo=1, routed)           0.592    -1.200    cpuClk/inst/clk_out1_cpuclk
    BUFGCTRL_X0Y16       BUFG (Prop_bufg_I_O)         0.029    -1.171 r  cpuClk/inst/clkout1_buf/O
                         net (fo=7900, routed)        0.845    -0.326    mini_rv_u/If/IF_npc/branchPredictor/btb/clk_out1
    SLICE_X79Y21         FDCE                                         r  mini_rv_u/If/IF_npc/branchPredictor/btb/pc_delay_reg[1][2]/C
                         clock pessimism             -0.227    -0.553    
    SLICE_X79Y21         FDCE (Hold_fdce_C_D)         0.078    -0.475    mini_rv_u/If/IF_npc/branchPredictor/btb/pc_delay_reg[1][2]
  -------------------------------------------------------------------
                         required time                          0.475    
                         arrival time                          -0.357    
  -------------------------------------------------------------------
                         slack                                  0.118    

Slack (MET) :             0.120ns  (arrival time - required time)
  Source:                 mini_rv_u/If/IF_npc/branchPredictor/btb/pc_delay_reg[0][28]/C
                            (rising edge-triggered cell FDCE clocked by clk_out1_cpuclk_1  {rise@0.000ns fall@6.667ns period=13.333ns})
  Destination:            mini_rv_u/If/IF_npc/branchPredictor/btb/pc_delay_reg[1][28]/D
                            (rising edge-triggered cell FDCE clocked by clk_out1_cpuclk_1  {rise@0.000ns fall@6.667ns period=13.333ns})
  Path Group:             clk_out1_cpuclk_1
  Path Type:              Hold (Min at Fast Process Corner)
  Requirement:            0.000ns  (clk_out1_cpuclk_1 rise@0.000ns - clk_out1_cpuclk_1 rise@0.000ns)
  Data Path Delay:        0.196ns  (logic 0.141ns (71.838%)  route 0.055ns (28.162%))
  Logic Levels:           0  
  Clock Path Skew:        0.000ns (DCD - SCD - CPR)
    Destination Clock Delay (DCD):    -0.326ns
    Source Clock Delay      (SCD):    -0.553ns
    Clock Pessimism Removal (CPR):    0.227ns

    Location             Delay type                Incr(ns)  Path(ns)    Netlist Resource(s)
  -------------------------------------------------------------------    -------------------
                         (clock clk_out1_cpuclk_1 rise edge)
                                                      0.000     0.000 r  
    U18                                               0.000     0.000 r  clk (IN)
                         net (fo=0)                   0.000     0.000    cpuClk/inst/clk_in1
    U18                  IBUF (Prop_ibuf_I_O)         0.266     0.266 r  cpuClk/inst/clkin1_ibufg/O
                         net (fo=1, routed)           0.440     0.706    cpuClk/inst/clk_in1_cpuclk
    PLLE2_ADV_X1Y1       PLLE2_ADV (Prop_plle2_adv_CLKIN1_CLKOUT0)
                                                     -2.407    -1.700 r  cpuClk/inst/plle2_adv_inst/CLKOUT0
                         net (fo=1, routed)           0.544    -1.156    cpuClk/inst/clk_out1_cpuclk
    BUFGCTRL_X0Y16       BUFG (Prop_bufg_I_O)         0.026    -1.130 r  cpuClk/inst/clkout1_buf/O
                         net (fo=7900, routed)        0.578    -0.553    mini_rv_u/If/IF_npc/branchPredictor/btb/clk_out1
    SLICE_X79Y21         FDCE                                         r  mini_rv_u/If/IF_npc/branchPredictor/btb/pc_delay_reg[0][28]/C
  -------------------------------------------------------------------    -------------------
    SLICE_X79Y21         FDCE (Prop_fdce_C_Q)         0.141    -0.412 r  mini_rv_u/If/IF_npc/branchPredictor/btb/pc_delay_reg[0][28]/Q
                         net (fo=1, routed)           0.055    -0.357    mini_rv_u/If/IF_npc/branchPredictor/btb/pc_delay_reg[0]_1[28]
    SLICE_X79Y21         FDCE                                         r  mini_rv_u/If/IF_npc/branchPredictor/btb/pc_delay_reg[1][28]/D
  -------------------------------------------------------------------    -------------------

                         (clock clk_out1_cpuclk_1 rise edge)
                                                      0.000     0.000 r  
    U18                                               0.000     0.000 r  clk (IN)
                         net (fo=0)                   0.000     0.000    cpuClk/inst/clk_in1
    U18                  IBUF (Prop_ibuf_I_O)         0.454     0.454 r  cpuClk/inst/clkin1_ibufg/O
                         net (fo=1, routed)           0.481     0.935    cpuClk/inst/clk_in1_cpuclk
    PLLE2_ADV_X1Y1       PLLE2_ADV (Prop_plle2_adv_CLKIN1_CLKOUT0)
                                                     -2.727    -1.792 r  cpuClk/inst/plle2_adv_inst/CLKOUT0
                         net (fo=1, routed)           0.592    -1.200    cpuClk/inst/clk_out1_cpuclk
    BUFGCTRL_X0Y16       BUFG (Prop_bufg_I_O)         0.029    -1.171 r  cpuClk/inst/clkout1_buf/O
                         net (fo=7900, routed)        0.845    -0.326    mini_rv_u/If/IF_npc/branchPredictor/btb/clk_out1
    SLICE_X79Y21         FDCE                                         r  mini_rv_u/If/IF_npc/branchPredictor/btb/pc_delay_reg[1][28]/C
                         clock pessimism             -0.227    -0.553    
    SLICE_X79Y21         FDCE (Hold_fdce_C_D)         0.076    -0.477    mini_rv_u/If/IF_npc/branchPredictor/btb/pc_delay_reg[1][28]
  -------------------------------------------------------------------
                         required time                          0.477    
                         arrival time                          -0.357    
  -------------------------------------------------------------------
                         slack                                  0.120    

Slack (MET) :             0.121ns  (arrival time - required time)
  Source:                 mini_rv_u/If/IF_npc/branchPredictor/btb/pc_delay_reg[0][20]/C
                            (rising edge-triggered cell FDCE clocked by clk_out1_cpuclk_1  {rise@0.000ns fall@6.667ns period=13.333ns})
  Destination:            mini_rv_u/If/IF_npc/branchPredictor/btb/pc_delay_reg[1][20]/D
                            (rising edge-triggered cell FDCE clocked by clk_out1_cpuclk_1  {rise@0.000ns fall@6.667ns period=13.333ns})
  Path Group:             clk_out1_cpuclk_1
  Path Type:              Hold (Min at Fast Process Corner)
  Requirement:            0.000ns  (clk_out1_cpuclk_1 rise@0.000ns - clk_out1_cpuclk_1 rise@0.000ns)
  Data Path Delay:        0.196ns  (logic 0.141ns (71.838%)  route 0.055ns (28.162%))
  Logic Levels:           0  
  Clock Path Skew:        0.000ns (DCD - SCD - CPR)
    Destination Clock Delay (DCD):    -0.326ns
    Source Clock Delay      (SCD):    -0.553ns
    Clock Pessimism Removal (CPR):    0.227ns

    Location             Delay type                Incr(ns)  Path(ns)    Netlist Resource(s)
  -------------------------------------------------------------------    -------------------
                         (clock clk_out1_cpuclk_1 rise edge)
                                                      0.000     0.000 r  
    U18                                               0.000     0.000 r  clk (IN)
                         net (fo=0)                   0.000     0.000    cpuClk/inst/clk_in1
    U18                  IBUF (Prop_ibuf_I_O)         0.266     0.266 r  cpuClk/inst/clkin1_ibufg/O
                         net (fo=1, routed)           0.440     0.706    cpuClk/inst/clk_in1_cpuclk
    PLLE2_ADV_X1Y1       PLLE2_ADV (Prop_plle2_adv_CLKIN1_CLKOUT0)
                                                     -2.407    -1.700 r  cpuClk/inst/plle2_adv_inst/CLKOUT0
                         net (fo=1, routed)           0.544    -1.156    cpuClk/inst/clk_out1_cpuclk
    BUFGCTRL_X0Y16       BUFG (Prop_bufg_I_O)         0.026    -1.130 r  cpuClk/inst/clkout1_buf/O
                         net (fo=7900, routed)        0.578    -0.553    mini_rv_u/If/IF_npc/branchPredictor/btb/clk_out1
    SLICE_X79Y21         FDCE                                         r  mini_rv_u/If/IF_npc/branchPredictor/btb/pc_delay_reg[0][20]/C
  -------------------------------------------------------------------    -------------------
    SLICE_X79Y21         FDCE (Prop_fdce_C_Q)         0.141    -0.412 r  mini_rv_u/If/IF_npc/branchPredictor/btb/pc_delay_reg[0][20]/Q
                         net (fo=1, routed)           0.055    -0.357    mini_rv_u/If/IF_npc/branchPredictor/btb/pc_delay_reg[0]_1[20]
    SLICE_X79Y21         FDCE                                         r  mini_rv_u/If/IF_npc/branchPredictor/btb/pc_delay_reg[1][20]/D
  -------------------------------------------------------------------    -------------------

                         (clock clk_out1_cpuclk_1 rise edge)
                                                      0.000     0.000 r  
    U18                                               0.000     0.000 r  clk (IN)
                         net (fo=0)                   0.000     0.000    cpuClk/inst/clk_in1
    U18                  IBUF (Prop_ibuf_I_O)         0.454     0.454 r  cpuClk/inst/clkin1_ibufg/O
                         net (fo=1, routed)           0.481     0.935    cpuClk/inst/clk_in1_cpuclk
    PLLE2_ADV_X1Y1       PLLE2_ADV (Prop_plle2_adv_CLKIN1_CLKOUT0)
                                                     -2.727    -1.792 r  cpuClk/inst/plle2_adv_inst/CLKOUT0
                         net (fo=1, routed)           0.592    -1.200    cpuClk/inst/clk_out1_cpuclk
    BUFGCTRL_X0Y16       BUFG (Prop_bufg_I_O)         0.029    -1.171 r  cpuClk/inst/clkout1_buf/O
                         net (fo=7900, routed)        0.845    -0.326    mini_rv_u/If/IF_npc/branchPredictor/btb/clk_out1
    SLICE_X79Y21         FDCE                                         r  mini_rv_u/If/IF_npc/branchPredictor/btb/pc_delay_reg[1][20]/C
                         clock pessimism             -0.227    -0.553    
    SLICE_X79Y21         FDCE (Hold_fdce_C_D)         0.075    -0.478    mini_rv_u/If/IF_npc/branchPredictor/btb/pc_delay_reg[1][20]
  -------------------------------------------------------------------
                         required time                          0.478    
                         arrival time                          -0.357    
  -------------------------------------------------------------------
                         slack                                  0.121    

Slack (MET) :             0.125ns  (arrival time - required time)
  Source:                 mini_rv_u/If/IF_npc/branchPredictor/btb/pc_delay_reg[0][22]/C
                            (rising edge-triggered cell FDCE clocked by clk_out1_cpuclk_1  {rise@0.000ns fall@6.667ns period=13.333ns})
  Destination:            mini_rv_u/If/IF_npc/branchPredictor/btb/pc_delay_reg[1][22]/D
                            (rising edge-triggered cell FDCE clocked by clk_out1_cpuclk_1  {rise@0.000ns fall@6.667ns period=13.333ns})
  Path Group:             clk_out1_cpuclk_1
  Path Type:              Hold (Min at Fast Process Corner)
  Requirement:            0.000ns  (clk_out1_cpuclk_1 rise@0.000ns - clk_out1_cpuclk_1 rise@0.000ns)
  Data Path Delay:        0.196ns  (logic 0.141ns (71.838%)  route 0.055ns (28.162%))
  Logic Levels:           0  
  Clock Path Skew:        0.000ns (DCD - SCD - CPR)
    Destination Clock Delay (DCD):    -0.326ns
    Source Clock Delay      (SCD):    -0.553ns
    Clock Pessimism Removal (CPR):    0.227ns

    Location             Delay type                Incr(ns)  Path(ns)    Netlist Resource(s)
  -------------------------------------------------------------------    -------------------
                         (clock clk_out1_cpuclk_1 rise edge)
                                                      0.000     0.000 r  
    U18                                               0.000     0.000 r  clk (IN)
                         net (fo=0)                   0.000     0.000    cpuClk/inst/clk_in1
    U18                  IBUF (Prop_ibuf_I_O)         0.266     0.266 r  cpuClk/inst/clkin1_ibufg/O
                         net (fo=1, routed)           0.440     0.706    cpuClk/inst/clk_in1_cpuclk
    PLLE2_ADV_X1Y1       PLLE2_ADV (Prop_plle2_adv_CLKIN1_CLKOUT0)
                                                     -2.407    -1.700 r  cpuClk/inst/plle2_adv_inst/CLKOUT0
                         net (fo=1, routed)           0.544    -1.156    cpuClk/inst/clk_out1_cpuclk
    BUFGCTRL_X0Y16       BUFG (Prop_bufg_I_O)         0.026    -1.130 r  cpuClk/inst/clkout1_buf/O
                         net (fo=7900, routed)        0.578    -0.553    mini_rv_u/If/IF_npc/branchPredictor/btb/clk_out1
    SLICE_X79Y21         FDCE                                         r  mini_rv_u/If/IF_npc/branchPredictor/btb/pc_delay_reg[0][22]/C
  -------------------------------------------------------------------    -------------------
    SLICE_X79Y21         FDCE (Prop_fdce_C_Q)         0.141    -0.412 r  mini_rv_u/If/IF_npc/branchPredictor/btb/pc_delay_reg[0][22]/Q
                         net (fo=1, routed)           0.055    -0.357    mini_rv_u/If/IF_npc/branchPredictor/btb/pc_delay_reg[0]_1[22]
    SLICE_X79Y21         FDCE                                         r  mini_rv_u/If/IF_npc/branchPredictor/btb/pc_delay_reg[1][22]/D
  -------------------------------------------------------------------    -------------------

                         (clock clk_out1_cpuclk_1 rise edge)
                                                      0.000     0.000 r  
    U18                                               0.000     0.000 r  clk (IN)
                         net (fo=0)                   0.000     0.000    cpuClk/inst/clk_in1
    U18                  IBUF (Prop_ibuf_I_O)         0.454     0.454 r  cpuClk/inst/clkin1_ibufg/O
                         net (fo=1, routed)           0.481     0.935    cpuClk/inst/clk_in1_cpuclk
    PLLE2_ADV_X1Y1       PLLE2_ADV (Prop_plle2_adv_CLKIN1_CLKOUT0)
                                                     -2.727    -1.792 r  cpuClk/inst/plle2_adv_inst/CLKOUT0
                         net (fo=1, routed)           0.592    -1.200    cpuClk/inst/clk_out1_cpuclk
    BUFGCTRL_X0Y16       BUFG (Prop_bufg_I_O)         0.029    -1.171 r  cpuClk/inst/clkout1_buf/O
                         net (fo=7900, routed)        0.845    -0.326    mini_rv_u/If/IF_npc/branchPredictor/btb/clk_out1
    SLICE_X79Y21         FDCE                                         r  mini_rv_u/If/IF_npc/branchPredictor/btb/pc_delay_reg[1][22]/C
                         clock pessimism             -0.227    -0.553    
    SLICE_X79Y21         FDCE (Hold_fdce_C_D)         0.071    -0.482    mini_rv_u/If/IF_npc/branchPredictor/btb/pc_delay_reg[1][22]
  -------------------------------------------------------------------
                         required time                          0.482    
                         arrival time                          -0.357    
  -------------------------------------------------------------------
                         slack                                  0.125    

Slack (MET) :             0.127ns  (arrival time - required time)
  Source:                 mini_rv_u/Ex/m_mul/acc_reg[8]/C
                            (rising edge-triggered cell FDRE clocked by clk_out1_cpuclk_1  {rise@0.000ns fall@6.667ns period=13.333ns})
  Destination:            mini_rv_u/Ex/m_mul/product_reg[40]/D
                            (rising edge-triggered cell FDRE clocked by clk_out1_cpuclk_1  {rise@0.000ns fall@6.667ns period=13.333ns})
  Path Group:             clk_out1_cpuclk_1
  Path Type:              Hold (Min at Fast Process Corner)
  Requirement:            0.000ns  (clk_out1_cpuclk_1 rise@0.000ns - clk_out1_cpuclk_1 rise@0.000ns)
  Data Path Delay:        0.498ns  (logic 0.256ns (51.447%)  route 0.242ns (48.553%))
  Logic Levels:           2  (CARRY4=1 LUT2=1)
  Clock Path Skew:        0.265ns (DCD - SCD - CPR)
    Destination Clock Delay (DCD):    -0.355ns
    Source Clock Delay      (SCD):    -0.585ns
    Clock Pessimism Removal (CPR):    -0.035ns

    Location             Delay type                Incr(ns)  Path(ns)    Netlist Resource(s)
  -------------------------------------------------------------------    -------------------
                         (clock clk_out1_cpuclk_1 rise edge)
                                                      0.000     0.000 r  
    U18                                               0.000     0.000 r  clk (IN)
                         net (fo=0)                   0.000     0.000    cpuClk/inst/clk_in1
    U18                  IBUF (Prop_ibuf_I_O)         0.266     0.266 r  cpuClk/inst/clkin1_ibufg/O
                         net (fo=1, routed)           0.440     0.706    cpuClk/inst/clk_in1_cpuclk
    PLLE2_ADV_X1Y1       PLLE2_ADV (Prop_plle2_adv_CLKIN1_CLKOUT0)
                                                     -2.407    -1.700 r  cpuClk/inst/plle2_adv_inst/CLKOUT0
                         net (fo=1, routed)           0.544    -1.156    cpuClk/inst/clk_out1_cpuclk
    BUFGCTRL_X0Y16       BUFG (Prop_bufg_I_O)         0.026    -1.130 r  cpuClk/inst/clkout1_buf/O
                         net (fo=7900, routed)        0.546    -0.585    mini_rv_u/Ex/m_mul/clk_out1
    SLICE_X51Y26         FDRE                                         r  mini_rv_u/Ex/m_mul/acc_reg[8]/C
  -------------------------------------------------------------------    -------------------
    SLICE_X51Y26         FDRE (Prop_fdre_C_Q)         0.141    -0.444 r  mini_rv_u/Ex/m_mul/acc_reg[8]/Q
                         net (fo=5, routed)           0.242    -0.202    mini_rv_u/Ex/m_mul/p_0_in[40]
    SLICE_X47Y27         LUT2 (Prop_lut2_I1_O)        0.045    -0.157 r  mini_rv_u/Ex/m_mul/product[43]_i_5/O
                         net (fo=1, routed)           0.000    -0.157    mini_rv_u/Ex/m_mul/product[43]_i_5_n_0
    SLICE_X47Y27         CARRY4 (Prop_carry4_S[0]_O[0])
                                                      0.070    -0.087 r  mini_rv_u/Ex/m_mul/product_reg[43]_i_1/O[0]
                         net (fo=1, routed)           0.000    -0.087    mini_rv_u/Ex/m_mul/product_reg[43]_i_1_n_7
    SLICE_X47Y27         FDRE                                         r  mini_rv_u/Ex/m_mul/product_reg[40]/D
  -------------------------------------------------------------------    -------------------

                         (clock clk_out1_cpuclk_1 rise edge)
                                                      0.000     0.000 r  
    U18                                               0.000     0.000 r  clk (IN)
                         net (fo=0)                   0.000     0.000    cpuClk/inst/clk_in1
    U18                  IBUF (Prop_ibuf_I_O)         0.454     0.454 r  cpuClk/inst/clkin1_ibufg/O
                         net (fo=1, routed)           0.481     0.935    cpuClk/inst/clk_in1_cpuclk
    PLLE2_ADV_X1Y1       PLLE2_ADV (Prop_plle2_adv_CLKIN1_CLKOUT0)
                                                     -2.727    -1.792 r  cpuClk/inst/plle2_adv_inst/CLKOUT0
                         net (fo=1, routed)           0.592    -1.200    cpuClk/inst/clk_out1_cpuclk
    BUFGCTRL_X0Y16       BUFG (Prop_bufg_I_O)         0.029    -1.171 r  cpuClk/inst/clkout1_buf/O
                         net (fo=7900, routed)        0.816    -0.355    mini_rv_u/Ex/m_mul/clk_out1
    SLICE_X47Y27         FDRE                                         r  mini_rv_u/Ex/m_mul/product_reg[40]/C
                         clock pessimism              0.035    -0.319    
    SLICE_X47Y27         FDRE (Hold_fdre_C_D)         0.105    -0.214    mini_rv_u/Ex/m_mul/product_reg[40]
  -------------------------------------------------------------------
                         required time                          0.214    
                         arrival time                          -0.087    
  -------------------------------------------------------------------
                         slack                                  0.127    

Slack (MET) :             0.133ns  (arrival time - required time)
  Source:                 mini_rv_u/Ex/m_div/num_orig_reg_reg[18]/C
                            (rising edge-triggered cell FDRE clocked by clk_out1_cpuclk_1  {rise@0.000ns fall@6.667ns period=13.333ns})
  Destination:            mini_rv_u/Ex/m_div/remainder_reg[18]/D
                            (rising edge-triggered cell FDRE clocked by clk_out1_cpuclk_1  {rise@0.000ns fall@6.667ns period=13.333ns})
  Path Group:             clk_out1_cpuclk_1
  Path Type:              Hold (Min at Fast Process Corner)
  Requirement:            0.000ns  (clk_out1_cpuclk_1 rise@0.000ns - clk_out1_cpuclk_1 rise@0.000ns)
  Data Path Delay:        0.238ns  (logic 0.186ns (78.089%)  route 0.052ns (21.911%))
  Logic Levels:           1  (LUT5=1)
  Clock Path Skew:        0.013ns (DCD - SCD - CPR)
    Destination Clock Delay (DCD):    -0.352ns
    Source Clock Delay      (SCD):    -0.577ns
    Clock Pessimism Removal (CPR):    0.212ns

    Location             Delay type                Incr(ns)  Path(ns)    Netlist Resource(s)
  -------------------------------------------------------------------    -------------------
                         (clock clk_out1_cpuclk_1 rise edge)
                                                      0.000     0.000 r  
    U18                                               0.000     0.000 r  clk (IN)
                         net (fo=0)                   0.000     0.000    cpuClk/inst/clk_in1
    U18                  IBUF (Prop_ibuf_I_O)         0.266     0.266 r  cpuClk/inst/clkin1_ibufg/O
                         net (fo=1, routed)           0.440     0.706    cpuClk/inst/clk_in1_cpuclk
    PLLE2_ADV_X1Y1       PLLE2_ADV (Prop_plle2_adv_CLKIN1_CLKOUT0)
                                                     -2.407    -1.700 r  cpuClk/inst/plle2_adv_inst/CLKOUT0
                         net (fo=1, routed)           0.544    -1.156    cpuClk/inst/clk_out1_cpuclk
    BUFGCTRL_X0Y16       BUFG (Prop_bufg_I_O)         0.026    -1.130 r  cpuClk/inst/clkout1_buf/O
                         net (fo=7900, routed)        0.554    -0.577    mini_rv_u/Ex/m_div/clk_out1
    SLICE_X40Y30         FDRE                                         r  mini_rv_u/Ex/m_div/num_orig_reg_reg[18]/C
  -------------------------------------------------------------------    -------------------
    SLICE_X40Y30         FDRE (Prop_fdre_C_Q)         0.141    -0.436 r  mini_rv_u/Ex/m_div/num_orig_reg_reg[18]/Q
                         net (fo=1, routed)           0.052    -0.384    mini_rv_u/Ex/m_div/num_orig_reg[18]
    SLICE_X41Y30         LUT5 (Prop_lut5_I0_O)        0.045    -0.339 r  mini_rv_u/Ex/m_div/remainder[18]_i_1/O
                         net (fo=1, routed)           0.000    -0.339    mini_rv_u/Ex/m_div/remainder[18]_i_1_n_0
    SLICE_X41Y30         FDRE                                         r  mini_rv_u/Ex/m_div/remainder_reg[18]/D
  -------------------------------------------------------------------    -------------------

                         (clock clk_out1_cpuclk_1 rise edge)
                                                      0.000     0.000 r  
    U18                                               0.000     0.000 r  clk (IN)
                         net (fo=0)                   0.000     0.000    cpuClk/inst/clk_in1
    U18                  IBUF (Prop_ibuf_I_O)         0.454     0.454 r  cpuClk/inst/clkin1_ibufg/O
                         net (fo=1, routed)           0.481     0.935    cpuClk/inst/clk_in1_cpuclk
    PLLE2_ADV_X1Y1       PLLE2_ADV (Prop_plle2_adv_CLKIN1_CLKOUT0)
                                                     -2.727    -1.792 r  cpuClk/inst/plle2_adv_inst/CLKOUT0
                         net (fo=1, routed)           0.592    -1.200    cpuClk/inst/clk_out1_cpuclk
    BUFGCTRL_X0Y16       BUFG (Prop_bufg_I_O)         0.029    -1.171 r  cpuClk/inst/clkout1_buf/O
                         net (fo=7900, routed)        0.819    -0.352    mini_rv_u/Ex/m_div/clk_out1
    SLICE_X41Y30         FDRE                                         r  mini_rv_u/Ex/m_div/remainder_reg[18]/C
                         clock pessimism             -0.212    -0.564    
    SLICE_X41Y30         FDRE (Hold_fdre_C_D)         0.092    -0.472    mini_rv_u/Ex/m_div/remainder_reg[18]
  -------------------------------------------------------------------
                         required time                          0.472    
                         arrival time                          -0.339    
  -------------------------------------------------------------------
                         slack                                  0.133    

Slack (MET) :             0.135ns  (arrival time - required time)
  Source:                 mini_rv_u/Ex/m_div/num_orig_reg_reg[2]/C
                            (rising edge-triggered cell FDRE clocked by clk_out1_cpuclk_1  {rise@0.000ns fall@6.667ns period=13.333ns})
  Destination:            mini_rv_u/Ex/m_div/remainder_reg[2]/D
                            (rising edge-triggered cell FDRE clocked by clk_out1_cpuclk_1  {rise@0.000ns fall@6.667ns period=13.333ns})
  Path Group:             clk_out1_cpuclk_1
  Path Type:              Hold (Min at Fast Process Corner)
  Requirement:            0.000ns  (clk_out1_cpuclk_1 rise@0.000ns - clk_out1_cpuclk_1 rise@0.000ns)
  Data Path Delay:        0.239ns  (logic 0.186ns (77.762%)  route 0.053ns (22.238%))
  Logic Levels:           1  (LUT5=1)
  Clock Path Skew:        0.013ns (DCD - SCD - CPR)
    Destination Clock Delay (DCD):    -0.358ns
    Source Clock Delay      (SCD):    -0.583ns
    Clock Pessimism Removal (CPR):    0.212ns

    Location             Delay type                Incr(ns)  Path(ns)    Netlist Resource(s)
  -------------------------------------------------------------------    -------------------
                         (clock clk_out1_cpuclk_1 rise edge)
                                                      0.000     0.000 r  
    U18                                               0.000     0.000 r  clk (IN)
                         net (fo=0)                   0.000     0.000    cpuClk/inst/clk_in1
    U18                  IBUF (Prop_ibuf_I_O)         0.266     0.266 r  cpuClk/inst/clkin1_ibufg/O
                         net (fo=1, routed)           0.440     0.706    cpuClk/inst/clk_in1_cpuclk
    PLLE2_ADV_X1Y1       PLLE2_ADV (Prop_plle2_adv_CLKIN1_CLKOUT0)
                                                     -2.407    -1.700 r  cpuClk/inst/plle2_adv_inst/CLKOUT0
                         net (fo=1, routed)           0.544    -1.156    cpuClk/inst/clk_out1_cpuclk
    BUFGCTRL_X0Y16       BUFG (Prop_bufg_I_O)         0.026    -1.130 r  cpuClk/inst/clkout1_buf/O
                         net (fo=7900, routed)        0.548    -0.583    mini_rv_u/Ex/m_div/clk_out1
    SLICE_X52Y28         FDRE                                         r  mini_rv_u/Ex/m_div/num_orig_reg_reg[2]/C
  -------------------------------------------------------------------    -------------------
    SLICE_X52Y28         FDRE (Prop_fdre_C_Q)         0.141    -0.442 r  mini_rv_u/Ex/m_div/num_orig_reg_reg[2]/Q
                         net (fo=1, routed)           0.053    -0.389    mini_rv_u/Ex/m_div/num_orig_reg[2]
    SLICE_X53Y28         LUT5 (Prop_lut5_I0_O)        0.045    -0.344 r  mini_rv_u/Ex/m_div/remainder[2]_i_1/O
                         net (fo=1, routed)           0.000    -0.344    mini_rv_u/Ex/m_div/remainder[2]_i_1_n_0
    SLICE_X53Y28         FDRE                                         r  mini_rv_u/Ex/m_div/remainder_reg[2]/D
  -------------------------------------------------------------------    -------------------

                         (clock clk_out1_cpuclk_1 rise edge)
                                                      0.000     0.000 r  
    U18                                               0.000     0.000 r  clk (IN)
                         net (fo=0)                   0.000     0.000    cpuClk/inst/clk_in1
    U18                  IBUF (Prop_ibuf_I_O)         0.454     0.454 r  cpuClk/inst/clkin1_ibufg/O
                         net (fo=1, routed)           0.481     0.935    cpuClk/inst/clk_in1_cpuclk
    PLLE2_ADV_X1Y1       PLLE2_ADV (Prop_plle2_adv_CLKIN1_CLKOUT0)
                                                     -2.727    -1.792 r  cpuClk/inst/plle2_adv_inst/CLKOUT0
                         net (fo=1, routed)           0.592    -1.200    cpuClk/inst/clk_out1_cpuclk
    BUFGCTRL_X0Y16       BUFG (Prop_bufg_I_O)         0.029    -1.171 r  cpuClk/inst/clkout1_buf/O
                         net (fo=7900, routed)        0.813    -0.358    mini_rv_u/Ex/m_div/clk_out1
    SLICE_X53Y28         FDRE                                         r  mini_rv_u/Ex/m_div/remainder_reg[2]/C
                         clock pessimism             -0.212    -0.570    
    SLICE_X53Y28         FDRE (Hold_fdre_C_D)         0.091    -0.479    mini_rv_u/Ex/m_div/remainder_reg[2]
  -------------------------------------------------------------------
                         required time                          0.479    
                         arrival time                          -0.344    
  -------------------------------------------------------------------
                         slack                                  0.135    





Pulse Width Checks
--------------------------------------------------------------------------------------
Clock Name:         clk_out1_cpuclk_1
Waveform(ns):       { 0.000 6.667 }
Period(ns):         13.333
Sources:            { cpuClk/inst/plle2_adv_inst/CLKOUT0 }

Check Type        Corner  Lib Pin             Reference Pin  Required(ns)  Actual(ns)  Slack(ns)  Location        Pin
Min Period        n/a     RAMB36E1/CLKARDCLK  n/a            2.170         13.333      11.163     RAMB36_X0Y6     bus/interface_RAM/dRAM/RAM/U0/inst_blk_mem_gen/gnbram.gnativebmg.native_blk_mem_gen/valid.cstr/ramloop[0].ram.r/prim_noinit.ram/DEVICE_7SERIES.NO_BMM_INFO.SP.SIMPLE_PRIM36.ram/CLKARDCLK
Min Period        n/a     RAMB36E1/CLKBWRCLK  n/a            2.170         13.333      11.163     RAMB36_X0Y6     bus/interface_RAM/dRAM/RAM/U0/inst_blk_mem_gen/gnbram.gnativebmg.native_blk_mem_gen/valid.cstr/ramloop[0].ram.r/prim_noinit.ram/DEVICE_7SERIES.NO_BMM_INFO.SP.SIMPLE_PRIM36.ram/CLKBWRCLK
Min Period        n/a     RAMB36E1/CLKARDCLK  n/a            2.170         13.333      11.163     RAMB36_X1Y8     bus/interface_RAM/dRAM/RAM/U0/inst_blk_mem_gen/gnbram.gnativebmg.native_blk_mem_gen/valid.cstr/ramloop[10].ram.r/prim_noinit.ram/DEVICE_7SERIES.NO_BMM_INFO.SP.SIMPLE_PRIM36.ram/CLKARDCLK
Min Period        n/a     RAMB36E1/CLKBWRCLK  n/a            2.170         13.333      11.163     RAMB36_X1Y8     bus/interface_RAM/dRAM/RAM/U0/inst_blk_mem_gen/gnbram.gnativebmg.native_blk_mem_gen/valid.cstr/ramloop[10].ram.r/prim_noinit.ram/DEVICE_7SERIES.NO_BMM_INFO.SP.SIMPLE_PRIM36.ram/CLKBWRCLK
Min Period        n/a     RAMB36E1/CLKARDCLK  n/a            2.170         13.333      11.163     RAMB36_X2Y7     bus/interface_RAM/dRAM/RAM/U0/inst_blk_mem_gen/gnbram.gnativebmg.native_blk_mem_gen/valid.cstr/ramloop[11].ram.r/prim_noinit.ram/DEVICE_7SERIES.NO_BMM_INFO.SP.SIMPLE_PRIM36.ram/CLKARDCLK
Min Period        n/a     RAMB36E1/CLKBWRCLK  n/a            2.170         13.333      11.163     RAMB36_X2Y7     bus/interface_RAM/dRAM/RAM/U0/inst_blk_mem_gen/gnbram.gnativebmg.native_blk_mem_gen/valid.cstr/ramloop[11].ram.r/prim_noinit.ram/DEVICE_7SERIES.NO_BMM_INFO.SP.SIMPLE_PRIM36.ram/CLKBWRCLK
Min Period        n/a     RAMB36E1/CLKARDCLK  n/a            2.170         13.333      11.163     RAMB36_X2Y5     bus/interface_RAM/dRAM/RAM/U0/inst_blk_mem_gen/gnbram.gnativebmg.native_blk_mem_gen/valid.cstr/ramloop[12].ram.r/prim_noinit.ram/DEVICE_7SERIES.NO_BMM_INFO.SP.SIMPLE_PRIM36.ram/CLKARDCLK
Min Period        n/a     RAMB36E1/CLKBWRCLK  n/a            2.170         13.333      11.163     RAMB36_X2Y5     bus/interface_RAM/dRAM/RAM/U0/inst_blk_mem_gen/gnbram.gnativebmg.native_blk_mem_gen/valid.cstr/ramloop[12].ram.r/prim_noinit.ram/DEVICE_7SERIES.NO_BMM_INFO.SP.SIMPLE_PRIM36.ram/CLKBWRCLK
Min Period        n/a     RAMB36E1/CLKARDCLK  n/a            2.170         13.333      11.163     RAMB36_X1Y5     bus/interface_RAM/dRAM/RAM/U0/inst_blk_mem_gen/gnbram.gnativebmg.native_blk_mem_gen/valid.cstr/ramloop[13].ram.r/prim_noinit.ram/DEVICE_7SERIES.NO_BMM_INFO.SP.SIMPLE_PRIM36.ram/CLKARDCLK
Min Period        n/a     RAMB36E1/CLKBWRCLK  n/a            2.170         13.333      11.163     RAMB36_X1Y5     bus/interface_RAM/dRAM/RAM/U0/inst_blk_mem_gen/gnbram.gnativebmg.native_blk_mem_gen/valid.cstr/ramloop[13].ram.r/prim_noinit.ram/DEVICE_7SERIES.NO_BMM_INFO.SP.SIMPLE_PRIM36.ram/CLKBWRCLK
Max Period        n/a     PLLE2_ADV/CLKOUT0   n/a            160.000       13.333      146.667    PLLE2_ADV_X1Y1  cpuClk/inst/plle2_adv_inst/CLKOUT0
Low Pulse Width   Slow    FDCE/C              n/a            0.500         6.667       6.167      SLICE_X24Y20    bus/gen_timer.interface_timer/timer_count_reg[0]/C
Low Pulse Width   Fast    FDCE/C              n/a            0.500         6.667       6.167      SLICE_X24Y20    bus/gen_timer.interface_timer/timer_count_reg[0]/C
Low Pulse Width   Slow    FDCE/C              n/a            0.500         6.667       6.167      SLICE_X24Y22    bus/gen_timer.interface_timer/timer_count_reg[10]/C
Low Pulse Width   Fast    FDCE/C              n/a            0.500         6.667       6.167      SLICE_X24Y22    bus/gen_timer.interface_timer/timer_count_reg[10]/C
Low Pulse Width   Slow    FDCE/C              n/a            0.500         6.667       6.167      SLICE_X24Y22    bus/gen_timer.interface_timer/timer_count_reg[11]/C
Low Pulse Width   Fast    FDCE/C              n/a            0.500         6.667       6.167      SLICE_X24Y22    bus/gen_timer.interface_timer/timer_count_reg[11]/C
Low Pulse Width   Slow    FDCE/C              n/a            0.500         6.667       6.167      SLICE_X24Y23    bus/gen_timer.interface_timer/timer_count_reg[12]/C
Low Pulse Width   Fast    FDCE/C              n/a            0.500         6.667       6.167      SLICE_X24Y23    bus/gen_timer.interface_timer/timer_count_reg[12]/C
Low Pulse Width   Slow    FDCE/C              n/a            0.500         6.667       6.167      SLICE_X24Y23    bus/gen_timer.interface_timer/timer_count_reg[13]/C
Low Pulse Width   Fast    FDCE/C              n/a            0.500         6.667       6.167      SLICE_X24Y23    bus/gen_timer.interface_timer/timer_count_reg[13]/C
High Pulse Width  Slow    FDCE/C              n/a            0.500         6.667       6.167      SLICE_X24Y20    bus/gen_timer.interface_timer/timer_count_reg[0]/C
High Pulse Width  Fast    FDCE/C              n/a            0.500         6.667       6.167      SLICE_X24Y20    bus/gen_timer.interface_timer/timer_count_reg[0]/C
High Pulse Width  Slow    FDCE/C              n/a            0.500         6.667       6.167      SLICE_X24Y22    bus/gen_timer.interface_timer/timer_count_reg[10]/C
High Pulse Width  Fast    FDCE/C              n/a            0.500         6.667       6.167      SLICE_X24Y22    bus/gen_timer.interface_timer/timer_count_reg[10]/C
High Pulse Width  Slow    FDCE/C              n/a            0.500         6.667       6.167      SLICE_X24Y22    bus/gen_timer.interface_timer/timer_count_reg[11]/C
High Pulse Width  Fast    FDCE/C              n/a            0.500         6.667       6.167      SLICE_X24Y22    bus/gen_timer.interface_timer/timer_count_reg[11]/C
High Pulse Width  Slow    FDCE/C              n/a            0.500         6.667       6.167      SLICE_X24Y23    bus/gen_timer.interface_timer/timer_count_reg[12]/C
High Pulse Width  Fast    FDCE/C              n/a            0.500         6.667       6.167      SLICE_X24Y23    bus/gen_timer.interface_timer/timer_count_reg[12]/C
High Pulse Width  Slow    FDCE/C              n/a            0.500         6.667       6.167      SLICE_X24Y23    bus/gen_timer.interface_timer/timer_count_reg[13]/C
High Pulse Width  Fast    FDCE/C              n/a            0.500         6.667       6.167      SLICE_X24Y23    bus/gen_timer.interface_timer/timer_count_reg[13]/C



---------------------------------------------------------------------------------------------------
From Clock:  clkfbout_cpuclk_1
  To Clock:  clkfbout_cpuclk_1

Setup :           NA  Failing Endpoints,  Worst Slack           NA  ,  Total Violation           NA
Hold  :           NA  Failing Endpoints,  Worst Slack           NA  ,  Total Violation           NA
PW    :            0  Failing Endpoints,  Worst Slack       12.633ns,  Total Violation        0.000ns
---------------------------------------------------------------------------------------------------


Pulse Width Checks
--------------------------------------------------------------------------------------
Clock Name:         clkfbout_cpuclk_1
Waveform(ns):       { 0.000 20.000 }
Period(ns):         40.000
Sources:            { cpuClk/inst/plle2_adv_inst/CLKFBOUT }

Check Type  Corner  Lib Pin             Reference Pin  Required(ns)  Actual(ns)  Slack(ns)  Location        Pin
Min Period  n/a     BUFG/I              n/a            1.592         40.000      38.408     BUFGCTRL_X0Y17  cpuClk/inst/clkf_buf/I
Min Period  n/a     PLLE2_ADV/CLKFBOUT  n/a            1.249         40.000      38.751     PLLE2_ADV_X1Y1  cpuClk/inst/plle2_adv_inst/CLKFBOUT
Min Period  n/a     PLLE2_ADV/CLKFBIN   n/a            1.249         40.000      38.751     PLLE2_ADV_X1Y1  cpuClk/inst/plle2_adv_inst/CLKFBIN
Max Period  n/a     PLLE2_ADV/CLKFBIN   n/a            52.633        40.000      12.633     PLLE2_ADV_X1Y1  cpuClk/inst/plle2_adv_inst/CLKFBIN
Max Period  n/a     PLLE2_ADV/CLKFBOUT  n/a            160.000       40.000      120.000    PLLE2_ADV_X1Y1  cpuClk/inst/plle2_adv_inst/CLKFBOUT



--------------------------------------------------------------------------------------
Path Group:  (none)
From Clock:  clk_out1_cpuclk_1
  To Clock:  

Max Delay             1 Endpoint
Min Delay             1 Endpoint
--------------------------------------------------------------------------------------


Max Delay Paths
--------------------------------------------------------------------------------------
Slack:                    inf
  Source:                 bus/gen_uart.interface_uart/uart_tx_inst/tx_reg/C
                            (rising edge-triggered cell FDPE clocked by clk_out1_cpuclk_1  {rise@0.000ns fall@6.667ns period=13.333ns})
  Destination:            tx_out
                            (output port)
  Path Group:             (none)
  Path Type:              Max at Slow Process Corner
  Data Path Delay:        9.489ns  (logic 3.707ns (39.072%)  route 5.781ns (60.928%))
  Logic Levels:           1  (OBUF=1)
  Clock Uncertainty:      0.395ns  ((TSJ^2 + DJ^2)^1/2) / 2 + PE
    Total System Jitter     (TSJ):    0.050ns
    Discrete Jitter          (DJ):    0.263ns
    Phase Error              (PE):    0.262ns

    Location             Delay type                Incr(ns)  Path(ns)    Netlist Resource(s)
  -------------------------------------------------------------------    -------------------
                         (clock clk_out1_cpuclk_1 rise edge)
                                                      0.000     0.000 r  
    U18                                               0.000     0.000 r  clk (IN)
                         net (fo=0)                   0.000     0.000    cpuClk/inst/clk_in1
    U18                  IBUF (Prop_ibuf_I_O)         1.429     1.429 r  cpuClk/inst/clkin1_ibufg/O
                         net (fo=1, routed)           1.126     2.555    cpuClk/inst/clk_in1_cpuclk
    PLLE2_ADV_X1Y1       PLLE2_ADV (Prop_plle2_adv_CLKIN1_CLKOUT0)
                                                     -7.569    -5.014 r  cpuClk/inst/plle2_adv_inst/CLKOUT0
                         net (fo=1, routed)           1.594    -3.420    cpuClk/inst/clk_out1_cpuclk
    BUFGCTRL_X0Y16       BUFG (Prop_bufg_I_O)         0.085    -3.335 r  cpuClk/inst/clkout1_buf/O
                         net (fo=7900, routed)        1.472    -1.863    bus/gen_uart.interface_uart/uart_tx_inst/clk_out1
    SLICE_X21Y18         FDPE                                         r  bus/gen_uart.interface_uart/uart_tx_inst/tx_reg/C
  -------------------------------------------------------------------    -------------------
    SLICE_X21Y18         FDPE (Prop_fdpe_C_Q)         0.379    -1.484 r  bus/gen_uart.interface_uart/uart_tx_inst/tx_reg/Q
                         net (fo=1, routed)           5.781     4.298    tx_out_OBUF
    M15                  OBUF (Prop_obuf_I_O)         3.328     7.626 r  tx_out_OBUF_inst/O
                         net (fo=0)                   0.000     7.626    tx_out
    M15                                                               r  tx_out (OUT)
  -------------------------------------------------------------------    -------------------





Min Delay Paths
--------------------------------------------------------------------------------------
Slack:                    inf
  Source:                 bus/gen_uart.interface_uart/uart_tx_inst/tx_reg/C
                            (rising edge-triggered cell FDPE clocked by clk_out1_cpuclk_1  {rise@0.000ns fall@6.667ns period=13.333ns})
  Destination:            tx_out
                            (output port)
  Path Group:             (none)
  Path Type:              Min at Fast Process Corner
  Data Path Delay:        4.243ns  (logic 1.424ns (33.562%)  route 2.819ns (66.438%))
  Logic Levels:           1  (OBUF=1)
  Clock Uncertainty:      0.395ns  ((TSJ^2 + DJ^2)^1/2) / 2 + PE
    Total System Jitter     (TSJ):    0.050ns
    Discrete Jitter          (DJ):    0.263ns
    Phase Error              (PE):    0.262ns

    Location             Delay type                Incr(ns)  Path(ns)    Netlist Resource(s)
  -------------------------------------------------------------------    -------------------
                         (clock clk_out1_cpuclk_1 rise edge)
                                                      0.000     0.000 r  
    U18                                               0.000     0.000 r  clk (IN)
                         net (fo=0)                   0.000     0.000    cpuClk/inst/clk_in1
    U18                  IBUF (Prop_ibuf_I_O)         0.266     0.266 r  cpuClk/inst/clkin1_ibufg/O
                         net (fo=1, routed)           0.440     0.706    cpuClk/inst/clk_in1_cpuclk
    PLLE2_ADV_X1Y1       PLLE2_ADV (Prop_plle2_adv_CLKIN1_CLKOUT0)
                                                     -2.407    -1.700 r  cpuClk/inst/plle2_adv_inst/CLKOUT0
                         net (fo=1, routed)           0.544    -1.156    cpuClk/inst/clk_out1_cpuclk
    BUFGCTRL_X0Y16       BUFG (Prop_bufg_I_O)         0.026    -1.130 r  cpuClk/inst/clkout1_buf/O
                         net (fo=7900, routed)        0.588    -0.543    bus/gen_uart.interface_uart/uart_tx_inst/clk_out1
    SLICE_X21Y18         FDPE                                         r  bus/gen_uart.interface_uart/uart_tx_inst/tx_reg/C
  -------------------------------------------------------------------    -------------------
    SLICE_X21Y18         FDPE (Prop_fdpe_C_Q)         0.141    -0.402 r  bus/gen_uart.interface_uart/uart_tx_inst/tx_reg/Q
                         net (fo=1, routed)           2.819     2.417    tx_out_OBUF
    M15                  OBUF (Prop_obuf_I_O)         1.283     3.700 r  tx_out_OBUF_inst/O
                         net (fo=0)                   0.000     3.700    tx_out
    M15                                                               r  tx_out (OUT)
  -------------------------------------------------------------------    -------------------





--------------------------------------------------------------------------------------
Path Group:  (none)
From Clock:  clkfbout_cpuclk_1
  To Clock:  

Max Delay             1 Endpoint
Min Delay             1 Endpoint
--------------------------------------------------------------------------------------


Max Delay Paths
--------------------------------------------------------------------------------------
Slack:                    inf
  Source:                 cpuClk/inst/plle2_adv_inst/CLKFBOUT
                            (clock source 'clkfbout_cpuclk_1'  {rise@0.000ns fall@20.000ns period=40.000ns})
  Destination:            cpuClk/inst/plle2_adv_inst/CLKFBIN
  Path Group:             (none)
  Path Type:              Max at Fast Process Corner
  Data Path Delay:        1.485ns  (logic 0.029ns (1.953%)  route 1.456ns (98.047%))
  Logic Levels:           1  (BUFG=1)
  Clock Uncertainty:      0.354ns  ((TSJ^2 + DJ^2)^1/2) / 2 + PE
    Total System Jitter     (TSJ):    0.050ns
    Discrete Jitter          (DJ):    0.177ns
    Phase Error              (PE):    0.262ns

    Location             Delay type                Incr(ns)  Path(ns)    Netlist Resource(s)
  -------------------------------------------------------------------    -------------------
                         (clock clkfbout_cpuclk_1 fall edge)
                                                     20.000    20.000 f  
    U18                                               0.000    20.000 f  clk (IN)
                         net (fo=0)                   0.000    20.000    cpuClk/inst/clk_in1
    U18                  IBUF (Prop_ibuf_I_O)         0.454    20.454 f  cpuClk/inst/clkin1_ibufg/O
                         net (fo=1, routed)           0.481    20.935    cpuClk/inst/clk_in1_cpuclk
  -------------------------------------------------------------------    -------------------
    PLLE2_ADV_X1Y1       PLLE2_ADV (Prop_plle2_adv_CLKIN1_CLKFBOUT)
                                                     -2.727    18.208 f  cpuClk/inst/plle2_adv_inst/CLKFBOUT
                         net (fo=1, routed)           0.592    18.800    cpuClk/inst/clkfbout_cpuclk
    BUFGCTRL_X0Y17       BUFG (Prop_bufg_I_O)         0.029    18.829 f  cpuClk/inst/clkf_buf/O
                         net (fo=1, routed)           0.864    19.693    cpuClk/inst/clkfbout_buf_cpuclk
    PLLE2_ADV_X1Y1       PLLE2_ADV                                    f  cpuClk/inst/plle2_adv_inst/CLKFBIN
  -------------------------------------------------------------------    -------------------





Min Delay Paths
--------------------------------------------------------------------------------------
Slack:                    inf
  Source:                 cpuClk/inst/plle2_adv_inst/CLKFBOUT
                            (clock source 'clkfbout_cpuclk_1'  {rise@0.000ns fall@20.000ns period=40.000ns})
  Destination:            cpuClk/inst/plle2_adv_inst/CLKFBIN
  Path Group:             (none)
  Path Type:              Min at Slow Process Corner
  Data Path Delay:        2.915ns  (logic 0.077ns (2.642%)  route 2.838ns (97.358%))
  Logic Levels:           1  (BUFG=1)
  Clock Uncertainty:      0.354ns  ((TSJ^2 + DJ^2)^1/2) / 2 + PE
    Total System Jitter     (TSJ):    0.050ns
    Discrete Jitter          (DJ):    0.177ns
    Phase Error              (PE):    0.262ns

    Location             Delay type                Incr(ns)  Path(ns)    Netlist Resource(s)
  -------------------------------------------------------------------    -------------------
                         (clock clkfbout_cpuclk_1 rise edge)
                                                      0.000     0.000 r  
    U18                                               0.000     0.000 r  clk (IN)
                         net (fo=0)                   0.000     0.000    cpuClk/inst/clk_in1
    U18                  IBUF (Prop_ibuf_I_O)         1.363     1.363 r  cpuClk/inst/clkin1_ibufg/O
                         net (fo=1, routed)           1.019     2.382    cpuClk/inst/clk_in1_cpuclk
  -------------------------------------------------------------------    -------------------
    PLLE2_ADV_X1Y1       PLLE2_ADV (Prop_plle2_adv_CLKIN1_CLKFBOUT)
                                                     -6.696    -4.314 r  cpuClk/inst/plle2_adv_inst/CLKFBOUT
                         net (fo=1, routed)           1.451    -2.862    cpuClk/inst/clkfbout_cpuclk
    BUFGCTRL_X0Y17       BUFG (Prop_bufg_I_O)         0.077    -2.785 r  cpuClk/inst/clkf_buf/O
                         net (fo=1, routed)           1.386    -1.399    cpuClk/inst/clkfbout_buf_cpuclk
    PLLE2_ADV_X1Y1       PLLE2_ADV                                    r  cpuClk/inst/plle2_adv_inst/CLKFBIN
  -------------------------------------------------------------------    -------------------





--------------------------------------------------------------------------------------
Path Group:  (none)
From Clock:  
  To Clock:  clk_out1_cpuclk_1

Max Delay          7935 Endpoints
Min Delay          7935 Endpoints
--------------------------------------------------------------------------------------


Max Delay Paths
--------------------------------------------------------------------------------------
Slack:                    inf
  Source:                 rst
                            (input port)
  Destination:            mini_rv_u/if_id/inst_o_reg[27]/CLR
                            (recovery check against rising-edge clock clk_out1_cpuclk_1  {rise@0.000ns fall@6.667ns period=13.333ns})
  Path Group:             (none)
  Path Type:              Recovery (Max at Slow Process Corner)
  Data Path Delay:        16.046ns  (logic 1.554ns (9.682%)  route 14.493ns (90.318%))
  Logic Levels:           2  (IBUF=1 LUT2=1)
  Clock Path Skew:        -1.461ns (DCD - SCD + CPR)
    Destination Clock Delay (DCD):    -1.461ns
    Source Clock Delay      (SCD):    0.000ns
    Clock Pessimism Removal (CPR):    0.000ns

    Location             Delay type                Incr(ns)  Path(ns)    Netlist Resource(s)
  -------------------------------------------------------------------    -------------------
    N16                                               0.000     0.000 r  rst (IN)
                         net (fo=0)                   0.000     0.000    rst
    N16                  IBUF (Prop_ibuf_I_O)         1.449     1.449 r  rst_IBUF_inst/O
                         net (fo=137, routed)         4.707     6.155    mini_rv_u/Id/regFile/rst_IBUF
    SLICE_X71Y32         LUT2 (Prop_lut2_I0_O)        0.105     6.260 f  mini_rv_u/Id/regFile/isNeededWrite[1]_i_1/O
                         net (fo=2249, routed)        9.786    16.046    mini_rv_u/if_id/inst_o_reg[15]_rep__0_1
    SLICE_X23Y5          FDCE                                         f  mini_rv_u/if_id/inst_o_reg[27]/CLR
  -------------------------------------------------------------------    -------------------

                         (clock clk_out1_cpuclk_1 rise edge)
                                                      0.000     0.000 r  
    U18                                               0.000     0.000 r  clk (IN)
                         net (fo=0)                   0.000     0.000    cpuClk/inst/clk_in1
    U18                  IBUF (Prop_ibuf_I_O)         1.363     1.363 r  cpuClk/inst/clkin1_ibufg/O
                         net (fo=1, routed)           1.019     2.382    cpuClk/inst/clk_in1_cpuclk
    PLLE2_ADV_X1Y1       PLLE2_ADV (Prop_plle2_adv_CLKIN1_CLKOUT0)
                                                     -6.696    -4.314 r  cpuClk/inst/plle2_adv_inst/CLKOUT0
                         net (fo=1, routed)           1.451    -2.862    cpuClk/inst/clk_out1_cpuclk
    BUFGCTRL_X0Y16       BUFG (Prop_bufg_I_O)         0.077    -2.785 r  cpuClk/inst/clkout1_buf/O
                         net (fo=7900, routed)        1.324    -1.461    mini_rv_u/if_id/clk_out1
    SLICE_X23Y5          FDCE                                         r  mini_rv_u/if_id/inst_o_reg[27]/C

Slack:                    inf
  Source:                 rst
                            (input port)
  Destination:            mini_rv_u/if_id/inst_o_reg[23]/CLR
                            (recovery check against rising-edge clock clk_out1_cpuclk_1  {rise@0.000ns fall@6.667ns period=13.333ns})
  Path Group:             (none)
  Path Type:              Recovery (Max at Slow Process Corner)
  Data Path Delay:        15.847ns  (logic 1.554ns (9.804%)  route 14.293ns (90.196%))
  Logic Levels:           2  (IBUF=1 LUT2=1)
  Clock Path Skew:        -1.464ns (DCD - SCD + CPR)
    Destination Clock Delay (DCD):    -1.464ns
    Source Clock Delay      (SCD):    0.000ns
    Clock Pessimism Removal (CPR):    0.000ns

    Location             Delay type                Incr(ns)  Path(ns)    Netlist Resource(s)
  -------------------------------------------------------------------    -------------------
    N16                                               0.000     0.000 r  rst (IN)
                         net (fo=0)                   0.000     0.000    rst
    N16                  IBUF (Prop_ibuf_I_O)         1.449     1.449 r  rst_IBUF_inst/O
                         net (fo=137, routed)         4.707     6.155    mini_rv_u/Id/regFile/rst_IBUF
    SLICE_X71Y32         LUT2 (Prop_lut2_I0_O)        0.105     6.260 f  mini_rv_u/Id/regFile/isNeededWrite[1]_i_1/O
                         net (fo=2249, routed)        9.587    15.847    mini_rv_u/if_id/inst_o_reg[15]_rep__0_1
    SLICE_X25Y5          FDCE                                         f  mini_rv_u/if_id/inst_o_reg[23]/CLR
  -------------------------------------------------------------------    -------------------

                         (clock clk_out1_cpuclk_1 rise edge)
                                                      0.000     0.000 r  
    U18                                               0.000     0.000 r  clk (IN)
                         net (fo=0)                   0.000     0.000    cpuClk/inst/clk_in1
    U18                  IBUF (Prop_ibuf_I_O)         1.363     1.363 r  cpuClk/inst/clkin1_ibufg/O
                         net (fo=1, routed)           1.019     2.382    cpuClk/inst/clk_in1_cpuclk
    PLLE2_ADV_X1Y1       PLLE2_ADV (Prop_plle2_adv_CLKIN1_CLKOUT0)
                                                     -6.696    -4.314 r  cpuClk/inst/plle2_adv_inst/CLKOUT0
                         net (fo=1, routed)           1.451    -2.862    cpuClk/inst/clk_out1_cpuclk
    BUFGCTRL_X0Y16       BUFG (Prop_bufg_I_O)         0.077    -2.785 r  cpuClk/inst/clkout1_buf/O
                         net (fo=7900, routed)        1.321    -1.464    mini_rv_u/if_id/clk_out1
    SLICE_X25Y5          FDCE                                         r  mini_rv_u/if_id/inst_o_reg[23]/C

Slack:                    inf
  Source:                 rst
                            (input port)
  Destination:            bus/gen_timer.interface_timer/timer_count_reg[20]/CLR
                            (recovery check against rising-edge clock clk_out1_cpuclk_1  {rise@0.000ns fall@6.667ns period=13.333ns})
  Path Group:             (none)
  Path Type:              Recovery (Max at Slow Process Corner)
  Data Path Delay:        15.789ns  (logic 1.554ns (9.840%)  route 14.236ns (90.160%))
  Logic Levels:           2  (IBUF=1 LUT2=1)
  Clock Path Skew:        -1.479ns (DCD - SCD + CPR)
    Destination Clock Delay (DCD):    -1.479ns
    Source Clock Delay      (SCD):    0.000ns
    Clock Pessimism Removal (CPR):    0.000ns

    Location             Delay type                Incr(ns)  Path(ns)    Netlist Resource(s)
  -------------------------------------------------------------------    -------------------
    N16                                               0.000     0.000 r  rst (IN)
                         net (fo=0)                   0.000     0.000    rst
    N16                  IBUF (Prop_ibuf_I_O)         1.449     1.449 r  rst_IBUF_inst/O
                         net (fo=137, routed)         4.707     6.155    mini_rv_u/Id/regFile/rst_IBUF
    SLICE_X71Y32         LUT2 (Prop_lut2_I0_O)        0.105     6.260 f  mini_rv_u/Id/regFile/isNeededWrite[1]_i_1/O
                         net (fo=2249, routed)        9.529    15.789    bus/gen_timer.interface_timer/timer_count_reg[31]_0
    SLICE_X24Y25         FDCE                                         f  bus/gen_timer.interface_timer/timer_count_reg[20]/CLR
  -------------------------------------------------------------------    -------------------

                         (clock clk_out1_cpuclk_1 rise edge)
                                                      0.000     0.000 r  
    U18                                               0.000     0.000 r  clk (IN)
                         net (fo=0)                   0.000     0.000    cpuClk/inst/clk_in1
    U18                  IBUF (Prop_ibuf_I_O)         1.363     1.363 r  cpuClk/inst/clkin1_ibufg/O
                         net (fo=1, routed)           1.019     2.382    cpuClk/inst/clk_in1_cpuclk
    PLLE2_ADV_X1Y1       PLLE2_ADV (Prop_plle2_adv_CLKIN1_CLKOUT0)
                                                     -6.696    -4.314 r  cpuClk/inst/plle2_adv_inst/CLKOUT0
                         net (fo=1, routed)           1.451    -2.862    cpuClk/inst/clk_out1_cpuclk
    BUFGCTRL_X0Y16       BUFG (Prop_bufg_I_O)         0.077    -2.785 r  cpuClk/inst/clkout1_buf/O
                         net (fo=7900, routed)        1.306    -1.479    bus/gen_timer.interface_timer/clk_out1
    SLICE_X24Y25         FDCE                                         r  bus/gen_timer.interface_timer/timer_count_reg[20]/C

Slack:                    inf
  Source:                 rst
                            (input port)
  Destination:            bus/gen_timer.interface_timer/timer_count_reg[21]/CLR
                            (recovery check against rising-edge clock clk_out1_cpuclk_1  {rise@0.000ns fall@6.667ns period=13.333ns})
  Path Group:             (none)
  Path Type:              Recovery (Max at Slow Process Corner)
  Data Path Delay:        15.789ns  (logic 1.554ns (9.840%)  route 14.236ns (90.160%))
  Logic Levels:           2  (IBUF=1 LUT2=1)
  Clock Path Skew:        -1.479ns (DCD - SCD + CPR)
    Destination Clock Delay (DCD):    -1.479ns
    Source Clock Delay      (SCD):    0.000ns
    Clock Pessimism Removal (CPR):    0.000ns

    Location             Delay type                Incr(ns)  Path(ns)    Netlist Resource(s)
  -------------------------------------------------------------------    -------------------
    N16                                               0.000     0.000 r  rst (IN)
                         net (fo=0)                   0.000     0.000    rst
    N16                  IBUF (Prop_ibuf_I_O)         1.449     1.449 r  rst_IBUF_inst/O
                         net (fo=137, routed)         4.707     6.155    mini_rv_u/Id/regFile/rst_IBUF
    SLICE_X71Y32         LUT2 (Prop_lut2_I0_O)        0.105     6.260 f  mini_rv_u/Id/regFile/isNeededWrite[1]_i_1/O
                         net (fo=2249, routed)        9.529    15.789    bus/gen_timer.interface_timer/timer_count_reg[31]_0
    SLICE_X24Y25         FDCE                                         f  bus/gen_timer.interface_timer/timer_count_reg[21]/CLR
  -------------------------------------------------------------------    -------------------

                         (clock clk_out1_cpuclk_1 rise edge)
                                                      0.000     0.000 r  
    U18                                               0.000     0.000 r  clk (IN)
                         net (fo=0)                   0.000     0.000    cpuClk/inst/clk_in1
    U18                  IBUF (Prop_ibuf_I_O)         1.363     1.363 r  cpuClk/inst/clkin1_ibufg/O
                         net (fo=1, routed)           1.019     2.382    cpuClk/inst/clk_in1_cpuclk
    PLLE2_ADV_X1Y1       PLLE2_ADV (Prop_plle2_adv_CLKIN1_CLKOUT0)
                                                     -6.696    -4.314 r  cpuClk/inst/plle2_adv_inst/CLKOUT0
                         net (fo=1, routed)           1.451    -2.862    cpuClk/inst/clk_out1_cpuclk
    BUFGCTRL_X0Y16       BUFG (Prop_bufg_I_O)         0.077    -2.785 r  cpuClk/inst/clkout1_buf/O
                         net (fo=7900, routed)        1.306    -1.479    bus/gen_timer.interface_timer/clk_out1
    SLICE_X24Y25         FDCE                                         r  bus/gen_timer.interface_timer/timer_count_reg[21]/C

Slack:                    inf
  Source:                 rst
                            (input port)
  Destination:            bus/gen_timer.interface_timer/timer_count_reg[22]/CLR
                            (recovery check against rising-edge clock clk_out1_cpuclk_1  {rise@0.000ns fall@6.667ns period=13.333ns})
  Path Group:             (none)
  Path Type:              Recovery (Max at Slow Process Corner)
  Data Path Delay:        15.789ns  (logic 1.554ns (9.840%)  route 14.236ns (90.160%))
  Logic Levels:           2  (IBUF=1 LUT2=1)
  Clock Path Skew:        -1.479ns (DCD - SCD + CPR)
    Destination Clock Delay (DCD):    -1.479ns
    Source Clock Delay      (SCD):    0.000ns
    Clock Pessimism Removal (CPR):    0.000ns

    Location             Delay type                Incr(ns)  Path(ns)    Netlist Resource(s)
  -------------------------------------------------------------------    -------------------
    N16                                               0.000     0.000 r  rst (IN)
                         net (fo=0)                   0.000     0.000    rst
    N16                  IBUF (Prop_ibuf_I_O)         1.449     1.449 r  rst_IBUF_inst/O
                         net (fo=137, routed)         4.707     6.155    mini_rv_u/Id/regFile/rst_IBUF
    SLICE_X71Y32         LUT2 (Prop_lut2_I0_O)        0.105     6.260 f  mini_rv_u/Id/regFile/isNeededWrite[1]_i_1/O
                         net (fo=2249, routed)        9.529    15.789    bus/gen_timer.interface_timer/timer_count_reg[31]_0
    SLICE_X24Y25         FDCE                                         f  bus/gen_timer.interface_timer/timer_count_reg[22]/CLR
  -------------------------------------------------------------------    -------------------

                         (clock clk_out1_cpuclk_1 rise edge)
                                                      0.000     0.000 r  
    U18                                               0.000     0.000 r  clk (IN)
                         net (fo=0)                   0.000     0.000    cpuClk/inst/clk_in1
    U18                  IBUF (Prop_ibuf_I_O)         1.363     1.363 r  cpuClk/inst/clkin1_ibufg/O
                         net (fo=1, routed)           1.019     2.382    cpuClk/inst/clk_in1_cpuclk
    PLLE2_ADV_X1Y1       PLLE2_ADV (Prop_plle2_adv_CLKIN1_CLKOUT0)
                                                     -6.696    -4.314 r  cpuClk/inst/plle2_adv_inst/CLKOUT0
                         net (fo=1, routed)           1.451    -2.862    cpuClk/inst/clk_out1_cpuclk
    BUFGCTRL_X0Y16       BUFG (Prop_bufg_I_O)         0.077    -2.785 r  cpuClk/inst/clkout1_buf/O
                         net (fo=7900, routed)        1.306    -1.479    bus/gen_timer.interface_timer/clk_out1
    SLICE_X24Y25         FDCE                                         r  bus/gen_timer.interface_timer/timer_count_reg[22]/C

Slack:                    inf
  Source:                 rst
                            (input port)
  Destination:            bus/gen_timer.interface_timer/timer_count_reg[23]/CLR
                            (recovery check against rising-edge clock clk_out1_cpuclk_1  {rise@0.000ns fall@6.667ns period=13.333ns})
  Path Group:             (none)
  Path Type:              Recovery (Max at Slow Process Corner)
  Data Path Delay:        15.789ns  (logic 1.554ns (9.840%)  route 14.236ns (90.160%))
  Logic Levels:           2  (IBUF=1 LUT2=1)
  Clock Path Skew:        -1.479ns (DCD - SCD + CPR)
    Destination Clock Delay (DCD):    -1.479ns
    Source Clock Delay      (SCD):    0.000ns
    Clock Pessimism Removal (CPR):    0.000ns

    Location             Delay type                Incr(ns)  Path(ns)    Netlist Resource(s)
  -------------------------------------------------------------------    -------------------
    N16                                               0.000     0.000 r  rst (IN)
                         net (fo=0)                   0.000     0.000    rst
    N16                  IBUF (Prop_ibuf_I_O)         1.449     1.449 r  rst_IBUF_inst/O
                         net (fo=137, routed)         4.707     6.155    mini_rv_u/Id/regFile/rst_IBUF
    SLICE_X71Y32         LUT2 (Prop_lut2_I0_O)        0.105     6.260 f  mini_rv_u/Id/regFile/isNeededWrite[1]_i_1/O
                         net (fo=2249, routed)        9.529    15.789    bus/gen_timer.interface_timer/timer_count_reg[31]_0
    SLICE_X24Y25         FDCE                                         f  bus/gen_timer.interface_timer/timer_count_reg[23]/CLR
  -------------------------------------------------------------------    -------------------

                         (clock clk_out1_cpuclk_1 rise edge)
                                                      0.000     0.000 r  
    U18                                               0.000     0.000 r  clk (IN)
                         net (fo=0)                   0.000     0.000    cpuClk/inst/clk_in1
    U18                  IBUF (Prop_ibuf_I_O)         1.363     1.363 r  cpuClk/inst/clkin1_ibufg/O
                         net (fo=1, routed)           1.019     2.382    cpuClk/inst/clk_in1_cpuclk
    PLLE2_ADV_X1Y1       PLLE2_ADV (Prop_plle2_adv_CLKIN1_CLKOUT0)
                                                     -6.696    -4.314 r  cpuClk/inst/plle2_adv_inst/CLKOUT0
                         net (fo=1, routed)           1.451    -2.862    cpuClk/inst/clk_out1_cpuclk
    BUFGCTRL_X0Y16       BUFG (Prop_bufg_I_O)         0.077    -2.785 r  cpuClk/inst/clkout1_buf/O
                         net (fo=7900, routed)        1.306    -1.479    bus/gen_timer.interface_timer/clk_out1
    SLICE_X24Y25         FDCE                                         r  bus/gen_timer.interface_timer/timer_count_reg[23]/C

Slack:                    inf
  Source:                 rst
                            (input port)
  Destination:            bus/gen_timer.interface_timer/timer_count_reg[16]/CLR
                            (recovery check against rising-edge clock clk_out1_cpuclk_1  {rise@0.000ns fall@6.667ns period=13.333ns})
  Path Group:             (none)
  Path Type:              Recovery (Max at Slow Process Corner)
  Data Path Delay:        15.659ns  (logic 1.554ns (9.922%)  route 14.105ns (90.078%))
  Logic Levels:           2  (IBUF=1 LUT2=1)
  Clock Path Skew:        -1.479ns (DCD - SCD + CPR)
    Destination Clock Delay (DCD):    -1.479ns
    Source Clock Delay      (SCD):    0.000ns
    Clock Pessimism Removal (CPR):    0.000ns

    Location             Delay type                Incr(ns)  Path(ns)    Netlist Resource(s)
  -------------------------------------------------------------------    -------------------
    N16                                               0.000     0.000 r  rst (IN)
                         net (fo=0)                   0.000     0.000    rst
    N16                  IBUF (Prop_ibuf_I_O)         1.449     1.449 r  rst_IBUF_inst/O
                         net (fo=137, routed)         4.707     6.155    mini_rv_u/Id/regFile/rst_IBUF
    SLICE_X71Y32         LUT2 (Prop_lut2_I0_O)        0.105     6.260 f  mini_rv_u/Id/regFile/isNeededWrite[1]_i_1/O
                         net (fo=2249, routed)        9.399    15.659    bus/gen_timer.interface_timer/timer_count_reg[31]_0
    SLICE_X24Y24         FDCE                                         f  bus/gen_timer.interface_timer/timer_count_reg[16]/CLR
  -------------------------------------------------------------------    -------------------

                         (clock clk_out1_cpuclk_1 rise edge)
                                                      0.000     0.000 r  
    U18                                               0.000     0.000 r  clk (IN)
                         net (fo=0)                   0.000     0.000    cpuClk/inst/clk_in1
    U18                  IBUF (Prop_ibuf_I_O)         1.363     1.363 r  cpuClk/inst/clkin1_ibufg/O
                         net (fo=1, routed)           1.019     2.382    cpuClk/inst/clk_in1_cpuclk
    PLLE2_ADV_X1Y1       PLLE2_ADV (Prop_plle2_adv_CLKIN1_CLKOUT0)
                                                     -6.696    -4.314 r  cpuClk/inst/plle2_adv_inst/CLKOUT0
                         net (fo=1, routed)           1.451    -2.862    cpuClk/inst/clk_out1_cpuclk
    BUFGCTRL_X0Y16       BUFG (Prop_bufg_I_O)         0.077    -2.785 r  cpuClk/inst/clkout1_buf/O
                         net (fo=7900, routed)        1.306    -1.479    bus/gen_timer.interface_timer/clk_out1
    SLICE_X24Y24         FDCE                                         r  bus/gen_timer.interface_timer/timer_count_reg[16]/C

Slack:                    inf
  Source:                 rst
                            (input port)
  Destination:            bus/gen_timer.interface_timer/timer_count_reg[17]/CLR
                            (recovery check against rising-edge clock clk_out1_cpuclk_1  {rise@0.000ns fall@6.667ns period=13.333ns})
  Path Group:             (none)
  Path Type:              Recovery (Max at Slow Process Corner)
  Data Path Delay:        15.659ns  (logic 1.554ns (9.922%)  route 14.105ns (90.078%))
  Logic Levels:           2  (IBUF=1 LUT2=1)
  Clock Path Skew:        -1.479ns (DCD - SCD + CPR)
    Destination Clock Delay (DCD):    -1.479ns
    Source Clock Delay      (SCD):    0.000ns
    Clock Pessimism Removal (CPR):    0.000ns

    Location             Delay type                Incr(ns)  Path(ns)    Netlist Resource(s)
  -------------------------------------------------------------------    -------------------
    N16                                               0.000     0.000 r  rst (IN)
                         net (fo=0)                   0.000     0.000    rst
    N16                  IBUF (Prop_ibuf_I_O)         1.449     1.449 r  rst_IBUF_inst/O
                         net (fo=137, routed)         4.707     6.155    mini_rv_u/Id/regFile/rst_IBUF
    SLICE_X71Y32         LUT2 (Prop_lut2_I0_O)        0.105     6.260 f  mini_rv_u/Id/regFile/isNeededWrite[1]_i_1/O
                         net (fo=2249, routed)        9.399    15.659    bus/gen_timer.interface_timer/timer_count_reg[31]_0
    SLICE_X24Y24         FDCE                                         f  bus/gen_timer.interface_timer/timer_count_reg[17]/CLR
  -------------------------------------------------------------------    -------------------

                         (clock clk_out1_cpuclk_1 rise edge)
                                                      0.000     0.000 r  
    U18                                               0.000     0.000 r  clk (IN)
                         net (fo=0)                   0.000     0.000    cpuClk/inst/clk_in1
    U18                  IBUF (Prop_ibuf_I_O)         1.363     1.363 r  cpuClk/inst/clkin1_ibufg/O
                         net (fo=1, routed)           1.019     2.382    cpuClk/inst/clk_in1_cpuclk
    PLLE2_ADV_X1Y1       PLLE2_ADV (Prop_plle2_adv_CLKIN1_CLKOUT0)
                                                     -6.696    -4.314 r  cpuClk/inst/plle2_adv_inst/CLKOUT0
                         net (fo=1, routed)           1.451    -2.862    cpuClk/inst/clk_out1_cpuclk
    BUFGCTRL_X0Y16       BUFG (Prop_bufg_I_O)         0.077    -2.785 r  cpuClk/inst/clkout1_buf/O
                         net (fo=7900, routed)        1.306    -1.479    bus/gen_timer.interface_timer/clk_out1
    SLICE_X24Y24         FDCE                                         r  bus/gen_timer.interface_timer/timer_count_reg[17]/C

Slack:                    inf
  Source:                 rst
                            (input port)
  Destination:            bus/gen_timer.interface_timer/timer_count_reg[18]/CLR
                            (recovery check against rising-edge clock clk_out1_cpuclk_1  {rise@0.000ns fall@6.667ns period=13.333ns})
  Path Group:             (none)
  Path Type:              Recovery (Max at Slow Process Corner)
  Data Path Delay:        15.659ns  (logic 1.554ns (9.922%)  route 14.105ns (90.078%))
  Logic Levels:           2  (IBUF=1 LUT2=1)
  Clock Path Skew:        -1.479ns (DCD - SCD + CPR)
    Destination Clock Delay (DCD):    -1.479ns
    Source Clock Delay      (SCD):    0.000ns
    Clock Pessimism Removal (CPR):    0.000ns

    Location             Delay type                Incr(ns)  Path(ns)    Netlist Resource(s)
  -------------------------------------------------------------------    -------------------
    N16                                               0.000     0.000 r  rst (IN)
                         net (fo=0)                   0.000     0.000    rst
    N16                  IBUF (Prop_ibuf_I_O)         1.449     1.449 r  rst_IBUF_inst/O
                         net (fo=137, routed)         4.707     6.155    mini_rv_u/Id/regFile/rst_IBUF
    SLICE_X71Y32         LUT2 (Prop_lut2_I0_O)        0.105     6.260 f  mini_rv_u/Id/regFile/isNeededWrite[1]_i_1/O
                         net (fo=2249, routed)        9.399    15.659    bus/gen_timer.interface_timer/timer_count_reg[31]_0
    SLICE_X24Y24         FDCE                                         f  bus/gen_timer.interface_timer/timer_count_reg[18]/CLR
  -------------------------------------------------------------------    -------------------

                         (clock clk_out1_cpuclk_1 rise edge)
                                                      0.000     0.000 r  
    U18                                               0.000     0.000 r  clk (IN)
                         net (fo=0)                   0.000     0.000    cpuClk/inst/clk_in1
    U18                  IBUF (Prop_ibuf_I_O)         1.363     1.363 r  cpuClk/inst/clkin1_ibufg/O
                         net (fo=1, routed)           1.019     2.382    cpuClk/inst/clk_in1_cpuclk
    PLLE2_ADV_X1Y1       PLLE2_ADV (Prop_plle2_adv_CLKIN1_CLKOUT0)
                                                     -6.696    -4.314 r  cpuClk/inst/plle2_adv_inst/CLKOUT0
                         net (fo=1, routed)           1.451    -2.862    cpuClk/inst/clk_out1_cpuclk
    BUFGCTRL_X0Y16       BUFG (Prop_bufg_I_O)         0.077    -2.785 r  cpuClk/inst/clkout1_buf/O
                         net (fo=7900, routed)        1.306    -1.479    bus/gen_timer.interface_timer/clk_out1
    SLICE_X24Y24         FDCE                                         r  bus/gen_timer.interface_timer/timer_count_reg[18]/C

Slack:                    inf
  Source:                 rst
                            (input port)
  Destination:            bus/gen_timer.interface_timer/timer_count_reg[19]/CLR
                            (recovery check against rising-edge clock clk_out1_cpuclk_1  {rise@0.000ns fall@6.667ns period=13.333ns})
  Path Group:             (none)
  Path Type:              Recovery (Max at Slow Process Corner)
  Data Path Delay:        15.659ns  (logic 1.554ns (9.922%)  route 14.105ns (90.078%))
  Logic Levels:           2  (IBUF=1 LUT2=1)
  Clock Path Skew:        -1.479ns (DCD - SCD + CPR)
    Destination Clock Delay (DCD):    -1.479ns
    Source Clock Delay      (SCD):    0.000ns
    Clock Pessimism Removal (CPR):    0.000ns

    Location             Delay type                Incr(ns)  Path(ns)    Netlist Resource(s)
  -------------------------------------------------------------------    -------------------
    N16                                               0.000     0.000 r  rst (IN)
                         net (fo=0)                   0.000     0.000    rst
    N16                  IBUF (Prop_ibuf_I_O)         1.449     1.449 r  rst_IBUF_inst/O
                         net (fo=137, routed)         4.707     6.155    mini_rv_u/Id/regFile/rst_IBUF
    SLICE_X71Y32         LUT2 (Prop_lut2_I0_O)        0.105     6.260 f  mini_rv_u/Id/regFile/isNeededWrite[1]_i_1/O
                         net (fo=2249, routed)        9.399    15.659    bus/gen_timer.interface_timer/timer_count_reg[31]_0
    SLICE_X24Y24         FDCE                                         f  bus/gen_timer.interface_timer/timer_count_reg[19]/CLR
  -------------------------------------------------------------------    -------------------

                         (clock clk_out1_cpuclk_1 rise edge)
                                                      0.000     0.000 r  
    U18                                               0.000     0.000 r  clk (IN)
                         net (fo=0)                   0.000     0.000    cpuClk/inst/clk_in1
    U18                  IBUF (Prop_ibuf_I_O)         1.363     1.363 r  cpuClk/inst/clkin1_ibufg/O
                         net (fo=1, routed)           1.019     2.382    cpuClk/inst/clk_in1_cpuclk
    PLLE2_ADV_X1Y1       PLLE2_ADV (Prop_plle2_adv_CLKIN1_CLKOUT0)
                                                     -6.696    -4.314 r  cpuClk/inst/plle2_adv_inst/CLKOUT0
                         net (fo=1, routed)           1.451    -2.862    cpuClk/inst/clk_out1_cpuclk
    BUFGCTRL_X0Y16       BUFG (Prop_bufg_I_O)         0.077    -2.785 r  cpuClk/inst/clkout1_buf/O
                         net (fo=7900, routed)        1.306    -1.479    bus/gen_timer.interface_timer/clk_out1
    SLICE_X24Y24         FDCE                                         r  bus/gen_timer.interface_timer/timer_count_reg[19]/C





Min Delay Paths
--------------------------------------------------------------------------------------
Slack:                    inf
  Source:                 rst
                            (input port)
  Destination:            mini_rv_u/If/IF_npc/branchPredictor/bht/PCtable_reg[39][0]/CE
                            (rising edge-triggered cell FDRE clocked by clk_out1_cpuclk_1  {rise@0.000ns fall@6.667ns period=13.333ns})
  Path Group:             (none)
  Path Type:              Hold (Min at Fast Process Corner)
  Data Path Delay:        2.274ns  (logic 0.330ns (14.515%)  route 1.944ns (85.485%))
  Logic Levels:           2  (IBUF=1 LUT3=1)
  Clock Path Skew:        -0.321ns (DCD - SCD - CPR)
    Destination Clock Delay (DCD):    -0.321ns
    Source Clock Delay      (SCD):    0.000ns
    Clock Pessimism Removal (CPR):    -0.000ns

    Location             Delay type                Incr(ns)  Path(ns)    Netlist Resource(s)
  -------------------------------------------------------------------    -------------------
    N16                                               0.000     0.000 r  rst (IN)
                         net (fo=0)                   0.000     0.000    rst
    N16                  IBUF (Prop_ibuf_I_O)         0.285     0.285 r  rst_IBUF_inst/O
                         net (fo=137, routed)         1.745     2.030    mini_rv_u/id_ex/rst_IBUF
    SLICE_X75Y33         LUT3 (Prop_lut3_I0_O)        0.045     2.075 r  mini_rv_u/id_ex/PCtable[39][36]_i_1/O
                         net (fo=30, routed)          0.199     2.274    mini_rv_u/If/IF_npc/branchPredictor/bht/PCtable_reg[39][35]_0
    SLICE_X77Y33         FDRE                                         r  mini_rv_u/If/IF_npc/branchPredictor/bht/PCtable_reg[39][0]/CE
  -------------------------------------------------------------------    -------------------

                         (clock clk_out1_cpuclk_1 rise edge)
                                                      0.000     0.000 r  
    U18                                               0.000     0.000 r  clk (IN)
                         net (fo=0)                   0.000     0.000    cpuClk/inst/clk_in1
    U18                  IBUF (Prop_ibuf_I_O)         0.454     0.454 r  cpuClk/inst/clkin1_ibufg/O
                         net (fo=1, routed)           0.481     0.935    cpuClk/inst/clk_in1_cpuclk
    PLLE2_ADV_X1Y1       PLLE2_ADV (Prop_plle2_adv_CLKIN1_CLKOUT0)
                                                     -2.727    -1.792 r  cpuClk/inst/plle2_adv_inst/CLKOUT0
                         net (fo=1, routed)           0.592    -1.200    cpuClk/inst/clk_out1_cpuclk
    BUFGCTRL_X0Y16       BUFG (Prop_bufg_I_O)         0.029    -1.171 r  cpuClk/inst/clkout1_buf/O
                         net (fo=7900, routed)        0.850    -0.321    mini_rv_u/If/IF_npc/branchPredictor/bht/clk_out1
    SLICE_X77Y33         FDRE                                         r  mini_rv_u/If/IF_npc/branchPredictor/bht/PCtable_reg[39][0]/C

Slack:                    inf
  Source:                 rst
                            (input port)
  Destination:            mini_rv_u/If/IF_npc/branchPredictor/bht/PCtable_reg[43][0]/CE
                            (rising edge-triggered cell FDRE clocked by clk_out1_cpuclk_1  {rise@0.000ns fall@6.667ns period=13.333ns})
  Path Group:             (none)
  Path Type:              Hold (Min at Fast Process Corner)
  Data Path Delay:        2.308ns  (logic 0.331ns (14.344%)  route 1.977ns (85.656%))
  Logic Levels:           2  (IBUF=1 LUT3=1)
  Clock Path Skew:        -0.321ns (DCD - SCD - CPR)
    Destination Clock Delay (DCD):    -0.321ns
    Source Clock Delay      (SCD):    0.000ns
    Clock Pessimism Removal (CPR):    -0.000ns

    Location             Delay type                Incr(ns)  Path(ns)    Netlist Resource(s)
  -------------------------------------------------------------------    -------------------
    N16                                               0.000     0.000 r  rst (IN)
                         net (fo=0)                   0.000     0.000    rst
    N16                  IBUF (Prop_ibuf_I_O)         0.285     0.285 r  rst_IBUF_inst/O
                         net (fo=137, routed)         1.745     2.030    mini_rv_u/id_ex/rst_IBUF
    SLICE_X75Y33         LUT3 (Prop_lut3_I0_O)        0.046     2.076 r  mini_rv_u/id_ex/PCtable[43][36]_i_1/O
                         net (fo=30, routed)          0.232     2.308    mini_rv_u/If/IF_npc/branchPredictor/bht/PCtable_reg[43][35]_0
    SLICE_X75Y36         FDRE                                         r  mini_rv_u/If/IF_npc/branchPredictor/bht/PCtable_reg[43][0]/CE
  -------------------------------------------------------------------    -------------------

                         (clock clk_out1_cpuclk_1 rise edge)
                                                      0.000     0.000 r  
    U18                                               0.000     0.000 r  clk (IN)
                         net (fo=0)                   0.000     0.000    cpuClk/inst/clk_in1
    U18                  IBUF (Prop_ibuf_I_O)         0.454     0.454 r  cpuClk/inst/clkin1_ibufg/O
                         net (fo=1, routed)           0.481     0.935    cpuClk/inst/clk_in1_cpuclk
    PLLE2_ADV_X1Y1       PLLE2_ADV (Prop_plle2_adv_CLKIN1_CLKOUT0)
                                                     -2.727    -1.792 r  cpuClk/inst/plle2_adv_inst/CLKOUT0
                         net (fo=1, routed)           0.592    -1.200    cpuClk/inst/clk_out1_cpuclk
    BUFGCTRL_X0Y16       BUFG (Prop_bufg_I_O)         0.029    -1.171 r  cpuClk/inst/clkout1_buf/O
                         net (fo=7900, routed)        0.850    -0.321    mini_rv_u/If/IF_npc/branchPredictor/bht/clk_out1
    SLICE_X75Y36         FDRE                                         r  mini_rv_u/If/IF_npc/branchPredictor/bht/PCtable_reg[43][0]/C

Slack:                    inf
  Source:                 rst
                            (input port)
  Destination:            mini_rv_u/If/IF_npc/branchPredictor/bht/PCtable_reg[39][14]/CE
                            (rising edge-triggered cell FDRE clocked by clk_out1_cpuclk_1  {rise@0.000ns fall@6.667ns period=13.333ns})
  Path Group:             (none)
  Path Type:              Hold (Min at Fast Process Corner)
  Data Path Delay:        2.314ns  (logic 0.330ns (14.263%)  route 1.984ns (85.737%))
  Logic Levels:           2  (IBUF=1 LUT3=1)
  Clock Path Skew:        -0.318ns (DCD - SCD - CPR)
    Destination Clock Delay (DCD):    -0.318ns
    Source Clock Delay      (SCD):    0.000ns
    Clock Pessimism Removal (CPR):    -0.000ns

    Location             Delay type                Incr(ns)  Path(ns)    Netlist Resource(s)
  -------------------------------------------------------------------    -------------------
    N16                                               0.000     0.000 r  rst (IN)
                         net (fo=0)                   0.000     0.000    rst
    N16                  IBUF (Prop_ibuf_I_O)         0.285     0.285 r  rst_IBUF_inst/O
                         net (fo=137, routed)         1.745     2.030    mini_rv_u/id_ex/rst_IBUF
    SLICE_X75Y33         LUT3 (Prop_lut3_I0_O)        0.045     2.075 r  mini_rv_u/id_ex/PCtable[39][36]_i_1/O
                         net (fo=30, routed)          0.239     2.314    mini_rv_u/If/IF_npc/branchPredictor/bht/PCtable_reg[39][35]_0
    SLICE_X73Y39         FDRE                                         r  mini_rv_u/If/IF_npc/branchPredictor/bht/PCtable_reg[39][14]/CE
  -------------------------------------------------------------------    -------------------

                         (clock clk_out1_cpuclk_1 rise edge)
                                                      0.000     0.000 r  
    U18                                               0.000     0.000 r  clk (IN)
                         net (fo=0)                   0.000     0.000    cpuClk/inst/clk_in1
    U18                  IBUF (Prop_ibuf_I_O)         0.454     0.454 r  cpuClk/inst/clkin1_ibufg/O
                         net (fo=1, routed)           0.481     0.935    cpuClk/inst/clk_in1_cpuclk
    PLLE2_ADV_X1Y1       PLLE2_ADV (Prop_plle2_adv_CLKIN1_CLKOUT0)
                                                     -2.727    -1.792 r  cpuClk/inst/plle2_adv_inst/CLKOUT0
                         net (fo=1, routed)           0.592    -1.200    cpuClk/inst/clk_out1_cpuclk
    BUFGCTRL_X0Y16       BUFG (Prop_bufg_I_O)         0.029    -1.171 r  cpuClk/inst/clkout1_buf/O
                         net (fo=7900, routed)        0.853    -0.318    mini_rv_u/If/IF_npc/branchPredictor/bht/clk_out1
    SLICE_X73Y39         FDRE                                         r  mini_rv_u/If/IF_npc/branchPredictor/bht/PCtable_reg[39][14]/C

Slack:                    inf
  Source:                 rst
                            (input port)
  Destination:            mini_rv_u/If/IF_npc/branchPredictor/bht/PCtable_reg[39][25]/CE
                            (rising edge-triggered cell FDRE clocked by clk_out1_cpuclk_1  {rise@0.000ns fall@6.667ns period=13.333ns})
  Path Group:             (none)
  Path Type:              Hold (Min at Fast Process Corner)
  Data Path Delay:        2.314ns  (logic 0.330ns (14.263%)  route 1.984ns (85.737%))
  Logic Levels:           2  (IBUF=1 LUT3=1)
  Clock Path Skew:        -0.318ns (DCD - SCD - CPR)
    Destination Clock Delay (DCD):    -0.318ns
    Source Clock Delay      (SCD):    0.000ns
    Clock Pessimism Removal (CPR):    -0.000ns

    Location             Delay type                Incr(ns)  Path(ns)    Netlist Resource(s)
  -------------------------------------------------------------------    -------------------
    N16                                               0.000     0.000 r  rst (IN)
                         net (fo=0)                   0.000     0.000    rst
    N16                  IBUF (Prop_ibuf_I_O)         0.285     0.285 r  rst_IBUF_inst/O
                         net (fo=137, routed)         1.745     2.030    mini_rv_u/id_ex/rst_IBUF
    SLICE_X75Y33         LUT3 (Prop_lut3_I0_O)        0.045     2.075 r  mini_rv_u/id_ex/PCtable[39][36]_i_1/O
                         net (fo=30, routed)          0.239     2.314    mini_rv_u/If/IF_npc/branchPredictor/bht/PCtable_reg[39][35]_0
    SLICE_X73Y39         FDRE                                         r  mini_rv_u/If/IF_npc/branchPredictor/bht/PCtable_reg[39][25]/CE
  -------------------------------------------------------------------    -------------------

                         (clock clk_out1_cpuclk_1 rise edge)
                                                      0.000     0.000 r  
    U18                                               0.000     0.000 r  clk (IN)
                         net (fo=0)                   0.000     0.000    cpuClk/inst/clk_in1
    U18                  IBUF (Prop_ibuf_I_O)         0.454     0.454 r  cpuClk/inst/clkin1_ibufg/O
                         net (fo=1, routed)           0.481     0.935    cpuClk/inst/clk_in1_cpuclk
    PLLE2_ADV_X1Y1       PLLE2_ADV (Prop_plle2_adv_CLKIN1_CLKOUT0)
                                                     -2.727    -1.792 r  cpuClk/inst/plle2_adv_inst/CLKOUT0
                         net (fo=1, routed)           0.592    -1.200    cpuClk/inst/clk_out1_cpuclk
    BUFGCTRL_X0Y16       BUFG (Prop_bufg_I_O)         0.029    -1.171 r  cpuClk/inst/clkout1_buf/O
                         net (fo=7900, routed)        0.853    -0.318    mini_rv_u/If/IF_npc/branchPredictor/bht/clk_out1
    SLICE_X73Y39         FDRE                                         r  mini_rv_u/If/IF_npc/branchPredictor/bht/PCtable_reg[39][25]/C

Slack:                    inf
  Source:                 rst
                            (input port)
  Destination:            mini_rv_u/If/IF_npc/branchPredictor/bht/PCtable_reg[39][33]/CE
                            (rising edge-triggered cell FDRE clocked by clk_out1_cpuclk_1  {rise@0.000ns fall@6.667ns period=13.333ns})
  Path Group:             (none)
  Path Type:              Hold (Min at Fast Process Corner)
  Data Path Delay:        2.314ns  (logic 0.330ns (14.263%)  route 1.984ns (85.737%))
  Logic Levels:           2  (IBUF=1 LUT3=1)
  Clock Path Skew:        -0.318ns (DCD - SCD - CPR)
    Destination Clock Delay (DCD):    -0.318ns
    Source Clock Delay      (SCD):    0.000ns
    Clock Pessimism Removal (CPR):    -0.000ns

    Location             Delay type                Incr(ns)  Path(ns)    Netlist Resource(s)
  -------------------------------------------------------------------    -------------------
    N16                                               0.000     0.000 r  rst (IN)
                         net (fo=0)                   0.000     0.000    rst
    N16                  IBUF (Prop_ibuf_I_O)         0.285     0.285 r  rst_IBUF_inst/O
                         net (fo=137, routed)         1.745     2.030    mini_rv_u/id_ex/rst_IBUF
    SLICE_X75Y33         LUT3 (Prop_lut3_I0_O)        0.045     2.075 r  mini_rv_u/id_ex/PCtable[39][36]_i_1/O
                         net (fo=30, routed)          0.239     2.314    mini_rv_u/If/IF_npc/branchPredictor/bht/PCtable_reg[39][35]_0
    SLICE_X73Y39         FDRE                                         r  mini_rv_u/If/IF_npc/branchPredictor/bht/PCtable_reg[39][33]/CE
  -------------------------------------------------------------------    -------------------

                         (clock clk_out1_cpuclk_1 rise edge)
                                                      0.000     0.000 r  
    U18                                               0.000     0.000 r  clk (IN)
                         net (fo=0)                   0.000     0.000    cpuClk/inst/clk_in1
    U18                  IBUF (Prop_ibuf_I_O)         0.454     0.454 r  cpuClk/inst/clkin1_ibufg/O
                         net (fo=1, routed)           0.481     0.935    cpuClk/inst/clk_in1_cpuclk
    PLLE2_ADV_X1Y1       PLLE2_ADV (Prop_plle2_adv_CLKIN1_CLKOUT0)
                                                     -2.727    -1.792 r  cpuClk/inst/plle2_adv_inst/CLKOUT0
                         net (fo=1, routed)           0.592    -1.200    cpuClk/inst/clk_out1_cpuclk
    BUFGCTRL_X0Y16       BUFG (Prop_bufg_I_O)         0.029    -1.171 r  cpuClk/inst/clkout1_buf/O
                         net (fo=7900, routed)        0.853    -0.318    mini_rv_u/If/IF_npc/branchPredictor/bht/clk_out1
    SLICE_X73Y39         FDRE                                         r  mini_rv_u/If/IF_npc/branchPredictor/bht/PCtable_reg[39][33]/C

Slack:                    inf
  Source:                 rst
                            (input port)
  Destination:            mini_rv_u/If/IF_npc/branchPredictor/bht/PCtable_reg[39][6]/CE
                            (rising edge-triggered cell FDRE clocked by clk_out1_cpuclk_1  {rise@0.000ns fall@6.667ns period=13.333ns})
  Path Group:             (none)
  Path Type:              Hold (Min at Fast Process Corner)
  Data Path Delay:        2.314ns  (logic 0.330ns (14.263%)  route 1.984ns (85.737%))
  Logic Levels:           2  (IBUF=1 LUT3=1)
  Clock Path Skew:        -0.318ns (DCD - SCD - CPR)
    Destination Clock Delay (DCD):    -0.318ns
    Source Clock Delay      (SCD):    0.000ns
    Clock Pessimism Removal (CPR):    -0.000ns

    Location             Delay type                Incr(ns)  Path(ns)    Netlist Resource(s)
  -------------------------------------------------------------------    -------------------
    N16                                               0.000     0.000 r  rst (IN)
                         net (fo=0)                   0.000     0.000    rst
    N16                  IBUF (Prop_ibuf_I_O)         0.285     0.285 r  rst_IBUF_inst/O
                         net (fo=137, routed)         1.745     2.030    mini_rv_u/id_ex/rst_IBUF
    SLICE_X75Y33         LUT3 (Prop_lut3_I0_O)        0.045     2.075 r  mini_rv_u/id_ex/PCtable[39][36]_i_1/O
                         net (fo=30, routed)          0.239     2.314    mini_rv_u/If/IF_npc/branchPredictor/bht/PCtable_reg[39][35]_0
    SLICE_X73Y39         FDRE                                         r  mini_rv_u/If/IF_npc/branchPredictor/bht/PCtable_reg[39][6]/CE
  -------------------------------------------------------------------    -------------------

                         (clock clk_out1_cpuclk_1 rise edge)
                                                      0.000     0.000 r  
    U18                                               0.000     0.000 r  clk (IN)
                         net (fo=0)                   0.000     0.000    cpuClk/inst/clk_in1
    U18                  IBUF (Prop_ibuf_I_O)         0.454     0.454 r  cpuClk/inst/clkin1_ibufg/O
                         net (fo=1, routed)           0.481     0.935    cpuClk/inst/clk_in1_cpuclk
    PLLE2_ADV_X1Y1       PLLE2_ADV (Prop_plle2_adv_CLKIN1_CLKOUT0)
                                                     -2.727    -1.792 r  cpuClk/inst/plle2_adv_inst/CLKOUT0
                         net (fo=1, routed)           0.592    -1.200    cpuClk/inst/clk_out1_cpuclk
    BUFGCTRL_X0Y16       BUFG (Prop_bufg_I_O)         0.029    -1.171 r  cpuClk/inst/clkout1_buf/O
                         net (fo=7900, routed)        0.853    -0.318    mini_rv_u/If/IF_npc/branchPredictor/bht/clk_out1
    SLICE_X73Y39         FDRE                                         r  mini_rv_u/If/IF_npc/branchPredictor/bht/PCtable_reg[39][6]/C

Slack:                    inf
  Source:                 rst
                            (input port)
  Destination:            mini_rv_u/If/IF_npc/branchPredictor/bht/PCtable_reg[57][34]/CE
                            (rising edge-triggered cell FDRE clocked by clk_out1_cpuclk_1  {rise@0.000ns fall@6.667ns period=13.333ns})
  Path Group:             (none)
  Path Type:              Hold (Min at Fast Process Corner)
  Data Path Delay:        2.317ns  (logic 0.327ns (14.117%)  route 1.990ns (85.883%))
  Logic Levels:           2  (IBUF=1 LUT3=1)
  Clock Path Skew:        -0.321ns (DCD - SCD - CPR)
    Destination Clock Delay (DCD):    -0.321ns
    Source Clock Delay      (SCD):    0.000ns
    Clock Pessimism Removal (CPR):    -0.000ns

    Location             Delay type                Incr(ns)  Path(ns)    Netlist Resource(s)
  -------------------------------------------------------------------    -------------------
    N16                                               0.000     0.000 r  rst (IN)
                         net (fo=0)                   0.000     0.000    rst
    N16                  IBUF (Prop_ibuf_I_O)         0.285     0.285 r  rst_IBUF_inst/O
                         net (fo=137, routed)         1.835     2.120    mini_rv_u/id_ex/rst_IBUF
    SLICE_X73Y33         LUT3 (Prop_lut3_I0_O)        0.042     2.162 r  mini_rv_u/id_ex/PCtable[57][36]_i_1/O
                         net (fo=30, routed)          0.155     2.317    mini_rv_u/If/IF_npc/branchPredictor/bht/PCtable_reg[57][35]_0
    SLICE_X72Y35         FDRE                                         r  mini_rv_u/If/IF_npc/branchPredictor/bht/PCtable_reg[57][34]/CE
  -------------------------------------------------------------------    -------------------

                         (clock clk_out1_cpuclk_1 rise edge)
                                                      0.000     0.000 r  
    U18                                               0.000     0.000 r  clk (IN)
                         net (fo=0)                   0.000     0.000    cpuClk/inst/clk_in1
    U18                  IBUF (Prop_ibuf_I_O)         0.454     0.454 r  cpuClk/inst/clkin1_ibufg/O
                         net (fo=1, routed)           0.481     0.935    cpuClk/inst/clk_in1_cpuclk
    PLLE2_ADV_X1Y1       PLLE2_ADV (Prop_plle2_adv_CLKIN1_CLKOUT0)
                                                     -2.727    -1.792 r  cpuClk/inst/plle2_adv_inst/CLKOUT0
                         net (fo=1, routed)           0.592    -1.200    cpuClk/inst/clk_out1_cpuclk
    BUFGCTRL_X0Y16       BUFG (Prop_bufg_I_O)         0.029    -1.171 r  cpuClk/inst/clkout1_buf/O
                         net (fo=7900, routed)        0.850    -0.321    mini_rv_u/If/IF_npc/branchPredictor/bht/clk_out1
    SLICE_X72Y35         FDRE                                         r  mini_rv_u/If/IF_npc/branchPredictor/bht/PCtable_reg[57][34]/C

Slack:                    inf
  Source:                 rst
                            (input port)
  Destination:            mini_rv_u/If/IF_npc/branchPredictor/bht/PCtable_reg[57][35]/CE
                            (rising edge-triggered cell FDRE clocked by clk_out1_cpuclk_1  {rise@0.000ns fall@6.667ns period=13.333ns})
  Path Group:             (none)
  Path Type:              Hold (Min at Fast Process Corner)
  Data Path Delay:        2.317ns  (logic 0.327ns (14.117%)  route 1.990ns (85.883%))
  Logic Levels:           2  (IBUF=1 LUT3=1)
  Clock Path Skew:        -0.321ns (DCD - SCD - CPR)
    Destination Clock Delay (DCD):    -0.321ns
    Source Clock Delay      (SCD):    0.000ns
    Clock Pessimism Removal (CPR):    -0.000ns

    Location             Delay type                Incr(ns)  Path(ns)    Netlist Resource(s)
  -------------------------------------------------------------------    -------------------
    N16                                               0.000     0.000 r  rst (IN)
                         net (fo=0)                   0.000     0.000    rst
    N16                  IBUF (Prop_ibuf_I_O)         0.285     0.285 r  rst_IBUF_inst/O
                         net (fo=137, routed)         1.835     2.120    mini_rv_u/id_ex/rst_IBUF
    SLICE_X73Y33         LUT3 (Prop_lut3_I0_O)        0.042     2.162 r  mini_rv_u/id_ex/PCtable[57][36]_i_1/O
                         net (fo=30, routed)          0.155     2.317    mini_rv_u/If/IF_npc/branchPredictor/bht/PCtable_reg[57][35]_0
    SLICE_X72Y35         FDRE                                         r  mini_rv_u/If/IF_npc/branchPredictor/bht/PCtable_reg[57][35]/CE
  -------------------------------------------------------------------    -------------------

                         (clock clk_out1_cpuclk_1 rise edge)
                                                      0.000     0.000 r  
    U18                                               0.000     0.000 r  clk (IN)
                         net (fo=0)                   0.000     0.000    cpuClk/inst/clk_in1
    U18                  IBUF (Prop_ibuf_I_O)         0.454     0.454 r  cpuClk/inst/clkin1_ibufg/O
                         net (fo=1, routed)           0.481     0.935    cpuClk/inst/clk_in1_cpuclk
    PLLE2_ADV_X1Y1       PLLE2_ADV (Prop_plle2_adv_CLKIN1_CLKOUT0)
                                                     -2.727    -1.792 r  cpuClk/inst/plle2_adv_inst/CLKOUT0
                         net (fo=1, routed)           0.592    -1.200    cpuClk/inst/clk_out1_cpuclk
    BUFGCTRL_X0Y16       BUFG (Prop_bufg_I_O)         0.029    -1.171 r  cpuClk/inst/clkout1_buf/O
                         net (fo=7900, routed)        0.850    -0.321    mini_rv_u/If/IF_npc/branchPredictor/bht/clk_out1
    SLICE_X72Y35         FDRE                                         r  mini_rv_u/If/IF_npc/branchPredictor/bht/PCtable_reg[57][35]/C

Slack:                    inf
  Source:                 rst
                            (input port)
  Destination:            mini_rv_u/If/IF_npc/branchPredictor/bht/PCtable_reg[57][36]/CE
                            (rising edge-triggered cell FDRE clocked by clk_out1_cpuclk_1  {rise@0.000ns fall@6.667ns period=13.333ns})
  Path Group:             (none)
  Path Type:              Hold (Min at Fast Process Corner)
  Data Path Delay:        2.317ns  (logic 0.327ns (14.117%)  route 1.990ns (85.883%))
  Logic Levels:           2  (IBUF=1 LUT3=1)
  Clock Path Skew:        -0.321ns (DCD - SCD - CPR)
    Destination Clock Delay (DCD):    -0.321ns
    Source Clock Delay      (SCD):    0.000ns
    Clock Pessimism Removal (CPR):    -0.000ns

    Location             Delay type                Incr(ns)  Path(ns)    Netlist Resource(s)
  -------------------------------------------------------------------    -------------------
    N16                                               0.000     0.000 r  rst (IN)
                         net (fo=0)                   0.000     0.000    rst
    N16                  IBUF (Prop_ibuf_I_O)         0.285     0.285 r  rst_IBUF_inst/O
                         net (fo=137, routed)         1.835     2.120    mini_rv_u/id_ex/rst_IBUF
    SLICE_X73Y33         LUT3 (Prop_lut3_I0_O)        0.042     2.162 r  mini_rv_u/id_ex/PCtable[57][36]_i_1/O
                         net (fo=30, routed)          0.155     2.317    mini_rv_u/If/IF_npc/branchPredictor/bht/PCtable_reg[57][35]_0
    SLICE_X72Y35         FDRE                                         r  mini_rv_u/If/IF_npc/branchPredictor/bht/PCtable_reg[57][36]/CE
  -------------------------------------------------------------------    -------------------

                         (clock clk_out1_cpuclk_1 rise edge)
                                                      0.000     0.000 r  
    U18                                               0.000     0.000 r  clk (IN)
                         net (fo=0)                   0.000     0.000    cpuClk/inst/clk_in1
    U18                  IBUF (Prop_ibuf_I_O)         0.454     0.454 r  cpuClk/inst/clkin1_ibufg/O
                         net (fo=1, routed)           0.481     0.935    cpuClk/inst/clk_in1_cpuclk
    PLLE2_ADV_X1Y1       PLLE2_ADV (Prop_plle2_adv_CLKIN1_CLKOUT0)
                                                     -2.727    -1.792 r  cpuClk/inst/plle2_adv_inst/CLKOUT0
                         net (fo=1, routed)           0.592    -1.200    cpuClk/inst/clk_out1_cpuclk
    BUFGCTRL_X0Y16       BUFG (Prop_bufg_I_O)         0.029    -1.171 r  cpuClk/inst/clkout1_buf/O
                         net (fo=7900, routed)        0.850    -0.321    mini_rv_u/If/IF_npc/branchPredictor/bht/clk_out1
    SLICE_X72Y35         FDRE                                         r  mini_rv_u/If/IF_npc/branchPredictor/bht/PCtable_reg[57][36]/C

Slack:                    inf
  Source:                 rst
                            (input port)
  Destination:            mini_rv_u/If/IF_npc/branchPredictor/bht/PCtable_reg[35][0]/CE
                            (rising edge-triggered cell FDRE clocked by clk_out1_cpuclk_1  {rise@0.000ns fall@6.667ns period=13.333ns})
  Path Group:             (none)
  Path Type:              Hold (Min at Fast Process Corner)
  Data Path Delay:        2.320ns  (logic 0.330ns (14.226%)  route 1.990ns (85.774%))
  Logic Levels:           2  (IBUF=1 LUT3=1)
  Clock Path Skew:        -0.324ns (DCD - SCD - CPR)
    Destination Clock Delay (DCD):    -0.324ns
    Source Clock Delay      (SCD):    0.000ns
    Clock Pessimism Removal (CPR):    -0.000ns

    Location             Delay type                Incr(ns)  Path(ns)    Netlist Resource(s)
  -------------------------------------------------------------------    -------------------
    N16                                               0.000     0.000 r  rst (IN)
                         net (fo=0)                   0.000     0.000    rst
    N16                  IBUF (Prop_ibuf_I_O)         0.285     0.285 r  rst_IBUF_inst/O
                         net (fo=137, routed)         1.868     2.153    mini_rv_u/id_ex/rst_IBUF
    SLICE_X73Y32         LUT3 (Prop_lut3_I0_O)        0.045     2.198 r  mini_rv_u/id_ex/PCtable[35][36]_i_1/O
                         net (fo=30, routed)          0.122     2.320    mini_rv_u/If/IF_npc/branchPredictor/bht/PCtable_reg[35][35]_0
    SLICE_X75Y32         FDRE                                         r  mini_rv_u/If/IF_npc/branchPredictor/bht/PCtable_reg[35][0]/CE
  -------------------------------------------------------------------    -------------------

                         (clock clk_out1_cpuclk_1 rise edge)
                                                      0.000     0.000 r  
    U18                                               0.000     0.000 r  clk (IN)
                         net (fo=0)                   0.000     0.000    cpuClk/inst/clk_in1
    U18                  IBUF (Prop_ibuf_I_O)         0.454     0.454 r  cpuClk/inst/clkin1_ibufg/O
                         net (fo=1, routed)           0.481     0.935    cpuClk/inst/clk_in1_cpuclk
    PLLE2_ADV_X1Y1       PLLE2_ADV (Prop_plle2_adv_CLKIN1_CLKOUT0)
                                                     -2.727    -1.792 r  cpuClk/inst/plle2_adv_inst/CLKOUT0
                         net (fo=1, routed)           0.592    -1.200    cpuClk/inst/clk_out1_cpuclk
    BUFGCTRL_X0Y16       BUFG (Prop_bufg_I_O)         0.029    -1.171 r  cpuClk/inst/clkout1_buf/O
                         net (fo=7900, routed)        0.847    -0.324    mini_rv_u/If/IF_npc/branchPredictor/bht/clk_out1
    SLICE_X75Y32         FDRE                                         r  mini_rv_u/If/IF_npc/branchPredictor/bht/PCtable_reg[35][0]/C





