#-----------------------------------------------------------
# Vivado v2021.2 (64-bit)
# SW Build 3367213 on Tue Oct 19 02:48:09 MDT 2021
# IP Build 3369179 on Thu Oct 21 08:25:16 MDT 2021
# Start of session at: Mon May  4 19:43:12 2026
# Process ID: 32328
# Current directory: D:/riscv32_pipeline
# Command line: vivado.exe -mode batch -source D:\riscv32_pipeline_cache\report_artifacts\impl_strategy_trials\finish_netdelay_bitstream.tcl -journal D:\riscv32_pipeline_cache\report_artifacts\impl_strategy_trials\finish_netdelay_bitstream.jou -log D:\riscv32_pipeline_cache\report_artifacts\impl_strategy_trials\finish_netdelay_bitstream.log
# Log file: D:/riscv32_pipeline_cache/report_artifacts/impl_strategy_trials/finish_netdelay_bitstream.log
# Journal file: D:\riscv32_pipeline_cache\report_artifacts\impl_strategy_trials\finish_netdelay_bitstream.jou
# Running On: WDDdLaptop, OS: Windows, CPU Frequency: 3194 MHz, CPU Physical cores: 16, Host memory: 16366 MB
#-----------------------------------------------------------
source {D:\riscv32_pipeline_cache\report_artifacts\impl_strategy_trials\finish_netdelay_bitstream.tcl}
# open_project D:/riscv32_pipeline_cache/riscv32_pipeline.xpr
Scanning sources...
Finished scanning sources
INFO: [IP_Flow 19-234] Refreshing IP repositories
INFO: [IP_Flow 19-1704] No user IP repositories specified
INFO: [IP_Flow 19-2313] Loaded Vivado IP repository 'F:/Xilinx/Vivado/2021.2/data/ip'.
open_project: Time (s): cpu = 00:00:09 ; elapsed = 00:00:10 . Memory (MB): peak = 1247.082 ; gain = 23.918
# current_run -implementation [get_runs impl_trial_netdelay_high]
# launch_runs impl_trial_netdelay_high -to_step write_bitstream -jobs 8
INFO: [Vivado 12-4149] The synthesis checkpoint for IP 'D:/riscv32_pipeline_cache/riscv32_pipeline.srcs/sources_1/ip/icache_data_bram/icache_data_bram.xci' is already up-to-date
[Mon May  4 19:43:28 2026] Launched impl_trial_netdelay_high...
Run output will be captured here: D:/riscv32_pipeline_cache/riscv32_pipeline.runs/impl_trial_netdelay_high/runme.log
# wait_on_run impl_trial_netdelay_high
[Mon May  4 19:43:28 2026] Waiting for impl_trial_netdelay_high to finish...

*** Running vivado
    with args -log top.vdi -applog -m64 -product Vivado -messageDb vivado.pb -mode batch -source top.tcl -notrace



****** Vivado v2021.2 (64-bit)
  **** SW Build 3367213 on Tue Oct 19 02:48:09 MDT 2021
  **** IP Build 3369179 on Thu Oct 21 08:25:16 MDT 2021
    ** Copyright 1986-2021 Xilinx, Inc. All Rights Reserved.

source top.tcl -notrace
create_project: Time (s): cpu = 00:00:09 ; elapsed = 00:00:08 . Memory (MB): peak = 1246.941 ; gain = 23.891
Command: link_design -top top -part xc7z020clg400-2
Design is defaulting to srcset: sources_1
Design is defaulting to constrset: constrs_1
INFO: [Device 21-403] Loading part xc7z020clg400-2
INFO: [Project 1-454] Reading design checkpoint 'd:/riscv32_pipeline_cache/riscv32_pipeline.gen/sources_1/ip/cpuclk_2/cpuclk.dcp' for cell 'cpuClk'
INFO: [Project 1-454] Reading design checkpoint 'd:/riscv32_pipeline_cache/riscv32_pipeline.gen/sources_1/ip/data_mem_2/data_mem.dcp' for cell 'bus/interface_RAM/dRAM/RAM'
INFO: [Project 1-454] Reading design checkpoint 'd:/riscv32_pipeline_cache/riscv32_pipeline.gen/sources_1/ip/inst_mem_3/inst_mem.dcp' for cell 'mini_rv_u/If/IF_icache/backing_mem/irom'
INFO: [Project 1-454] Reading design checkpoint 'd:/riscv32_pipeline_cache/riscv32_pipeline.gen/sources_1/ip/icache_data_bram/icache_data_bram.dcp' for cell 'mini_rv_u/If/IF_icache/u_cache/gen_icache_data.data_bram'
INFO: [Project 1-454] Reading design checkpoint 'd:/riscv32_pipeline_cache/riscv32_pipeline.gen/sources_1/ip/dcache_data_bram/dcache_data_bram.dcp' for cell 'mini_rv_u/dcache/u_dcache/gen_dcache_data.data_bram'
Netlist sorting complete. Time (s): cpu = 00:00:00 ; elapsed = 00:00:00.166 . Memory (MB): peak = 1246.941 ; gain = 0.000
INFO: [Netlist 29-17] Analyzing 1347 Unisim elements for replacement
INFO: [Netlist 29-28] Unisim Transformation completed in 0 CPU seconds
INFO: [Project 1-479] Netlist was created with Vivado 2021.2
INFO: [Project 1-570] Preparing netlist for logic optimization
Parsing XDC File [d:/riscv32_pipeline_cache/riscv32_pipeline.gen/sources_1/ip/cpuclk_2/cpuclk_board.xdc] for cell 'cpuClk/inst'
Finished Parsing XDC File [d:/riscv32_pipeline_cache/riscv32_pipeline.gen/sources_1/ip/cpuclk_2/cpuclk_board.xdc] for cell 'cpuClk/inst'
Parsing XDC File [d:/riscv32_pipeline_cache/riscv32_pipeline.gen/sources_1/ip/cpuclk_2/cpuclk.xdc] for cell 'cpuClk/inst'
INFO: [Timing 38-35] Done setting XDC timing constraints. [d:/riscv32_pipeline_cache/riscv32_pipeline.gen/sources_1/ip/cpuclk_2/cpuclk.xdc:57]
INFO: [Timing 38-2] Deriving generated clocks [d:/riscv32_pipeline_cache/riscv32_pipeline.gen/sources_1/ip/cpuclk_2/cpuclk.xdc:57]
get_clocks: Time (s): cpu = 00:00:12 ; elapsed = 00:00:13 . Memory (MB): peak = 1503.969 ; gain = 257.027
Finished Parsing XDC File [d:/riscv32_pipeline_cache/riscv32_pipeline.gen/sources_1/ip/cpuclk_2/cpuclk.xdc] for cell 'cpuClk/inst'
Parsing XDC File [D:/riscv32_pipeline_cache/riscv32_pipeline.srcs/constrs_1/new/timing.xdc]
CRITICAL WARNING: [Constraints 18-1055] Clock 'sys_clk_pin' completely overrides clock 'clk', which is referenced by one or more other constraints. Any constraints that refer to the overridden clock will be ignored.
New: create_clock -period 20.000 -name sys_clk_pin -waveform {0.000 10.000} [get_ports clk], [D:/riscv32_pipeline_cache/riscv32_pipeline.srcs/constrs_1/new/timing.xdc:9]
Previous: create_clock -period 20.000 [get_ports clk], [d:/riscv32_pipeline_cache/riscv32_pipeline.gen/sources_1/ip/cpuclk_2/cpuclk.xdc:56]
Resolution: Review the constraint files and remove the redundant clock definition(s). If the clock constraints are not saved in a file, you can first save the constraints to an XDC file and reload the design once the constraints have been corrected.
Finished Parsing XDC File [D:/riscv32_pipeline_cache/riscv32_pipeline.srcs/constrs_1/new/timing.xdc]
INFO: [Opt 31-138] Pushed 0 inverter(s) to 0 load pin(s).
Netlist sorting complete. Time (s): cpu = 00:00:00 ; elapsed = 00:00:00.006 . Memory (MB): peak = 1505.949 ; gain = 0.000
INFO: [Project 1-111] Unisim Transformation Summary:
No Unisim elements were transformed.

14 Infos, 0 Warnings, 1 Critical Warnings and 0 Errors encountered.
link_design completed successfully
link_design: Time (s): cpu = 00:00:23 ; elapsed = 00:00:27 . Memory (MB): peak = 1505.949 ; gain = 259.008
Command: opt_design
Attempting to get a license for feature 'Implementation' and/or device 'xc7z020'
INFO: [Common 17-349] Got license for feature 'Implementation' and/or device 'xc7z020'
Running DRC as a precondition to command opt_design

Starting DRC Task
INFO: [DRC 23-27] Running DRC with 2 threads
INFO: [Project 1-461] DRC finished with 0 Errors
INFO: [Project 1-462] Please refer to the DRC report (report_drc) for more information.

Time (s): cpu = 00:00:03 ; elapsed = 00:00:02 . Memory (MB): peak = 1505.949 ; gain = 0.000

Starting Cache Timing Information Task
INFO: [Timing 38-35] Done setting XDC timing constraints.
INFO: [Timing 38-2] Deriving generated clocks
Ending Cache Timing Information Task | Checksum: 123fbca7e

Time (s): cpu = 00:00:01 ; elapsed = 00:00:00.709 . Memory (MB): peak = 1522.047 ; gain = 16.098

Starting Logic Optimization Task

Phase 1 Retarget
INFO: [Opt 31-1287] Pulled Inverter mini_rv_u/If/branchPredictor/bht/tag_table[0][6]_i_2 into driver instance mini_rv_u/If/IF_icache/u_cache/tag_table[0][6]_i_5, which resulted in an inversion of 81 pins
INFO: [Opt 31-1287] Pulled Inverter mini_rv_u/id_ex/q[12]_i_5 into driver instance mini_rv_u/id_ex/q[12]_i_2, which resulted in an inversion of 7 pins
INFO: [Opt 31-1287] Pulled Inverter mini_rv_u/id_ex/q[12]_i_6 into driver instance mini_rv_u/id_ex/q[11]_i_2, which resulted in an inversion of 7 pins
INFO: [Opt 31-1287] Pulled Inverter mini_rv_u/id_ex/q[12]_i_7 into driver instance mini_rv_u/id_ex/q[10]_i_2, which resulted in an inversion of 7 pins
INFO: [Opt 31-1287] Pulled Inverter mini_rv_u/id_ex/q[12]_i_8 into driver instance mini_rv_u/id_ex/q[9]_i_2, which resulted in an inversion of 7 pins
INFO: [Opt 31-1287] Pulled Inverter mini_rv_u/id_ex/q[16]_i_5 into driver instance mini_rv_u/id_ex/q[16]_i_2, which resulted in an inversion of 7 pins
INFO: [Opt 31-1287] Pulled Inverter mini_rv_u/id_ex/q[16]_i_6 into driver instance mini_rv_u/id_ex/q[15]_i_2, which resulted in an inversion of 7 pins
INFO: [Opt 31-1287] Pulled Inverter mini_rv_u/id_ex/q[16]_i_7 into driver instance mini_rv_u/id_ex/q[14]_i_2, which resulted in an inversion of 7 pins
INFO: [Opt 31-1287] Pulled Inverter mini_rv_u/id_ex/q[16]_i_8 into driver instance mini_rv_u/id_ex/q[13]_i_2, which resulted in an inversion of 7 pins
INFO: [Opt 31-1287] Pulled Inverter mini_rv_u/id_ex/q[20]_i_5 into driver instance mini_rv_u/id_ex/q[20]_i_2, which resulted in an inversion of 7 pins
INFO: [Opt 31-1287] Pulled Inverter mini_rv_u/id_ex/q[20]_i_6 into driver instance mini_rv_u/id_ex/q[19]_i_2, which resulted in an inversion of 7 pins
INFO: [Opt 31-1287] Pulled Inverter mini_rv_u/id_ex/q[20]_i_7 into driver instance mini_rv_u/id_ex/q[18]_i_2, which resulted in an inversion of 7 pins
INFO: [Opt 31-1287] Pulled Inverter mini_rv_u/id_ex/q[20]_i_8 into driver instance mini_rv_u/id_ex/q[17]_i_2, which resulted in an inversion of 7 pins
INFO: [Opt 31-1287] Pulled Inverter mini_rv_u/id_ex/q[24]_i_5 into driver instance mini_rv_u/id_ex/q[24]_i_2, which resulted in an inversion of 7 pins
INFO: [Opt 31-1287] Pulled Inverter mini_rv_u/id_ex/q[24]_i_6 into driver instance mini_rv_u/id_ex/q[23]_i_2, which resulted in an inversion of 7 pins
INFO: [Opt 31-1287] Pulled Inverter mini_rv_u/id_ex/q[24]_i_7 into driver instance mini_rv_u/id_ex/q[22]_i_2, which resulted in an inversion of 7 pins
INFO: [Opt 31-1287] Pulled Inverter mini_rv_u/id_ex/q[24]_i_8 into driver instance mini_rv_u/id_ex/q[21]_i_2, which resulted in an inversion of 7 pins
INFO: [Opt 31-1287] Pulled Inverter mini_rv_u/id_ex/q[28]_i_5 into driver instance mini_rv_u/id_ex/q[28]_i_2, which resulted in an inversion of 7 pins
INFO: [Opt 31-1287] Pulled Inverter mini_rv_u/id_ex/q[28]_i_6 into driver instance mini_rv_u/id_ex/q[27]_i_2, which resulted in an inversion of 7 pins
INFO: [Opt 31-1287] Pulled Inverter mini_rv_u/id_ex/q[28]_i_7 into driver instance mini_rv_u/id_ex/q[26]_i_2, which resulted in an inversion of 7 pins
INFO: [Opt 31-1287] Pulled Inverter mini_rv_u/id_ex/q[28]_i_8 into driver instance mini_rv_u/id_ex/q[25]_i_2, which resulted in an inversion of 7 pins
INFO: [Opt 31-1287] Pulled Inverter mini_rv_u/id_ex/q[31]_i_6 into driver instance mini_rv_u/id_ex/q[31]_i_4, which resulted in an inversion of 41 pins
INFO: [Opt 31-1287] Pulled Inverter mini_rv_u/id_ex/q[31]_i_7 into driver instance mini_rv_u/id_ex/addOut0_carry__6_i_5, which resulted in an inversion of 7 pins
INFO: [Opt 31-1287] Pulled Inverter mini_rv_u/id_ex/q[31]_i_8 into driver instance mini_rv_u/id_ex/q[29]_i_2, which resulted in an inversion of 7 pins
INFO: [Opt 31-1287] Pulled Inverter mini_rv_u/id_ex/q[4]_i_6 into driver instance mini_rv_u/id_ex/q[4]_i_2, which resulted in an inversion of 99 pins
INFO: [Opt 31-1287] Pulled Inverter mini_rv_u/id_ex/q[4]_i_7 into driver instance mini_rv_u/id_ex/q[3]_i_2, which resulted in an inversion of 97 pins
INFO: [Opt 31-1287] Pulled Inverter mini_rv_u/id_ex/q[4]_i_8 into driver instance mini_rv_u/id_ex/q[2]_i_2, which resulted in an inversion of 104 pins
INFO: [Opt 31-1287] Pulled Inverter mini_rv_u/id_ex/q[4]_i_9 into driver instance mini_rv_u/id_ex/q[1]_i_2, which resulted in an inversion of 100 pins
INFO: [Opt 31-1287] Pulled Inverter mini_rv_u/id_ex/q[8]_i_5 into driver instance mini_rv_u/id_ex/q[8]_i_2, which resulted in an inversion of 7 pins
INFO: [Opt 31-1287] Pulled Inverter mini_rv_u/id_ex/q[8]_i_6 into driver instance mini_rv_u/id_ex/q[7]_i_2, which resulted in an inversion of 7 pins
INFO: [Opt 31-1287] Pulled Inverter mini_rv_u/id_ex/q[8]_i_7 into driver instance mini_rv_u/id_ex/q[6]_i_2, which resulted in an inversion of 7 pins
INFO: [Opt 31-1287] Pulled Inverter mini_rv_u/id_ex/q[8]_i_8 into driver instance mini_rv_u/id_ex/q[5]_i_2, which resulted in an inversion of 7 pins
INFO: [Opt 31-1287] Pulled Inverter mini_rv_u/if_id/req_valid_i_1 into driver instance mini_rv_u/if_id/gen_icache_data.data_bram_i_69, which resulted in an inversion of 166 pins
INFO: [Opt 31-138] Pushed 0 inverter(s) to 0 load pin(s).
INFO: [Opt 31-49] Retargeted 0 cell(s).
Phase 1 Retarget | Checksum: 1aadb2a33

Time (s): cpu = 00:00:02 ; elapsed = 00:00:01 . Memory (MB): peak = 1812.086 ; gain = 0.000
INFO: [Opt 31-389] Phase Retarget created 0 cells and removed 36 cells
INFO: [Opt 31-1021] In phase Retarget, 1 netlist objects are constrained preventing optimization. Please run opt_design with -debug_log to get more detail. 

Phase 2 Constant propagation
INFO: [Opt 31-138] Pushed 0 inverter(s) to 0 load pin(s).
Phase 2 Constant propagation | Checksum: 104aa8ba0

Time (s): cpu = 00:00:02 ; elapsed = 00:00:01 . Memory (MB): peak = 1812.086 ; gain = 0.000
INFO: [Opt 31-389] Phase Constant propagation created 0 cells and removed 0 cells

Phase 3 Sweep
Phase 3 Sweep | Checksum: f3bc8d96

Time (s): cpu = 00:00:02 ; elapsed = 00:00:01 . Memory (MB): peak = 1812.086 ; gain = 0.000
INFO: [Opt 31-389] Phase Sweep created 0 cells and removed 0 cells

Phase 4 BUFG optimization
Phase 4 BUFG optimization | Checksum: f3bc8d96

Time (s): cpu = 00:00:02 ; elapsed = 00:00:02 . Memory (MB): peak = 1812.086 ; gain = 0.000
INFO: [Opt 31-662] Phase BUFG optimization created 0 cells of which 0 are BUFGs and removed 0 cells.

Phase 5 Shift Register Optimization
INFO: [Opt 31-1064] SRL Remap converted 0 SRLs to 0 registers and converted 0 registers of register chains to 0 SRLs
Phase 5 Shift Register Optimization | Checksum: f3bc8d96

Time (s): cpu = 00:00:02 ; elapsed = 00:00:02 . Memory (MB): peak = 1812.086 ; gain = 0.000
INFO: [Opt 31-389] Phase Shift Register Optimization created 0 cells and removed 0 cells

Phase 6 Post Processing Netlist
Phase 6 Post Processing Netlist | Checksum: f3bc8d96

Time (s): cpu = 00:00:02 ; elapsed = 00:00:02 . Memory (MB): peak = 1812.086 ; gain = 0.000
INFO: [Opt 31-389] Phase Post Processing Netlist created 0 cells and removed 0 cells
Opt_design Change Summary
=========================


-------------------------------------------------------------------------------------------------------------------------
|  Phase                        |  #Cells created  |  #Cells Removed  |  #Constrained objects preventing optimizations  |
-------------------------------------------------------------------------------------------------------------------------
|  Retarget                     |               0  |              36  |                                              1  |
|  Constant propagation         |               0  |               0  |                                              0  |
|  Sweep                        |               0  |               0  |                                              0  |
|  BUFG optimization            |               0  |               0  |                                              0  |
|  Shift Register Optimization  |               0  |               0  |                                              0  |
|  Post Processing Netlist      |               0  |               0  |                                              0  |
-------------------------------------------------------------------------------------------------------------------------



Starting Connectivity Check Task

Time (s): cpu = 00:00:00 ; elapsed = 00:00:00.039 . Memory (MB): peak = 1812.086 ; gain = 0.000
Ending Logic Optimization Task | Checksum: 15fc84ce6

Time (s): cpu = 00:00:03 ; elapsed = 00:00:02 . Memory (MB): peak = 1812.086 ; gain = 0.000

Starting Power Optimization Task
INFO: [Pwropt 34-132] Skipping clock gating for clocks with a period < 2.00 ns.
INFO: [Timing 38-35] Done setting XDC timing constraints.
Running Vector-less Activity Propagation...

Finished Running Vector-less Activity Propagation
INFO: [Pwropt 34-9] Applying IDT optimizations ...
INFO: [Pwropt 34-10] Applying ODC optimizations ...


Starting PowerOpt Patch Enables Task
INFO: [Pwropt 34-162] WRITE_MODE attribute of 0 BRAM(s) out of a total of 33 has been updated to save power. Run report_power_opt to get a complete listing of the BRAMs updated.
INFO: [Pwropt 34-201] Structural ODC has moved 0 WE to EN ports
Number of BRAM Ports augmented: 0 newly gated: 1 Total Ports: 66
Ending PowerOpt Patch Enables Task | Checksum: 295ef41d6

Time (s): cpu = 00:00:01 ; elapsed = 00:00:00.270 . Memory (MB): peak = 1957.215 ; gain = 0.000
Ending Power Optimization Task | Checksum: 295ef41d6

Time (s): cpu = 00:00:27 ; elapsed = 00:00:23 . Memory (MB): peak = 1957.215 ; gain = 145.129

Starting Final Cleanup Task
Ending Final Cleanup Task | Checksum: 295ef41d6

Time (s): cpu = 00:00:00 ; elapsed = 00:00:00 . Memory (MB): peak = 1957.215 ; gain = 0.000

Starting Netlist Obfuscation Task
Netlist sorting complete. Time (s): cpu = 00:00:00 ; elapsed = 00:00:00.023 . Memory (MB): peak = 1957.215 ; gain = 0.000
Ending Netlist Obfuscation Task | Checksum: 207863c90

Time (s): cpu = 00:00:00 ; elapsed = 00:00:00.023 . Memory (MB): peak = 1957.215 ; gain = 0.000
INFO: [Common 17-83] Releasing license: Implementation
71 Infos, 0 Warnings, 1 Critical Warnings and 0 Errors encountered.
opt_design completed successfully
opt_design: Time (s): cpu = 00:00:39 ; elapsed = 00:00:33 . Memory (MB): peak = 1957.215 ; gain = 451.266
INFO: [Timing 38-480] Writing timing data to binary archive.
Writing placer database...
Writing XDEF routing.
Writing XDEF routing logical nets.
Writing XDEF routing special nets.
Write XDEF Complete: Time (s): cpu = 00:00:00 ; elapsed = 00:00:00.083 . Memory (MB): peak = 1957.215 ; gain = 0.000
INFO: [Common 17-1381] The checkpoint 'D:/riscv32_pipeline_cache/riscv32_pipeline.runs/impl_trial_netdelay_high/top_opt.dcp' has been generated.
INFO: [runtcl-4] Executing : report_drc -file top_drc_opted.rpt -pb top_drc_opted.pb -rpx top_drc_opted.rpx
Command: report_drc -file top_drc_opted.rpt -pb top_drc_opted.pb -rpx top_drc_opted.rpx
INFO: [IP_Flow 19-1839] IP Catalog is up to date.
INFO: [Timing 38-35] Done setting XDC timing constraints.
INFO: [DRC 23-27] Running DRC with 2 threads
INFO: [Vivado_Tcl 2-168] The results of DRC are in file D:/riscv32_pipeline_cache/riscv32_pipeline.runs/impl_trial_netdelay_high/top_drc_opted.rpt.
report_drc completed successfully
Command: place_design -directive ExtraNetDelay_high
Attempting to get a license for feature 'Implementation' and/or device 'xc7z020'
INFO: [Common 17-349] Got license for feature 'Implementation' and/or device 'xc7z020'
INFO: [DRC 23-27] Running DRC with 2 threads
INFO: [Vivado_Tcl 4-198] DRC finished with 0 Errors
INFO: [Vivado_Tcl 4-199] Please refer to the DRC report (report_drc) for more information.
Running DRC as a precondition to command place_design
INFO: [DRC 23-27] Running DRC with 2 threads
WARNING: [DRC CHECK-3] Report rule limit reached: REQP-1839 rule limit reached: 20 violations have been found.
WARNING: [DRC REQP-1839] RAMB36 async control check: The RAMB36E1 bus/interface_RAM/dRAM/RAM/U0/inst_blk_mem_gen/gnbram.gnativebmg.native_blk_mem_gen/valid.cstr/ramloop[0].ram.r/prim_noinit.ram/DEVICE_7SERIES.NO_BMM_INFO.SP.SIMPLE_PRIM36.ram has an input control pin bus/interface_RAM/dRAM/RAM/U0/inst_blk_mem_gen/gnbram.gnativebmg.native_blk_mem_gen/valid.cstr/ramloop[0].ram.r/prim_noinit.ram/DEVICE_7SERIES.NO_BMM_INFO.SP.SIMPLE_PRIM36.ram/ADDRARDADDR[10] (net: bus/interface_RAM/dRAM/RAM/U0/inst_blk_mem_gen/gnbram.gnativebmg.native_blk_mem_gen/valid.cstr/ramloop[0].ram.r/prim_noinit.ram/addra[7]) which is driven by a register (mini_rv_u/ex_mem/ALUOut_mem_o_reg[9]) that has an active asychronous set or reset. This may cause corruption of the memory contents and/or read values when the set/reset is asserted and is not analyzed by the default static timing analysis. It is suggested to eliminate the use of a set/reset to registers driving this RAMB pin or else use a synchronous reset in which the assertion of the reset is timed by default.
WARNING: [DRC REQP-1839] RAMB36 async control check: The RAMB36E1 bus/interface_RAM/dRAM/RAM/U0/inst_blk_mem_gen/gnbram.gnativebmg.native_blk_mem_gen/valid.cstr/ramloop[0].ram.r/prim_noinit.ram/DEVICE_7SERIES.NO_BMM_INFO.SP.SIMPLE_PRIM36.ram has an input control pin bus/interface_RAM/dRAM/RAM/U0/inst_blk_mem_gen/gnbram.gnativebmg.native_blk_mem_gen/valid.cstr/ramloop[0].ram.r/prim_noinit.ram/DEVICE_7SERIES.NO_BMM_INFO.SP.SIMPLE_PRIM36.ram/ADDRARDADDR[11] (net: bus/interface_RAM/dRAM/RAM/U0/inst_blk_mem_gen/gnbram.gnativebmg.native_blk_mem_gen/valid.cstr/ramloop[0].ram.r/prim_noinit.ram/addra[8]) which is driven by a register (mini_rv_u/ex_mem/ALUOut_mem_o_reg[10]) that has an active asychronous set or reset. This may cause corruption of the memory contents and/or read values when the set/reset is asserted and is not analyzed by the default static timing analysis. It is suggested to eliminate the use of a set/reset to registers driving this RAMB pin or else use a synchronous reset in which the assertion of the reset is timed by default.
WARNING: [DRC REQP-1839] RAMB36 async control check: The RAMB36E1 bus/interface_RAM/dRAM/RAM/U0/inst_blk_mem_gen/gnbram.gnativebmg.native_blk_mem_gen/valid.cstr/ramloop[0].ram.r/prim_noinit.ram/DEVICE_7SERIES.NO_BMM_INFO.SP.SIMPLE_PRIM36.ram has an input control pin bus/interface_RAM/dRAM/RAM/U0/inst_blk_mem_gen/gnbram.gnativebmg.native_blk_mem_gen/valid.cstr/ramloop[0].ram.r/prim_noinit.ram/DEVICE_7SERIES.NO_BMM_INFO.SP.SIMPLE_PRIM36.ram/ADDRARDADDR[12] (net: bus/interface_RAM/dRAM/RAM/U0/inst_blk_mem_gen/gnbram.gnativebmg.native_blk_mem_gen/valid.cstr/ramloop[0].ram.r/prim_noinit.ram/addra[9]) which is driven by a register (mini_rv_u/ex_mem/ALUOut_mem_o_reg[11]) that has an active asychronous set or reset. This may cause corruption of the memory contents and/or read values when the set/reset is asserted and is not analyzed by the default static timing analysis. It is suggested to eliminate the use of a set/reset to registers driving this RAMB pin or else use a synchronous reset in which the assertion of the reset is timed by default.
WARNING: [DRC REQP-1839] RAMB36 async control check: The RAMB36E1 bus/interface_RAM/dRAM/RAM/U0/inst_blk_mem_gen/gnbram.gnativebmg.native_blk_mem_gen/valid.cstr/ramloop[0].ram.r/prim_noinit.ram/DEVICE_7SERIES.NO_BMM_INFO.SP.SIMPLE_PRIM36.ram has an input control pin bus/interface_RAM/dRAM/RAM/U0/inst_blk_mem_gen/gnbram.gnativebmg.native_blk_mem_gen/valid.cstr/ramloop[0].ram.r/prim_noinit.ram/DEVICE_7SERIES.NO_BMM_INFO.SP.SIMPLE_PRIM36.ram/ADDRARDADDR[13] (net: bus/interface_RAM/dRAM/RAM/U0/inst_blk_mem_gen/gnbram.gnativebmg.native_blk_mem_gen/valid.cstr/ramloop[0].ram.r/prim_noinit.ram/addra[10]) which is driven by a register (mini_rv_u/ex_mem/ALUOut_mem_o_reg[12]) that has an active asychronous set or reset. This may cause corruption of the memory contents and/or read values when the set/reset is asserted and is not analyzed by the default static timing analysis. It is suggested to eliminate the use of a set/reset to registers driving this RAMB pin or else use a synchronous reset in which the assertion of the reset is timed by default.
WARNING: [DRC REQP-1839] RAMB36 async control check: The RAMB36E1 bus/interface_RAM/dRAM/RAM/U0/inst_blk_mem_gen/gnbram.gnativebmg.native_blk_mem_gen/valid.cstr/ramloop[0].ram.r/prim_noinit.ram/DEVICE_7SERIES.NO_BMM_INFO.SP.SIMPLE_PRIM36.ram has an input control pin bus/interface_RAM/dRAM/RAM/U0/inst_blk_mem_gen/gnbram.gnativebmg.native_blk_mem_gen/valid.cstr/ramloop[0].ram.r/prim_noinit.ram/DEVICE_7SERIES.NO_BMM_INFO.SP.SIMPLE_PRIM36.ram/ADDRARDADDR[14] (net: bus/interface_RAM/dRAM/RAM/U0/inst_blk_mem_gen/gnbram.gnativebmg.native_blk_mem_gen/valid.cstr/ramloop[0].ram.r/prim_noinit.ram/addra[11]) which is driven by a register (mini_rv_u/ex_mem/ALUOut_mem_o_reg[13]) that has an active asychronous set or reset. This may cause corruption of the memory contents and/or read values when the set/reset is asserted and is not analyzed by the default static timing analysis. It is suggested to eliminate the use of a set/reset to registers driving this RAMB pin or else use a synchronous reset in which the assertion of the reset is timed by default.
WARNING: [DRC REQP-1839] RAMB36 async control check: The RAMB36E1 bus/interface_RAM/dRAM/RAM/U0/inst_blk_mem_gen/gnbram.gnativebmg.native_blk_mem_gen/valid.cstr/ramloop[0].ram.r/prim_noinit.ram/DEVICE_7SERIES.NO_BMM_INFO.SP.SIMPLE_PRIM36.ram has an input control pin bus/interface_RAM/dRAM/RAM/U0/inst_blk_mem_gen/gnbram.gnativebmg.native_blk_mem_gen/valid.cstr/ramloop[0].ram.r/prim_noinit.ram/DEVICE_7SERIES.NO_BMM_INFO.SP.SIMPLE_PRIM36.ram/ADDRARDADDR[3] (net: bus/interface_RAM/dRAM/RAM/U0/inst_blk_mem_gen/gnbram.gnativebmg.native_blk_mem_gen/valid.cstr/ramloop[0].ram.r/prim_noinit.ram/addra[0]) which is driven by a register (mini_rv_u/ex_mem/ALUOut_mem_o_reg[2]) that has an active asychronous set or reset. This may cause corruption of the memory contents and/or read values when the set/reset is asserted and is not analyzed by the default static timing analysis. It is suggested to eliminate the use of a set/reset to registers driving this RAMB pin or else use a synchronous reset in which the assertion of the reset is timed by default.
WARNING: [DRC REQP-1839] RAMB36 async control check: The RAMB36E1 bus/interface_RAM/dRAM/RAM/U0/inst_blk_mem_gen/gnbram.gnativebmg.native_blk_mem_gen/valid.cstr/ramloop[0].ram.r/prim_noinit.ram/DEVICE_7SERIES.NO_BMM_INFO.SP.SIMPLE_PRIM36.ram has an input control pin bus/interface_RAM/dRAM/RAM/U0/inst_blk_mem_gen/gnbram.gnativebmg.native_blk_mem_gen/valid.cstr/ramloop[0].ram.r/prim_noinit.ram/DEVICE_7SERIES.NO_BMM_INFO.SP.SIMPLE_PRIM36.ram/ADDRARDADDR[4] (net: bus/interface_RAM/dRAM/RAM/U0/inst_blk_mem_gen/gnbram.gnativebmg.native_blk_mem_gen/valid.cstr/ramloop[0].ram.r/prim_noinit.ram/addra[1]) which is driven by a register (mini_rv_u/ex_mem/ALUOut_mem_o_reg[3]) that has an active asychronous set or reset. This may cause corruption of the memory contents and/or read values when the set/reset is asserted and is not analyzed by the default static timing analysis. It is suggested to eliminate the use of a set/reset to registers driving this RAMB pin or else use a synchronous reset in which the assertion of the reset is timed by default.
WARNING: [DRC REQP-1839] RAMB36 async control check: The RAMB36E1 bus/interface_RAM/dRAM/RAM/U0/inst_blk_mem_gen/gnbram.gnativebmg.native_blk_mem_gen/valid.cstr/ramloop[0].ram.r/prim_noinit.ram/DEVICE_7SERIES.NO_BMM_INFO.SP.SIMPLE_PRIM36.ram has an input control pin bus/interface_RAM/dRAM/RAM/U0/inst_blk_mem_gen/gnbram.gnativebmg.native_blk_mem_gen/valid.cstr/ramloop[0].ram.r/prim_noinit.ram/DEVICE_7SERIES.NO_BMM_INFO.SP.SIMPLE_PRIM36.ram/ADDRARDADDR[5] (net: bus/interface_RAM/dRAM/RAM/U0/inst_blk_mem_gen/gnbram.gnativebmg.native_blk_mem_gen/valid.cstr/ramloop[0].ram.r/prim_noinit.ram/addra[2]) which is driven by a register (mini_rv_u/ex_mem/ALUOut_mem_o_reg[4]) that has an active asychronous set or reset. This may cause corruption of the memory contents and/or read values when the set/reset is asserted and is not analyzed by the default static timing analysis. It is suggested to eliminate the use of a set/reset to registers driving this RAMB pin or else use a synchronous reset in which the assertion of the reset is timed by default.
WARNING: [DRC REQP-1839] RAMB36 async control check: The RAMB36E1 bus/interface_RAM/dRAM/RAM/U0/inst_blk_mem_gen/gnbram.gnativebmg.native_blk_mem_gen/valid.cstr/ramloop[0].ram.r/prim_noinit.ram/DEVICE_7SERIES.NO_BMM_INFO.SP.SIMPLE_PRIM36.ram has an input control pin bus/interface_RAM/dRAM/RAM/U0/inst_blk_mem_gen/gnbram.gnativebmg.native_blk_mem_gen/valid.cstr/ramloop[0].ram.r/prim_noinit.ram/DEVICE_7SERIES.NO_BMM_INFO.SP.SIMPLE_PRIM36.ram/ADDRARDADDR[6] (net: bus/interface_RAM/dRAM/RAM/U0/inst_blk_mem_gen/gnbram.gnativebmg.native_blk_mem_gen/valid.cstr/ramloop[0].ram.r/prim_noinit.ram/addra[3]) which is driven by a register (mini_rv_u/ex_mem/ALUOut_mem_o_reg[5]) that has an active asychronous set or reset. This may cause corruption of the memory contents and/or read values when the set/reset is asserted and is not analyzed by the default static timing analysis. It is suggested to eliminate the use of a set/reset to registers driving this RAMB pin or else use a synchronous reset in which the assertion of the reset is timed by default.
WARNING: [DRC REQP-1839] RAMB36 async control check: The RAMB36E1 bus/interface_RAM/dRAM/RAM/U0/inst_blk_mem_gen/gnbram.gnativebmg.native_blk_mem_gen/valid.cstr/ramloop[0].ram.r/prim_noinit.ram/DEVICE_7SERIES.NO_BMM_INFO.SP.SIMPLE_PRIM36.ram has an input control pin bus/interface_RAM/dRAM/RAM/U0/inst_blk_mem_gen/gnbram.gnativebmg.native_blk_mem_gen/valid.cstr/ramloop[0].ram.r/prim_noinit.ram/DEVICE_7SERIES.NO_BMM_INFO.SP.SIMPLE_PRIM36.ram/ADDRARDADDR[7] (net: bus/interface_RAM/dRAM/RAM/U0/inst_blk_mem_gen/gnbram.gnativebmg.native_blk_mem_gen/valid.cstr/ramloop[0].ram.r/prim_noinit.ram/addra[4]) which is driven by a register (mini_rv_u/ex_mem/ALUOut_mem_o_reg[6]) that has an active asychronous set or reset. This may cause corruption of the memory contents and/or read values when the set/reset is asserted and is not analyzed by the default static timing analysis. It is suggested to eliminate the use of a set/reset to registers driving this RAMB pin or else use a synchronous reset in which the assertion of the reset is timed by default.
WARNING: [DRC REQP-1839] RAMB36 async control check: The RAMB36E1 bus/interface_RAM/dRAM/RAM/U0/inst_blk_mem_gen/gnbram.gnativebmg.native_blk_mem_gen/valid.cstr/ramloop[0].ram.r/prim_noinit.ram/DEVICE_7SERIES.NO_BMM_INFO.SP.SIMPLE_PRIM36.ram has an input control pin bus/interface_RAM/dRAM/RAM/U0/inst_blk_mem_gen/gnbram.gnativebmg.native_blk_mem_gen/valid.cstr/ramloop[0].ram.r/prim_noinit.ram/DEVICE_7SERIES.NO_BMM_INFO.SP.SIMPLE_PRIM36.ram/ADDRARDADDR[8] (net: bus/interface_RAM/dRAM/RAM/U0/inst_blk_mem_gen/gnbram.gnativebmg.native_blk_mem_gen/valid.cstr/ramloop[0].ram.r/prim_noinit.ram/addra[5]) which is driven by a register (mini_rv_u/ex_mem/ALUOut_mem_o_reg[7]) that has an active asychronous set or reset. This may cause corruption of the memory contents and/or read values when the set/reset is asserted and is not analyzed by the default static timing analysis. It is suggested to eliminate the use of a set/reset to registers driving this RAMB pin or else use a synchronous reset in which the assertion of the reset is timed by default.
WARNING: [DRC REQP-1839] RAMB36 async control check: The RAMB36E1 bus/interface_RAM/dRAM/RAM/U0/inst_blk_mem_gen/gnbram.gnativebmg.native_blk_mem_gen/valid.cstr/ramloop[0].ram.r/prim_noinit.ram/DEVICE_7SERIES.NO_BMM_INFO.SP.SIMPLE_PRIM36.ram has an input control pin bus/interface_RAM/dRAM/RAM/U0/inst_blk_mem_gen/gnbram.gnativebmg.native_blk_mem_gen/valid.cstr/ramloop[0].ram.r/prim_noinit.ram/DEVICE_7SERIES.NO_BMM_INFO.SP.SIMPLE_PRIM36.ram/ADDRARDADDR[9] (net: bus/interface_RAM/dRAM/RAM/U0/inst_blk_mem_gen/gnbram.gnativebmg.native_blk_mem_gen/valid.cstr/ramloop[0].ram.r/prim_noinit.ram/addra[6]) which is driven by a register (mini_rv_u/ex_mem/ALUOut_mem_o_reg[8]) that has an active asychronous set or reset. This may cause corruption of the memory contents and/or read values when the set/reset is asserted and is not analyzed by the default static timing analysis. It is suggested to eliminate the use of a set/reset to registers driving this RAMB pin or else use a synchronous reset in which the assertion of the reset is timed by default.
WARNING: [DRC REQP-1839] RAMB36 async control check: The RAMB36E1 bus/interface_RAM/dRAM/RAM/U0/inst_blk_mem_gen/gnbram.gnativebmg.native_blk_mem_gen/valid.cstr/ramloop[0].ram.r/prim_noinit.ram/DEVICE_7SERIES.NO_BMM_INFO.SP.SIMPLE_PRIM36.ram has an input control pin bus/interface_RAM/dRAM/RAM/U0/inst_blk_mem_gen/gnbram.gnativebmg.native_blk_mem_gen/valid.cstr/ramloop[0].ram.r/prim_noinit.ram/DEVICE_7SERIES.NO_BMM_INFO.SP.SIMPLE_PRIM36.ram/ENARDEN (net: bus/interface_RAM/dRAM/RAM/U0/inst_blk_mem_gen/gnbram.gnativebmg.native_blk_mem_gen/valid.cstr/ramloop[0].ram.r/prim_noinit.ram/DEVICE_7SERIES.NO_BMM_INFO.SP.SIMPLE_PRIM36.ram_1) which is driven by a register (mini_rv_u/ex_mem/ALUOut_mem_o_reg[14]) that has an active asychronous set or reset. This may cause corruption of the memory contents and/or read values when the set/reset is asserted and is not analyzed by the default static timing analysis. It is suggested to eliminate the use of a set/reset to registers driving this RAMB pin or else use a synchronous reset in which the assertion of the reset is timed by default.
WARNING: [DRC REQP-1839] RAMB36 async control check: The RAMB36E1 bus/interface_RAM/dRAM/RAM/U0/inst_blk_mem_gen/gnbram.gnativebmg.native_blk_mem_gen/valid.cstr/ramloop[0].ram.r/prim_noinit.ram/DEVICE_7SERIES.NO_BMM_INFO.SP.SIMPLE_PRIM36.ram has an input control pin bus/interface_RAM/dRAM/RAM/U0/inst_blk_mem_gen/gnbram.gnativebmg.native_blk_mem_gen/valid.cstr/ramloop[0].ram.r/prim_noinit.ram/DEVICE_7SERIES.NO_BMM_INFO.SP.SIMPLE_PRIM36.ram/ENARDEN (net: bus/interface_RAM/dRAM/RAM/U0/inst_blk_mem_gen/gnbram.gnativebmg.native_blk_mem_gen/valid.cstr/ramloop[0].ram.r/prim_noinit.ram/DEVICE_7SERIES.NO_BMM_INFO.SP.SIMPLE_PRIM36.ram_1) which is driven by a register (mini_rv_u/ex_mem/ALUOut_mem_o_reg[15]) that has an active asychronous set or reset. This may cause corruption of the memory contents and/or read values when the set/reset is asserted and is not analyzed by the default static timing analysis. It is suggested to eliminate the use of a set/reset to registers driving this RAMB pin or else use a synchronous reset in which the assertion of the reset is timed by default.
WARNING: [DRC REQP-1839] RAMB36 async control check: The RAMB36E1 bus/interface_RAM/dRAM/RAM/U0/inst_blk_mem_gen/gnbram.gnativebmg.native_blk_mem_gen/valid.cstr/ramloop[0].ram.r/prim_noinit.ram/DEVICE_7SERIES.NO_BMM_INFO.SP.SIMPLE_PRIM36.ram has an input control pin bus/interface_RAM/dRAM/RAM/U0/inst_blk_mem_gen/gnbram.gnativebmg.native_blk_mem_gen/valid.cstr/ramloop[0].ram.r/prim_noinit.ram/DEVICE_7SERIES.NO_BMM_INFO.SP.SIMPLE_PRIM36.ram/WEA[0] (net: bus/interface_RAM/dRAM/RAM/U0/inst_blk_mem_gen/gnbram.gnativebmg.native_blk_mem_gen/valid.cstr/ramloop[0].ram.r/prim_noinit.ram/wea[0]) which is driven by a register (mini_rv_u/ex_mem/ALUOut_mem_o_reg[0]) that has an active asychronous set or reset. This may cause corruption of the memory contents and/or read values when the set/reset is asserted and is not analyzed by the default static timing analysis. It is suggested to eliminate the use of a set/reset to registers driving this RAMB pin or else use a synchronous reset in which the assertion of the reset is timed by default.
WARNING: [DRC REQP-1839] RAMB36 async control check: The RAMB36E1 bus/interface_RAM/dRAM/RAM/U0/inst_blk_mem_gen/gnbram.gnativebmg.native_blk_mem_gen/valid.cstr/ramloop[0].ram.r/prim_noinit.ram/DEVICE_7SERIES.NO_BMM_INFO.SP.SIMPLE_PRIM36.ram has an input control pin bus/interface_RAM/dRAM/RAM/U0/inst_blk_mem_gen/gnbram.gnativebmg.native_blk_mem_gen/valid.cstr/ramloop[0].ram.r/prim_noinit.ram/DEVICE_7SERIES.NO_BMM_INFO.SP.SIMPLE_PRIM36.ram/WEA[0] (net: bus/interface_RAM/dRAM/RAM/U0/inst_blk_mem_gen/gnbram.gnativebmg.native_blk_mem_gen/valid.cstr/ramloop[0].ram.r/prim_noinit.ram/wea[0]) which is driven by a register (mini_rv_u/ex_mem/ALUOut_mem_o_reg[20]) that has an active asychronous set or reset. This may cause corruption of the memory contents and/or read values when the set/reset is asserted and is not analyzed by the default static timing analysis. It is suggested to eliminate the use of a set/reset to registers driving this RAMB pin or else use a synchronous reset in which the assertion of the reset is timed by default.
WARNING: [DRC REQP-1839] RAMB36 async control check: The RAMB36E1 bus/interface_RAM/dRAM/RAM/U0/inst_blk_mem_gen/gnbram.gnativebmg.native_blk_mem_gen/valid.cstr/ramloop[0].ram.r/prim_noinit.ram/DEVICE_7SERIES.NO_BMM_INFO.SP.SIMPLE_PRIM36.ram has an input control pin bus/interface_RAM/dRAM/RAM/U0/inst_blk_mem_gen/gnbram.gnativebmg.native_blk_mem_gen/valid.cstr/ramloop[0].ram.r/prim_noinit.ram/DEVICE_7SERIES.NO_BMM_INFO.SP.SIMPLE_PRIM36.ram/WEA[0] (net: bus/interface_RAM/dRAM/RAM/U0/inst_blk_mem_gen/gnbram.gnativebmg.native_blk_mem_gen/valid.cstr/ramloop[0].ram.r/prim_noinit.ram/wea[0]) which is driven by a register (mini_rv_u/ex_mem/ALUOut_mem_o_reg[21]) that has an active asychronous set or reset. This may cause corruption of the memory contents and/or read values when the set/reset is asserted and is not analyzed by the default static timing analysis. It is suggested to eliminate the use of a set/reset to registers driving this RAMB pin or else use a synchronous reset in which the assertion of the reset is timed by default.
WARNING: [DRC REQP-1839] RAMB36 async control check: The RAMB36E1 bus/interface_RAM/dRAM/RAM/U0/inst_blk_mem_gen/gnbram.gnativebmg.native_blk_mem_gen/valid.cstr/ramloop[0].ram.r/prim_noinit.ram/DEVICE_7SERIES.NO_BMM_INFO.SP.SIMPLE_PRIM36.ram has an input control pin bus/interface_RAM/dRAM/RAM/U0/inst_blk_mem_gen/gnbram.gnativebmg.native_blk_mem_gen/valid.cstr/ramloop[0].ram.r/prim_noinit.ram/DEVICE_7SERIES.NO_BMM_INFO.SP.SIMPLE_PRIM36.ram/WEA[0] (net: bus/interface_RAM/dRAM/RAM/U0/inst_blk_mem_gen/gnbram.gnativebmg.native_blk_mem_gen/valid.cstr/ramloop[0].ram.r/prim_noinit.ram/wea[0]) which is driven by a register (mini_rv_u/ex_mem/ALUOut_mem_o_reg[23]) that has an active asychronous set or reset. This may cause corruption of the memory contents and/or read values when the set/reset is asserted and is not analyzed by the default static timing analysis. It is suggested to eliminate the use of a set/reset to registers driving this RAMB pin or else use a synchronous reset in which the assertion of the reset is timed by default.
WARNING: [DRC REQP-1839] RAMB36 async control check: The RAMB36E1 bus/interface_RAM/dRAM/RAM/U0/inst_blk_mem_gen/gnbram.gnativebmg.native_blk_mem_gen/valid.cstr/ramloop[0].ram.r/prim_noinit.ram/DEVICE_7SERIES.NO_BMM_INFO.SP.SIMPLE_PRIM36.ram has an input control pin bus/interface_RAM/dRAM/RAM/U0/inst_blk_mem_gen/gnbram.gnativebmg.native_blk_mem_gen/valid.cstr/ramloop[0].ram.r/prim_noinit.ram/DEVICE_7SERIES.NO_BMM_INFO.SP.SIMPLE_PRIM36.ram/WEA[0] (net: bus/interface_RAM/dRAM/RAM/U0/inst_blk_mem_gen/gnbram.gnativebmg.native_blk_mem_gen/valid.cstr/ramloop[0].ram.r/prim_noinit.ram/wea[0]) which is driven by a register (mini_rv_u/ex_mem/ALUOut_mem_o_reg[27]) that has an active asychronous set or reset. This may cause corruption of the memory contents and/or read values when the set/reset is asserted and is not analyzed by the default static timing analysis. It is suggested to eliminate the use of a set/reset to registers driving this RAMB pin or else use a synchronous reset in which the assertion of the reset is timed by default.
WARNING: [DRC REQP-1839] RAMB36 async control check: The RAMB36E1 bus/interface_RAM/dRAM/RAM/U0/inst_blk_mem_gen/gnbram.gnativebmg.native_blk_mem_gen/valid.cstr/ramloop[0].ram.r/prim_noinit.ram/DEVICE_7SERIES.NO_BMM_INFO.SP.SIMPLE_PRIM36.ram has an input control pin bus/interface_RAM/dRAM/RAM/U0/inst_blk_mem_gen/gnbram.gnativebmg.native_blk_mem_gen/valid.cstr/ramloop[0].ram.r/prim_noinit.ram/DEVICE_7SERIES.NO_BMM_INFO.SP.SIMPLE_PRIM36.ram/WEA[0] (net: bus/interface_RAM/dRAM/RAM/U0/inst_blk_mem_gen/gnbram.gnativebmg.native_blk_mem_gen/valid.cstr/ramloop[0].ram.r/prim_noinit.ram/wea[0]) which is driven by a register (mini_rv_u/ex_mem/ALUOut_mem_o_reg[28]) that has an active asychronous set or reset. This may cause corruption of the memory contents and/or read values when the set/reset is asserted and is not analyzed by the default static timing analysis. It is suggested to eliminate the use of a set/reset to registers driving this RAMB pin or else use a synchronous reset in which the assertion of the reset is timed by default.
WARNING: [DRC REQP-1840] RAMB18 async control check: The RAMB18E1 mini_rv_u/If/IF_icache/backing_mem/irom/U0/inst_blk_mem_gen/gnbram.gnativebmg.native_blk_mem_gen/valid.cstr/ramloop[0].ram.r/prim_noinit.ram/DEVICE_7SERIES.NO_BMM_INFO.SP.SIMPLE_PRIM18.ram has an input control pin mini_rv_u/If/IF_icache/backing_mem/irom/U0/inst_blk_mem_gen/gnbram.gnativebmg.native_blk_mem_gen/valid.cstr/ramloop[0].ram.r/prim_noinit.ram/DEVICE_7SERIES.NO_BMM_INFO.SP.SIMPLE_PRIM18.ram/ADDRARDADDR[0] (net: mini_rv_u/If/IF_icache/backing_mem/irom/U0/inst_blk_mem_gen/gnbram.gnativebmg.native_blk_mem_gen/valid.cstr/ramloop[0].ram.r/prim_noinit.ram/addra[0]) which is driven by a register (mini_rv_u/If/pre_fetch_pc_reg[2]) that has an active asychronous set or reset. This may cause corruption of the memory contents and/or read values when the set/reset is asserted and is not analyzed by the default static timing analysis. It is suggested to eliminate the use of a set/reset to registers driving this RAMB pin or else use a synchronous reset in which the assertion of the reset is timed by default.
WARNING: [DRC REQP-1840] RAMB18 async control check: The RAMB18E1 mini_rv_u/If/IF_icache/backing_mem/irom/U0/inst_blk_mem_gen/gnbram.gnativebmg.native_blk_mem_gen/valid.cstr/ramloop[0].ram.r/prim_noinit.ram/DEVICE_7SERIES.NO_BMM_INFO.SP.SIMPLE_PRIM18.ram has an input control pin mini_rv_u/If/IF_icache/backing_mem/irom/U0/inst_blk_mem_gen/gnbram.gnativebmg.native_blk_mem_gen/valid.cstr/ramloop[0].ram.r/prim_noinit.ram/DEVICE_7SERIES.NO_BMM_INFO.SP.SIMPLE_PRIM18.ram/ADDRARDADDR[10] (net: mini_rv_u/If/IF_icache/backing_mem/irom/U0/inst_blk_mem_gen/gnbram.gnativebmg.native_blk_mem_gen/valid.cstr/ramloop[0].ram.r/prim_noinit.ram/addra[10]) which is driven by a register (mini_rv_u/If/pre_fetch_pc_reg[12]) that has an active asychronous set or reset. This may cause corruption of the memory contents and/or read values when the set/reset is asserted and is not analyzed by the default static timing analysis. It is suggested to eliminate the use of a set/reset to registers driving this RAMB pin or else use a synchronous reset in which the assertion of the reset is timed by default.
WARNING: [DRC REQP-1840] RAMB18 async control check: The RAMB18E1 mini_rv_u/If/IF_icache/backing_mem/irom/U0/inst_blk_mem_gen/gnbram.gnativebmg.native_blk_mem_gen/valid.cstr/ramloop[0].ram.r/prim_noinit.ram/DEVICE_7SERIES.NO_BMM_INFO.SP.SIMPLE_PRIM18.ram has an input control pin mini_rv_u/If/IF_icache/backing_mem/irom/U0/inst_blk_mem_gen/gnbram.gnativebmg.native_blk_mem_gen/valid.cstr/ramloop[0].ram.r/prim_noinit.ram/DEVICE_7SERIES.NO_BMM_INFO.SP.SIMPLE_PRIM18.ram/ADDRARDADDR[11] (net: mini_rv_u/If/IF_icache/backing_mem/irom/U0/inst_blk_mem_gen/gnbram.gnativebmg.native_blk_mem_gen/valid.cstr/ramloop[0].ram.r/prim_noinit.ram/addra[11]) which is driven by a register (mini_rv_u/If/pre_fetch_pc_reg[13]) that has an active asychronous set or reset. This may cause corruption of the memory contents and/or read values when the set/reset is asserted and is not analyzed by the default static timing analysis. It is suggested to eliminate the use of a set/reset to registers driving this RAMB pin or else use a synchronous reset in which the assertion of the reset is timed by default.
WARNING: [DRC REQP-1840] RAMB18 async control check: The RAMB18E1 mini_rv_u/If/IF_icache/backing_mem/irom/U0/inst_blk_mem_gen/gnbram.gnativebmg.native_blk_mem_gen/valid.cstr/ramloop[0].ram.r/prim_noinit.ram/DEVICE_7SERIES.NO_BMM_INFO.SP.SIMPLE_PRIM18.ram has an input control pin mini_rv_u/If/IF_icache/backing_mem/irom/U0/inst_blk_mem_gen/gnbram.gnativebmg.native_blk_mem_gen/valid.cstr/ramloop[0].ram.r/prim_noinit.ram/DEVICE_7SERIES.NO_BMM_INFO.SP.SIMPLE_PRIM18.ram/ADDRARDADDR[12] (net: mini_rv_u/If/IF_icache/backing_mem/irom/U0/inst_blk_mem_gen/gnbram.gnativebmg.native_blk_mem_gen/valid.cstr/ramloop[0].ram.r/prim_noinit.ram/addra[12]) which is driven by a register (mini_rv_u/If/pre_fetch_pc_reg[14]) that has an active asychronous set or reset. This may cause corruption of the memory contents and/or read values when the set/reset is asserted and is not analyzed by the default static timing analysis. It is suggested to eliminate the use of a set/reset to registers driving this RAMB pin or else use a synchronous reset in which the assertion of the reset is timed by default.
WARNING: [DRC REQP-1840] RAMB18 async control check: The RAMB18E1 mini_rv_u/If/IF_icache/backing_mem/irom/U0/inst_blk_mem_gen/gnbram.gnativebmg.native_blk_mem_gen/valid.cstr/ramloop[0].ram.r/prim_noinit.ram/DEVICE_7SERIES.NO_BMM_INFO.SP.SIMPLE_PRIM18.ram has an input control pin mini_rv_u/If/IF_icache/backing_mem/irom/U0/inst_blk_mem_gen/gnbram.gnativebmg.native_blk_mem_gen/valid.cstr/ramloop[0].ram.r/prim_noinit.ram/DEVICE_7SERIES.NO_BMM_INFO.SP.SIMPLE_PRIM18.ram/ADDRARDADDR[13] (net: mini_rv_u/If/IF_icache/backing_mem/irom/U0/inst_blk_mem_gen/gnbram.gnativebmg.native_blk_mem_gen/valid.cstr/ramloop[0].ram.r/prim_noinit.ram/addra[13]) which is driven by a register (mini_rv_u/If/pre_fetch_pc_reg[15]) that has an active asychronous set or reset. This may cause corruption of the memory contents and/or read values when the set/reset is asserted and is not analyzed by the default static timing analysis. It is suggested to eliminate the use of a set/reset to registers driving this RAMB pin or else use a synchronous reset in which the assertion of the reset is timed by default.
WARNING: [DRC REQP-1840] RAMB18 async control check: The RAMB18E1 mini_rv_u/If/IF_icache/backing_mem/irom/U0/inst_blk_mem_gen/gnbram.gnativebmg.native_blk_mem_gen/valid.cstr/ramloop[0].ram.r/prim_noinit.ram/DEVICE_7SERIES.NO_BMM_INFO.SP.SIMPLE_PRIM18.ram has an input control pin mini_rv_u/If/IF_icache/backing_mem/irom/U0/inst_blk_mem_gen/gnbram.gnativebmg.native_blk_mem_gen/valid.cstr/ramloop[0].ram.r/prim_noinit.ram/DEVICE_7SERIES.NO_BMM_INFO.SP.SIMPLE_PRIM18.ram/ADDRARDADDR[1] (net: mini_rv_u/If/IF_icache/backing_mem/irom/U0/inst_blk_mem_gen/gnbram.gnativebmg.native_blk_mem_gen/valid.cstr/ramloop[0].ram.r/prim_noinit.ram/addra[1]) which is driven by a register (mini_rv_u/If/pre_fetch_pc_reg[3]) that has an active asychronous set or reset. This may cause corruption of the memory contents and/or read values when the set/reset is asserted and is not analyzed by the default static timing analysis. It is suggested to eliminate the use of a set/reset to registers driving this RAMB pin or else use a synchronous reset in which the assertion of the reset is timed by default.
WARNING: [DRC REQP-1840] RAMB18 async control check: The RAMB18E1 mini_rv_u/If/IF_icache/backing_mem/irom/U0/inst_blk_mem_gen/gnbram.gnativebmg.native_blk_mem_gen/valid.cstr/ramloop[0].ram.r/prim_noinit.ram/DEVICE_7SERIES.NO_BMM_INFO.SP.SIMPLE_PRIM18.ram has an input control pin mini_rv_u/If/IF_icache/backing_mem/irom/U0/inst_blk_mem_gen/gnbram.gnativebmg.native_blk_mem_gen/valid.cstr/ramloop[0].ram.r/prim_noinit.ram/DEVICE_7SERIES.NO_BMM_INFO.SP.SIMPLE_PRIM18.ram/ADDRARDADDR[2] (net: mini_rv_u/If/IF_icache/backing_mem/irom/U0/inst_blk_mem_gen/gnbram.gnativebmg.native_blk_mem_gen/valid.cstr/ramloop[0].ram.r/prim_noinit.ram/addra[2]) which is driven by a register (mini_rv_u/If/pre_fetch_pc_reg[4]) that has an active asychronous set or reset. This may cause corruption of the memory contents and/or read values when the set/reset is asserted and is not analyzed by the default static timing analysis. It is suggested to eliminate the use of a set/reset to registers driving this RAMB pin or else use a synchronous reset in which the assertion of the reset is timed by default.
WARNING: [DRC REQP-1840] RAMB18 async control check: The RAMB18E1 mini_rv_u/If/IF_icache/backing_mem/irom/U0/inst_blk_mem_gen/gnbram.gnativebmg.native_blk_mem_gen/valid.cstr/ramloop[0].ram.r/prim_noinit.ram/DEVICE_7SERIES.NO_BMM_INFO.SP.SIMPLE_PRIM18.ram has an input control pin mini_rv_u/If/IF_icache/backing_mem/irom/U0/inst_blk_mem_gen/gnbram.gnativebmg.native_blk_mem_gen/valid.cstr/ramloop[0].ram.r/prim_noinit.ram/DEVICE_7SERIES.NO_BMM_INFO.SP.SIMPLE_PRIM18.ram/ADDRARDADDR[3] (net: mini_rv_u/If/IF_icache/backing_mem/irom/U0/inst_blk_mem_gen/gnbram.gnativebmg.native_blk_mem_gen/valid.cstr/ramloop[0].ram.r/prim_noinit.ram/addra[3]) which is driven by a register (mini_rv_u/If/pre_fetch_pc_reg[5]) that has an active asychronous set or reset. This may cause corruption of the memory contents and/or read values when the set/reset is asserted and is not analyzed by the default static timing analysis. It is suggested to eliminate the use of a set/reset to registers driving this RAMB pin or else use a synchronous reset in which the assertion of the reset is timed by default.
WARNING: [DRC REQP-1840] RAMB18 async control check: The RAMB18E1 mini_rv_u/If/IF_icache/backing_mem/irom/U0/inst_blk_mem_gen/gnbram.gnativebmg.native_blk_mem_gen/valid.cstr/ramloop[0].ram.r/prim_noinit.ram/DEVICE_7SERIES.NO_BMM_INFO.SP.SIMPLE_PRIM18.ram has an input control pin mini_rv_u/If/IF_icache/backing_mem/irom/U0/inst_blk_mem_gen/gnbram.gnativebmg.native_blk_mem_gen/valid.cstr/ramloop[0].ram.r/prim_noinit.ram/DEVICE_7SERIES.NO_BMM_INFO.SP.SIMPLE_PRIM18.ram/ADDRARDADDR[4] (net: mini_rv_u/If/IF_icache/backing_mem/irom/U0/inst_blk_mem_gen/gnbram.gnativebmg.native_blk_mem_gen/valid.cstr/ramloop[0].ram.r/prim_noinit.ram/addra[4]) which is driven by a register (mini_rv_u/If/pre_fetch_pc_reg[6]) that has an active asychronous set or reset. This may cause corruption of the memory contents and/or read values when the set/reset is asserted and is not analyzed by the default static timing analysis. It is suggested to eliminate the use of a set/reset to registers driving this RAMB pin or else use a synchronous reset in which the assertion of the reset is timed by default.
WARNING: [DRC REQP-1840] RAMB18 async control check: The RAMB18E1 mini_rv_u/If/IF_icache/backing_mem/irom/U0/inst_blk_mem_gen/gnbram.gnativebmg.native_blk_mem_gen/valid.cstr/ramloop[0].ram.r/prim_noinit.ram/DEVICE_7SERIES.NO_BMM_INFO.SP.SIMPLE_PRIM18.ram has an input control pin mini_rv_u/If/IF_icache/backing_mem/irom/U0/inst_blk_mem_gen/gnbram.gnativebmg.native_blk_mem_gen/valid.cstr/ramloop[0].ram.r/prim_noinit.ram/DEVICE_7SERIES.NO_BMM_INFO.SP.SIMPLE_PRIM18.ram/ADDRARDADDR[5] (net: mini_rv_u/If/IF_icache/backing_mem/irom/U0/inst_blk_mem_gen/gnbram.gnativebmg.native_blk_mem_gen/valid.cstr/ramloop[0].ram.r/prim_noinit.ram/addra[5]) which is driven by a register (mini_rv_u/If/pre_fetch_pc_reg[7]) that has an active asychronous set or reset. This may cause corruption of the memory contents and/or read values when the set/reset is asserted and is not analyzed by the default static timing analysis. It is suggested to eliminate the use of a set/reset to registers driving this RAMB pin or else use a synchronous reset in which the assertion of the reset is timed by default.
WARNING: [DRC REQP-1840] RAMB18 async control check: The RAMB18E1 mini_rv_u/If/IF_icache/backing_mem/irom/U0/inst_blk_mem_gen/gnbram.gnativebmg.native_blk_mem_gen/valid.cstr/ramloop[0].ram.r/prim_noinit.ram/DEVICE_7SERIES.NO_BMM_INFO.SP.SIMPLE_PRIM18.ram has an input control pin mini_rv_u/If/IF_icache/backing_mem/irom/U0/inst_blk_mem_gen/gnbram.gnativebmg.native_blk_mem_gen/valid.cstr/ramloop[0].ram.r/prim_noinit.ram/DEVICE_7SERIES.NO_BMM_INFO.SP.SIMPLE_PRIM18.ram/ADDRARDADDR[6] (net: mini_rv_u/If/IF_icache/backing_mem/irom/U0/inst_blk_mem_gen/gnbram.gnativebmg.native_blk_mem_gen/valid.cstr/ramloop[0].ram.r/prim_noinit.ram/addra[6]) which is driven by a register (mini_rv_u/If/pre_fetch_pc_reg[8]) that has an active asychronous set or reset. This may cause corruption of the memory contents and/or read values when the set/reset is asserted and is not analyzed by the default static timing analysis. It is suggested to eliminate the use of a set/reset to registers driving this RAMB pin or else use a synchronous reset in which the assertion of the reset is timed by default.
WARNING: [DRC REQP-1840] RAMB18 async control check: The RAMB18E1 mini_rv_u/If/IF_icache/backing_mem/irom/U0/inst_blk_mem_gen/gnbram.gnativebmg.native_blk_mem_gen/valid.cstr/ramloop[0].ram.r/prim_noinit.ram/DEVICE_7SERIES.NO_BMM_INFO.SP.SIMPLE_PRIM18.ram has an input control pin mini_rv_u/If/IF_icache/backing_mem/irom/U0/inst_blk_mem_gen/gnbram.gnativebmg.native_blk_mem_gen/valid.cstr/ramloop[0].ram.r/prim_noinit.ram/DEVICE_7SERIES.NO_BMM_INFO.SP.SIMPLE_PRIM18.ram/ADDRARDADDR[7] (net: mini_rv_u/If/IF_icache/backing_mem/irom/U0/inst_blk_mem_gen/gnbram.gnativebmg.native_blk_mem_gen/valid.cstr/ramloop[0].ram.r/prim_noinit.ram/addra[7]) which is driven by a register (mini_rv_u/If/pre_fetch_pc_reg[9]) that has an active asychronous set or reset. This may cause corruption of the memory contents and/or read values when the set/reset is asserted and is not analyzed by the default static timing analysis. It is suggested to eliminate the use of a set/reset to registers driving this RAMB pin or else use a synchronous reset in which the assertion of the reset is timed by default.
WARNING: [DRC REQP-1840] RAMB18 async control check: The RAMB18E1 mini_rv_u/If/IF_icache/backing_mem/irom/U0/inst_blk_mem_gen/gnbram.gnativebmg.native_blk_mem_gen/valid.cstr/ramloop[0].ram.r/prim_noinit.ram/DEVICE_7SERIES.NO_BMM_INFO.SP.SIMPLE_PRIM18.ram has an input control pin mini_rv_u/If/IF_icache/backing_mem/irom/U0/inst_blk_mem_gen/gnbram.gnativebmg.native_blk_mem_gen/valid.cstr/ramloop[0].ram.r/prim_noinit.ram/DEVICE_7SERIES.NO_BMM_INFO.SP.SIMPLE_PRIM18.ram/ADDRARDADDR[8] (net: mini_rv_u/If/IF_icache/backing_mem/irom/U0/inst_blk_mem_gen/gnbram.gnativebmg.native_blk_mem_gen/valid.cstr/ramloop[0].ram.r/prim_noinit.ram/addra[8]) which is driven by a register (mini_rv_u/If/pre_fetch_pc_reg[10]) that has an active asychronous set or reset. This may cause corruption of the memory contents and/or read values when the set/reset is asserted and is not analyzed by the default static timing analysis. It is suggested to eliminate the use of a set/reset to registers driving this RAMB pin or else use a synchronous reset in which the assertion of the reset is timed by default.
WARNING: [DRC REQP-1840] RAMB18 async control check: The RAMB18E1 mini_rv_u/If/IF_icache/backing_mem/irom/U0/inst_blk_mem_gen/gnbram.gnativebmg.native_blk_mem_gen/valid.cstr/ramloop[0].ram.r/prim_noinit.ram/DEVICE_7SERIES.NO_BMM_INFO.SP.SIMPLE_PRIM18.ram has an input control pin mini_rv_u/If/IF_icache/backing_mem/irom/U0/inst_blk_mem_gen/gnbram.gnativebmg.native_blk_mem_gen/valid.cstr/ramloop[0].ram.r/prim_noinit.ram/DEVICE_7SERIES.NO_BMM_INFO.SP.SIMPLE_PRIM18.ram/ADDRARDADDR[9] (net: mini_rv_u/If/IF_icache/backing_mem/irom/U0/inst_blk_mem_gen/gnbram.gnativebmg.native_blk_mem_gen/valid.cstr/ramloop[0].ram.r/prim_noinit.ram/addra[9]) which is driven by a register (mini_rv_u/If/pre_fetch_pc_reg[11]) that has an active asychronous set or reset. This may cause corruption of the memory contents and/or read values when the set/reset is asserted and is not analyzed by the default static timing analysis. It is suggested to eliminate the use of a set/reset to registers driving this RAMB pin or else use a synchronous reset in which the assertion of the reset is timed by default.
INFO: [Vivado_Tcl 4-198] DRC finished with 0 Errors, 35 Warnings
INFO: [Vivado_Tcl 4-199] Please refer to the DRC report (report_drc) for more information.

Starting Placer Task
INFO: [Place 46-5] The placer was invoked with the 'ExtraNetDelay_high' directive.
INFO: [Place 30-611] Multithreading enabled for place_design using a maximum of 2 CPUs

Phase 1 Placer Initialization

Phase 1.1 Placer Initialization Netlist Sorting
Netlist sorting complete. Time (s): cpu = 00:00:00 ; elapsed = 00:00:00.004 . Memory (MB): peak = 1957.215 ; gain = 0.000
Phase 1.1 Placer Initialization Netlist Sorting | Checksum: 1a326a46a

Time (s): cpu = 00:00:00 ; elapsed = 00:00:00.018 . Memory (MB): peak = 1957.215 ; gain = 0.000
Netlist sorting complete. Time (s): cpu = 00:00:00 ; elapsed = 00:00:00.005 . Memory (MB): peak = 1957.215 ; gain = 0.000

Phase 1.2 IO Placement/ Clock Placement/ Build Placer Device
Phase 1.2 IO Placement/ Clock Placement/ Build Placer Device | Checksum: 4f329326

Time (s): cpu = 00:00:01 ; elapsed = 00:00:00.932 . Memory (MB): peak = 1957.215 ; gain = 0.000

Phase 1.3 Build Placer Netlist Model
Phase 1.3 Build Placer Netlist Model | Checksum: 13e0ae71a

Time (s): cpu = 00:00:06 ; elapsed = 00:00:04 . Memory (MB): peak = 1957.215 ; gain = 0.000

Phase 1.4 Constrain Clocks/Macros
Phase 1.4 Constrain Clocks/Macros | Checksum: 13e0ae71a

Time (s): cpu = 00:00:06 ; elapsed = 00:00:04 . Memory (MB): peak = 1957.215 ; gain = 0.000
Phase 1 Placer Initialization | Checksum: 13e0ae71a

Time (s): cpu = 00:00:06 ; elapsed = 00:00:04 . Memory (MB): peak = 1957.215 ; gain = 0.000

Phase 2 Global Placement

Phase 2.1 Floorplanning
Phase 2.1 Floorplanning | Checksum: 149827304

Time (s): cpu = 00:00:08 ; elapsed = 00:00:05 . Memory (MB): peak = 1957.215 ; gain = 0.000

Phase 2.2 Update Timing before SLR Path Opt
Phase 2.2 Update Timing before SLR Path Opt | Checksum: 13ee0efdc

Time (s): cpu = 00:00:09 ; elapsed = 00:00:06 . Memory (MB): peak = 1957.215 ; gain = 0.000

Phase 2.3 Post-Processing in Floorplanning
Phase 2.3 Post-Processing in Floorplanning | Checksum: 13ee0efdc

Time (s): cpu = 00:00:09 ; elapsed = 00:00:06 . Memory (MB): peak = 1957.215 ; gain = 0.000

Phase 2.4 Global Placement Core

Phase 2.4.1 Physical Synthesis In Placer
INFO: [Physopt 32-1035] Found 52 LUTNM shape to break, 123 LUT instances to create LUTNM shape
INFO: [Physopt 32-1044] Break lutnm for timing: one critical 3, two critical 49, total 52, new lutff created 6
INFO: [Physopt 32-1138] End 1 Pass. Optimized 95 nets or LUTs. Breaked 52 LUTs, combined 43 existing LUTs and moved 0 existing LUT
INFO: [Physopt 32-65] No nets found for high-fanout optimization.
INFO: [Physopt 32-232] Optimized 0 net. Created 0 new instance.
INFO: [Physopt 32-775] End 1 Pass. Optimized 0 net or cell. Created 0 new cell, deleted 0 existing cell and moved 0 existing cell
INFO: [Physopt 32-456] No candidate cells for DSP register optimization found in the design.
INFO: [Physopt 32-775] End 2 Pass. Optimized 0 net or cell. Created 0 new cell, deleted 0 existing cell and moved 0 existing cell
INFO: [Physopt 32-1123] No candidate cells found for Shift Register to Pipeline optimization
INFO: [Physopt 32-775] End 1 Pass. Optimized 0 net or cell. Created 0 new cell, deleted 0 existing cell and moved 0 existing cell
INFO: [Physopt 32-677] No candidate cells for Shift Register optimization found in the design
INFO: [Physopt 32-775] End 1 Pass. Optimized 0 net or cell. Created 0 new cell, deleted 0 existing cell and moved 0 existing cell
INFO: [Physopt 32-526] No candidate cells for BRAM register optimization found in the design
INFO: [Physopt 32-775] End 1 Pass. Optimized 0 net or cell. Created 0 new cell, deleted 0 existing cell and moved 0 existing cell
INFO: [Physopt 32-846] No candidate cells for URAM register optimization found in the design
INFO: [Physopt 32-775] End 2 Pass. Optimized 0 net or cell. Created 0 new cell, deleted 0 existing cell and moved 0 existing cell
INFO: [Physopt 32-949] No candidate nets found for dynamic/static region interface net replication
INFO: [Physopt 32-775] End 1 Pass. Optimized 0 net or cell. Created 0 new cell, deleted 0 existing cell and moved 0 existing cell
Netlist sorting complete. Time (s): cpu = 00:00:00 ; elapsed = 00:00:00.005 . Memory (MB): peak = 1957.215 ; gain = 0.000

Summary of Physical Synthesis Optimizations
============================================


-----------------------------------------------------------------------------------------------------------------------------------------------------------
|  Optimization                                     |  Added Cells  |  Removed Cells  |  Optimized Cells/Nets  |  Dont Touch  |  Iterations  |  Elapsed   |
-----------------------------------------------------------------------------------------------------------------------------------------------------------
|  LUT Combining                                    |           52  |             43  |                    95  |           0  |           1  |  00:00:00  |
|  Retime                                           |            0  |              0  |                     0  |           0  |           1  |  00:00:00  |
|  Very High Fanout                                 |            0  |              0  |                     0  |           0  |           1  |  00:00:00  |
|  DSP Register                                     |            0  |              0  |                     0  |           0  |           1  |  00:00:00  |
|  Shift Register to Pipeline                       |            0  |              0  |                     0  |           0  |           1  |  00:00:00  |
|  Shift Register                                   |            0  |              0  |                     0  |           0  |           1  |  00:00:00  |
|  BRAM Register                                    |            0  |              0  |                     0  |           0  |           1  |  00:00:00  |
|  URAM Register                                    |            0  |              0  |                     0  |           0  |           1  |  00:00:00  |
|  Dynamic/Static Region Interface Net Replication  |            0  |              0  |                     0  |           0  |           1  |  00:00:00  |
|  Total                                            |           52  |             43  |                    95  |           0  |           9  |  00:00:01  |
-----------------------------------------------------------------------------------------------------------------------------------------------------------


Phase 2.4.1 Physical Synthesis In Placer | Checksum: 6193b04f

Time (s): cpu = 00:00:33 ; elapsed = 00:00:23 . Memory (MB): peak = 1957.215 ; gain = 0.000
Phase 2.4 Global Placement Core | Checksum: 19fabf8f0

Time (s): cpu = 00:00:34 ; elapsed = 00:00:24 . Memory (MB): peak = 1957.215 ; gain = 0.000
Phase 2 Global Placement | Checksum: 19fabf8f0

Time (s): cpu = 00:00:34 ; elapsed = 00:00:24 . Memory (MB): peak = 1957.215 ; gain = 0.000

Phase 3 Detail Placement

Phase 3.1 Commit Multi Column Macros
Phase 3.1 Commit Multi Column Macros | Checksum: 1a98a903c

Time (s): cpu = 00:00:36 ; elapsed = 00:00:25 . Memory (MB): peak = 1957.215 ; gain = 0.000

Phase 3.2 Commit Most Macros & LUTRAMs
Phase 3.2 Commit Most Macros & LUTRAMs | Checksum: 11b06261f

Time (s): cpu = 00:00:38 ; elapsed = 00:00:27 . Memory (MB): peak = 1957.215 ; gain = 0.000

Phase 3.3 Area Swap Optimization
Phase 3.3 Area Swap Optimization | Checksum: 7cdad618

Time (s): cpu = 00:00:39 ; elapsed = 00:00:27 . Memory (MB): peak = 1957.215 ; gain = 0.000

Phase 3.4 Pipeline Register Optimization
Phase 3.4 Pipeline Register Optimization | Checksum: 118d5b0be

Time (s): cpu = 00:00:39 ; elapsed = 00:00:27 . Memory (MB): peak = 1957.215 ; gain = 0.000

Phase 3.5 Fast Optimization
Phase 3.5 Fast Optimization | Checksum: 67d4f939

Time (s): cpu = 00:00:45 ; elapsed = 00:00:33 . Memory (MB): peak = 1957.215 ; gain = 0.000

Phase 3.6 Small Shape Detail Placement
Phase 3.6 Small Shape Detail Placement | Checksum: 13371aae9

Time (s): cpu = 00:00:54 ; elapsed = 00:00:42 . Memory (MB): peak = 1957.215 ; gain = 0.000

Phase 3.7 Re-assign LUT pins
Phase 3.7 Re-assign LUT pins | Checksum: f5ae2819

Time (s): cpu = 00:00:55 ; elapsed = 00:00:44 . Memory (MB): peak = 1957.215 ; gain = 0.000

Phase 3.8 Pipeline Register Optimization
Phase 3.8 Pipeline Register Optimization | Checksum: 143c8b223

Time (s): cpu = 00:00:55 ; elapsed = 00:00:44 . Memory (MB): peak = 1957.215 ; gain = 0.000

Phase 3.9 Fast Optimization
Phase 3.9 Fast Optimization | Checksum: f8ba730a

Time (s): cpu = 00:01:07 ; elapsed = 00:00:56 . Memory (MB): peak = 1957.215 ; gain = 0.000
Phase 3 Detail Placement | Checksum: f8ba730a

Time (s): cpu = 00:01:07 ; elapsed = 00:00:56 . Memory (MB): peak = 1957.215 ; gain = 0.000

Phase 4 Post Placement Optimization and Clean-Up

Phase 4.1 Post Commit Optimization
INFO: [Place 46-20] Placer is running with the ExtraNetDelay_high directive. Post Placement Optimization may take longer to complete with ExtraNetDelay_high compared to other directives.
INFO: [Timing 38-35] Done setting XDC timing constraints.

Phase 4.1.1 Post Placement Optimization
Post Placement Optimization Initialization | Checksum: 9c59405e

Phase 4.1.1.1 BUFG Insertion

Starting Physical Synthesis Task

Phase 1 Physical Synthesis Initialization
INFO: [Physopt 32-721] Multithreading enabled for phys_opt_design using a maximum of 2 CPUs
INFO: [Physopt 32-619] Estimated Timing Summary | WNS=-0.305 | TNS=-0.305 |
Phase 1 Physical Synthesis Initialization | Checksum: fa080b5c

Time (s): cpu = 00:00:02 ; elapsed = 00:00:00.826 . Memory (MB): peak = 1957.215 ; gain = 0.000
INFO: [Place 46-33] Processed net mini_rv_u/If/IF_icache/u_cache/rst, BUFG insertion was skipped due to placement/routing conflicts.
INFO: [Place 46-56] BUFG insertion identified 1 candidate nets. Inserted BUFG: 0, Replicated BUFG Driver: 0, Skipped due to Placement/Routing Conflicts: 1, Skipped due to Timing Degradation: 0, Skipped due to Illegal Netlist: 0.
Ending Physical Synthesis Task | Checksum: b4dca06f

Time (s): cpu = 00:00:03 ; elapsed = 00:00:01 . Memory (MB): peak = 1957.215 ; gain = 0.000
Phase 4.1.1.1 BUFG Insertion | Checksum: 9c59405e

Time (s): cpu = 00:01:15 ; elapsed = 00:01:01 . Memory (MB): peak = 1957.215 ; gain = 0.000

Phase 4.1.1.2 Post Placement Timing Optimization
INFO: [Place 30-746] Post Placement Timing Summary WNS=0.501. For the most accurate timing information please run report_timing.
Phase 4.1.1.2 Post Placement Timing Optimization | Checksum: 168ede7e1

Time (s): cpu = 00:01:27 ; elapsed = 00:01:14 . Memory (MB): peak = 1957.215 ; gain = 0.000

Time (s): cpu = 00:01:27 ; elapsed = 00:01:14 . Memory (MB): peak = 1957.215 ; gain = 0.000
Phase 4.1 Post Commit Optimization | Checksum: 168ede7e1

Time (s): cpu = 00:01:27 ; elapsed = 00:01:14 . Memory (MB): peak = 1957.215 ; gain = 0.000

Phase 4.2 Post Placement Cleanup
Phase 4.2 Post Placement Cleanup | Checksum: 168ede7e1

Time (s): cpu = 00:01:27 ; elapsed = 00:01:14 . Memory (MB): peak = 1957.215 ; gain = 0.000

Phase 4.3 Placer Reporting

Phase 4.3.1 Print Estimated Congestion
INFO: [Place 30-612] Post-Placement Estimated Congestion 
 ____________________________________________________
|           | Global Congestion | Short Congestion  |
| Direction | Region Size       | Region Size       |
|___________|___________________|___________________|
|      North|                1x1|                4x4|
|___________|___________________|___________________|
|      South|                1x1|                2x2|
|___________|___________________|___________________|
|       East|                1x1|                2x2|
|___________|___________________|___________________|
|       West|                1x1|                4x4|
|___________|___________________|___________________|

Phase 4.3.1 Print Estimated Congestion | Checksum: 168ede7e1

Time (s): cpu = 00:01:28 ; elapsed = 00:01:15 . Memory (MB): peak = 1957.215 ; gain = 0.000
Phase 4.3 Placer Reporting | Checksum: 168ede7e1

Time (s): cpu = 00:01:28 ; elapsed = 00:01:15 . Memory (MB): peak = 1957.215 ; gain = 0.000

Phase 4.4 Final Placement Cleanup
Netlist sorting complete. Time (s): cpu = 00:00:00 ; elapsed = 00:00:00.008 . Memory (MB): peak = 1957.215 ; gain = 0.000

Time (s): cpu = 00:01:28 ; elapsed = 00:01:15 . Memory (MB): peak = 1957.215 ; gain = 0.000
Phase 4 Post Placement Optimization and Clean-Up | Checksum: 12d330e8b

Time (s): cpu = 00:01:28 ; elapsed = 00:01:15 . Memory (MB): peak = 1957.215 ; gain = 0.000
Ending Placer Task | Checksum: 33c8e62f

Time (s): cpu = 00:01:28 ; elapsed = 00:01:15 . Memory (MB): peak = 1957.215 ; gain = 0.000
INFO: [Common 17-83] Releasing license: Implementation
114 Infos, 35 Warnings, 1 Critical Warnings and 0 Errors encountered.
place_design completed successfully
place_design: Time (s): cpu = 00:01:32 ; elapsed = 00:01:17 . Memory (MB): peak = 1957.215 ; gain = 0.000
INFO: [Timing 38-480] Writing timing data to binary archive.
Writing placer database...
Writing XDEF routing.
Writing XDEF routing logical nets.
Writing XDEF routing special nets.
Write XDEF Complete: Time (s): cpu = 00:00:05 ; elapsed = 00:00:02 . Memory (MB): peak = 1957.215 ; gain = 0.000
INFO: [Common 17-1381] The checkpoint 'D:/riscv32_pipeline_cache/riscv32_pipeline.runs/impl_trial_netdelay_high/top_placed.dcp' has been generated.
INFO: [runtcl-4] Executing : report_io -file top_io_placed.rpt
report_io: Time (s): cpu = 00:00:01 ; elapsed = 00:00:00.102 . Memory (MB): peak = 1957.215 ; gain = 0.000
INFO: [runtcl-4] Executing : report_utilization -file top_utilization_placed.rpt -pb top_utilization_placed.pb
INFO: [runtcl-4] Executing : report_control_sets -verbose -file top_control_sets_placed.rpt
report_control_sets: Time (s): cpu = 00:00:00 ; elapsed = 00:00:00.056 . Memory (MB): peak = 1957.215 ; gain = 0.000
Command: phys_opt_design -directive AggressiveExplore
Attempting to get a license for feature 'Implementation' and/or device 'xc7z020'
INFO: [Common 17-349] Got license for feature 'Implementation' and/or device 'xc7z020'
INFO: [Vivado_Tcl 4-137] Directive used for phys_opt_design is: AggressiveExplore
INFO: [Vivado_Tcl 4-383] Design worst setup slack (WNS) is greater than or equal to 0.000 ns. Skipping all physical synthesis optimizations.
INFO: [Vivado_Tcl 4-232] No setup violation found. The netlist was not modified.
INFO: [Common 17-83] Releasing license: Implementation
124 Infos, 35 Warnings, 1 Critical Warnings and 0 Errors encountered.
phys_opt_design completed successfully
INFO: [Timing 38-480] Writing timing data to binary archive.
Writing placer database...
Writing XDEF routing.
Writing XDEF routing logical nets.
Writing XDEF routing special nets.
Write XDEF Complete: Time (s): cpu = 00:00:05 ; elapsed = 00:00:02 . Memory (MB): peak = 1957.215 ; gain = 0.000
INFO: [Common 17-1381] The checkpoint 'D:/riscv32_pipeline_cache/riscv32_pipeline.runs/impl_trial_netdelay_high/top_physopt.dcp' has been generated.
Command: route_design -directive NoTimingRelaxation
Attempting to get a license for feature 'Implementation' and/or device 'xc7z020'
INFO: [Common 17-349] Got license for feature 'Implementation' and/or device 'xc7z020'
Running DRC as a precondition to command route_design
INFO: [DRC 23-27] Running DRC with 2 threads
INFO: [Vivado_Tcl 4-198] DRC finished with 0 Errors
INFO: [Vivado_Tcl 4-199] Please refer to the DRC report (report_drc) for more information.


Starting Routing Task
INFO: [Route 35-270] Using Router directive 'NoTimingRelaxation'.
INFO: [Route 35-254] Multithreading enabled for route_design using a maximum of 2 CPUs

Phase 1 Build RT Design
Checksum: PlaceDB: 25b78464 ConstDB: 0 ShapeSum: e1161cb RouteDB: 0
Post Restoration Checksum: NetGraph: 3ad0a342 NumContArr: e460d41d Constraints: 0 Timing: 0
Phase 1 Build RT Design | Checksum: 11f31775f

Time (s): cpu = 00:00:44 ; elapsed = 00:00:38 . Memory (MB): peak = 2010.738 ; gain = 53.523

Phase 2 Router Initialization

Phase 2.1 Create Timer
Phase 2.1 Create Timer | Checksum: 11f31775f

Time (s): cpu = 00:00:44 ; elapsed = 00:00:38 . Memory (MB): peak = 2010.746 ; gain = 53.531

Phase 2.2 Fix Topology Constraints
Phase 2.2 Fix Topology Constraints | Checksum: 11f31775f

Time (s): cpu = 00:00:44 ; elapsed = 00:00:38 . Memory (MB): peak = 2017.863 ; gain = 60.648

Phase 2.3 Pre Route Cleanup
Phase 2.3 Pre Route Cleanup | Checksum: 11f31775f

Time (s): cpu = 00:00:44 ; elapsed = 00:00:38 . Memory (MB): peak = 2017.863 ; gain = 60.648
 Number of Nodes with overlaps = 0

Phase 2.4 Update Timing
Phase 2.4 Update Timing | Checksum: 165b8bf41

Time (s): cpu = 00:00:52 ; elapsed = 00:00:44 . Memory (MB): peak = 2040.426 ; gain = 83.211
INFO: [Route 35-416] Intermediate Timing Summary | WNS=1.147  | TNS=0.000  | WHS=-0.175 | THS=-44.974|


Router Utilization Summary
  Global Vertical Routing Utilization    = 0 %
  Global Horizontal Routing Utilization  = 0 %
  Routable Net Status*
  *Does not include unroutable nets such as driverless and loadless.
  Run report_route_status for detailed report.
  Number of Failed Nets               = 10662
    (Failed Nets is the sum of unrouted and partially routed nets)
  Number of Unrouted Nets             = 10662
  Number of Partially Routed Nets     = 0
  Number of Node Overlaps             = 0

Phase 2 Router Initialization | Checksum: 1e57790bb

Time (s): cpu = 00:00:56 ; elapsed = 00:00:47 . Memory (MB): peak = 2058.289 ; gain = 101.074

Phase 3 Initial Routing

Phase 3.1 Global Routing
Phase 3.1 Global Routing | Checksum: 1e57790bb

Time (s): cpu = 00:00:56 ; elapsed = 00:00:47 . Memory (MB): peak = 2058.289 ; gain = 101.074
Phase 3 Initial Routing | Checksum: 111575b00

Time (s): cpu = 00:01:07 ; elapsed = 00:00:52 . Memory (MB): peak = 2074.242 ; gain = 117.027

Phase 4 Rip-up And Reroute

Phase 4.1 Global Iteration 0
 Number of Nodes with overlaps = 3371
 Number of Nodes with overlaps = 1256
 Number of Nodes with overlaps = 672
 Number of Nodes with overlaps = 262
 Number of Nodes with overlaps = 158
 Number of Nodes with overlaps = 71
 Number of Nodes with overlaps = 25
 Number of Nodes with overlaps = 24
 Number of Nodes with overlaps = 14
 Number of Nodes with overlaps = 3
 Number of Nodes with overlaps = 4
 Number of Nodes with overlaps = 1
 Number of Nodes with overlaps = 5
 Number of Nodes with overlaps = 3
 Number of Nodes with overlaps = 2
 Number of Nodes with overlaps = 2
 Number of Nodes with overlaps = 5
 Number of Nodes with overlaps = 3
 Number of Nodes with overlaps = 2
 Number of Nodes with overlaps = 0
INFO: [Route 35-416] Intermediate Timing Summary | WNS=-0.341 | TNS=-0.821 | WHS=N/A    | THS=N/A    |

Phase 4.1 Global Iteration 0 | Checksum: 1da874749

Time (s): cpu = 00:02:54 ; elapsed = 00:02:02 . Memory (MB): peak = 2074.242 ; gain = 117.027

Phase 4.2 Global Iteration 1
 Number of Nodes with overlaps = 861
 Number of Nodes with overlaps = 370
 Number of Nodes with overlaps = 193
 Number of Nodes with overlaps = 67
 Number of Nodes with overlaps = 45
 Number of Nodes with overlaps = 12
 Number of Nodes with overlaps = 11
 Number of Nodes with overlaps = 25
 Number of Nodes with overlaps = 9
 Number of Nodes with overlaps = 4
 Number of Nodes with overlaps = 1
 Number of Nodes with overlaps = 3
 Number of Nodes with overlaps = 7
 Number of Nodes with overlaps = 5
 Number of Nodes with overlaps = 3
 Number of Nodes with overlaps = 4
 Number of Nodes with overlaps = 0
INFO: [Route 35-416] Intermediate Timing Summary | WNS=-0.309 | TNS=-0.760 | WHS=N/A    | THS=N/A    |

Phase 4.2 Global Iteration 1 | Checksum: 19e3ce4c2

Time (s): cpu = 00:03:56 ; elapsed = 00:02:46 . Memory (MB): peak = 2074.242 ; gain = 117.027

Phase 4.3 Global Iteration 2
 Number of Nodes with overlaps = 698
 Number of Nodes with overlaps = 115
 Number of Nodes with overlaps = 81
 Number of Nodes with overlaps = 24
 Number of Nodes with overlaps = 13
 Number of Nodes with overlaps = 5
 Number of Nodes with overlaps = 5
 Number of Nodes with overlaps = 4
 Number of Nodes with overlaps = 2
 Number of Nodes with overlaps = 4
 Number of Nodes with overlaps = 0
INFO: [Route 35-416] Intermediate Timing Summary | WNS=-0.038 | TNS=-0.038 | WHS=N/A    | THS=N/A    |

Phase 4.3 Global Iteration 2 | Checksum: 1e9f1025b

Time (s): cpu = 00:04:30 ; elapsed = 00:03:11 . Memory (MB): peak = 2074.242 ; gain = 117.027

Phase 4.4 Global Iteration 3
 Number of Nodes with overlaps = 523
 Number of Nodes with overlaps = 100
 Number of Nodes with overlaps = 46
 Number of Nodes with overlaps = 42
 Number of Nodes with overlaps = 20
 Number of Nodes with overlaps = 8
 Number of Nodes with overlaps = 2
 Number of Nodes with overlaps = 2
 Number of Nodes with overlaps = 0
INFO: [Route 35-416] Intermediate Timing Summary | WNS=-0.062 | TNS=-0.077 | WHS=N/A    | THS=N/A    |

Phase 4.4 Global Iteration 3 | Checksum: 1cfb8383c

Time (s): cpu = 00:05:02 ; elapsed = 00:03:35 . Memory (MB): peak = 2074.242 ; gain = 117.027
Phase 4 Rip-up And Reroute | Checksum: 1cfb8383c

Time (s): cpu = 00:05:02 ; elapsed = 00:03:35 . Memory (MB): peak = 2074.242 ; gain = 117.027

Phase 5 Delay and Skew Optimization

Phase 5.1 Delay CleanUp

Phase 5.1.1 Update Timing
Phase 5.1.1 Update Timing | Checksum: 193964e34

Time (s): cpu = 00:05:04 ; elapsed = 00:03:36 . Memory (MB): peak = 2074.242 ; gain = 117.027
INFO: [Route 35-416] Intermediate Timing Summary | WNS=0.059  | TNS=0.000  | WHS=N/A    | THS=N/A    |

Phase 5.1 Delay CleanUp | Checksum: 193964e34

Time (s): cpu = 00:05:04 ; elapsed = 00:03:36 . Memory (MB): peak = 2074.242 ; gain = 117.027

Phase 5.2 Clock Skew Optimization
Phase 5.2 Clock Skew Optimization | Checksum: 193964e34

Time (s): cpu = 00:05:04 ; elapsed = 00:03:36 . Memory (MB): peak = 2074.242 ; gain = 117.027
Phase 5 Delay and Skew Optimization | Checksum: 193964e34

Time (s): cpu = 00:05:04 ; elapsed = 00:03:36 . Memory (MB): peak = 2074.242 ; gain = 117.027

Phase 6 Post Hold Fix

Phase 6.1 Hold Fix Iter

Phase 6.1.1 Update Timing
Phase 6.1.1 Update Timing | Checksum: 1694e14e6

Time (s): cpu = 00:05:06 ; elapsed = 00:03:38 . Memory (MB): peak = 2074.242 ; gain = 117.027
INFO: [Route 35-416] Intermediate Timing Summary | WNS=0.059  | TNS=0.000  | WHS=0.084  | THS=0.000  |

Phase 6.1 Hold Fix Iter | Checksum: 1694e14e6

Time (s): cpu = 00:05:07 ; elapsed = 00:03:38 . Memory (MB): peak = 2074.242 ; gain = 117.027
Phase 6 Post Hold Fix | Checksum: 1694e14e6

Time (s): cpu = 00:05:07 ; elapsed = 00:03:38 . Memory (MB): peak = 2074.242 ; gain = 117.027

Phase 7 Route finalize

Router Utilization Summary
  Global Vertical Routing Utilization    = 3.40043 %
  Global Horizontal Routing Utilization  = 4.53862 %
  Routable Net Status*
  *Does not include unroutable nets such as driverless and loadless.
  Run report_route_status for detailed report.
  Number of Failed Nets               = 0
    (Failed Nets is the sum of unrouted and partially routed nets)
  Number of Unrouted Nets             = 0
  Number of Partially Routed Nets     = 0
  Number of Node Overlaps             = 0

Phase 7 Route finalize | Checksum: 118a7f0d9

Time (s): cpu = 00:05:07 ; elapsed = 00:03:38 . Memory (MB): peak = 2074.242 ; gain = 117.027

Phase 8 Verifying routed nets

 Verification completed successfully
Phase 8 Verifying routed nets | Checksum: 118a7f0d9

Time (s): cpu = 00:05:07 ; elapsed = 00:03:38 . Memory (MB): peak = 2074.242 ; gain = 117.027

Phase 9 Depositing Routes
Phase 9 Depositing Routes | Checksum: de788139

Time (s): cpu = 00:05:09 ; elapsed = 00:03:40 . Memory (MB): peak = 2074.242 ; gain = 117.027

Phase 10 Post Router Timing
INFO: [Route 35-20] Post Routing Timing Summary | WNS=0.084  | TNS=0.000  | WHS=0.084  | THS=0.000  |

Phase 10 Post Router Timing | Checksum: c92575a0

Time (s): cpu = 00:05:17 ; elapsed = 00:03:45 . Memory (MB): peak = 2074.242 ; gain = 117.027
INFO: [Route 35-61] The design met the timing requirement.
INFO: [Route 35-16] Router Completed Successfully

Time (s): cpu = 00:05:17 ; elapsed = 00:03:45 . Memory (MB): peak = 2074.242 ; gain = 117.027

Routing Is Done.
INFO: [Common 17-83] Releasing license: Implementation
143 Infos, 35 Warnings, 1 Critical Warnings and 0 Errors encountered.
route_design completed successfully
route_design: Time (s): cpu = 00:05:26 ; elapsed = 00:03:50 . Memory (MB): peak = 2074.242 ; gain = 117.027
INFO: [Timing 38-480] Writing timing data to binary archive.
Writing placer database...
Writing XDEF routing.
Writing XDEF routing logical nets.
Writing XDEF routing special nets.
Write XDEF Complete: Time (s): cpu = 00:00:06 ; elapsed = 00:00:02 . Memory (MB): peak = 2074.242 ; gain = 0.000
INFO: [Common 17-1381] The checkpoint 'D:/riscv32_pipeline_cache/riscv32_pipeline.runs/impl_trial_netdelay_high/top_routed.dcp' has been generated.
write_checkpoint: Time (s): cpu = 00:00:09 ; elapsed = 00:00:06 . Memory (MB): peak = 2074.242 ; gain = 0.000
INFO: [runtcl-4] Executing : report_drc -file top_drc_routed.rpt -pb top_drc_routed.pb -rpx top_drc_routed.rpx
Command: report_drc -file top_drc_routed.rpt -pb top_drc_routed.pb -rpx top_drc_routed.rpx
INFO: [IP_Flow 19-1839] IP Catalog is up to date.
INFO: [DRC 23-27] Running DRC with 2 threads
INFO: [Vivado_Tcl 2-168] The results of DRC are in file D:/riscv32_pipeline_cache/riscv32_pipeline.runs/impl_trial_netdelay_high/top_drc_routed.rpt.
report_drc completed successfully
report_drc: Time (s): cpu = 00:00:13 ; elapsed = 00:00:07 . Memory (MB): peak = 2074.242 ; gain = 0.000
INFO: [runtcl-4] Executing : report_methodology -file top_methodology_drc_routed.rpt -pb top_methodology_drc_routed.pb -rpx top_methodology_drc_routed.rpx
Command: report_methodology -file top_methodology_drc_routed.rpt -pb top_methodology_drc_routed.pb -rpx top_methodology_drc_routed.rpx
INFO: [Timing 38-35] Done setting XDC timing constraints.
INFO: [DRC 23-133] Running Methodology with 2 threads
INFO: [Vivado_Tcl 2-1520] The results of Report Methodology are in file D:/riscv32_pipeline_cache/riscv32_pipeline.runs/impl_trial_netdelay_high/top_methodology_drc_routed.rpt.
report_methodology completed successfully
report_methodology: Time (s): cpu = 00:00:10 ; elapsed = 00:00:06 . Memory (MB): peak = 2074.242 ; gain = 0.000
INFO: [runtcl-4] Executing : report_power -file top_power_routed.rpt -pb top_power_summary_routed.pb -rpx top_power_routed.rpx
Command: report_power -file top_power_routed.rpt -pb top_power_summary_routed.pb -rpx top_power_routed.rpx
INFO: [Timing 38-35] Done setting XDC timing constraints.
Running Vector-less Activity Propagation...

Finished Running Vector-less Activity Propagation
WARNING: [Power 33-332] Found switching activity that implies high-fanout reset nets being asserted for excessive periods of time which may result in inaccurate power analysis.
Resolution: To review and fix problems, please run Power Constraints Advisor in the GUI from Tools > Power Constraints Advisor or run report_power with the -advisory option to generate a text report.
155 Infos, 36 Warnings, 1 Critical Warnings and 0 Errors encountered.
report_power completed successfully
report_power: Time (s): cpu = 00:00:12 ; elapsed = 00:00:07 . Memory (MB): peak = 2074.242 ; gain = 0.000
INFO: [runtcl-4] Executing : report_route_status -file top_route_status.rpt -pb top_route_status.pb
INFO: [runtcl-4] Executing : report_timing_summary -max_paths 10 -report_unconstrained -file top_timing_summary_routed.rpt -pb top_timing_summary_routed.pb -rpx top_timing_summary_routed.rpx -warn_on_violation 
INFO: [Timing 38-91] UpdateTimingParams: Speed grade: -2, Delay Type: min_max.
INFO: [Timing 38-191] Multithreading enabled for timing update using a maximum of 2 CPUs
INFO: [runtcl-4] Executing : report_incremental_reuse -file top_incremental_reuse_routed.rpt
INFO: [Vivado_Tcl 4-1062] Incremental flow is disabled. No incremental reuse Info to report.
INFO: [runtcl-4] Executing : report_clock_utilization -file top_clock_utilization_routed.rpt
INFO: [runtcl-4] Executing : report_bus_skew -warn_on_violation -file top_bus_skew_routed.rpt -pb top_bus_skew_routed.pb -rpx top_bus_skew_routed.rpx
INFO: [Timing 38-91] UpdateTimingParams: Speed grade: -2, Delay Type: min_max.
INFO: [Timing 38-191] Multithreading enabled for timing update using a maximum of 2 CPUs
INFO: [Common 17-206] Exiting Vivado at Mon May  4 19:33:58 2026...

*** Running vivado
    with args -log top.vdi -applog -m64 -product Vivado -messageDb vivado.pb -mode batch -source top.tcl -notrace



****** Vivado v2021.2 (64-bit)
  **** SW Build 3367213 on Tue Oct 19 02:48:09 MDT 2021
  **** IP Build 3369179 on Thu Oct 21 08:25:16 MDT 2021
    ** Copyright 1986-2021 Xilinx, Inc. All Rights Reserved.

source top.tcl -notrace
Command: open_checkpoint top_routed.dcp

Time (s): cpu = 00:00:00 ; elapsed = 00:00:00.051 . Memory (MB): peak = 1250.109 ; gain = 3.359
INFO: [Device 21-403] Loading part xc7z020clg400-2
Netlist sorting complete. Time (s): cpu = 00:00:00 ; elapsed = 00:00:00.149 . Memory (MB): peak = 1252.816 ; gain = 0.000
INFO: [Netlist 29-17] Analyzing 1347 Unisim elements for replacement
INFO: [Netlist 29-28] Unisim Transformation completed in 0 CPU seconds
INFO: [Project 1-479] Netlist was created with Vivado 2021.2
INFO: [Project 1-570] Preparing netlist for logic optimization
INFO: [Timing 38-478] Restoring timing data from binary archive.
INFO: [Timing 38-479] Binary timing data restore complete.
INFO: [Project 1-856] Restoring constraints from binary archive.
INFO: [Project 1-853] Binary constraint restore complete.
Reading XDEF placement.
Reading placer database...
Reading XDEF routing.
Read XDEF File: Time (s): cpu = 00:00:01 ; elapsed = 00:00:02 . Memory (MB): peak = 1481.234 ; gain = 4.914
Restored from archive | CPU: 1.000000 secs | Memory: 0.000000 MB |
Finished XDEF File Restore: Time (s): cpu = 00:00:01 ; elapsed = 00:00:02 . Memory (MB): peak = 1481.234 ; gain = 4.914
Netlist sorting complete. Time (s): cpu = 00:00:00 ; elapsed = 00:00:00.004 . Memory (MB): peak = 1481.234 ; gain = 0.000
INFO: [Project 1-111] Unisim Transformation Summary:
No Unisim elements were transformed.

INFO: [Project 1-604] Checkpoint was created with Vivado v2021.2 (64-bit) build 3367213
open_checkpoint: Time (s): cpu = 00:00:30 ; elapsed = 00:00:31 . Memory (MB): peak = 1481.234 ; gain = 258.367
Command: write_bitstream -force top.bit
Attempting to get a license for feature 'Implementation' and/or device 'xc7z020'
INFO: [Common 17-349] Got license for feature 'Implementation' and/or device 'xc7z020'
Running DRC as a precondition to command write_bitstream
INFO: [IP_Flow 19-234] Refreshing IP repositories
INFO: [IP_Flow 19-1704] No user IP repositories specified
INFO: [IP_Flow 19-2313] Loaded Vivado IP repository 'F:/Xilinx/Vivado/2021.2/data/ip'.
INFO: [DRC 23-27] Running DRC with 2 threads
WARNING: [DRC CHECK-3] Report rule limit reached: REQP-1839 rule limit reached: 20 violations have been found.
WARNING: [DRC REQP-1839] RAMB36 async control check: The RAMB36E1 bus/interface_RAM/dRAM/RAM/U0/inst_blk_mem_gen/gnbram.gnativebmg.native_blk_mem_gen/valid.cstr/ramloop[0].ram.r/prim_noinit.ram/DEVICE_7SERIES.NO_BMM_INFO.SP.SIMPLE_PRIM36.ram has an input control pin bus/interface_RAM/dRAM/RAM/U0/inst_blk_mem_gen/gnbram.gnativebmg.native_blk_mem_gen/valid.cstr/ramloop[0].ram.r/prim_noinit.ram/DEVICE_7SERIES.NO_BMM_INFO.SP.SIMPLE_PRIM36.ram/ADDRARDADDR[10] (net: bus/interface_RAM/dRAM/RAM/U0/inst_blk_mem_gen/gnbram.gnativebmg.native_blk_mem_gen/valid.cstr/ramloop[0].ram.r/prim_noinit.ram/addra[7]) which is driven by a register (mini_rv_u/ex_mem/ALUOut_mem_o_reg[9]) that has an active asychronous set or reset. This may cause corruption of the memory contents and/or read values when the set/reset is asserted and is not analyzed by the default static timing analysis. It is suggested to eliminate the use of a set/reset to registers driving this RAMB pin or else use a synchronous reset in which the assertion of the reset is timed by default.
WARNING: [DRC REQP-1839] RAMB36 async control check: The RAMB36E1 bus/interface_RAM/dRAM/RAM/U0/inst_blk_mem_gen/gnbram.gnativebmg.native_blk_mem_gen/valid.cstr/ramloop[0].ram.r/prim_noinit.ram/DEVICE_7SERIES.NO_BMM_INFO.SP.SIMPLE_PRIM36.ram has an input control pin bus/interface_RAM/dRAM/RAM/U0/inst_blk_mem_gen/gnbram.gnativebmg.native_blk_mem_gen/valid.cstr/ramloop[0].ram.r/prim_noinit.ram/DEVICE_7SERIES.NO_BMM_INFO.SP.SIMPLE_PRIM36.ram/ADDRARDADDR[11] (net: bus/interface_RAM/dRAM/RAM/U0/inst_blk_mem_gen/gnbram.gnativebmg.native_blk_mem_gen/valid.cstr/ramloop[0].ram.r/prim_noinit.ram/addra[8]) which is driven by a register (mini_rv_u/ex_mem/ALUOut_mem_o_reg[10]) that has an active asychronous set or reset. This may cause corruption of the memory contents and/or read values when the set/reset is asserted and is not analyzed by the default static timing analysis. It is suggested to eliminate the use of a set/reset to registers driving this RAMB pin or else use a synchronous reset in which the assertion of the reset is timed by default.
WARNING: [DRC REQP-1839] RAMB36 async control check: The RAMB36E1 bus/interface_RAM/dRAM/RAM/U0/inst_blk_mem_gen/gnbram.gnativebmg.native_blk_mem_gen/valid.cstr/ramloop[0].ram.r/prim_noinit.ram/DEVICE_7SERIES.NO_BMM_INFO.SP.SIMPLE_PRIM36.ram has an input control pin bus/interface_RAM/dRAM/RAM/U0/inst_blk_mem_gen/gnbram.gnativebmg.native_blk_mem_gen/valid.cstr/ramloop[0].ram.r/prim_noinit.ram/DEVICE_7SERIES.NO_BMM_INFO.SP.SIMPLE_PRIM36.ram/ADDRARDADDR[12] (net: bus/interface_RAM/dRAM/RAM/U0/inst_blk_mem_gen/gnbram.gnativebmg.native_blk_mem_gen/valid.cstr/ramloop[0].ram.r/prim_noinit.ram/addra[9]) which is driven by a register (mini_rv_u/ex_mem/ALUOut_mem_o_reg[11]) that has an active asychronous set or reset. This may cause corruption of the memory contents and/or read values when the set/reset is asserted and is not analyzed by the default static timing analysis. It is suggested to eliminate the use of a set/reset to registers driving this RAMB pin or else use a synchronous reset in which the assertion of the reset is timed by default.
WARNING: [DRC REQP-1839] RAMB36 async control check: The RAMB36E1 bus/interface_RAM/dRAM/RAM/U0/inst_blk_mem_gen/gnbram.gnativebmg.native_blk_mem_gen/valid.cstr/ramloop[0].ram.r/prim_noinit.ram/DEVICE_7SERIES.NO_BMM_INFO.SP.SIMPLE_PRIM36.ram has an input control pin bus/interface_RAM/dRAM/RAM/U0/inst_blk_mem_gen/gnbram.gnativebmg.native_blk_mem_gen/valid.cstr/ramloop[0].ram.r/prim_noinit.ram/DEVICE_7SERIES.NO_BMM_INFO.SP.SIMPLE_PRIM36.ram/ADDRARDADDR[13] (net: bus/interface_RAM/dRAM/RAM/U0/inst_blk_mem_gen/gnbram.gnativebmg.native_blk_mem_gen/valid.cstr/ramloop[0].ram.r/prim_noinit.ram/addra[10]) which is driven by a register (mini_rv_u/ex_mem/ALUOut_mem_o_reg[12]) that has an active asychronous set or reset. This may cause corruption of the memory contents and/or read values when the set/reset is asserted and is not analyzed by the default static timing analysis. It is suggested to eliminate the use of a set/reset to registers driving this RAMB pin or else use a synchronous reset in which the assertion of the reset is timed by default.
WARNING: [DRC REQP-1839] RAMB36 async control check: The RAMB36E1 bus/interface_RAM/dRAM/RAM/U0/inst_blk_mem_gen/gnbram.gnativebmg.native_blk_mem_gen/valid.cstr/ramloop[0].ram.r/prim_noinit.ram/DEVICE_7SERIES.NO_BMM_INFO.SP.SIMPLE_PRIM36.ram has an input control pin bus/interface_RAM/dRAM/RAM/U0/inst_blk_mem_gen/gnbram.gnativebmg.native_blk_mem_gen/valid.cstr/ramloop[0].ram.r/prim_noinit.ram/DEVICE_7SERIES.NO_BMM_INFO.SP.SIMPLE_PRIM36.ram/ADDRARDADDR[14] (net: bus/interface_RAM/dRAM/RAM/U0/inst_blk_mem_gen/gnbram.gnativebmg.native_blk_mem_gen/valid.cstr/ramloop[0].ram.r/prim_noinit.ram/addra[11]) which is driven by a register (mini_rv_u/ex_mem/ALUOut_mem_o_reg[13]) that has an active asychronous set or reset. This may cause corruption of the memory contents and/or read values when the set/reset is asserted and is not analyzed by the default static timing analysis. It is suggested to eliminate the use of a set/reset to registers driving this RAMB pin or else use a synchronous reset in which the assertion of the reset is timed by default.
WARNING: [DRC REQP-1839] RAMB36 async control check: The RAMB36E1 bus/interface_RAM/dRAM/RAM/U0/inst_blk_mem_gen/gnbram.gnativebmg.native_blk_mem_gen/valid.cstr/ramloop[0].ram.r/prim_noinit.ram/DEVICE_7SERIES.NO_BMM_INFO.SP.SIMPLE_PRIM36.ram has an input control pin bus/interface_RAM/dRAM/RAM/U0/inst_blk_mem_gen/gnbram.gnativebmg.native_blk_mem_gen/valid.cstr/ramloop[0].ram.r/prim_noinit.ram/DEVICE_7SERIES.NO_BMM_INFO.SP.SIMPLE_PRIM36.ram/ADDRARDADDR[3] (net: bus/interface_RAM/dRAM/RAM/U0/inst_blk_mem_gen/gnbram.gnativebmg.native_blk_mem_gen/valid.cstr/ramloop[0].ram.r/prim_noinit.ram/addra[0]) which is driven by a register (mini_rv_u/ex_mem/ALUOut_mem_o_reg[2]) that has an active asychronous set or reset. This may cause corruption of the memory contents and/or read values when the set/reset is asserted and is not analyzed by the default static timing analysis. It is suggested to eliminate the use of a set/reset to registers driving this RAMB pin or else use a synchronous reset in which the assertion of the reset is timed by default.
WARNING: [DRC REQP-1839] RAMB36 async control check: The RAMB36E1 bus/interface_RAM/dRAM/RAM/U0/inst_blk_mem_gen/gnbram.gnativebmg.native_blk_mem_gen/valid.cstr/ramloop[0].ram.r/prim_noinit.ram/DEVICE_7SERIES.NO_BMM_INFO.SP.SIMPLE_PRIM36.ram has an input control pin bus/interface_RAM/dRAM/RAM/U0/inst_blk_mem_gen/gnbram.gnativebmg.native_blk_mem_gen/valid.cstr/ramloop[0].ram.r/prim_noinit.ram/DEVICE_7SERIES.NO_BMM_INFO.SP.SIMPLE_PRIM36.ram/ADDRARDADDR[4] (net: bus/interface_RAM/dRAM/RAM/U0/inst_blk_mem_gen/gnbram.gnativebmg.native_blk_mem_gen/valid.cstr/ramloop[0].ram.r/prim_noinit.ram/addra[1]) which is driven by a register (mini_rv_u/ex_mem/ALUOut_mem_o_reg[3]) that has an active asychronous set or reset. This may cause corruption of the memory contents and/or read values when the set/reset is asserted and is not analyzed by the default static timing analysis. It is suggested to eliminate the use of a set/reset to registers driving this RAMB pin or else use a synchronous reset in which the assertion of the reset is timed by default.
WARNING: [DRC REQP-1839] RAMB36 async control check: The RAMB36E1 bus/interface_RAM/dRAM/RAM/U0/inst_blk_mem_gen/gnbram.gnativebmg.native_blk_mem_gen/valid.cstr/ramloop[0].ram.r/prim_noinit.ram/DEVICE_7SERIES.NO_BMM_INFO.SP.SIMPLE_PRIM36.ram has an input control pin bus/interface_RAM/dRAM/RAM/U0/inst_blk_mem_gen/gnbram.gnativebmg.native_blk_mem_gen/valid.cstr/ramloop[0].ram.r/prim_noinit.ram/DEVICE_7SERIES.NO_BMM_INFO.SP.SIMPLE_PRIM36.ram/ADDRARDADDR[5] (net: bus/interface_RAM/dRAM/RAM/U0/inst_blk_mem_gen/gnbram.gnativebmg.native_blk_mem_gen/valid.cstr/ramloop[0].ram.r/prim_noinit.ram/addra[2]) which is driven by a register (mini_rv_u/ex_mem/ALUOut_mem_o_reg[4]) that has an active asychronous set or reset. This may cause corruption of the memory contents and/or read values when the set/reset is asserted and is not analyzed by the default static timing analysis. It is suggested to eliminate the use of a set/reset to registers driving this RAMB pin or else use a synchronous reset in which the assertion of the reset is timed by default.
WARNING: [DRC REQP-1839] RAMB36 async control check: The RAMB36E1 bus/interface_RAM/dRAM/RAM/U0/inst_blk_mem_gen/gnbram.gnativebmg.native_blk_mem_gen/valid.cstr/ramloop[0].ram.r/prim_noinit.ram/DEVICE_7SERIES.NO_BMM_INFO.SP.SIMPLE_PRIM36.ram has an input control pin bus/interface_RAM/dRAM/RAM/U0/inst_blk_mem_gen/gnbram.gnativebmg.native_blk_mem_gen/valid.cstr/ramloop[0].ram.r/prim_noinit.ram/DEVICE_7SERIES.NO_BMM_INFO.SP.SIMPLE_PRIM36.ram/ADDRARDADDR[6] (net: bus/interface_RAM/dRAM/RAM/U0/inst_blk_mem_gen/gnbram.gnativebmg.native_blk_mem_gen/valid.cstr/ramloop[0].ram.r/prim_noinit.ram/addra[3]) which is driven by a register (mini_rv_u/ex_mem/ALUOut_mem_o_reg[5]) that has an active asychronous set or reset. This may cause corruption of the memory contents and/or read values when the set/reset is asserted and is not analyzed by the default static timing analysis. It is suggested to eliminate the use of a set/reset to registers driving this RAMB pin or else use a synchronous reset in which the assertion of the reset is timed by default.
WARNING: [DRC REQP-1839] RAMB36 async control check: The RAMB36E1 bus/interface_RAM/dRAM/RAM/U0/inst_blk_mem_gen/gnbram.gnativebmg.native_blk_mem_gen/valid.cstr/ramloop[0].ram.r/prim_noinit.ram/DEVICE_7SERIES.NO_BMM_INFO.SP.SIMPLE_PRIM36.ram has an input control pin bus/interface_RAM/dRAM/RAM/U0/inst_blk_mem_gen/gnbram.gnativebmg.native_blk_mem_gen/valid.cstr/ramloop[0].ram.r/prim_noinit.ram/DEVICE_7SERIES.NO_BMM_INFO.SP.SIMPLE_PRIM36.ram/ADDRARDADDR[7] (net: bus/interface_RAM/dRAM/RAM/U0/inst_blk_mem_gen/gnbram.gnativebmg.native_blk_mem_gen/valid.cstr/ramloop[0].ram.r/prim_noinit.ram/addra[4]) which is driven by a register (mini_rv_u/ex_mem/ALUOut_mem_o_reg[6]) that has an active asychronous set or reset. This may cause corruption of the memory contents and/or read values when the set/reset is asserted and is not analyzed by the default static timing analysis. It is suggested to eliminate the use of a set/reset to registers driving this RAMB pin or else use a synchronous reset in which the assertion of the reset is timed by default.
WARNING: [DRC REQP-1839] RAMB36 async control check: The RAMB36E1 bus/interface_RAM/dRAM/RAM/U0/inst_blk_mem_gen/gnbram.gnativebmg.native_blk_mem_gen/valid.cstr/ramloop[0].ram.r/prim_noinit.ram/DEVICE_7SERIES.NO_BMM_INFO.SP.SIMPLE_PRIM36.ram has an input control pin bus/interface_RAM/dRAM/RAM/U0/inst_blk_mem_gen/gnbram.gnativebmg.native_blk_mem_gen/valid.cstr/ramloop[0].ram.r/prim_noinit.ram/DEVICE_7SERIES.NO_BMM_INFO.SP.SIMPLE_PRIM36.ram/ADDRARDADDR[8] (net: bus/interface_RAM/dRAM/RAM/U0/inst_blk_mem_gen/gnbram.gnativebmg.native_blk_mem_gen/valid.cstr/ramloop[0].ram.r/prim_noinit.ram/addra[5]) which is driven by a register (mini_rv_u/ex_mem/ALUOut_mem_o_reg[7]) that has an active asychronous set or reset. This may cause corruption of the memory contents and/or read values when the set/reset is asserted and is not analyzed by the default static timing analysis. It is suggested to eliminate the use of a set/reset to registers driving this RAMB pin or else use a synchronous reset in which the assertion of the reset is timed by default.
WARNING: [DRC REQP-1839] RAMB36 async control check: The RAMB36E1 bus/interface_RAM/dRAM/RAM/U0/inst_blk_mem_gen/gnbram.gnativebmg.native_blk_mem_gen/valid.cstr/ramloop[0].ram.r/prim_noinit.ram/DEVICE_7SERIES.NO_BMM_INFO.SP.SIMPLE_PRIM36.ram has an input control pin bus/interface_RAM/dRAM/RAM/U0/inst_blk_mem_gen/gnbram.gnativebmg.native_blk_mem_gen/valid.cstr/ramloop[0].ram.r/prim_noinit.ram/DEVICE_7SERIES.NO_BMM_INFO.SP.SIMPLE_PRIM36.ram/ADDRARDADDR[9] (net: bus/interface_RAM/dRAM/RAM/U0/inst_blk_mem_gen/gnbram.gnativebmg.native_blk_mem_gen/valid.cstr/ramloop[0].ram.r/prim_noinit.ram/addra[6]) which is driven by a register (mini_rv_u/ex_mem/ALUOut_mem_o_reg[8]) that has an active asychronous set or reset. This may cause corruption of the memory contents and/or read values when the set/reset is asserted and is not analyzed by the default static timing analysis. It is suggested to eliminate the use of a set/reset to registers driving this RAMB pin or else use a synchronous reset in which the assertion of the reset is timed by default.
WARNING: [DRC REQP-1839] RAMB36 async control check: The RAMB36E1 bus/interface_RAM/dRAM/RAM/U0/inst_blk_mem_gen/gnbram.gnativebmg.native_blk_mem_gen/valid.cstr/ramloop[0].ram.r/prim_noinit.ram/DEVICE_7SERIES.NO_BMM_INFO.SP.SIMPLE_PRIM36.ram has an input control pin bus/interface_RAM/dRAM/RAM/U0/inst_blk_mem_gen/gnbram.gnativebmg.native_blk_mem_gen/valid.cstr/ramloop[0].ram.r/prim_noinit.ram/DEVICE_7SERIES.NO_BMM_INFO.SP.SIMPLE_PRIM36.ram/ENARDEN (net: bus/interface_RAM/dRAM/RAM/U0/inst_blk_mem_gen/gnbram.gnativebmg.native_blk_mem_gen/valid.cstr/ramloop[0].ram.r/prim_noinit.ram/DEVICE_7SERIES.NO_BMM_INFO.SP.SIMPLE_PRIM36.ram_1) which is driven by a register (mini_rv_u/ex_mem/ALUOut_mem_o_reg[14]) that has an active asychronous set or reset. This may cause corruption of the memory contents and/or read values when the set/reset is asserted and is not analyzed by the default static timing analysis. It is suggested to eliminate the use of a set/reset to registers driving this RAMB pin or else use a synchronous reset in which the assertion of the reset is timed by default.
WARNING: [DRC REQP-1839] RAMB36 async control check: The RAMB36E1 bus/interface_RAM/dRAM/RAM/U0/inst_blk_mem_gen/gnbram.gnativebmg.native_blk_mem_gen/valid.cstr/ramloop[0].ram.r/prim_noinit.ram/DEVICE_7SERIES.NO_BMM_INFO.SP.SIMPLE_PRIM36.ram has an input control pin bus/interface_RAM/dRAM/RAM/U0/inst_blk_mem_gen/gnbram.gnativebmg.native_blk_mem_gen/valid.cstr/ramloop[0].ram.r/prim_noinit.ram/DEVICE_7SERIES.NO_BMM_INFO.SP.SIMPLE_PRIM36.ram/ENARDEN (net: bus/interface_RAM/dRAM/RAM/U0/inst_blk_mem_gen/gnbram.gnativebmg.native_blk_mem_gen/valid.cstr/ramloop[0].ram.r/prim_noinit.ram/DEVICE_7SERIES.NO_BMM_INFO.SP.SIMPLE_PRIM36.ram_1) which is driven by a register (mini_rv_u/ex_mem/ALUOut_mem_o_reg[15]) that has an active asychronous set or reset. This may cause corruption of the memory contents and/or read values when the set/reset is asserted and is not analyzed by the default static timing analysis. It is suggested to eliminate the use of a set/reset to registers driving this RAMB pin or else use a synchronous reset in which the assertion of the reset is timed by default.
WARNING: [DRC REQP-1839] RAMB36 async control check: The RAMB36E1 bus/interface_RAM/dRAM/RAM/U0/inst_blk_mem_gen/gnbram.gnativebmg.native_blk_mem_gen/valid.cstr/ramloop[0].ram.r/prim_noinit.ram/DEVICE_7SERIES.NO_BMM_INFO.SP.SIMPLE_PRIM36.ram has an input control pin bus/interface_RAM/dRAM/RAM/U0/inst_blk_mem_gen/gnbram.gnativebmg.native_blk_mem_gen/valid.cstr/ramloop[0].ram.r/prim_noinit.ram/DEVICE_7SERIES.NO_BMM_INFO.SP.SIMPLE_PRIM36.ram/WEA[0] (net: bus/interface_RAM/dRAM/RAM/U0/inst_blk_mem_gen/gnbram.gnativebmg.native_blk_mem_gen/valid.cstr/ramloop[0].ram.r/prim_noinit.ram/wea[0]) which is driven by a register (mini_rv_u/ex_mem/ALUOut_mem_o_reg[0]) that has an active asychronous set or reset. This may cause corruption of the memory contents and/or read values when the set/reset is asserted and is not analyzed by the default static timing analysis. It is suggested to eliminate the use of a set/reset to registers driving this RAMB pin or else use a synchronous reset in which the assertion of the reset is timed by default.
WARNING: [DRC REQP-1839] RAMB36 async control check: The RAMB36E1 bus/interface_RAM/dRAM/RAM/U0/inst_blk_mem_gen/gnbram.gnativebmg.native_blk_mem_gen/valid.cstr/ramloop[0].ram.r/prim_noinit.ram/DEVICE_7SERIES.NO_BMM_INFO.SP.SIMPLE_PRIM36.ram has an input control pin bus/interface_RAM/dRAM/RAM/U0/inst_blk_mem_gen/gnbram.gnativebmg.native_blk_mem_gen/valid.cstr/ramloop[0].ram.r/prim_noinit.ram/DEVICE_7SERIES.NO_BMM_INFO.SP.SIMPLE_PRIM36.ram/WEA[0] (net: bus/interface_RAM/dRAM/RAM/U0/inst_blk_mem_gen/gnbram.gnativebmg.native_blk_mem_gen/valid.cstr/ramloop[0].ram.r/prim_noinit.ram/wea[0]) which is driven by a register (mini_rv_u/ex_mem/ALUOut_mem_o_reg[18]) that has an active asychronous set or reset. This may cause corruption of the memory contents and/or read values when the set/reset is asserted and is not analyzed by the default static timing analysis. It is suggested to eliminate the use of a set/reset to registers driving this RAMB pin or else use a synchronous reset in which the assertion of the reset is timed by default.
WARNING: [DRC REQP-1839] RAMB36 async control check: The RAMB36E1 bus/interface_RAM/dRAM/RAM/U0/inst_blk_mem_gen/gnbram.gnativebmg.native_blk_mem_gen/valid.cstr/ramloop[0].ram.r/prim_noinit.ram/DEVICE_7SERIES.NO_BMM_INFO.SP.SIMPLE_PRIM36.ram has an input control pin bus/interface_RAM/dRAM/RAM/U0/inst_blk_mem_gen/gnbram.gnativebmg.native_blk_mem_gen/valid.cstr/ramloop[0].ram.r/prim_noinit.ram/DEVICE_7SERIES.NO_BMM_INFO.SP.SIMPLE_PRIM36.ram/WEA[0] (net: bus/interface_RAM/dRAM/RAM/U0/inst_blk_mem_gen/gnbram.gnativebmg.native_blk_mem_gen/valid.cstr/ramloop[0].ram.r/prim_noinit.ram/wea[0]) which is driven by a register (mini_rv_u/ex_mem/ALUOut_mem_o_reg[21]) that has an active asychronous set or reset. This may cause corruption of the memory contents and/or read values when the set/reset is asserted and is not analyzed by the default static timing analysis. It is suggested to eliminate the use of a set/reset to registers driving this RAMB pin or else use a synchronous reset in which the assertion of the reset is timed by default.
WARNING: [DRC REQP-1839] RAMB36 async control check: The RAMB36E1 bus/interface_RAM/dRAM/RAM/U0/inst_blk_mem_gen/gnbram.gnativebmg.native_blk_mem_gen/valid.cstr/ramloop[0].ram.r/prim_noinit.ram/DEVICE_7SERIES.NO_BMM_INFO.SP.SIMPLE_PRIM36.ram has an input control pin bus/interface_RAM/dRAM/RAM/U0/inst_blk_mem_gen/gnbram.gnativebmg.native_blk_mem_gen/valid.cstr/ramloop[0].ram.r/prim_noinit.ram/DEVICE_7SERIES.NO_BMM_INFO.SP.SIMPLE_PRIM36.ram/WEA[0] (net: bus/interface_RAM/dRAM/RAM/U0/inst_blk_mem_gen/gnbram.gnativebmg.native_blk_mem_gen/valid.cstr/ramloop[0].ram.r/prim_noinit.ram/wea[0]) which is driven by a register (mini_rv_u/ex_mem/DRAMWE_o_reg[0]) that has an active asychronous set or reset. This may cause corruption of the memory contents and/or read values when the set/reset is asserted and is not analyzed by the default static timing analysis. It is suggested to eliminate the use of a set/reset to registers driving this RAMB pin or else use a synchronous reset in which the assertion of the reset is timed by default.
WARNING: [DRC REQP-1839] RAMB36 async control check: The RAMB36E1 bus/interface_RAM/dRAM/RAM/U0/inst_blk_mem_gen/gnbram.gnativebmg.native_blk_mem_gen/valid.cstr/ramloop[0].ram.r/prim_noinit.ram/DEVICE_7SERIES.NO_BMM_INFO.SP.SIMPLE_PRIM36.ram has an input control pin bus/interface_RAM/dRAM/RAM/U0/inst_blk_mem_gen/gnbram.gnativebmg.native_blk_mem_gen/valid.cstr/ramloop[0].ram.r/prim_noinit.ram/DEVICE_7SERIES.NO_BMM_INFO.SP.SIMPLE_PRIM36.ram/WEA[0] (net: bus/interface_RAM/dRAM/RAM/U0/inst_blk_mem_gen/gnbram.gnativebmg.native_blk_mem_gen/valid.cstr/ramloop[0].ram.r/prim_noinit.ram/wea[0]) which is driven by a register (mini_rv_u/ex_mem/DRAM_EX_TYPE_o_reg[0]) that has an active asychronous set or reset. This may cause corruption of the memory contents and/or read values when the set/reset is asserted and is not analyzed by the default static timing analysis. It is suggested to eliminate the use of a set/reset to registers driving this RAMB pin or else use a synchronous reset in which the assertion of the reset is timed by default.
WARNING: [DRC REQP-1839] RAMB36 async control check: The RAMB36E1 bus/interface_RAM/dRAM/RAM/U0/inst_blk_mem_gen/gnbram.gnativebmg.native_blk_mem_gen/valid.cstr/ramloop[0].ram.r/prim_noinit.ram/DEVICE_7SERIES.NO_BMM_INFO.SP.SIMPLE_PRIM36.ram has an input control pin bus/interface_RAM/dRAM/RAM/U0/inst_blk_mem_gen/gnbram.gnativebmg.native_blk_mem_gen/valid.cstr/ramloop[0].ram.r/prim_noinit.ram/DEVICE_7SERIES.NO_BMM_INFO.SP.SIMPLE_PRIM36.ram/WEA[0] (net: bus/interface_RAM/dRAM/RAM/U0/inst_blk_mem_gen/gnbram.gnativebmg.native_blk_mem_gen/valid.cstr/ramloop[0].ram.r/prim_noinit.ram/wea[0]) which is driven by a register (mini_rv_u/ex_mem/DRAM_EX_TYPE_o_reg[1]) that has an active asychronous set or reset. This may cause corruption of the memory contents and/or read values when the set/reset is asserted and is not analyzed by the default static timing analysis. It is suggested to eliminate the use of a set/reset to registers driving this RAMB pin or else use a synchronous reset in which the assertion of the reset is timed by default.
WARNING: [DRC REQP-1840] RAMB18 async control check: The RAMB18E1 mini_rv_u/If/IF_icache/backing_mem/irom/U0/inst_blk_mem_gen/gnbram.gnativebmg.native_blk_mem_gen/valid.cstr/ramloop[0].ram.r/prim_noinit.ram/DEVICE_7SERIES.NO_BMM_INFO.SP.SIMPLE_PRIM18.ram has an input control pin mini_rv_u/If/IF_icache/backing_mem/irom/U0/inst_blk_mem_gen/gnbram.gnativebmg.native_blk_mem_gen/valid.cstr/ramloop[0].ram.r/prim_noinit.ram/DEVICE_7SERIES.NO_BMM_INFO.SP.SIMPLE_PRIM18.ram/ADDRARDADDR[0] (net: mini_rv_u/If/IF_icache/backing_mem/irom/U0/inst_blk_mem_gen/gnbram.gnativebmg.native_blk_mem_gen/valid.cstr/ramloop[0].ram.r/prim_noinit.ram/addra[0]) which is driven by a register (mini_rv_u/If/pre_fetch_pc_reg[2]) that has an active asychronous set or reset. This may cause corruption of the memory contents and/or read values when the set/reset is asserted and is not analyzed by the default static timing analysis. It is suggested to eliminate the use of a set/reset to registers driving this RAMB pin or else use a synchronous reset in which the assertion of the reset is timed by default.
WARNING: [DRC REQP-1840] RAMB18 async control check: The RAMB18E1 mini_rv_u/If/IF_icache/backing_mem/irom/U0/inst_blk_mem_gen/gnbram.gnativebmg.native_blk_mem_gen/valid.cstr/ramloop[0].ram.r/prim_noinit.ram/DEVICE_7SERIES.NO_BMM_INFO.SP.SIMPLE_PRIM18.ram has an input control pin mini_rv_u/If/IF_icache/backing_mem/irom/U0/inst_blk_mem_gen/gnbram.gnativebmg.native_blk_mem_gen/valid.cstr/ramloop[0].ram.r/prim_noinit.ram/DEVICE_7SERIES.NO_BMM_INFO.SP.SIMPLE_PRIM18.ram/ADDRARDADDR[10] (net: mini_rv_u/If/IF_icache/backing_mem/irom/U0/inst_blk_mem_gen/gnbram.gnativebmg.native_blk_mem_gen/valid.cstr/ramloop[0].ram.r/prim_noinit.ram/addra[10]) which is driven by a register (mini_rv_u/If/pre_fetch_pc_reg[12]) that has an active asychronous set or reset. This may cause corruption of the memory contents and/or read values when the set/reset is asserted and is not analyzed by the default static timing analysis. It is suggested to eliminate the use of a set/reset to registers driving this RAMB pin or else use a synchronous reset in which the assertion of the reset is timed by default.
WARNING: [DRC REQP-1840] RAMB18 async control check: The RAMB18E1 mini_rv_u/If/IF_icache/backing_mem/irom/U0/inst_blk_mem_gen/gnbram.gnativebmg.native_blk_mem_gen/valid.cstr/ramloop[0].ram.r/prim_noinit.ram/DEVICE_7SERIES.NO_BMM_INFO.SP.SIMPLE_PRIM18.ram has an input control pin mini_rv_u/If/IF_icache/backing_mem/irom/U0/inst_blk_mem_gen/gnbram.gnativebmg.native_blk_mem_gen/valid.cstr/ramloop[0].ram.r/prim_noinit.ram/DEVICE_7SERIES.NO_BMM_INFO.SP.SIMPLE_PRIM18.ram/ADDRARDADDR[11] (net: mini_rv_u/If/IF_icache/backing_mem/irom/U0/inst_blk_mem_gen/gnbram.gnativebmg.native_blk_mem_gen/valid.cstr/ramloop[0].ram.r/prim_noinit.ram/addra[11]) which is driven by a register (mini_rv_u/If/pre_fetch_pc_reg[13]) that has an active asychronous set or reset. This may cause corruption of the memory contents and/or read values when the set/reset is asserted and is not analyzed by the default static timing analysis. It is suggested to eliminate the use of a set/reset to registers driving this RAMB pin or else use a synchronous reset in which the assertion of the reset is timed by default.
WARNING: [DRC REQP-1840] RAMB18 async control check: The RAMB18E1 mini_rv_u/If/IF_icache/backing_mem/irom/U0/inst_blk_mem_gen/gnbram.gnativebmg.native_blk_mem_gen/valid.cstr/ramloop[0].ram.r/prim_noinit.ram/DEVICE_7SERIES.NO_BMM_INFO.SP.SIMPLE_PRIM18.ram has an input control pin mini_rv_u/If/IF_icache/backing_mem/irom/U0/inst_blk_mem_gen/gnbram.gnativebmg.native_blk_mem_gen/valid.cstr/ramloop[0].ram.r/prim_noinit.ram/DEVICE_7SERIES.NO_BMM_INFO.SP.SIMPLE_PRIM18.ram/ADDRARDADDR[12] (net: mini_rv_u/If/IF_icache/backing_mem/irom/U0/inst_blk_mem_gen/gnbram.gnativebmg.native_blk_mem_gen/valid.cstr/ramloop[0].ram.r/prim_noinit.ram/addra[12]) which is driven by a register (mini_rv_u/If/pre_fetch_pc_reg[14]) that has an active asychronous set or reset. This may cause corruption of the memory contents and/or read values when the set/reset is asserted and is not analyzed by the default static timing analysis. It is suggested to eliminate the use of a set/reset to registers driving this RAMB pin or else use a synchronous reset in which the assertion of the reset is timed by default.
WARNING: [DRC REQP-1840] RAMB18 async control check: The RAMB18E1 mini_rv_u/If/IF_icache/backing_mem/irom/U0/inst_blk_mem_gen/gnbram.gnativebmg.native_blk_mem_gen/valid.cstr/ramloop[0].ram.r/prim_noinit.ram/DEVICE_7SERIES.NO_BMM_INFO.SP.SIMPLE_PRIM18.ram has an input control pin mini_rv_u/If/IF_icache/backing_mem/irom/U0/inst_blk_mem_gen/gnbram.gnativebmg.native_blk_mem_gen/valid.cstr/ramloop[0].ram.r/prim_noinit.ram/DEVICE_7SERIES.NO_BMM_INFO.SP.SIMPLE_PRIM18.ram/ADDRARDADDR[13] (net: mini_rv_u/If/IF_icache/backing_mem/irom/U0/inst_blk_mem_gen/gnbram.gnativebmg.native_blk_mem_gen/valid.cstr/ramloop[0].ram.r/prim_noinit.ram/addra[13]) which is driven by a register (mini_rv_u/If/pre_fetch_pc_reg[15]) that has an active asychronous set or reset. This may cause corruption of the memory contents and/or read values when the set/reset is asserted and is not analyzed by the default static timing analysis. It is suggested to eliminate the use of a set/reset to registers driving this RAMB pin or else use a synchronous reset in which the assertion of the reset is timed by default.
WARNING: [DRC REQP-1840] RAMB18 async control check: The RAMB18E1 mini_rv_u/If/IF_icache/backing_mem/irom/U0/inst_blk_mem_gen/gnbram.gnativebmg.native_blk_mem_gen/valid.cstr/ramloop[0].ram.r/prim_noinit.ram/DEVICE_7SERIES.NO_BMM_INFO.SP.SIMPLE_PRIM18.ram has an input control pin mini_rv_u/If/IF_icache/backing_mem/irom/U0/inst_blk_mem_gen/gnbram.gnativebmg.native_blk_mem_gen/valid.cstr/ramloop[0].ram.r/prim_noinit.ram/DEVICE_7SERIES.NO_BMM_INFO.SP.SIMPLE_PRIM18.ram/ADDRARDADDR[1] (net: mini_rv_u/If/IF_icache/backing_mem/irom/U0/inst_blk_mem_gen/gnbram.gnativebmg.native_blk_mem_gen/valid.cstr/ramloop[0].ram.r/prim_noinit.ram/addra[1]) which is driven by a register (mini_rv_u/If/pre_fetch_pc_reg[3]) that has an active asychronous set or reset. This may cause corruption of the memory contents and/or read values when the set/reset is asserted and is not analyzed by the default static timing analysis. It is suggested to eliminate the use of a set/reset to registers driving this RAMB pin or else use a synchronous reset in which the assertion of the reset is timed by default.
WARNING: [DRC REQP-1840] RAMB18 async control check: The RAMB18E1 mini_rv_u/If/IF_icache/backing_mem/irom/U0/inst_blk_mem_gen/gnbram.gnativebmg.native_blk_mem_gen/valid.cstr/ramloop[0].ram.r/prim_noinit.ram/DEVICE_7SERIES.NO_BMM_INFO.SP.SIMPLE_PRIM18.ram has an input control pin mini_rv_u/If/IF_icache/backing_mem/irom/U0/inst_blk_mem_gen/gnbram.gnativebmg.native_blk_mem_gen/valid.cstr/ramloop[0].ram.r/prim_noinit.ram/DEVICE_7SERIES.NO_BMM_INFO.SP.SIMPLE_PRIM18.ram/ADDRARDADDR[2] (net: mini_rv_u/If/IF_icache/backing_mem/irom/U0/inst_blk_mem_gen/gnbram.gnativebmg.native_blk_mem_gen/valid.cstr/ramloop[0].ram.r/prim_noinit.ram/addra[2]) which is driven by a register (mini_rv_u/If/pre_fetch_pc_reg[4]) that has an active asychronous set or reset. This may cause corruption of the memory contents and/or read values when the set/reset is asserted and is not analyzed by the default static timing analysis. It is suggested to eliminate the use of a set/reset to registers driving this RAMB pin or else use a synchronous reset in which the assertion of the reset is timed by default.
WARNING: [DRC REQP-1840] RAMB18 async control check: The RAMB18E1 mini_rv_u/If/IF_icache/backing_mem/irom/U0/inst_blk_mem_gen/gnbram.gnativebmg.native_blk_mem_gen/valid.cstr/ramloop[0].ram.r/prim_noinit.ram/DEVICE_7SERIES.NO_BMM_INFO.SP.SIMPLE_PRIM18.ram has an input control pin mini_rv_u/If/IF_icache/backing_mem/irom/U0/inst_blk_mem_gen/gnbram.gnativebmg.native_blk_mem_gen/valid.cstr/ramloop[0].ram.r/prim_noinit.ram/DEVICE_7SERIES.NO_BMM_INFO.SP.SIMPLE_PRIM18.ram/ADDRARDADDR[3] (net: mini_rv_u/If/IF_icache/backing_mem/irom/U0/inst_blk_mem_gen/gnbram.gnativebmg.native_blk_mem_gen/valid.cstr/ramloop[0].ram.r/prim_noinit.ram/addra[3]) which is driven by a register (mini_rv_u/If/pre_fetch_pc_reg[5]) that has an active asychronous set or reset. This may cause corruption of the memory contents and/or read values when the set/reset is asserted and is not analyzed by the default static timing analysis. It is suggested to eliminate the use of a set/reset to registers driving this RAMB pin or else use a synchronous reset in which the assertion of the reset is timed by default.
WARNING: [DRC REQP-1840] RAMB18 async control check: The RAMB18E1 mini_rv_u/If/IF_icache/backing_mem/irom/U0/inst_blk_mem_gen/gnbram.gnativebmg.native_blk_mem_gen/valid.cstr/ramloop[0].ram.r/prim_noinit.ram/DEVICE_7SERIES.NO_BMM_INFO.SP.SIMPLE_PRIM18.ram has an input control pin mini_rv_u/If/IF_icache/backing_mem/irom/U0/inst_blk_mem_gen/gnbram.gnativebmg.native_blk_mem_gen/valid.cstr/ramloop[0].ram.r/prim_noinit.ram/DEVICE_7SERIES.NO_BMM_INFO.SP.SIMPLE_PRIM18.ram/ADDRARDADDR[4] (net: mini_rv_u/If/IF_icache/backing_mem/irom/U0/inst_blk_mem_gen/gnbram.gnativebmg.native_blk_mem_gen/valid.cstr/ramloop[0].ram.r/prim_noinit.ram/addra[4]) which is driven by a register (mini_rv_u/If/pre_fetch_pc_reg[6]) that has an active asychronous set or reset. This may cause corruption of the memory contents and/or read values when the set/reset is asserted and is not analyzed by the default static timing analysis. It is suggested to eliminate the use of a set/reset to registers driving this RAMB pin or else use a synchronous reset in which the assertion of the reset is timed by default.
WARNING: [DRC REQP-1840] RAMB18 async control check: The RAMB18E1 mini_rv_u/If/IF_icache/backing_mem/irom/U0/inst_blk_mem_gen/gnbram.gnativebmg.native_blk_mem_gen/valid.cstr/ramloop[0].ram.r/prim_noinit.ram/DEVICE_7SERIES.NO_BMM_INFO.SP.SIMPLE_PRIM18.ram has an input control pin mini_rv_u/If/IF_icache/backing_mem/irom/U0/inst_blk_mem_gen/gnbram.gnativebmg.native_blk_mem_gen/valid.cstr/ramloop[0].ram.r/prim_noinit.ram/DEVICE_7SERIES.NO_BMM_INFO.SP.SIMPLE_PRIM18.ram/ADDRARDADDR[5] (net: mini_rv_u/If/IF_icache/backing_mem/irom/U0/inst_blk_mem_gen/gnbram.gnativebmg.native_blk_mem_gen/valid.cstr/ramloop[0].ram.r/prim_noinit.ram/addra[5]) which is driven by a register (mini_rv_u/If/pre_fetch_pc_reg[7]) that has an active asychronous set or reset. This may cause corruption of the memory contents and/or read values when the set/reset is asserted and is not analyzed by the default static timing analysis. It is suggested to eliminate the use of a set/reset to registers driving this RAMB pin or else use a synchronous reset in which the assertion of the reset is timed by default.
WARNING: [DRC REQP-1840] RAMB18 async control check: The RAMB18E1 mini_rv_u/If/IF_icache/backing_mem/irom/U0/inst_blk_mem_gen/gnbram.gnativebmg.native_blk_mem_gen/valid.cstr/ramloop[0].ram.r/prim_noinit.ram/DEVICE_7SERIES.NO_BMM_INFO.SP.SIMPLE_PRIM18.ram has an input control pin mini_rv_u/If/IF_icache/backing_mem/irom/U0/inst_blk_mem_gen/gnbram.gnativebmg.native_blk_mem_gen/valid.cstr/ramloop[0].ram.r/prim_noinit.ram/DEVICE_7SERIES.NO_BMM_INFO.SP.SIMPLE_PRIM18.ram/ADDRARDADDR[6] (net: mini_rv_u/If/IF_icache/backing_mem/irom/U0/inst_blk_mem_gen/gnbram.gnativebmg.native_blk_mem_gen/valid.cstr/ramloop[0].ram.r/prim_noinit.ram/addra[6]) which is driven by a register (mini_rv_u/If/pre_fetch_pc_reg[8]) that has an active asychronous set or reset. This may cause corruption of the memory contents and/or read values when the set/reset is asserted and is not analyzed by the default static timing analysis. It is suggested to eliminate the use of a set/reset to registers driving this RAMB pin or else use a synchronous reset in which the assertion of the reset is timed by default.
WARNING: [DRC REQP-1840] RAMB18 async control check: The RAMB18E1 mini_rv_u/If/IF_icache/backing_mem/irom/U0/inst_blk_mem_gen/gnbram.gnativebmg.native_blk_mem_gen/valid.cstr/ramloop[0].ram.r/prim_noinit.ram/DEVICE_7SERIES.NO_BMM_INFO.SP.SIMPLE_PRIM18.ram has an input control pin mini_rv_u/If/IF_icache/backing_mem/irom/U0/inst_blk_mem_gen/gnbram.gnativebmg.native_blk_mem_gen/valid.cstr/ramloop[0].ram.r/prim_noinit.ram/DEVICE_7SERIES.NO_BMM_INFO.SP.SIMPLE_PRIM18.ram/ADDRARDADDR[7] (net: mini_rv_u/If/IF_icache/backing_mem/irom/U0/inst_blk_mem_gen/gnbram.gnativebmg.native_blk_mem_gen/valid.cstr/ramloop[0].ram.r/prim_noinit.ram/addra[7]) which is driven by a register (mini_rv_u/If/pre_fetch_pc_reg[9]) that has an active asychronous set or reset. This may cause corruption of the memory contents and/or read values when the set/reset is asserted and is not analyzed by the default static timing analysis. It is suggested to eliminate the use of a set/reset to registers driving this RAMB pin or else use a synchronous reset in which the assertion of the reset is timed by default.
WARNING: [DRC REQP-1840] RAMB18 async control check: The RAMB18E1 mini_rv_u/If/IF_icache/backing_mem/irom/U0/inst_blk_mem_gen/gnbram.gnativebmg.native_blk_mem_gen/valid.cstr/ramloop[0].ram.r/prim_noinit.ram/DEVICE_7SERIES.NO_BMM_INFO.SP.SIMPLE_PRIM18.ram has an input control pin mini_rv_u/If/IF_icache/backing_mem/irom/U0/inst_blk_mem_gen/gnbram.gnativebmg.native_blk_mem_gen/valid.cstr/ramloop[0].ram.r/prim_noinit.ram/DEVICE_7SERIES.NO_BMM_INFO.SP.SIMPLE_PRIM18.ram/ADDRARDADDR[8] (net: mini_rv_u/If/IF_icache/backing_mem/irom/U0/inst_blk_mem_gen/gnbram.gnativebmg.native_blk_mem_gen/valid.cstr/ramloop[0].ram.r/prim_noinit.ram/addra[8]) which is driven by a register (mini_rv_u/If/pre_fetch_pc_reg[10]) that has an active asychronous set or reset. This may cause corruption of the memory contents and/or read values when the set/reset is asserted and is not analyzed by the default static timing analysis. It is suggested to eliminate the use of a set/reset to registers driving this RAMB pin or else use a synchronous reset in which the assertion of the reset is timed by default.
WARNING: [DRC REQP-1840] RAMB18 async control check: The RAMB18E1 mini_rv_u/If/IF_icache/backing_mem/irom/U0/inst_blk_mem_gen/gnbram.gnativebmg.native_blk_mem_gen/valid.cstr/ramloop[0].ram.r/prim_noinit.ram/DEVICE_7SERIES.NO_BMM_INFO.SP.SIMPLE_PRIM18.ram has an input control pin mini_rv_u/If/IF_icache/backing_mem/irom/U0/inst_blk_mem_gen/gnbram.gnativebmg.native_blk_mem_gen/valid.cstr/ramloop[0].ram.r/prim_noinit.ram/DEVICE_7SERIES.NO_BMM_INFO.SP.SIMPLE_PRIM18.ram/ADDRARDADDR[9] (net: mini_rv_u/If/IF_icache/backing_mem/irom/U0/inst_blk_mem_gen/gnbram.gnativebmg.native_blk_mem_gen/valid.cstr/ramloop[0].ram.r/prim_noinit.ram/addra[9]) which is driven by a register (mini_rv_u/If/pre_fetch_pc_reg[11]) that has an active asychronous set or reset. This may cause corruption of the memory contents and/or read values when the set/reset is asserted and is not analyzed by the default static timing analysis. It is suggested to eliminate the use of a set/reset to registers driving this RAMB pin or else use a synchronous reset in which the assertion of the reset is timed by default.
WARNING: [DRC ZPS7-1] PS7 block required: The PS7 cell must be used in this Zynq design in order to enable correct default configuration.
INFO: [DRC REQP-181] writefirst: Synchronous clocking is detected for BRAM (mini_rv_u/If/IF_icache/u_cache/gen_icache_data.data_bram/U0/inst_blk_mem_gen/gnbram.gnativebmg.native_blk_mem_gen/valid.cstr/ramloop[0].ram.r/prim_noinit.ram/DEVICE_7SERIES.NO_BMM_INFO.SDP.WIDE_PRIM36_NO_ECC.ram) in SDP mode with WRITE_FIRST write-mode. This is the preferred mode for best power characteristics, however it may exhibit address collisions if the same address appears on both read and write ports resulting in unknown or corrupted read data. It is suggested to confirm via simulation that an address collision never occurs and if so it is suggested to try and avoid this situation. If address collisions cannot be avoided, the write-mode may be set to READ_FIRST which guarantees that the read data is the prior contents of the memory at the cost of additional power in the design. See the FPGA Memory Resources User Guide for additional information.
INFO: [DRC REQP-181] writefirst: Synchronous clocking is detected for BRAM (mini_rv_u/dcache/u_dcache/gen_dcache_data.data_bram/U0/inst_blk_mem_gen/gnbram.gnativebmg.native_blk_mem_gen/valid.cstr/ramloop[0].ram.r/prim_noinit.ram/DEVICE_7SERIES.NO_BMM_INFO.SDP.WIDE_PRIM36_NO_ECC.ram) in SDP mode with WRITE_FIRST write-mode. This is the preferred mode for best power characteristics, however it may exhibit address collisions if the same address appears on both read and write ports resulting in unknown or corrupted read data. It is suggested to confirm via simulation that an address collision never occurs and if so it is suggested to try and avoid this situation. If address collisions cannot be avoided, the write-mode may be set to READ_FIRST which guarantees that the read data is the prior contents of the memory at the cost of additional power in the design. See the FPGA Memory Resources User Guide for additional information.
INFO: [Vivado 12-3199] DRC finished with 0 Errors, 36 Warnings, 2 Advisories
INFO: [Vivado 12-3200] Please refer to the DRC report (report_drc) for more information.
INFO: [Designutils 20-2272] Running write_bitstream with 2 threads.
Loading data files...
Loading site data...
Loading route data...
Processing options...
Creating bitmap...
Creating bitstream...
Writing bitstream ./top.bit...
INFO: [Vivado 12-1842] Bitgen Completed Successfully.
INFO: [Project 1-1876] WebTalk data collection is mandatory when using a ULT device. To see the specific WebTalk data collected for your design, open the usage_statistics_webtalk.html or usage_statistics_webtalk.xml file in the implementation directory.
INFO: [Common 17-83] Releasing license: Implementation
24 Infos, 36 Warnings, 0 Critical Warnings and 0 Errors encountered.
write_bitstream completed successfully
write_bitstream: Time (s): cpu = 00:00:39 ; elapsed = 00:00:28 . Memory (MB): peak = 2068.336 ; gain = 587.102
INFO: [Common 17-206] Exiting Vivado at Mon May  4 19:44:48 2026...
[Mon May  4 19:44:48 2026] impl_trial_netdelay_high finished
wait_on_runs: Time (s): cpu = 00:00:00 ; elapsed = 00:01:20 . Memory (MB): peak = 1247.082 ; gain = 0.000
# set status [get_property STATUS [get_runs impl_trial_netdelay_high]]
# puts "NETDELAY_STATUS=$status"
NETDELAY_STATUS=write_bitstream Complete!
# open_run impl_trial_netdelay_high
INFO: [Device 21-403] Loading part xc7z020clg400-2
Netlist sorting complete. Time (s): cpu = 00:00:00 ; elapsed = 00:00:00.140 . Memory (MB): peak = 1247.082 ; gain = 0.000
INFO: [Netlist 29-17] Analyzing 1347 Unisim elements for replacement
INFO: [Netlist 29-28] Unisim Transformation completed in 0 CPU seconds
INFO: [Project 1-479] Netlist was created with Vivado 2021.2
INFO: [Project 1-570] Preparing netlist for logic optimization
INFO: [Timing 38-478] Restoring timing data from binary archive.
INFO: [Timing 38-479] Binary timing data restore complete.
INFO: [Project 1-856] Restoring constraints from binary archive.
INFO: [Project 1-853] Binary constraint restore complete.
Reading XDEF placement.
Reading placer database...
Reading XDEF routing.
Read XDEF File: Time (s): cpu = 00:00:01 ; elapsed = 00:00:02 . Memory (MB): peak = 1508.891 ; gain = 4.984
Restored from archive | CPU: 1.000000 secs | Memory: 0.000000 MB |
Finished XDEF File Restore: Time (s): cpu = 00:00:01 ; elapsed = 00:00:02 . Memory (MB): peak = 1508.891 ; gain = 4.984
Netlist sorting complete. Time (s): cpu = 00:00:00 ; elapsed = 00:00:00.004 . Memory (MB): peak = 1508.891 ; gain = 0.000
INFO: [Project 1-111] Unisim Transformation Summary:
No Unisim elements were transformed.

open_run: Time (s): cpu = 00:00:21 ; elapsed = 00:00:24 . Memory (MB): peak = 1508.891 ; gain = 261.809
# report_timing_summary -file D:/riscv32_pipeline_cache/report_artifacts/impl_strategy_trials/impl_trial_netdelay_high_timing_after_bitgen.rpt
INFO: [Timing 38-91] UpdateTimingParams: Speed grade: -2, Delay Type: min_max.
INFO: [Timing 38-191] Multithreading enabled for timing update using a maximum of 2 CPUs
# report_utilization -file D:/riscv32_pipeline_cache/report_artifacts/impl_strategy_trials/impl_trial_netdelay_high_util_after_bitgen.rpt
# exit
INFO: [Common 17-206] Exiting Vivado at Mon May  4 19:45:16 2026...
