START official_test.mem
COMMIT t=155000 wb_pc=00000000 wb_we=1 wb_rd=x0 wb_val=00000004 IF_pc=00000054 IF_inst=00000093 ID_pc=00000000 ID_inst=00000013 EX_pc=00000000 EX_alu=00000000 mem_we=0 mem_addr=00000000 mem_wd=00000000 mem_rd=0540006f
COMMIT t=185000 wb_pc=00000000 wb_we=1 wb_rd=x0 wb_val=00000000 IF_pc=00000060 IF_inst=00000213 ID_pc=0000005c ID_inst=00000193 EX_pc=00000058 EX_alu=00000000 mem_we=0 mem_addr=00000000 mem_wd=00000000 mem_rd=0540006f
COMMIT t=195000 wb_pc=00000054 wb_we=1 wb_rd=x1 wb_val=00000000 IF_pc=00000064 IF_inst=00000293 ID_pc=00000060 ID_inst=00000213 EX_pc=0000005c EX_alu=00000000 mem_we=0 mem_addr=00000000 mem_wd=00000000 mem_rd=0540006f
COMMIT t=205000 wb_pc=00000058 wb_we=1 wb_rd=x2 wb_val=00000000 IF_pc=00000068 IF_inst=00000313 ID_pc=00000064 ID_inst=00000293 EX_pc=00000060 EX_alu=00000000 mem_we=0 mem_addr=00000000 mem_wd=00000000 mem_rd=0540006f
COMMIT t=215000 wb_pc=0000005c wb_we=1 wb_rd=x3 wb_val=00000000 IF_pc=0000006c IF_inst=00000393 ID_pc=00000068 ID_inst=00000313 EX_pc=00000064 EX_alu=00000000 mem_we=0 mem_addr=00000000 mem_wd=00000000 mem_rd=0540006f
COMMIT t=225000 wb_pc=00000060 wb_we=1 wb_rd=x4 wb_val=00000000 IF_pc=00000070 IF_inst=00000413 ID_pc=0000006c ID_inst=00000393 EX_pc=00000068 EX_alu=00000000 mem_we=0 mem_addr=00000000 mem_wd=00000000 mem_rd=0540006f
COMMIT t=235000 wb_pc=00000064 wb_we=1 wb_rd=x5 wb_val=00000000 IF_pc=00000074 IF_inst=00000493 ID_pc=00000070 ID_inst=00000413 EX_pc=0000006c EX_alu=00000000 mem_we=0 mem_addr=00000000 mem_wd=00000000 mem_rd=0540006f
COMMIT t=245000 wb_pc=00000068 wb_we=1 wb_rd=x6 wb_val=00000000 IF_pc=00000078 IF_inst=00000513 ID_pc=00000074 ID_inst=00000493 EX_pc=00000070 EX_alu=00000000 mem_we=0 mem_addr=00000000 mem_wd=00000000 mem_rd=0540006f
COMMIT t=255000 wb_pc=0000006c wb_we=1 wb_rd=x7 wb_val=00000000 IF_pc=0000007c IF_inst=00000593 ID_pc=00000078 ID_inst=00000513 EX_pc=00000074 EX_alu=00000000 mem_we=0 mem_addr=00000000 mem_wd=00000000 mem_rd=0540006f
COMMIT t=265000 wb_pc=00000070 wb_we=1 wb_rd=x8 wb_val=00000000 IF_pc=00000080 IF_inst=00000613 ID_pc=0000007c ID_inst=00000593 EX_pc=00000078 EX_alu=00000000 mem_we=0 mem_addr=00000000 mem_wd=00000000 mem_rd=0540006f
COMMIT t=275000 wb_pc=00000074 wb_we=1 wb_rd=x9 wb_val=00000000 IF_pc=00000084 IF_inst=00000693 ID_pc=00000080 ID_inst=00000613 EX_pc=0000007c EX_alu=00000000 mem_we=0 mem_addr=00000000 mem_wd=00000000 mem_rd=0540006f
COMMIT t=285000 wb_pc=00000078 wb_we=1 wb_rd=x10 wb_val=00000000 IF_pc=00000088 IF_inst=00000713 ID_pc=00000084 ID_inst=00000693 EX_pc=00000080 EX_alu=00000000 mem_we=0 mem_addr=00000000 mem_wd=00000000 mem_rd=0540006f
COMMIT t=295000 wb_pc=0000007c wb_we=1 wb_rd=x11 wb_val=00000000 IF_pc=0000008c IF_inst=00000793 ID_pc=00000088 ID_inst=00000713 EX_pc=00000084 EX_alu=00000000 mem_we=0 mem_addr=00000000 mem_wd=00000000 mem_rd=0540006f
COMMIT t=305000 wb_pc=00000080 wb_we=1 wb_rd=x12 wb_val=00000000 IF_pc=00000090 IF_inst=00000813 ID_pc=0000008c ID_inst=00000793 EX_pc=00000088 EX_alu=00000000 mem_we=0 mem_addr=00000000 mem_wd=00000000 mem_rd=0540006f
COMMIT t=315000 wb_pc=00000084 wb_we=1 wb_rd=x13 wb_val=00000000 IF_pc=00000094 IF_inst=00000893 ID_pc=00000090 ID_inst=00000813 EX_pc=0000008c EX_alu=00000000 mem_we=0 mem_addr=00000000 mem_wd=00000000 mem_rd=0540006f
COMMIT t=325000 wb_pc=00000088 wb_we=1 wb_rd=x14 wb_val=00000000 IF_pc=00000098 IF_inst=00000913 ID_pc=00000094 ID_inst=00000893 EX_pc=00000090 EX_alu=00000000 mem_we=0 mem_addr=00000000 mem_wd=00000000 mem_rd=0540006f
COMMIT t=335000 wb_pc=0000008c wb_we=1 wb_rd=x15 wb_val=00000000 IF_pc=0000009c IF_inst=00000993 ID_pc=00000098 ID_inst=00000913 EX_pc=00000094 EX_alu=00000000 mem_we=0 mem_addr=00000000 mem_wd=00000000 mem_rd=0540006f
COMMIT t=345000 wb_pc=00000090 wb_we=1 wb_rd=x16 wb_val=00000000 IF_pc=000000a0 IF_inst=00000a13 ID_pc=0000009c ID_inst=00000993 EX_pc=00000098 EX_alu=00000000 mem_we=0 mem_addr=00000000 mem_wd=00000000 mem_rd=0540006f
COMMIT t=355000 wb_pc=00000094 wb_we=1 wb_rd=x17 wb_val=00000000 IF_pc=000000a4 IF_inst=00000a93 ID_pc=000000a0 ID_inst=00000a13 EX_pc=0000009c EX_alu=00000000 mem_we=0 mem_addr=00000000 mem_wd=00000000 mem_rd=0540006f
COMMIT t=365000 wb_pc=00000098 wb_we=1 wb_rd=x18 wb_val=00000000 IF_pc=000000a8 IF_inst=00000b13 ID_pc=000000a4 ID_inst=00000a93 EX_pc=000000a0 EX_alu=00000000 mem_we=0 mem_addr=00000000 mem_wd=00000000 mem_rd=0540006f
COMMIT t=375000 wb_pc=0000009c wb_we=1 wb_rd=x19 wb_val=00000000 IF_pc=000000ac IF_inst=00000b93 ID_pc=000000a8 ID_inst=00000b13 EX_pc=000000a4 EX_alu=00000000 mem_we=0 mem_addr=00000000 mem_wd=00000000 mem_rd=0540006f
COMMIT t=385000 wb_pc=000000a0 wb_we=1 wb_rd=x20 wb_val=00000000 IF_pc=000000b0 IF_inst=00000c13 ID_pc=000000ac ID_inst=00000b93 EX_pc=000000a8 EX_alu=00000000 mem_we=0 mem_addr=00000000 mem_wd=00000000 mem_rd=0540006f
COMMIT t=395000 wb_pc=000000a4 wb_we=1 wb_rd=x21 wb_val=00000000 IF_pc=000000b4 IF_inst=00000c93 ID_pc=000000b0 ID_inst=00000c13 EX_pc=000000ac EX_alu=00000000 mem_we=0 mem_addr=00000000 mem_wd=00000000 mem_rd=0540006f
COMMIT t=405000 wb_pc=000000a8 wb_we=1 wb_rd=x22 wb_val=00000000 IF_pc=000000b8 IF_inst=00000d13 ID_pc=000000b4 ID_inst=00000c93 EX_pc=000000b0 EX_alu=00000000 mem_we=0 mem_addr=00000000 mem_wd=00000000 mem_rd=0540006f
COMMIT t=415000 wb_pc=000000ac wb_we=1 wb_rd=x23 wb_val=00000000 IF_pc=000000bc IF_inst=00000d93 ID_pc=000000b8 ID_inst=00000d13 EX_pc=000000b4 EX_alu=00000000 mem_we=0 mem_addr=00000000 mem_wd=00000000 mem_rd=0540006f
COMMIT t=425000 wb_pc=000000b0 wb_we=1 wb_rd=x24 wb_val=00000000 IF_pc=000000c0 IF_inst=00000e13 ID_pc=000000bc ID_inst=00000d93 EX_pc=000000b8 EX_alu=00000000 mem_we=0 mem_addr=00000000 mem_wd=00000000 mem_rd=0540006f
COMMIT t=435000 wb_pc=000000b4 wb_we=1 wb_rd=x25 wb_val=00000000 IF_pc=000000c4 IF_inst=00000e93 ID_pc=000000c0 ID_inst=00000e13 EX_pc=000000bc EX_alu=00000000 mem_we=0 mem_addr=00000000 mem_wd=00000000 mem_rd=0540006f
COMMIT t=445000 wb_pc=000000b8 wb_we=1 wb_rd=x26 wb_val=00000000 IF_pc=000000c8 IF_inst=00000f13 ID_pc=000000c4 ID_inst=00000e93 EX_pc=000000c0 EX_alu=00000000 mem_we=0 mem_addr=00000000 mem_wd=00000000 mem_rd=0540006f
COMMIT t=455000 wb_pc=000000bc wb_we=1 wb_rd=x27 wb_val=00000000 IF_pc=000000cc IF_inst=00000f93 ID_pc=000000c8 ID_inst=00000f13 EX_pc=000000c4 EX_alu=00000000 mem_we=0 mem_addr=00000000 mem_wd=00000000 mem_rd=0540006f
COMMIT t=465000 wb_pc=000000c0 wb_we=1 wb_rd=x28 wb_val=00000000 IF_pc=000000d0 IF_inst=00200193 ID_pc=000000cc ID_inst=00000f93 EX_pc=000000c8 EX_alu=00000000 mem_we=0 mem_addr=00000000 mem_wd=00000000 mem_rd=0540006f
COMMIT t=475000 wb_pc=000000c4 wb_we=1 wb_rd=x29 wb_val=00000000 IF_pc=000000d4 IF_inst=00002117 ID_pc=000000d0 ID_inst=00200193 EX_pc=000000cc EX_alu=00000000 mem_we=0 mem_addr=00000000 mem_wd=00000000 mem_rd=0540006f
COMMIT t=485000 wb_pc=000000c8 wb_we=1 wb_rd=x30 wb_val=00000000 IF_pc=000000d8 IF_inst=e6810113 ID_pc=000000d4 ID_inst=00002117 EX_pc=000000d0 EX_alu=00000002 mem_we=0 mem_addr=00000000 mem_wd=00000000 mem_rd=0540006f
COMMIT t=495000 wb_pc=000000cc wb_we=1 wb_rd=x31 wb_val=00000000 IF_pc=000000dc IF_inst=0aa00093 ID_pc=000000d8 ID_inst=e6810113 EX_pc=000000d4 EX_alu=000020d4 mem_we=0 mem_addr=00000002 mem_wd=0000006f mem_rd=0540006f
COMMIT t=505000 wb_pc=000000d0 wb_we=1 wb_rd=x3 wb_val=00000002 IF_pc=000000e0 IF_inst=00000797 ID_pc=000000dc ID_inst=0aa00093 EX_pc=000000d8 EX_alu=00001f3c mem_we=0 mem_addr=000020d4 mem_wd=00000000 mem_rd=00000000
COMMIT t=515000 wb_pc=000000d4 wb_we=1 wb_rd=x2 wb_val=000020d4 IF_pc=000000e4 IF_inst=01478793 ID_pc=000000e0 ID_inst=00000797 EX_pc=000000dc EX_alu=000000aa mem_we=0 mem_addr=00001f3c mem_wd=00000000 mem_rd=beefbeef
COMMIT t=525000 wb_pc=000000d8 wb_we=1 wb_rd=x2 wb_val=00001f3c IF_pc=000000e8 IF_inst=00111023 ID_pc=000000e4 ID_inst=01478793 EX_pc=000000e0 EX_alu=000000e0 mem_we=0 mem_addr=000000aa mem_wd=ff00ffef mem_rd=00000b13
COMMIT t=535000 wb_pc=000000dc wb_we=1 wb_rd=x1 wb_val=000000aa IF_pc=000000ec IF_inst=00011703 ID_pc=000000e8 ID_inst=00111023 EX_pc=000000e4 EX_alu=000000f4 mem_we=0 mem_addr=000000e0 mem_wd=00000000 mem_rd=00000797
COMMIT t=545000 wb_pc=000000e0 wb_we=1 wb_rd=x15 wb_val=000000e0 IF_pc=000000ec IF_inst=00011703 ID_pc=000000e8 ID_inst=00111023 EX_pc=000000e8 EX_alu=00001f3c mem_we=0 mem_addr=000000f4 mem_wd=ffffff00 mem_rd=00008713
COMMIT t=555000 wb_pc=000000e4 wb_we=1 wb_rd=x15 wb_val=000000f4 IF_pc=000000f0 IF_inst=0080006f ID_pc=000000ec ID_inst=00011703 EX_pc=000000e8 EX_alu=00001f3c mem_we=0 mem_addr=00001f3c mem_wd=000000aa mem_rd=beefbeef
MEM_WRITE t=565000 pc=000000e8 addr=00001f3c wd=beef00aa ctrl=1
COMMIT t=575000 wb_pc=000000e8 wb_we=0 wb_rd=x0 wb_val=00001f3c IF_pc=000000f8 IF_inst=0aa00393 ID_pc=000000f4 ID_inst=00008713 EX_pc=000000f0 EX_alu=000000f8 mem_we=0 mem_addr=00001f3c mem_wd=ffff0000 mem_rd=beef00aa
COMMIT t=585000 wb_pc=000000ec wb_we=1 wb_rd=x14 wb_val=000000aa IF_pc=00000000 IF_inst=00000013 ID_pc=00000000 ID_inst=00000013 EX_pc=00000000 EX_alu=00000000 mem_we=0 mem_addr=000000f8 mem_wd=00000000 mem_rd=0aa00393
COMMIT t=595000 wb_pc=000000f0 wb_we=1 wb_rd=x0 wb_val=000000f4 IF_pc=000000f8 IF_inst=0aa00393 ID_pc=00000000 ID_inst=00000013 EX_pc=00000000 EX_alu=00000000 mem_we=0 mem_addr=00000000 mem_wd=00000000 mem_rd=0540006f
COMMIT t=625000 wb_pc=00000000 wb_we=1 wb_rd=x0 wb_val=00000000 IF_pc=00000104 IF_inst=00002117 ID_pc=00000100 ID_inst=00300193 EX_pc=000000fc EX_alu=000005c8 mem_we=0 mem_addr=000000aa mem_wd=0000006f mem_rd=00000b13
COMMIT t=635000 wb_pc=000000f8 wb_we=1 wb_rd=x7 wb_val=000000aa IF_pc=00000108 IF_inst=e3810113 ID_pc=00000104 ID_inst=00002117 EX_pc=00000100 EX_alu=00000003 mem_we=0 mem_addr=000005c8 mem_wd=000000aa mem_rd=0ff0000f
COMMIT t=645000 wb_pc=000000fc wb_we=0 wb_rd=x12 wb_val=000005c8 IF_pc=0000010c IF_inst=ffffb0b7 ID_pc=00000108 ID_inst=e3810113 EX_pc=00000104 EX_alu=00002104 mem_we=0 mem_addr=00000003 mem_wd=0200000f mem_rd=0540006f
COMMIT t=655000 wb_pc=00000100 wb_we=1 wb_rd=x3 wb_val=00000003 IF_pc=00000110 IF_inst=a0008093 ID_pc=0000010c ID_inst=ffffb0b7 EX_pc=00000108 EX_alu=00001f3c mem_we=0 mem_addr=00002104 mem_wd=00000000 mem_rd=00000000
COMMIT t=665000 wb_pc=00000104 wb_we=1 wb_rd=x2 wb_val=00002104 IF_pc=00000114 IF_inst=00000797 ID_pc=00000110 ID_inst=a0008093 EX_pc=0000010c EX_alu=ffffb000 mem_we=0 mem_addr=00001f3c mem_wd=00000000 mem_rd=beef00aa
COMMIT t=675000 wb_pc=00000108 wb_we=1 wb_rd=x2 wb_val=00001f3c IF_pc=00000118 IF_inst=01478793 ID_pc=00000114 ID_inst=00000797 EX_pc=00000110 EX_alu=ffffaa00 mem_we=0 mem_addr=ffffb000 mem_wd=00000000 mem_rd=00000000
COMMIT t=685000 wb_pc=0000010c wb_we=1 wb_rd=x1 wb_val=ffffb000 IF_pc=0000011c IF_inst=00111123 ID_pc=00000118 ID_inst=01478793 EX_pc=00000114 EX_alu=00000114 mem_we=0 mem_addr=ffffaa00 mem_wd=00000000 mem_rd=00000000
COMMIT t=695000 wb_pc=00000110 wb_we=1 wb_rd=x1 wb_val=ffffaa00 IF_pc=00000120 IF_inst=00211703 ID_pc=0000011c ID_inst=00111123 EX_pc=00000118 EX_alu=00000128 mem_we=0 mem_addr=00000114 mem_wd=00000000 mem_rd=00000797
COMMIT t=705000 wb_pc=00000114 wb_we=1 wb_rd=x15 wb_val=00000114 IF_pc=00000120 IF_inst=00211703 ID_pc=0000011c ID_inst=00111123 EX_pc=0000011c EX_alu=00001f3e mem_we=0 mem_addr=00000128 mem_wd=ffffff00 mem_rd=00008713
COMMIT t=715000 wb_pc=00000118 wb_we=1 wb_rd=x15 wb_val=00000128 IF_pc=00000124 IF_inst=0080006f ID_pc=00000120 ID_inst=00211703 EX_pc=0000011c EX_alu=00001f3e mem_we=0 mem_addr=00001f3e mem_wd=aa000013 mem_rd=beef00aa
MEM_WRITE t=725000 pc=0000011c addr=00001f3e wd=aa0000aa ctrl=1
COMMIT t=735000 wb_pc=0000011c wb_we=0 wb_rd=x2 wb_val=00001f3e IF_pc=0000012c IF_inst=ffffb3b7 ID_pc=00000128 ID_inst=00008713 EX_pc=00000124 EX_alu=0000012c mem_we=0 mem_addr=00001f3e mem_wd=1f3cbeef mem_rd=aa0000aa
COMMIT t=745000 wb_pc=00000120 wb_we=1 wb_rd=x14 wb_val=ffffaa00 IF_pc=00000000 IF_inst=00000013 ID_pc=00000000 ID_inst=00000013 EX_pc=00000000 EX_alu=00000000 mem_we=0 mem_addr=0000012c mem_wd=ffffaa00 mem_rd=ffffb3b7
COMMIT t=755000 wb_pc=00000124 wb_we=1 wb_rd=x0 wb_val=00000128 IF_pc=0000012c IF_inst=ffffb3b7 ID_pc=00000000 ID_inst=00000013 EX_pc=00000000 EX_alu=00000000 mem_we=0 mem_addr=00000000 mem_wd=00000000 mem_rd=0540006f
COMMIT t=785000 wb_pc=00000000 wb_we=1 wb_rd=x0 wb_val=00000000 IF_pc=00000138 IF_inst=00400193 ID_pc=00000134 ID_inst=48771a63 EX_pc=00000130 EX_alu=ffffaa00 mem_we=0 mem_addr=ffffb000 mem_wd=00000000 mem_rd=00000000
COMMIT t=795000 wb_pc=0000012c wb_we=1 wb_rd=x7 wb_val=ffffb000 IF_pc=0000013c IF_inst=00002117 ID_pc=00000138 ID_inst=00400193 EX_pc=00000134 EX_alu=000005c8 mem_we=0 mem_addr=ffffaa00 mem_wd=00000000 mem_rd=00000000
COMMIT t=805000 wb_pc=00000130 wb_we=1 wb_rd=x7 wb_val=ffffaa00 IF_pc=00000140 IF_inst=e0010113 ID_pc=0000013c ID_inst=00002117 EX_pc=00000138 EX_alu=00000004 mem_we=0 mem_addr=000005c8 mem_wd=0000aa00 mem_rd=0ff0000f
COMMIT t=815000 wb_pc=00000134 wb_we=0 wb_rd=x20 wb_val=000005c8 IF_pc=00000144 IF_inst=beef10b7 ID_pc=00000140 ID_inst=e0010113 EX_pc=0000013c EX_alu=0000213c mem_we=0 mem_addr=00000004 mem_wd=00000000 mem_rd=34202f73
COMMIT t=825000 wb_pc=00000138 wb_we=1 wb_rd=x3 wb_val=00000004 IF_pc=00000148 IF_inst=aa008093 ID_pc=00000144 ID_inst=beef10b7 EX_pc=00000140 EX_alu=00001f3c mem_we=0 mem_addr=0000213c mem_wd=00000000 mem_rd=00000000
COMMIT t=835000 wb_pc=0000013c wb_we=1 wb_rd=x2 wb_val=0000213c IF_pc=0000014c IF_inst=00000797 ID_pc=00000148 ID_inst=aa008093 EX_pc=00000144 EX_alu=beef1000 mem_we=0 mem_addr=00001f3c mem_wd=00000000 mem_rd=aa0000aa
COMMIT t=845000 wb_pc=00000140 wb_we=1 wb_rd=x2 wb_val=00001f3c IF_pc=00000150 IF_inst=01478793 ID_pc=0000014c ID_inst=00000797 EX_pc=00000148 EX_alu=beef0aa0 mem_we=0 mem_addr=beef1000 mem_wd=ffffaa00 mem_rd=00000000
COMMIT t=855000 wb_pc=00000144 wb_we=1 wb_rd=x1 wb_val=beef1000 IF_pc=00000154 IF_inst=00111223 ID_pc=00000150 ID_inst=01478793 EX_pc=0000014c EX_alu=0000014c mem_we=0 mem_addr=beef0aa0 mem_wd=00000000 mem_rd=00000000
COMMIT t=865000 wb_pc=00000148 wb_we=1 wb_rd=x1 wb_val=beef0aa0 IF_pc=00000158 IF_inst=00412703 ID_pc=00000154 ID_inst=00111223 EX_pc=00000150 EX_alu=00000160 mem_we=0 mem_addr=0000014c mem_wd=00000000 mem_rd=00000797
COMMIT t=875000 wb_pc=0000014c wb_we=1 wb_rd=x15 wb_val=0000014c IF_pc=00000158 IF_inst=00412703 ID_pc=00000154 ID_inst=00111223 EX_pc=00000154 EX_alu=00001f40 mem_we=0 mem_addr=00000160 mem_wd=ffffff00 mem_rd=00008713
COMMIT t=885000 wb_pc=00000150 wb_we=1 wb_rd=x15 wb_val=00000160 IF_pc=0000015c IF_inst=0080006f ID_pc=00000158 ID_inst=00412703 EX_pc=00000154 EX_alu=00001f40 mem_we=0 mem_addr=00001f40 mem_wd=beef0aa0 mem_rd=beefbeef
MEM_WRITE t=895000 pc=00000154 addr=00001f40 wd=beef0aa0 ctrl=1
COMMIT t=905000 wb_pc=00000154 wb_we=0 wb_rd=x4 wb_val=00001f40 IF_pc=00000164 IF_inst=beef13b7 ID_pc=00000160 ID_inst=00008713 EX_pc=0000015c EX_alu=00000164 mem_we=0 mem_addr=00001f40 mem_wd=00000000 mem_rd=beef0aa0
COMMIT t=915000 wb_pc=00000158 wb_we=1 wb_rd=x14 wb_val=beef0aa0 IF_pc=00000000 IF_inst=00000013 ID_pc=00000000 ID_inst=00000013 EX_pc=00000000 EX_alu=00000000 mem_we=0 mem_addr=00000164 mem_wd=beef0a00 mem_rd=beef13b7
COMMIT t=925000 wb_pc=0000015c wb_we=1 wb_rd=x0 wb_val=00000160 IF_pc=00000164 IF_inst=beef13b7 ID_pc=00000000 ID_inst=00000013 EX_pc=00000000 EX_alu=00000000 mem_we=0 mem_addr=00000000 mem_wd=00000000 mem_rd=0540006f
COMMIT t=955000 wb_pc=00000000 wb_we=1 wb_rd=x0 wb_val=00000000 IF_pc=00000170 IF_inst=00500193 ID_pc=0000016c ID_inst=44771e63 EX_pc=00000168 EX_alu=beef0aa0 mem_we=0 mem_addr=beef1000 mem_wd=00000aa0 mem_rd=00000000
COMMIT t=965000 wb_pc=00000164 wb_we=1 wb_rd=x7 wb_val=beef1000 IF_pc=00000174 IF_inst=00002117 ID_pc=00000170 ID_inst=00500193 EX_pc=0000016c EX_alu=000005c8 mem_we=0 mem_addr=beef0aa0 mem_wd=00000000 mem_rd=00000000
COMMIT t=975000 wb_pc=00000168 wb_we=1 wb_rd=x7 wb_val=beef0aa0 IF_pc=00000178 IF_inst=dc810113 ID_pc=00000174 ID_inst=00002117 EX_pc=00000170 EX_alu=00000005 mem_we=0 mem_addr=000005c8 mem_wd=00000aa0 mem_rd=0ff0000f
COMMIT t=985000 wb_pc=0000016c wb_we=0 wb_rd=x28 wb_val=000005c8 IF_pc=0000017c IF_inst=ffffa0b7 ID_pc=00000178 ID_inst=dc810113 EX_pc=00000174 EX_alu=00002174 mem_we=0 mem_addr=00000005 mem_wd=0000000f mem_rd=34202f73
COMMIT t=995000 wb_pc=00000170 wb_we=1 wb_rd=x3 wb_val=00000005 IF_pc=00000180 IF_inst=00a08093 ID_pc=0000017c ID_inst=ffffa0b7 EX_pc=00000178 EX_alu=00001f3c mem_we=0 mem_addr=00002174 mem_wd=00000000 mem_rd=00000000
COMMIT t=1005000 wb_pc=00000174 wb_we=1 wb_rd=x2 wb_val=00002174 IF_pc=00000184 IF_inst=00000797 ID_pc=00000180 ID_inst=00a08093 EX_pc=0000017c EX_alu=ffffa000 mem_we=0 mem_addr=00001f3c mem_wd=00000000 mem_rd=aa0000aa
COMMIT t=1015000 wb_pc=00000178 wb_we=1 wb_rd=x2 wb_val=00001f3c IF_pc=00000188 IF_inst=01478793 ID_pc=00000184 ID_inst=00000797 EX_pc=00000180 EX_alu=ffffa00a mem_we=0 mem_addr=ffffa000 mem_wd=00000000 mem_rd=00000000
COMMIT t=1025000 wb_pc=0000017c wb_we=1 wb_rd=x1 wb_val=ffffa000 IF_pc=0000018c IF_inst=00111323 ID_pc=00000188 ID_inst=01478793 EX_pc=00000184 EX_alu=00000184 mem_we=0 mem_addr=ffffa00a mem_wd=00000000 mem_rd=00000000
COMMIT t=1035000 wb_pc=00000180 wb_we=1 wb_rd=x1 wb_val=ffffa00a IF_pc=00000190 IF_inst=00611703 ID_pc=0000018c ID_inst=00111323 EX_pc=00000188 EX_alu=00000198 mem_we=0 mem_addr=00000184 mem_wd=00000000 mem_rd=00000797
COMMIT t=1045000 wb_pc=00000184 wb_we=1 wb_rd=x15 wb_val=00000184 IF_pc=00000190 IF_inst=00611703 ID_pc=0000018c ID_inst=00111323 EX_pc=0000018c EX_alu=00001f42 mem_we=0 mem_addr=00000198 mem_wd=ffffff00 mem_rd=00008713
COMMIT t=1055000 wb_pc=00000188 wb_we=1 wb_rd=x15 wb_val=00000198 IF_pc=00000194 IF_inst=0080006f ID_pc=00000190 ID_inst=00611703 EX_pc=0000018c EX_alu=00001f42 mem_we=0 mem_addr=00001f42 mem_wd=a00a0013 mem_rd=beef0aa0
MEM_WRITE t=1065000 pc=0000018c addr=00001f42 wd=a00a0aa0 ctrl=1
COMMIT t=1075000 wb_pc=0000018c wb_we=0 wb_rd=x6 wb_val=00001f42 IF_pc=0000019c IF_inst=ffffa3b7 ID_pc=00000198 ID_inst=00008713 EX_pc=00000194 EX_alu=0000019c mem_we=0 mem_addr=00001f42 mem_wd=0000beef mem_rd=a00a0aa0
COMMIT t=1085000 wb_pc=00000190 wb_we=1 wb_rd=x14 wb_val=ffffa00a IF_pc=00000000 IF_inst=00000013 ID_pc=00000000 ID_inst=00000013 EX_pc=00000000 EX_alu=00000000 mem_we=0 mem_addr=0000019c mem_wd=ffffa000 mem_rd=ffffa3b7
COMMIT t=1095000 wb_pc=00000194 wb_we=1 wb_rd=x0 wb_val=00000198 IF_pc=0000019c IF_inst=ffffa3b7 ID_pc=00000000 ID_inst=00000013 EX_pc=00000000 EX_alu=00000000 mem_we=0 mem_addr=00000000 mem_wd=00000000 mem_rd=0540006f
COMMIT t=1125000 wb_pc=00000000 wb_we=1 wb_rd=x0 wb_val=00000000 IF_pc=000001a8 IF_inst=00600193 ID_pc=000001a4 ID_inst=42771263 EX_pc=000001a0 EX_alu=ffffa00a mem_we=0 mem_addr=ffffa000 mem_wd=00000000 mem_rd=00000000
COMMIT t=1135000 wb_pc=0000019c wb_we=1 wb_rd=x7 wb_val=ffffa000 IF_pc=000001ac IF_inst=00002117 ID_pc=000001a8 ID_inst=00600193 EX_pc=000001a4 EX_alu=000005c8 mem_we=0 mem_addr=ffffa00a mem_wd=00000000 mem_rd=00000000
COMMIT t=1145000 wb_pc=000001a0 wb_we=1 wb_rd=x7 wb_val=ffffa00a IF_pc=000001b0 IF_inst=d9e10113 ID_pc=000001ac ID_inst=00002117 EX_pc=000001a8 EX_alu=00000006 mem_we=0 mem_addr=000005c8 mem_wd=0000a00a mem_rd=0ff0000f
COMMIT t=1155000 wb_pc=000001a4 wb_we=0 wb_rd=x4 wb_val=000005c8 IF_pc=000001b4 IF_inst=0aa00093 ID_pc=000001b0 ID_inst=d9e10113 EX_pc=000001ac EX_alu=000021ac mem_we=0 mem_addr=00000006 mem_wd=0000000f mem_rd=34202f73
COMMIT t=1165000 wb_pc=000001a8 wb_we=1 wb_rd=x3 wb_val=00000006 IF_pc=000001b8 IF_inst=00000797 ID_pc=000001b4 ID_inst=0aa00093 EX_pc=000001b0 EX_alu=00001f4a mem_we=0 mem_addr=000021ac mem_wd=00000000 mem_rd=00000000
COMMIT t=1175000 wb_pc=000001ac wb_we=1 wb_rd=x2 wb_val=000021ac IF_pc=000001bc IF_inst=01478793 ID_pc=000001b8 ID_inst=00000797 EX_pc=000001b4 EX_alu=000000aa mem_we=0 mem_addr=00001f4a mem_wd=00000000 mem_rd=beefbeef
COMMIT t=1185000 wb_pc=000001b0 wb_we=1 wb_rd=x2 wb_val=00001f4a IF_pc=000001c0 IF_inst=fe111d23 ID_pc=000001bc ID_inst=01478793 EX_pc=000001b8 EX_alu=000001b8 mem_we=0 mem_addr=000000aa mem_wd=ff00ffef mem_rd=00000b13
COMMIT t=1195000 wb_pc=000001b4 wb_we=1 wb_rd=x1 wb_val=000000aa IF_pc=000001c4 IF_inst=ffa11703 ID_pc=000001c0 ID_inst=fe111d23 EX_pc=000001bc EX_alu=000001cc mem_we=0 mem_addr=000001b8 mem_wd=00000000 mem_rd=00000797
COMMIT t=1205000 wb_pc=000001b8 wb_we=1 wb_rd=x15 wb_val=000001b8 IF_pc=000001c4 IF_inst=ffa11703 ID_pc=000001c0 ID_inst=fe111d23 EX_pc=000001c0 EX_alu=00001f44 mem_we=0 mem_addr=000001cc mem_wd=ffffff00 mem_rd=00008713
COMMIT t=1215000 wb_pc=000001bc wb_we=1 wb_rd=x15 wb_val=000001cc IF_pc=000001c8 IF_inst=0080006f ID_pc=000001c4 ID_inst=ffa11703 EX_pc=000001c0 EX_alu=00001f44 mem_we=0 mem_addr=00001f44 mem_wd=000000aa mem_rd=beefbeef
MEM_WRITE t=1225000 pc=000001c0 addr=00001f44 wd=beef00aa ctrl=1
COMMIT t=1235000 wb_pc=000001c0 wb_we=0 wb_rd=x26 wb_val=00001f44 IF_pc=000001d0 IF_inst=0aa00393 ID_pc=000001cc ID_inst=00008713 EX_pc=000001c8 EX_alu=000001d0 mem_we=0 mem_addr=00001f44 mem_wd=ffff0000 mem_rd=beef00aa
COMMIT t=1245000 wb_pc=000001c4 wb_we=1 wb_rd=x14 wb_val=000000aa IF_pc=00000000 IF_inst=00000013 ID_pc=00000000 ID_inst=00000013 EX_pc=00000000 EX_alu=00000000 mem_we=0 mem_addr=000001d0 mem_wd=00000000 mem_rd=0aa00393
COMMIT t=1255000 wb_pc=000001c8 wb_we=1 wb_rd=x0 wb_val=000001cc IF_pc=000001d0 IF_inst=0aa00393 ID_pc=00000000 ID_inst=00000013 EX_pc=00000000 EX_alu=00000000 mem_we=0 mem_addr=00000000 mem_wd=00000000 mem_rd=0540006f
COMMIT t=1285000 wb_pc=00000000 wb_we=1 wb_rd=x0 wb_val=00000000 IF_pc=000001dc IF_inst=00002117 ID_pc=000001d8 ID_inst=00700193 EX_pc=000001d4 EX_alu=000005c8 mem_we=0 mem_addr=000000aa mem_wd=0000006f mem_rd=00000b13
COMMIT t=1295000 wb_pc=000001d0 wb_we=1 wb_rd=x7 wb_val=000000aa IF_pc=000001e0 IF_inst=d6e10113 ID_pc=000001dc ID_inst=00002117 EX_pc=000001d8 EX_alu=00000007 mem_we=0 mem_addr=000005c8 mem_wd=000000aa mem_rd=0ff0000f
COMMIT t=1305000 wb_pc=000001d4 wb_we=0 wb_rd=x20 wb_val=000005c8 IF_pc=000001e4 IF_inst=ffffb0b7 ID_pc=000001e0 ID_inst=d6e10113 EX_pc=000001dc EX_alu=000021dc mem_we=0 mem_addr=00000007 mem_wd=aa00000f mem_rd=34202f73
COMMIT t=1315000 wb_pc=000001d8 wb_we=1 wb_rd=x3 wb_val=00000007 IF_pc=000001e8 IF_inst=a0008093 ID_pc=000001e4 ID_inst=ffffb0b7 EX_pc=000001e0 EX_alu=00001f4a mem_we=0 mem_addr=000021dc mem_wd=00000000 mem_rd=00000000
COMMIT t=1325000 wb_pc=000001dc wb_we=1 wb_rd=x2 wb_val=000021dc IF_pc=000001ec IF_inst=00000797 ID_pc=000001e8 ID_inst=a0008093 EX_pc=000001e4 EX_alu=ffffb000 mem_we=0 mem_addr=00001f4a mem_wd=00aa0000 mem_rd=beefbeef
COMMIT t=1335000 wb_pc=000001e0 wb_we=1 wb_rd=x2 wb_val=00001f4a IF_pc=000001f0 IF_inst=01478793 ID_pc=000001ec ID_inst=00000797 EX_pc=000001e8 EX_alu=ffffaa00 mem_we=0 mem_addr=ffffb000 mem_wd=00000000 mem_rd=00000000
COMMIT t=1345000 wb_pc=000001e4 wb_we=1 wb_rd=x1 wb_val=ffffb000 IF_pc=000001f4 IF_inst=fe111e23 ID_pc=000001f0 ID_inst=01478793 EX_pc=000001ec EX_alu=000001ec mem_we=0 mem_addr=ffffaa00 mem_wd=00000000 mem_rd=00000000
COMMIT t=1355000 wb_pc=000001e8 wb_we=1 wb_rd=x1 wb_val=ffffaa00 IF_pc=000001f8 IF_inst=ffc11703 ID_pc=000001f4 ID_inst=fe111e23 EX_pc=000001f0 EX_alu=00000200 mem_we=0 mem_addr=000001ec mem_wd=00000000 mem_rd=00000797
COMMIT t=1365000 wb_pc=000001ec wb_we=1 wb_rd=x15 wb_val=000001ec IF_pc=000001f8 IF_inst=ffc11703 ID_pc=000001f4 ID_inst=fe111e23 EX_pc=000001f4 EX_alu=00001f46 mem_we=0 mem_addr=00000200 mem_wd=ffffff00 mem_rd=00008713
COMMIT t=1375000 wb_pc=000001f0 wb_we=1 wb_rd=x15 wb_val=00000200 IF_pc=000001fc IF_inst=0080006f ID_pc=000001f8 ID_inst=ffc11703 EX_pc=000001f4 EX_alu=00001f46 mem_we=0 mem_addr=00001f46 mem_wd=aa000013 mem_rd=beef00aa
MEM_WRITE t=1385000 pc=000001f4 addr=00001f46 wd=aa0000aa ctrl=1
COMMIT t=1395000 wb_pc=000001f4 wb_we=0 wb_rd=x28 wb_val=00001f46 IF_pc=00000204 IF_inst=ffffb3b7 ID_pc=00000200 ID_inst=00008713 EX_pc=000001fc EX_alu=00000204 mem_we=0 mem_addr=00001f46 mem_wd=0000beef mem_rd=aa0000aa
COMMIT t=1405000 wb_pc=000001f8 wb_we=1 wb_rd=x14 wb_val=ffffaa00 IF_pc=00000000 IF_inst=00000013 ID_pc=00000000 ID_inst=00000013 EX_pc=00000000 EX_alu=00000000 mem_we=0 mem_addr=00000204 mem_wd=ffffaa00 mem_rd=ffffb3b7
COMMIT t=1415000 wb_pc=000001fc wb_we=1 wb_rd=x0 wb_val=00000200 IF_pc=00000204 IF_inst=ffffb3b7 ID_pc=00000000 ID_inst=00000013 EX_pc=00000000 EX_alu=00000000 mem_we=0 mem_addr=00000000 mem_wd=00000000 mem_rd=0540006f
COMMIT t=1445000 wb_pc=00000000 wb_we=1 wb_rd=x0 wb_val=00000000 IF_pc=00000210 IF_inst=00800193 ID_pc=0000020c ID_inst=3a771e63 EX_pc=00000208 EX_alu=ffffaa00 mem_we=0 mem_addr=ffffb000 mem_wd=00000000 mem_rd=00000000
COMMIT t=1455000 wb_pc=00000204 wb_we=1 wb_rd=x7 wb_val=ffffb000 IF_pc=00000214 IF_inst=00002117 ID_pc=00000210 ID_inst=00800193 EX_pc=0000020c EX_alu=000005c8 mem_we=0 mem_addr=ffffaa00 mem_wd=00000000 mem_rd=00000000
COMMIT t=1465000 wb_pc=00000208 wb_we=1 wb_rd=x7 wb_val=ffffaa00 IF_pc=00000218 IF_inst=d3610113 ID_pc=00000214 ID_inst=00002117 EX_pc=00000210 EX_alu=00000008 mem_we=0 mem_addr=000005c8 mem_wd=0000aa00 mem_rd=0ff0000f
COMMIT t=1475000 wb_pc=0000020c wb_we=0 wb_rd=x28 wb_val=000005c8 IF_pc=0000021c IF_inst=000010b7 ID_pc=00000218 ID_inst=d3610113 EX_pc=00000214 EX_alu=00002214 mem_we=0 mem_addr=00000008 mem_wd=00000000 mem_rd=00800f93
COMMIT t=1485000 wb_pc=00000210 wb_we=1 wb_rd=x3 wb_val=00000008 IF_pc=00000220 IF_inst=aa008093 ID_pc=0000021c ID_inst=000010b7 EX_pc=00000218 EX_alu=00001f4a mem_we=0 mem_addr=00002214 mem_wd=00000000 mem_rd=00000000
COMMIT t=1495000 wb_pc=00000214 wb_we=1 wb_rd=x2 wb_val=00002214 IF_pc=00000224 IF_inst=00000797 ID_pc=00000220 ID_inst=aa008093 EX_pc=0000021c EX_alu=00001000 mem_we=0 mem_addr=00001f4a mem_wd=00000000 mem_rd=beefbeef
COMMIT t=1505000 wb_pc=00000218 wb_we=1 wb_rd=x2 wb_val=00001f4a IF_pc=00000228 IF_inst=01478793 ID_pc=00000224 ID_inst=00000797 EX_pc=00000220 EX_alu=00000aa0 mem_we=0 mem_addr=00001000 mem_wd=ffff0000 mem_rd=00000000
COMMIT t=1515000 wb_pc=0000021c wb_we=1 wb_rd=x1 wb_val=00001000 IF_pc=0000022c IF_inst=fe111f23 ID_pc=00000228 ID_inst=01478793 EX_pc=00000224 EX_alu=00000224 mem_we=0 mem_addr=00000aa0 mem_wd=00000000 mem_rd=00000000
COMMIT t=1525000 wb_pc=00000220 wb_we=1 wb_rd=x1 wb_val=00000aa0 IF_pc=00000230 IF_inst=ffe11703 ID_pc=0000022c ID_inst=fe111f23 EX_pc=00000228 EX_alu=00000238 mem_we=0 mem_addr=00000224 mem_wd=00000000 mem_rd=00000797
COMMIT t=1535000 wb_pc=00000224 wb_we=1 wb_rd=x15 wb_val=00000224 IF_pc=00000230 IF_inst=ffe11703 ID_pc=0000022c ID_inst=fe111f23 EX_pc=0000022c EX_alu=00001f48 mem_we=0 mem_addr=00000238 mem_wd=ffffff00 mem_rd=00008713
COMMIT t=1545000 wb_pc=00000228 wb_we=1 wb_rd=x15 wb_val=00000238 IF_pc=00000234 IF_inst=0080006f ID_pc=00000230 ID_inst=ffe11703 EX_pc=0000022c EX_alu=00001f48 mem_we=0 mem_addr=00001f48 mem_wd=00000aa0 mem_rd=beefbeef
MEM_WRITE t=1555000 pc=0000022c addr=00001f48 wd=beef0aa0 ctrl=1
COMMIT t=1565000 wb_pc=0000022c wb_we=0 wb_rd=x30 wb_val=00001f48 IF_pc=0000023c IF_inst=000013b7 ID_pc=00000238 ID_inst=00008713 EX_pc=00000234 EX_alu=0000023c mem_we=0 mem_addr=00001f48 mem_wd=ffff0000 mem_rd=beef0aa0
COMMIT t=1575000 wb_pc=00000230 wb_we=1 wb_rd=x14 wb_val=00000aa0 IF_pc=00000000 IF_inst=00000013 ID_pc=00000000 ID_inst=00000013 EX_pc=00000000 EX_alu=00000000 mem_we=0 mem_addr=0000023c mem_wd=00000a00 mem_rd=000013b7
COMMIT t=1585000 wb_pc=00000234 wb_we=1 wb_rd=x0 wb_val=00000238 IF_pc=0000023c IF_inst=000013b7 ID_pc=00000000 ID_inst=00000013 EX_pc=00000000 EX_alu=00000000 mem_we=0 mem_addr=00000000 mem_wd=00000000 mem_rd=0540006f
COMMIT t=1615000 wb_pc=00000000 wb_we=1 wb_rd=x0 wb_val=00000000 IF_pc=00000248 IF_inst=00900193 ID_pc=00000244 ID_inst=38771263 EX_pc=00000240 EX_alu=00000aa0 mem_we=0 mem_addr=00001000 mem_wd=00000000 mem_rd=00000000
COMMIT t=1625000 wb_pc=0000023c wb_we=1 wb_rd=x7 wb_val=00001000 IF_pc=0000024c IF_inst=00002117 ID_pc=00000248 ID_inst=00900193 EX_pc=00000244 EX_alu=000005c8 mem_we=0 mem_addr=00000aa0 mem_wd=00000000 mem_rd=00000000
COMMIT t=1635000 wb_pc=00000240 wb_we=1 wb_rd=x7 wb_val=00000aa0 IF_pc=00000250 IF_inst=cfe10113 ID_pc=0000024c ID_inst=00002117 EX_pc=00000248 EX_alu=00000009 mem_we=0 mem_addr=000005c8 mem_wd=00000aa0 mem_rd=0ff0000f
COMMIT t=1645000 wb_pc=00000244 wb_we=0 wb_rd=x4 wb_val=000005c8 IF_pc=00000254 IF_inst=ffffa0b7 ID_pc=00000250 ID_inst=cfe10113 EX_pc=0000024c EX_alu=0000224c mem_we=0 mem_addr=00000009 mem_wd=0000000f mem_rd=00800f93
COMMIT t=1655000 wb_pc=00000248 wb_we=1 wb_rd=x3 wb_val=00000009 IF_pc=00000258 IF_inst=00a08093 ID_pc=00000254 ID_inst=ffffa0b7 EX_pc=00000250 EX_alu=00001f4a mem_we=0 mem_addr=0000224c mem_wd=00000000 mem_rd=00000000
COMMIT t=1665000 wb_pc=0000024c wb_we=1 wb_rd=x2 wb_val=0000224c IF_pc=0000025c IF_inst=00000797 ID_pc=00000258 ID_inst=00a08093 EX_pc=00000254 EX_alu=ffffa000 mem_we=0 mem_addr=00001f4a mem_wd=00000000 mem_rd=beef0aa0
COMMIT t=1675000 wb_pc=00000250 wb_we=1 wb_rd=x2 wb_val=00001f4a IF_pc=00000260 IF_inst=01478793 ID_pc=0000025c ID_inst=00000797 EX_pc=00000258 EX_alu=ffffa00a mem_we=0 mem_addr=ffffa000 mem_wd=00000000 mem_rd=00000000
COMMIT t=1685000 wb_pc=00000254 wb_we=1 wb_rd=x1 wb_val=ffffa000 IF_pc=00000264 IF_inst=00111023 ID_pc=00000260 ID_inst=01478793 EX_pc=0000025c EX_alu=0000025c mem_we=0 mem_addr=ffffa00a mem_wd=00000000 mem_rd=00000000
COMMIT t=1695000 wb_pc=00000258 wb_we=1 wb_rd=x1 wb_val=ffffa00a IF_pc=00000268 IF_inst=00011703 ID_pc=00000264 ID_inst=00111023 EX_pc=00000260 EX_alu=00000270 mem_we=0 mem_addr=0000025c mem_wd=00000000 mem_rd=00000797
COMMIT t=1705000 wb_pc=0000025c wb_we=1 wb_rd=x15 wb_val=0000025c IF_pc=00000268 IF_inst=00011703 ID_pc=00000264 ID_inst=00111023 EX_pc=00000264 EX_alu=00001f4a mem_we=0 mem_addr=00000270 mem_wd=ffffff00 mem_rd=00008713
COMMIT t=1715000 wb_pc=00000260 wb_we=1 wb_rd=x15 wb_val=00000270 IF_pc=0000026c IF_inst=0080006f ID_pc=00000268 ID_inst=00011703 EX_pc=00000264 EX_alu=00001f4a mem_we=0 mem_addr=00001f4a mem_wd=a00a0013 mem_rd=beef0aa0
MEM_WRITE t=1725000 pc=00000264 addr=00001f4a wd=a00a0aa0 ctrl=1
COMMIT t=1735000 wb_pc=00000264 wb_we=0 wb_rd=x0 wb_val=00001f4a IF_pc=00000274 IF_inst=ffffa3b7 ID_pc=00000270 ID_inst=00008713 EX_pc=0000026c EX_alu=00000274 mem_we=0 mem_addr=00001f4a mem_wd=0000beef mem_rd=a00a0aa0
COMMIT t=1745000 wb_pc=00000268 wb_we=1 wb_rd=x14 wb_val=ffffa00a IF_pc=00000000 IF_inst=00000013 ID_pc=00000000 ID_inst=00000013 EX_pc=00000000 EX_alu=00000000 mem_we=0 mem_addr=00000274 mem_wd=ffffa000 mem_rd=ffffa3b7
COMMIT t=1755000 wb_pc=0000026c wb_we=1 wb_rd=x0 wb_val=00000270 IF_pc=00000274 IF_inst=ffffa3b7 ID_pc=00000000 ID_inst=00000013 EX_pc=00000000 EX_alu=00000000 mem_we=0 mem_addr=00000000 mem_wd=00000000 mem_rd=0540006f
COMMIT t=1785000 wb_pc=00000000 wb_we=1 wb_rd=x0 wb_val=00000000 IF_pc=00000280 IF_inst=00a00193 ID_pc=0000027c ID_inst=34771663 EX_pc=00000278 EX_alu=ffffa00a mem_we=0 mem_addr=ffffa000 mem_wd=00000000 mem_rd=00000000
COMMIT t=1795000 wb_pc=00000274 wb_we=1 wb_rd=x7 wb_val=ffffa000 IF_pc=00000284 IF_inst=00002097 ID_pc=00000280 ID_inst=00a00193 EX_pc=0000027c EX_alu=000005c8 mem_we=0 mem_addr=ffffa00a mem_wd=00000000 mem_rd=00000000
COMMIT t=1805000 wb_pc=00000278 wb_we=1 wb_rd=x7 wb_val=ffffa00a IF_pc=00000288 IF_inst=cc808093 ID_pc=00000284 ID_inst=00002097 EX_pc=00000280 EX_alu=0000000a mem_we=0 mem_addr=000005c8 mem_wd=0000a00a mem_rd=0ff0000f
COMMIT t=1815000 wb_pc=0000027c wb_we=0 wb_rd=x12 wb_val=000005c8 IF_pc=0000028c IF_inst=12345137 ID_pc=00000288 ID_inst=cc808093 EX_pc=00000284 EX_alu=00002284 mem_we=0 mem_addr=0000000a mem_wd=0000000f mem_rd=00800f93
COMMIT t=1825000 wb_pc=00000280 wb_we=1 wb_rd=x3 wb_val=0000000a IF_pc=00000290 IF_inst=67810113 ID_pc=0000028c ID_inst=12345137 EX_pc=00000288 EX_alu=00001f4c mem_we=0 mem_addr=00002284 mem_wd=00000000 mem_rd=00000000
COMMIT t=1835000 wb_pc=00000284 wb_we=1 wb_rd=x1 wb_val=00002284 IF_pc=00000294 IF_inst=fe008213 ID_pc=00000290 ID_inst=67810113 EX_pc=0000028c EX_alu=12345000 mem_we=0 mem_addr=00001f4c mem_wd=00000000 mem_rd=beefbeef
COMMIT t=1845000 wb_pc=00000288 wb_we=1 wb_rd=x1 wb_val=00001f4c IF_pc=00000298 IF_inst=02221023 ID_pc=00000294 ID_inst=fe008213 EX_pc=00000290 EX_alu=12345678 mem_we=0 mem_addr=12345000 mem_wd=ffff000a mem_rd=00000000
COMMIT t=1855000 wb_pc=0000028c wb_we=1 wb_rd=x2 wb_val=12345000 IF_pc=0000029c IF_inst=00009283 ID_pc=00000298 ID_inst=02221023 EX_pc=00000294 EX_alu=00001f2c mem_we=0 mem_addr=12345678 mem_wd=00000000 mem_rd=00000000
COMMIT t=1865000 wb_pc=00000290 wb_we=1 wb_rd=x2 wb_val=12345678 IF_pc=0000029c IF_inst=00009283 ID_pc=00000298 ID_inst=02221023 EX_pc=00000298 EX_alu=00001f4c mem_we=0 mem_addr=00001f2c mem_wd=00000000 mem_rd=00000000
COMMIT t=1875000 wb_pc=00000294 wb_we=1 wb_rd=x4 wb_val=00001f2c IF_pc=000002a0 IF_inst=000053b7 ID_pc=0000029c ID_inst=00009283 EX_pc=00000298 EX_alu=00001f4c mem_we=0 mem_addr=00001f4c mem_wd=12345000 mem_rd=beefbeef
MEM_WRITE t=1885000 pc=00000298 addr=00001f4c wd=beef5678 ctrl=1
COMMIT t=1895000 wb_pc=00000298 wb_we=0 wb_rd=x0 wb_val=00001f4c IF_pc=000002a8 IF_inst=32729063 ID_pc=000002a4 ID_inst=67838393 EX_pc=000002a0 EX_alu=00005000 mem_we=0 mem_addr=00001f4c mem_wd=ffff0000 mem_rd=beef5678
COMMIT t=1905000 wb_pc=0000029c wb_we=1 wb_rd=x5 wb_val=00005678 IF_pc=000002ac IF_inst=00b00193 ID_pc=000002a8 ID_inst=32729063 EX_pc=000002a4 EX_alu=00005678 mem_we=0 mem_addr=00005000 mem_wd=00000000 mem_rd=00000000
COMMIT t=1915000 wb_pc=000002a0 wb_we=1 wb_rd=x7 wb_val=00005000 IF_pc=000002b0 IF_inst=00002097 ID_pc=000002ac ID_inst=00b00193 EX_pc=000002a8 EX_alu=000005c8 mem_we=0 mem_addr=00005678 mem_wd=00000000 mem_rd=00000000
COMMIT t=1925000 wb_pc=000002a4 wb_we=1 wb_rd=x7 wb_val=00005678 IF_pc=000002b4 IF_inst=c9c08093 ID_pc=000002b0 ID_inst=00002097 EX_pc=000002ac EX_alu=0000000b mem_we=0 mem_addr=000005c8 mem_wd=00005678 mem_rd=0ff0000f
COMMIT t=1935000 wb_pc=000002a8 wb_we=0 wb_rd=x0 wb_val=000005c8 IF_pc=000002b8 IF_inst=00003137 ID_pc=000002b4 ID_inst=c9c08093 EX_pc=000002b0 EX_alu=000022b0 mem_we=0 mem_addr=0000000b mem_wd=0000000f mem_rd=00800f93
COMMIT t=1945000 wb_pc=000002ac wb_we=1 wb_rd=x3 wb_val=0000000b IF_pc=000002bc IF_inst=09810113 ID_pc=000002b8 ID_inst=00003137 EX_pc=000002b4 EX_alu=00001f4c mem_we=0 mem_addr=000022b0 mem_wd=00000000 mem_rd=00000000
COMMIT t=1955000 wb_pc=000002b0 wb_we=1 wb_rd=x1 wb_val=000022b0 IF_pc=000002c0 IF_inst=ffb08093 ID_pc=000002bc ID_inst=09810113 EX_pc=000002b8 EX_alu=00003000 mem_we=0 mem_addr=00001f4c mem_wd=00000000 mem_rd=beef5678
COMMIT t=1965000 wb_pc=000002b4 wb_we=1 wb_rd=x1 wb_val=00001f4c IF_pc=000002c4 IF_inst=002093a3 ID_pc=000002c0 ID_inst=ffb08093 EX_pc=000002bc EX_alu=00003098 mem_we=0 mem_addr=00003000 mem_wd=00000000 mem_rd=00000000
COMMIT t=1975000 wb_pc=000002b8 wb_we=1 wb_rd=x2 wb_val=00003000 IF_pc=000002c8 IF_inst=00002217 ID_pc=000002c4 ID_inst=002093a3 EX_pc=000002c0 EX_alu=00001f47 mem_we=0 mem_addr=00003098 mem_wd=00000000 mem_rd=00000000
COMMIT t=1985000 wb_pc=000002bc wb_we=1 wb_rd=x2 wb_val=00003098 IF_pc=000002c8 IF_inst=00002217 ID_pc=000002c4 ID_inst=002093a3 EX_pc=000002c4 EX_alu=00001f4e mem_we=0 mem_addr=00001f47 mem_wd=00000000 mem_rd=aa0000aa
COMMIT t=1995000 wb_pc=000002c0 wb_we=1 wb_rd=x1 wb_val=00001f47 IF_pc=000002cc IF_inst=c8620213 ID_pc=000002c8 ID_inst=00002217 EX_pc=000002c4 EX_alu=00001f4e mem_we=0 mem_addr=00001f4e mem_wd=3000ffaa mem_rd=beef5678
MEM_WRITE t=2005000 pc=000002c4 addr=00001f4e wd=30985678 ctrl=1
COMMIT t=2015000 wb_pc=000002c4 wb_we=0 wb_rd=x7 wb_val=00001f4e IF_pc=000002d4 IF_inst=000033b7 ID_pc=000002d0 ID_inst=00021283 EX_pc=000002cc EX_alu=00001f4e mem_we=0 mem_addr=000022c8 mem_wd=00000000 mem_rd=00000000
COMMIT t=2025000 wb_pc=000002c8 wb_we=1 wb_rd=x4 wb_val=000022c8 IF_pc=000002d8 IF_inst=09838393 ID_pc=000002d4 ID_inst=000033b7 EX_pc=000002d0 EX_alu=00001f4e mem_we=0 mem_addr=00001f4e mem_wd=00000000 mem_rd=30985678
COMMIT t=2035000 wb_pc=000002cc wb_we=1 wb_rd=x4 wb_val=00001f4e IF_pc=000002dc IF_inst=2e729663 ID_pc=000002d8 ID_inst=09838393 EX_pc=000002d4 EX_alu=00003000 mem_we=0 mem_addr=00001f4e mem_wd=0000ff98 mem_rd=30985678
COMMIT t=2045000 wb_pc=000002d0 wb_we=1 wb_rd=x5 wb_val=00003098 IF_pc=000002e0 IF_inst=00c00193 ID_pc=000002dc ID_inst=2e729663 EX_pc=000002d8 EX_alu=00003098 mem_we=0 mem_addr=00003000 mem_wd=00000000 mem_rd=00000000
COMMIT t=2055000 wb_pc=000002d4 wb_we=1 wb_rd=x7 wb_val=00003000 IF_pc=000002e4 IF_inst=00000213 ID_pc=000002e0 ID_inst=00c00193 EX_pc=000002dc EX_alu=000005c8 mem_we=0 mem_addr=00003098 mem_wd=00000000 mem_rd=00000000
COMMIT t=2065000 wb_pc=000002d8 wb_we=1 wb_rd=x7 wb_val=00003098 IF_pc=000002e8 IF_inst=ffffd6b7 ID_pc=000002e4 ID_inst=00000213 EX_pc=000002e0 EX_alu=0000000c mem_we=0 mem_addr=000005c8 mem_wd=00003098 mem_rd=0ff0000f
COMMIT t=2075000 wb_pc=000002dc wb_we=0 wb_rd=x12 wb_val=000005c8 IF_pc=000002ec IF_inst=cdd68693 ID_pc=000002e8 ID_inst=ffffd6b7 EX_pc=000002e4 EX_alu=00000000 mem_we=0 mem_addr=0000000c mem_wd=00000000 mem_rd=03ff0a63
COMMIT t=2085000 wb_pc=000002e0 wb_we=1 wb_rd=x3 wb_val=0000000c IF_pc=000002f0 IF_inst=00002617 ID_pc=000002ec ID_inst=cdd68693 EX_pc=000002e8 EX_alu=ffffd000 mem_we=0 mem_addr=00000000 mem_wd=00000000 mem_rd=0540006f
COMMIT t=2095000 wb_pc=000002e4 wb_we=1 wb_rd=x4 wb_val=00000000 IF_pc=000002f4 IF_inst=c4c60613 ID_pc=000002f0 ID_inst=00002617 EX_pc=000002ec EX_alu=ffffccdd mem_we=0 mem_addr=ffffd000 mem_wd=00000000 mem_rd=00000000
COMMIT t=2105000 wb_pc=000002e8 wb_we=1 wb_rd=x13 wb_val=ffffd000 IF_pc=000002f8 IF_inst=00d61023 ID_pc=000002f4 ID_inst=c4c60613 EX_pc=000002f0 EX_alu=000022f0 mem_we=0 mem_addr=ffffccdd mem_wd=00000000 mem_rd=00000000
COMMIT t=2115000 wb_pc=000002ec wb_we=1 wb_rd=x13 wb_val=ffffccdd IF_pc=000002fc IF_inst=00061703 ID_pc=000002f8 ID_inst=00d61023 EX_pc=000002f4 EX_alu=00001f3c mem_we=0 mem_addr=000022f0 mem_wd=00000000 mem_rd=00000000
COMMIT t=2125000 wb_pc=000002f0 wb_we=1 wb_rd=x12 wb_val=000022f0 IF_pc=000002fc IF_inst=00061703 ID_pc=000002f8 ID_inst=00d61023 EX_pc=000002f8 EX_alu=00001f3c mem_we=0 mem_addr=00001f3c mem_wd=000000f0 mem_rd=aa0000aa
COMMIT t=2135000 wb_pc=000002f4 wb_we=1 wb_rd=x12 wb_val=00001f3c IF_pc=00000300 IF_inst=ffffd3b7 ID_pc=000002fc ID_inst=00061703 EX_pc=000002f8 EX_alu=00001f3c mem_we=0 mem_addr=00001f3c mem_wd=ffffccdd mem_rd=aa0000aa
MEM_WRITE t=2145000 pc=000002f8 addr=00001f3c wd=aa00ccdd ctrl=1
COMMIT t=2155000 wb_pc=000002f8 wb_we=0 wb_rd=x0 wb_val=00001f3c IF_pc=00000308 IF_inst=2c771063 ID_pc=00000304 ID_inst=cdd38393 EX_pc=00000300 EX_alu=ffffd000 mem_we=0 mem_addr=00001f3c mem_wd=00000000 mem_rd=aa00ccdd
COMMIT t=2165000 wb_pc=000002fc wb_we=1 wb_rd=x14 wb_val=ffffccdd IF_pc=0000030c IF_inst=00120213 ID_pc=00000308 ID_inst=2c771063 EX_pc=00000304 EX_alu=ffffccdd mem_we=0 mem_addr=ffffd000 mem_wd=ffff0000 mem_rd=00000000
COMMIT t=2175000 wb_pc=00000300 wb_we=1 wb_rd=x7 wb_val=ffffd000 IF_pc=00000310 IF_inst=00200293 ID_pc=0000030c ID_inst=00120213 EX_pc=00000308 EX_alu=000005c8 mem_we=0 mem_addr=ffffccdd mem_wd=00000000 mem_rd=00000000
COMMIT t=2185000 wb_pc=00000304 wb_we=1 wb_rd=x7 wb_val=ffffccdd IF_pc=00000314 IF_inst=fc521ae3 ID_pc=00000310 ID_inst=00200293 EX_pc=0000030c EX_alu=00000001 mem_we=0 mem_addr=000005c8 mem_wd=0000ccdd mem_rd=0ff0000f
COMMIT t=2195000 wb_pc=00000308 wb_we=0 wb_rd=x0 wb_val=000005c8 IF_pc=00000318 IF_inst=00d00193 ID_pc=00000314 ID_inst=fc521ae3 EX_pc=00000310 EX_alu=00000002 mem_we=0 mem_addr=00000001 mem_wd=0000470f mem_rd=0540006f
COMMIT t=2205000 wb_pc=0000030c wb_we=1 wb_rd=x4 wb_val=00000001 IF_pc=0000031c IF_inst=00000213 ID_pc=00000318 ID_inst=00d00193 EX_pc=00000314 EX_alu=000002e8 mem_we=0 mem_addr=00000002 mem_wd=00980000 mem_rd=0540006f
COMMIT t=2215000 wb_pc=00000310 wb_we=1 wb_rd=x5 wb_val=00000002 IF_pc=00000000 IF_inst=00000013 ID_pc=00000000 ID_inst=00000013 EX_pc=00000000 EX_alu=00000000 mem_we=0 mem_addr=000002e8 mem_wd=00000002 mem_rd=ffffd6b7
COMMIT t=2225000 wb_pc=00000314 wb_we=0 wb_rd=x21 wb_val=000002e8 IF_pc=000002e8 IF_inst=ffffd6b7 ID_pc=00000000 ID_inst=00000013 EX_pc=00000000 EX_alu=00000000 mem_we=0 mem_addr=00000000 mem_wd=00000000 mem_rd=0540006f
COMMIT t=2255000 wb_pc=00000000 wb_we=1 wb_rd=x0 wb_val=00000000 IF_pc=000002f4 IF_inst=c4c60613 ID_pc=000002f0 ID_inst=00002617 EX_pc=000002ec EX_alu=ffffccdd mem_we=0 mem_addr=ffffd000 mem_wd=00000000 mem_rd=00000000
COMMIT t=2265000 wb_pc=000002e8 wb_we=1 wb_rd=x13 wb_val=ffffd000 IF_pc=000002f8 IF_inst=00d61023 ID_pc=000002f4 ID_inst=c4c60613 EX_pc=000002f0 EX_alu=000022f0 mem_we=0 mem_addr=ffffccdd mem_wd=00000000 mem_rd=00000000
COMMIT t=2275000 wb_pc=000002ec wb_we=1 wb_rd=x13 wb_val=ffffccdd IF_pc=000002fc IF_inst=00061703 ID_pc=000002f8 ID_inst=00d61023 EX_pc=000002f4 EX_alu=00001f3c mem_we=0 mem_addr=000022f0 mem_wd=00000000 mem_rd=00000000
COMMIT t=2285000 wb_pc=000002f0 wb_we=1 wb_rd=x12 wb_val=000022f0 IF_pc=000002fc IF_inst=00061703 ID_pc=000002f8 ID_inst=00d61023 EX_pc=000002f8 EX_alu=00001f3c mem_we=0 mem_addr=00001f3c mem_wd=000000f0 mem_rd=aa00ccdd
COMMIT t=2295000 wb_pc=000002f4 wb_we=1 wb_rd=x12 wb_val=00001f3c IF_pc=00000300 IF_inst=ffffd3b7 ID_pc=000002fc ID_inst=00061703 EX_pc=000002f8 EX_alu=00001f3c mem_we=0 mem_addr=00001f3c mem_wd=ffffccdd mem_rd=aa00ccdd
MEM_WRITE t=2305000 pc=000002f8 addr=00001f3c wd=aa00ccdd ctrl=1
COMMIT t=2315000 wb_pc=000002f8 wb_we=0 wb_rd=x0 wb_val=00001f3c IF_pc=00000308 IF_inst=2c771063 ID_pc=00000304 ID_inst=cdd38393 EX_pc=00000300 EX_alu=ffffd000 mem_we=0 mem_addr=00001f3c mem_wd=ffff0000 mem_rd=aa00ccdd
COMMIT t=2325000 wb_pc=000002fc wb_we=1 wb_rd=x14 wb_val=ffffccdd IF_pc=0000030c IF_inst=00120213 ID_pc=00000308 ID_inst=2c771063 EX_pc=00000304 EX_alu=ffffccdd mem_we=0 mem_addr=ffffd000 mem_wd=ffff0000 mem_rd=00000000
COMMIT t=2335000 wb_pc=00000300 wb_we=1 wb_rd=x7 wb_val=ffffd000 IF_pc=00000310 IF_inst=00200293 ID_pc=0000030c ID_inst=00120213 EX_pc=00000308 EX_alu=000005c8 mem_we=0 mem_addr=ffffccdd mem_wd=00000000 mem_rd=00000000
COMMIT t=2345000 wb_pc=00000304 wb_we=1 wb_rd=x7 wb_val=ffffccdd IF_pc=00000314 IF_inst=fc521ae3 ID_pc=00000310 ID_inst=00200293 EX_pc=0000030c EX_alu=00000002 mem_we=0 mem_addr=000005c8 mem_wd=0000ccdd mem_rd=0ff0000f
COMMIT t=2355000 wb_pc=00000308 wb_we=0 wb_rd=x0 wb_val=000005c8 IF_pc=00000318 IF_inst=00d00193 ID_pc=00000314 ID_inst=fc521ae3 EX_pc=00000310 EX_alu=00000002 mem_we=0 mem_addr=00000002 mem_wd=0047000f mem_rd=0540006f
COMMIT t=2365000 wb_pc=0000030c wb_we=1 wb_rd=x4 wb_val=00000002 IF_pc=0000031c IF_inst=00000213 ID_pc=00000318 ID_inst=00d00193 EX_pc=00000314 EX_alu=000002e8 mem_we=0 mem_addr=00000002 mem_wd=00980040 mem_rd=0540006f
COMMIT t=2375000 wb_pc=00000310 wb_we=1 wb_rd=x5 wb_val=00000002 IF_pc=00000320 IF_inst=ffffc6b7 ID_pc=0000031c ID_inst=00000213 EX_pc=00000318 EX_alu=0000000d mem_we=0 mem_addr=000002e8 mem_wd=00000002 mem_rd=ffffd6b7
COMMIT t=2385000 wb_pc=00000314 wb_we=0 wb_rd=x21 wb_val=000002e8 IF_pc=00000324 IF_inst=ccd68693 ID_pc=00000320 ID_inst=ffffc6b7 EX_pc=0000031c EX_alu=00000000 mem_we=0 mem_addr=0000000d mem_wd=ffffddb7 mem_rd=03ff0a63
COMMIT t=2395000 wb_pc=00000318 wb_we=1 wb_rd=x3 wb_val=0000000d IF_pc=00000328 IF_inst=00002617 ID_pc=00000324 ID_inst=ccd68693 EX_pc=00000320 EX_alu=ffffc000 mem_we=0 mem_addr=00000000 mem_wd=00000000 mem_rd=0540006f
COMMIT t=2405000 wb_pc=0000031c wb_we=1 wb_rd=x4 wb_val=00000000 IF_pc=0000032c IF_inst=c1460613 ID_pc=00000328 ID_inst=00002617 EX_pc=00000324 EX_alu=ffffbccd mem_we=0 mem_addr=ffffc000 mem_wd=00000000 mem_rd=00000000
COMMIT t=2415000 wb_pc=00000320 wb_we=1 wb_rd=x13 wb_val=ffffc000 IF_pc=00000330 IF_inst=00000013 ID_pc=0000032c ID_inst=c1460613 EX_pc=00000328 EX_alu=00002328 mem_we=0 mem_addr=ffffbccd mem_wd=00000000 mem_rd=00000000
COMMIT t=2425000 wb_pc=00000324 wb_we=1 wb_rd=x13 wb_val=ffffbccd IF_pc=00000334 IF_inst=00d61123 ID_pc=00000330 ID_inst=00000013 EX_pc=0000032c EX_alu=00001f3c mem_we=0 mem_addr=00002328 mem_wd=00000000 mem_rd=00000000
COMMIT t=2435000 wb_pc=00000328 wb_we=1 wb_rd=x12 wb_val=00002328 IF_pc=00000338 IF_inst=00261703 ID_pc=00000334 ID_inst=00d61123 EX_pc=00000330 EX_alu=00000000 mem_we=0 mem_addr=00001f3c mem_wd=00000000 mem_rd=aa00ccdd
COMMIT t=2445000 wb_pc=0000032c wb_we=1 wb_rd=x12 wb_val=00001f3c IF_pc=00000338 IF_inst=00261703 ID_pc=00000334 ID_inst=00d61123 EX_pc=00000334 EX_alu=00001f3e mem_we=0 mem_addr=00000000 mem_wd=ffffff00 mem_rd=0540006f
COMMIT t=2455000 wb_pc=00000330 wb_we=1 wb_rd=x0 wb_val=00000000 IF_pc=0000033c IF_inst=ffffc3b7 ID_pc=00000338 ID_inst=00261703 EX_pc=00000334 EX_alu=00001f3e mem_we=0 mem_addr=00001f3e mem_wd=bccd006f mem_rd=aa00ccdd
MEM_WRITE t=2465000 pc=00000334 addr=00001f3e wd=bccdccdd ctrl=1
COMMIT t=2475000 wb_pc=00000334 wb_we=0 wb_rd=x2 wb_val=00001f3e IF_pc=00000344 IF_inst=28771263 ID_pc=00000340 ID_inst=ccd38393 EX_pc=0000033c EX_alu=ffffc000 mem_we=0 mem_addr=00001f3e mem_wd=3098aa00 mem_rd=bccdccdd
COMMIT t=2485000 wb_pc=00000338 wb_we=1 wb_rd=x14 wb_val=ffffbccd IF_pc=00000348 IF_inst=00120213 ID_pc=00000344 ID_inst=28771263 EX_pc=00000340 EX_alu=ffffbccd mem_we=0 mem_addr=ffffc000 mem_wd=ffffbc00 mem_rd=00000000
COMMIT t=2495000 wb_pc=0000033c wb_we=1 wb_rd=x7 wb_val=ffffc000 IF_pc=0000034c IF_inst=00200293 ID_pc=00000348 ID_inst=00120213 EX_pc=00000344 EX_alu=000005c8 mem_we=0 mem_addr=ffffbccd mem_wd=0000cd00 mem_rd=00000000
COMMIT t=2505000 wb_pc=00000340 wb_we=1 wb_rd=x7 wb_val=ffffbccd IF_pc=00000350 IF_inst=fc5218e3 ID_pc=0000034c ID_inst=00200293 EX_pc=00000348 EX_alu=00000001 mem_we=0 mem_addr=000005c8 mem_wd=0000bccd mem_rd=0ff0000f
COMMIT t=2515000 wb_pc=00000344 wb_we=0 wb_rd=x4 wb_val=000005c8 IF_pc=00000354 IF_inst=00e00193 ID_pc=00000350 ID_inst=fc5218e3 EX_pc=0000034c EX_alu=00000002 mem_we=0 mem_addr=00000001 mem_wd=0000470f mem_rd=0540006f
COMMIT t=2525000 wb_pc=00000348 wb_we=1 wb_rd=x4 wb_val=00000001 IF_pc=00000358 IF_inst=00000213 ID_pc=00000354 ID_inst=00e00193 EX_pc=00000350 EX_alu=00000320 mem_we=0 mem_addr=00000002 mem_wd=00980000 mem_rd=0540006f
COMMIT t=2535000 wb_pc=0000034c wb_we=1 wb_rd=x5 wb_val=00000002 IF_pc=00000000 IF_inst=00000013 ID_pc=00000000 ID_inst=00000013 EX_pc=00000000 EX_alu=00000000 mem_we=0 mem_addr=00000320 mem_wd=00000002 mem_rd=ffffc6b7
COMMIT t=2545000 wb_pc=00000350 wb_we=0 wb_rd=x17 wb_val=00000320 IF_pc=00000320 IF_inst=ffffc6b7 ID_pc=00000000 ID_inst=00000013 EX_pc=00000000 EX_alu=00000000 mem_we=0 mem_addr=00000000 mem_wd=00000000 mem_rd=0540006f
COMMIT t=2575000 wb_pc=00000000 wb_we=1 wb_rd=x0 wb_val=00000000 IF_pc=0000032c IF_inst=c1460613 ID_pc=00000328 ID_inst=00002617 EX_pc=00000324 EX_alu=ffffbccd mem_we=0 mem_addr=ffffc000 mem_wd=00000000 mem_rd=00000000
COMMIT t=2585000 wb_pc=00000320 wb_we=1 wb_rd=x13 wb_val=ffffc000 IF_pc=00000330 IF_inst=00000013 ID_pc=0000032c ID_inst=c1460613 EX_pc=00000328 EX_alu=00002328 mem_we=0 mem_addr=ffffbccd mem_wd=00000000 mem_rd=00000000
COMMIT t=2595000 wb_pc=00000324 wb_we=1 wb_rd=x13 wb_val=ffffbccd IF_pc=00000334 IF_inst=00d61123 ID_pc=00000330 ID_inst=00000013 EX_pc=0000032c EX_alu=00001f3c mem_we=0 mem_addr=00002328 mem_wd=00000000 mem_rd=00000000
COMMIT t=2605000 wb_pc=00000328 wb_we=1 wb_rd=x12 wb_val=00002328 IF_pc=00000338 IF_inst=00261703 ID_pc=00000334 ID_inst=00d61123 EX_pc=00000330 EX_alu=00000000 mem_we=0 mem_addr=00001f3c mem_wd=00000000 mem_rd=bccdccdd
COMMIT t=2615000 wb_pc=0000032c wb_we=1 wb_rd=x12 wb_val=00001f3c IF_pc=00000338 IF_inst=00261703 ID_pc=00000334 ID_inst=00d61123 EX_pc=00000334 EX_alu=00001f3e mem_we=0 mem_addr=00000000 mem_wd=ffffff00 mem_rd=0540006f
COMMIT t=2625000 wb_pc=00000330 wb_we=1 wb_rd=x0 wb_val=00000000 IF_pc=0000033c IF_inst=ffffc3b7 ID_pc=00000338 ID_inst=00261703 EX_pc=00000334 EX_alu=00001f3e mem_we=0 mem_addr=00001f3e mem_wd=bccd006f mem_rd=bccdccdd
MEM_WRITE t=2635000 pc=00000334 addr=00001f3e wd=bccdccdd ctrl=1
COMMIT t=2645000 wb_pc=00000334 wb_we=0 wb_rd=x2 wb_val=00001f3e IF_pc=00000344 IF_inst=28771263 ID_pc=00000340 ID_inst=ccd38393 EX_pc=0000033c EX_alu=ffffc000 mem_we=0 mem_addr=00001f3e mem_wd=3098bccd mem_rd=bccdccdd
COMMIT t=2655000 wb_pc=00000338 wb_we=1 wb_rd=x14 wb_val=ffffbccd IF_pc=00000348 IF_inst=00120213 ID_pc=00000344 ID_inst=28771263 EX_pc=00000340 EX_alu=ffffbccd mem_we=0 mem_addr=ffffc000 mem_wd=ffffbc00 mem_rd=00000000
COMMIT t=2665000 wb_pc=0000033c wb_we=1 wb_rd=x7 wb_val=ffffc000 IF_pc=0000034c IF_inst=00200293 ID_pc=00000348 ID_inst=00120213 EX_pc=00000344 EX_alu=000005c8 mem_we=0 mem_addr=ffffbccd mem_wd=0000cd00 mem_rd=00000000
COMMIT t=2675000 wb_pc=00000340 wb_we=1 wb_rd=x7 wb_val=ffffbccd IF_pc=00000350 IF_inst=fc5218e3 ID_pc=0000034c ID_inst=00200293 EX_pc=00000348 EX_alu=00000002 mem_we=0 mem_addr=000005c8 mem_wd=0000bccd mem_rd=0ff0000f
COMMIT t=2685000 wb_pc=00000344 wb_we=0 wb_rd=x4 wb_val=000005c8 IF_pc=00000354 IF_inst=00e00193 ID_pc=00000350 ID_inst=fc5218e3 EX_pc=0000034c EX_alu=00000002 mem_we=0 mem_addr=00000002 mem_wd=0047000f mem_rd=0540006f
COMMIT t=2695000 wb_pc=00000348 wb_we=1 wb_rd=x4 wb_val=00000002 IF_pc=00000358 IF_inst=00000213 ID_pc=00000354 ID_inst=00e00193 EX_pc=00000350 EX_alu=00000320 mem_we=0 mem_addr=00000002 mem_wd=00980040 mem_rd=0540006f
COMMIT t=2705000 wb_pc=0000034c wb_we=1 wb_rd=x5 wb_val=00000002 IF_pc=0000035c IF_inst=ffffc6b7 ID_pc=00000358 ID_inst=00000213 EX_pc=00000354 EX_alu=0000000e mem_we=0 mem_addr=00000320 mem_wd=00000002 mem_rd=ffffc6b7
COMMIT t=2715000 wb_pc=00000350 wb_we=0 wb_rd=x17 wb_val=00000320 IF_pc=00000360 IF_inst=bcc68693 ID_pc=0000035c ID_inst=ffffc6b7 EX_pc=00000358 EX_alu=00000000 mem_we=0 mem_addr=0000000e mem_wd=ffcdc6b7 mem_rd=03ff0a63
COMMIT t=2725000 wb_pc=00000354 wb_we=1 wb_rd=x3 wb_val=0000000e IF_pc=00000364 IF_inst=00002617 ID_pc=00000360 ID_inst=bcc68693 EX_pc=0000035c EX_alu=ffffc000 mem_we=0 mem_addr=00000000 mem_wd=ffffff00 mem_rd=0540006f
COMMIT t=2735000 wb_pc=00000358 wb_we=1 wb_rd=x4 wb_val=00000000 IF_pc=00000368 IF_inst=bd860613 ID_pc=00000364 ID_inst=00002617 EX_pc=00000360 EX_alu=ffffbbcc mem_we=0 mem_addr=ffffc000 mem_wd=00000000 mem_rd=00000000
COMMIT t=2745000 wb_pc=0000035c wb_we=1 wb_rd=x13 wb_val=ffffc000 IF_pc=0000036c IF_inst=00000013 ID_pc=00000368 ID_inst=bd860613 EX_pc=00000364 EX_alu=00002364 mem_we=0 mem_addr=ffffbbcc mem_wd=0000003c mem_rd=00000000
COMMIT t=2755000 wb_pc=00000360 wb_we=1 wb_rd=x13 wb_val=ffffbbcc IF_pc=00000370 IF_inst=00000013 ID_pc=0000036c ID_inst=00000013 EX_pc=00000368 EX_alu=00001f3c mem_we=0 mem_addr=00002364 mem_wd=00000000 mem_rd=00000000
COMMIT t=2765000 wb_pc=00000364 wb_we=1 wb_rd=x12 wb_val=00002364 IF_pc=00000374 IF_inst=00d61223 ID_pc=00000370 ID_inst=00000013 EX_pc=0000036c EX_alu=00000000 mem_we=0 mem_addr=00001f3c mem_wd=00000000 mem_rd=bccdccdd
COMMIT t=2775000 wb_pc=00000368 wb_we=1 wb_rd=x12 wb_val=00001f3c IF_pc=00000378 IF_inst=00461703 ID_pc=00000374 ID_inst=00d61223 EX_pc=00000370 EX_alu=00000000 mem_we=0 mem_addr=00000000 mem_wd=ffffff00 mem_rd=0540006f
COMMIT t=2785000 wb_pc=0000036c wb_we=1 wb_rd=x0 wb_val=00000000 IF_pc=00000378 IF_inst=00461703 ID_pc=00000374 ID_inst=00d61223 EX_pc=00000374 EX_alu=00001f40 mem_we=0 mem_addr=00000000 mem_wd=00000000 mem_rd=0540006f
COMMIT t=2795000 wb_pc=00000370 wb_we=1 wb_rd=x0 wb_val=00000000 IF_pc=0000037c IF_inst=ffffc3b7 ID_pc=00000378 ID_inst=00461703 EX_pc=00000374 EX_alu=00001f40 mem_we=0 mem_addr=00001f40 mem_wd=ffffbbcc mem_rd=a00a0aa0
MEM_WRITE t=2805000 pc=00000374 addr=00001f40 wd=a00abbcc ctrl=1
COMMIT t=2815000 wb_pc=00000374 wb_we=0 wb_rd=x4 wb_val=00001f40 IF_pc=00000384 IF_inst=24771263 ID_pc=00000380 ID_inst=bcc38393 EX_pc=0000037c EX_alu=ffffc000 mem_we=0 mem_addr=00001f40 mem_wd=00000000 mem_rd=a00abbcc
COMMIT t=2825000 wb_pc=00000378 wb_we=1 wb_rd=x14 wb_val=ffffbbcc IF_pc=00000388 IF_inst=00120213 ID_pc=00000384 ID_inst=24771263 EX_pc=00000380 EX_alu=ffffbbcc mem_we=0 mem_addr=ffffc000 mem_wd=ffffbb00 mem_rd=00000000
COMMIT t=2835000 wb_pc=0000037c wb_we=1 wb_rd=x7 wb_val=ffffc000 IF_pc=0000038c IF_inst=00200293 ID_pc=00000388 ID_inst=00120213 EX_pc=00000384 EX_alu=000005c8 mem_we=0 mem_addr=ffffbbcc mem_wd=0000003c mem_rd=00000000
COMMIT t=2845000 wb_pc=00000380 wb_we=1 wb_rd=x7 wb_val=ffffbbcc IF_pc=00000390 IF_inst=fc5216e3 ID_pc=0000038c ID_inst=00200293 EX_pc=00000388 EX_alu=00000001 mem_we=0 mem_addr=000005c8 mem_wd=0000bbcc mem_rd=0ff0000f
COMMIT t=2855000 wb_pc=00000384 wb_we=0 wb_rd=x4 wb_val=000005c8 IF_pc=00000394 IF_inst=00f00193 ID_pc=00000390 ID_inst=fc5216e3 EX_pc=0000038c EX_alu=00000002 mem_we=0 mem_addr=00000001 mem_wd=0000470f mem_rd=0540006f
COMMIT t=2865000 wb_pc=00000388 wb_we=1 wb_rd=x4 wb_val=00000001 IF_pc=00000398 IF_inst=00000213 ID_pc=00000394 ID_inst=00f00193 EX_pc=00000390 EX_alu=0000035c mem_we=0 mem_addr=00000002 mem_wd=00980000 mem_rd=0540006f
COMMIT t=2875000 wb_pc=0000038c wb_we=1 wb_rd=x5 wb_val=00000002 IF_pc=00000000 IF_inst=00000013 ID_pc=00000000 ID_inst=00000013 EX_pc=00000000 EX_alu=00000000 mem_we=0 mem_addr=0000035c mem_wd=00000002 mem_rd=ffffc6b7
COMMIT t=2885000 wb_pc=00000390 wb_we=0 wb_rd=x13 wb_val=0000035c IF_pc=0000035c IF_inst=ffffc6b7 ID_pc=00000000 ID_inst=00000013 EX_pc=00000000 EX_alu=00000000 mem_we=0 mem_addr=00000000 mem_wd=00000000 mem_rd=0540006f
COMMIT t=2915000 wb_pc=00000000 wb_we=1 wb_rd=x0 wb_val=00000000 IF_pc=00000368 IF_inst=bd860613 ID_pc=00000364 ID_inst=00002617 EX_pc=00000360 EX_alu=ffffbbcc mem_we=0 mem_addr=ffffc000 mem_wd=00000000 mem_rd=00000000
COMMIT t=2925000 wb_pc=0000035c wb_we=1 wb_rd=x13 wb_val=ffffc000 IF_pc=0000036c IF_inst=00000013 ID_pc=00000368 ID_inst=bd860613 EX_pc=00000364 EX_alu=00002364 mem_we=0 mem_addr=ffffbbcc mem_wd=0000003c mem_rd=00000000
COMMIT t=2935000 wb_pc=00000360 wb_we=1 wb_rd=x13 wb_val=ffffbbcc IF_pc=00000370 IF_inst=00000013 ID_pc=0000036c ID_inst=00000013 EX_pc=00000368 EX_alu=00001f3c mem_we=0 mem_addr=00002364 mem_wd=00000000 mem_rd=00000000
COMMIT t=2945000 wb_pc=00000364 wb_we=1 wb_rd=x12 wb_val=00002364 IF_pc=00000374 IF_inst=00d61223 ID_pc=00000370 ID_inst=00000013 EX_pc=0000036c EX_alu=00000000 mem_we=0 mem_addr=00001f3c mem_wd=00000000 mem_rd=bccdccdd
COMMIT t=2955000 wb_pc=00000368 wb_we=1 wb_rd=x12 wb_val=00001f3c IF_pc=00000378 IF_inst=00461703 ID_pc=00000374 ID_inst=00d61223 EX_pc=00000370 EX_alu=00000000 mem_we=0 mem_addr=00000000 mem_wd=ffffff00 mem_rd=0540006f
COMMIT t=2965000 wb_pc=0000036c wb_we=1 wb_rd=x0 wb_val=00000000 IF_pc=00000378 IF_inst=00461703 ID_pc=00000374 ID_inst=00d61223 EX_pc=00000374 EX_alu=00001f40 mem_we=0 mem_addr=00000000 mem_wd=00000000 mem_rd=0540006f
COMMIT t=2975000 wb_pc=00000370 wb_we=1 wb_rd=x0 wb_val=00000000 IF_pc=0000037c IF_inst=ffffc3b7 ID_pc=00000378 ID_inst=00461703 EX_pc=00000374 EX_alu=00001f40 mem_we=0 mem_addr=00001f40 mem_wd=ffffbbcc mem_rd=a00abbcc
MEM_WRITE t=2985000 pc=00000374 addr=00001f40 wd=a00abbcc ctrl=1
COMMIT t=2995000 wb_pc=00000374 wb_we=0 wb_rd=x4 wb_val=00001f40 IF_pc=00000384 IF_inst=24771263 ID_pc=00000380 ID_inst=bcc38393 EX_pc=0000037c EX_alu=ffffc000 mem_we=0 mem_addr=00001f40 mem_wd=ffff0001 mem_rd=a00abbcc
COMMIT t=3005000 wb_pc=00000378 wb_we=1 wb_rd=x14 wb_val=ffffbbcc IF_pc=00000388 IF_inst=00120213 ID_pc=00000384 ID_inst=24771263 EX_pc=00000380 EX_alu=ffffbbcc mem_we=0 mem_addr=ffffc000 mem_wd=ffffbb00 mem_rd=00000000
COMMIT t=3015000 wb_pc=0000037c wb_we=1 wb_rd=x7 wb_val=ffffc000 IF_pc=0000038c IF_inst=00200293 ID_pc=00000388 ID_inst=00120213 EX_pc=00000384 EX_alu=000005c8 mem_we=0 mem_addr=ffffbbcc mem_wd=0000003c mem_rd=00000000
COMMIT t=3025000 wb_pc=00000380 wb_we=1 wb_rd=x7 wb_val=ffffbbcc IF_pc=00000390 IF_inst=fc5216e3 ID_pc=0000038c ID_inst=00200293 EX_pc=00000388 EX_alu=00000002 mem_we=0 mem_addr=000005c8 mem_wd=0000bbcc mem_rd=0ff0000f
COMMIT t=3035000 wb_pc=00000384 wb_we=0 wb_rd=x4 wb_val=000005c8 IF_pc=00000394 IF_inst=00f00193 ID_pc=00000390 ID_inst=fc5216e3 EX_pc=0000038c EX_alu=00000002 mem_we=0 mem_addr=00000002 mem_wd=0047000f mem_rd=0540006f
COMMIT t=3045000 wb_pc=00000388 wb_we=1 wb_rd=x4 wb_val=00000002 IF_pc=00000398 IF_inst=00000213 ID_pc=00000394 ID_inst=00f00193 EX_pc=00000390 EX_alu=0000035c mem_we=0 mem_addr=00000002 mem_wd=00980040 mem_rd=0540006f
COMMIT t=3055000 wb_pc=0000038c wb_we=1 wb_rd=x5 wb_val=00000002 IF_pc=0000039c IF_inst=ffffb6b7 ID_pc=00000398 ID_inst=00000213 EX_pc=00000394 EX_alu=0000000f mem_we=0 mem_addr=0000035c mem_wd=00000002 mem_rd=ffffc6b7
COMMIT t=3065000 wb_pc=00000390 wb_we=0 wb_rd=x13 wb_val=0000035c IF_pc=000003a0 IF_inst=bbc68693 ID_pc=0000039c ID_inst=ffffb6b7 EX_pc=00000398 EX_alu=00000000 mem_we=0 mem_addr=0000000f mem_wd=70ffc6b7 mem_rd=03ff0a63
COMMIT t=3075000 wb_pc=00000394 wb_we=1 wb_rd=x3 wb_val=0000000f IF_pc=000003a4 IF_inst=00000013 ID_pc=000003a0 ID_inst=bbc68693 EX_pc=0000039c EX_alu=ffffb000 mem_we=0 mem_addr=00000000 mem_wd=00000000 mem_rd=0540006f
COMMIT t=3085000 wb_pc=00000398 wb_we=1 wb_rd=x4 wb_val=00000000 IF_pc=000003a8 IF_inst=00002617 ID_pc=000003a4 ID_inst=00000013 EX_pc=000003a0 EX_alu=ffffabbc mem_we=0 mem_addr=ffffb000 mem_wd=00000000 mem_rd=00000000
COMMIT t=3095000 wb_pc=0000039c wb_we=1 wb_rd=x13 wb_val=ffffb000 IF_pc=000003ac IF_inst=b9460613 ID_pc=000003a8 ID_inst=00002617 EX_pc=000003a4 EX_alu=00000000 mem_we=0 mem_addr=ffffabbc mem_wd=00000000 mem_rd=00000000
COMMIT t=3105000 wb_pc=000003a0 wb_we=1 wb_rd=x13 wb_val=ffffabbc IF_pc=000003b0 IF_inst=00d61323 ID_pc=000003ac ID_inst=b9460613 EX_pc=000003a8 EX_alu=000023a8 mem_we=0 mem_addr=00000000 mem_wd=00000000 mem_rd=0540006f
COMMIT t=3115000 wb_pc=000003a4 wb_we=1 wb_rd=x0 wb_val=00000000 IF_pc=000003b4 IF_inst=00661703 ID_pc=000003b0 ID_inst=00d61323 EX_pc=000003ac EX_alu=00001f3c mem_we=0 mem_addr=000023a8 mem_wd=00000000 mem_rd=00000000
COMMIT t=3125000 wb_pc=000003a8 wb_we=1 wb_rd=x12 wb_val=000023a8 IF_pc=000003b4 IF_inst=00661703 ID_pc=000003b0 ID_inst=00d61323 EX_pc=000003b0 EX_alu=00001f42 mem_we=0 mem_addr=00001f3c mem_wd=00000000 mem_rd=bccdccdd
COMMIT t=3135000 wb_pc=000003ac wb_we=1 wb_rd=x12 wb_val=00001f3c IF_pc=000003b8 IF_inst=ffffb3b7 ID_pc=000003b4 ID_inst=00661703 EX_pc=000003b0 EX_alu=00001f42 mem_we=0 mem_addr=00001f42 mem_wd=abbcffdd mem_rd=a00abbcc
MEM_WRITE t=3145000 pc=000003b0 addr=00001f42 wd=abbcbbcc ctrl=1
COMMIT t=3155000 wb_pc=000003b0 wb_we=0 wb_rd=x6 wb_val=00001f42 IF_pc=000003c0 IF_inst=20771463 ID_pc=000003bc ID_inst=bbc38393 EX_pc=000003b8 EX_alu=ffffb000 mem_we=0 mem_addr=00001f42 mem_wd=0000a00a mem_rd=abbcbbcc
COMMIT t=3165000 wb_pc=000003b4 wb_we=1 wb_rd=x14 wb_val=ffffabbc IF_pc=000003c4 IF_inst=00120213 ID_pc=000003c0 ID_inst=20771463 EX_pc=000003bc EX_alu=ffffabbc mem_we=0 mem_addr=ffffb000 mem_wd=00000000 mem_rd=00000000
COMMIT t=3175000 wb_pc=000003b8 wb_we=1 wb_rd=x7 wb_val=ffffb000 IF_pc=000003c8 IF_inst=00200293 ID_pc=000003c4 ID_inst=00120213 EX_pc=000003c0 EX_alu=000005c8 mem_we=0 mem_addr=ffffabbc mem_wd=00000000 mem_rd=00000000
COMMIT t=3185000 wb_pc=000003bc wb_we=1 wb_rd=x7 wb_val=ffffabbc IF_pc=000003cc IF_inst=fc5218e3 ID_pc=000003c8 ID_inst=00200293 EX_pc=000003c4 EX_alu=00000001 mem_we=0 mem_addr=000005c8 mem_wd=0000abbc mem_rd=0ff0000f
COMMIT t=3195000 wb_pc=000003c0 wb_we=0 wb_rd=x8 wb_val=000005c8 IF_pc=000003d0 IF_inst=01000193 ID_pc=000003cc ID_inst=fc5218e3 EX_pc=000003c8 EX_alu=00000002 mem_we=0 mem_addr=00000001 mem_wd=0000470f mem_rd=0540006f
COMMIT t=3205000 wb_pc=000003c4 wb_we=1 wb_rd=x4 wb_val=00000001 IF_pc=000003d4 IF_inst=00000213 ID_pc=000003d0 ID_inst=01000193 EX_pc=000003cc EX_alu=0000039c mem_we=0 mem_addr=00000002 mem_wd=00980000 mem_rd=0540006f
COMMIT t=3215000 wb_pc=000003c8 wb_we=1 wb_rd=x5 wb_val=00000002 IF_pc=00000000 IF_inst=00000013 ID_pc=00000000 ID_inst=00000013 EX_pc=00000000 EX_alu=00000000 mem_we=0 mem_addr=0000039c mem_wd=00000002 mem_rd=ffffb6b7
COMMIT t=3225000 wb_pc=000003cc wb_we=0 wb_rd=x17 wb_val=0000039c IF_pc=0000039c IF_inst=ffffb6b7 ID_pc=00000000 ID_inst=00000013 EX_pc=00000000 EX_alu=00000000 mem_we=0 mem_addr=00000000 mem_wd=00000000 mem_rd=0540006f
COMMIT t=3255000 wb_pc=00000000 wb_we=1 wb_rd=x0 wb_val=00000000 IF_pc=000003a8 IF_inst=00002617 ID_pc=000003a4 ID_inst=00000013 EX_pc=000003a0 EX_alu=ffffabbc mem_we=0 mem_addr=ffffb000 mem_wd=00000000 mem_rd=00000000
COMMIT t=3265000 wb_pc=0000039c wb_we=1 wb_rd=x13 wb_val=ffffb000 IF_pc=000003ac IF_inst=b9460613 ID_pc=000003a8 ID_inst=00002617 EX_pc=000003a4 EX_alu=00000000 mem_we=0 mem_addr=ffffabbc mem_wd=00000000 mem_rd=00000000
COMMIT t=3275000 wb_pc=000003a0 wb_we=1 wb_rd=x13 wb_val=ffffabbc IF_pc=000003b0 IF_inst=00d61323 ID_pc=000003ac ID_inst=b9460613 EX_pc=000003a8 EX_alu=000023a8 mem_we=0 mem_addr=00000000 mem_wd=00000000 mem_rd=0540006f
COMMIT t=3285000 wb_pc=000003a4 wb_we=1 wb_rd=x0 wb_val=00000000 IF_pc=000003b4 IF_inst=00661703 ID_pc=000003b0 ID_inst=00d61323 EX_pc=000003ac EX_alu=00001f3c mem_we=0 mem_addr=000023a8 mem_wd=00000000 mem_rd=00000000
COMMIT t=3295000 wb_pc=000003a8 wb_we=1 wb_rd=x12 wb_val=000023a8 IF_pc=000003b4 IF_inst=00661703 ID_pc=000003b0 ID_inst=00d61323 EX_pc=000003b0 EX_alu=00001f42 mem_we=0 mem_addr=00001f3c mem_wd=00000000 mem_rd=bccdccdd
COMMIT t=3305000 wb_pc=000003ac wb_we=1 wb_rd=x12 wb_val=00001f3c IF_pc=000003b8 IF_inst=ffffb3b7 ID_pc=000003b4 ID_inst=00661703 EX_pc=000003b0 EX_alu=00001f42 mem_we=0 mem_addr=00001f42 mem_wd=abbcffdd mem_rd=abbcbbcc
MEM_WRITE t=3315000 pc=000003b0 addr=00001f42 wd=abbcbbcc ctrl=1
COMMIT t=3325000 wb_pc=000003b0 wb_we=0 wb_rd=x6 wb_val=00001f42 IF_pc=000003c0 IF_inst=20771463 ID_pc=000003bc ID_inst=bbc38393 EX_pc=000003b8 EX_alu=ffffb000 mem_we=0 mem_addr=00001f42 mem_wd=0000abbc mem_rd=abbcbbcc
COMMIT t=3335000 wb_pc=000003b4 wb_we=1 wb_rd=x14 wb_val=ffffabbc IF_pc=000003c4 IF_inst=00120213 ID_pc=000003c0 ID_inst=20771463 EX_pc=000003bc EX_alu=ffffabbc mem_we=0 mem_addr=ffffb000 mem_wd=00000000 mem_rd=00000000
COMMIT t=3345000 wb_pc=000003b8 wb_we=1 wb_rd=x7 wb_val=ffffb000 IF_pc=000003c8 IF_inst=00200293 ID_pc=000003c4 ID_inst=00120213 EX_pc=000003c0 EX_alu=000005c8 mem_we=0 mem_addr=ffffabbc mem_wd=00000000 mem_rd=00000000
COMMIT t=3355000 wb_pc=000003bc wb_we=1 wb_rd=x7 wb_val=ffffabbc IF_pc=000003cc IF_inst=fc5218e3 ID_pc=000003c8 ID_inst=00200293 EX_pc=000003c4 EX_alu=00000002 mem_we=0 mem_addr=000005c8 mem_wd=0000abbc mem_rd=0ff0000f
COMMIT t=3365000 wb_pc=000003c0 wb_we=0 wb_rd=x8 wb_val=000005c8 IF_pc=000003d0 IF_inst=01000193 ID_pc=000003cc ID_inst=fc5218e3 EX_pc=000003c8 EX_alu=00000002 mem_we=0 mem_addr=00000002 mem_wd=0047000f mem_rd=0540006f
COMMIT t=3375000 wb_pc=000003c4 wb_we=1 wb_rd=x4 wb_val=00000002 IF_pc=000003d4 IF_inst=00000213 ID_pc=000003d0 ID_inst=01000193 EX_pc=000003cc EX_alu=0000039c mem_we=0 mem_addr=00000002 mem_wd=00980040 mem_rd=0540006f
COMMIT t=3385000 wb_pc=000003c8 wb_we=1 wb_rd=x5 wb_val=00000002 IF_pc=000003d8 IF_inst=ffffb6b7 ID_pc=000003d4 ID_inst=00000213 EX_pc=000003d0 EX_alu=00000010 mem_we=0 mem_addr=0000039c mem_wd=00000002 mem_rd=ffffb6b7
COMMIT t=3395000 wb_pc=000003cc wb_we=0 wb_rd=x17 wb_val=0000039c IF_pc=000003dc IF_inst=abb68693 ID_pc=000003d8 ID_inst=ffffb6b7 EX_pc=000003d4 EX_alu=00000000 mem_we=0 mem_addr=00000010 mem_wd=ffffb600 mem_rd=00900f93
COMMIT t=3405000 wb_pc=000003d0 wb_we=1 wb_rd=x3 wb_val=00000010 IF_pc=000003e0 IF_inst=00000013 ID_pc=000003dc ID_inst=abb68693 EX_pc=000003d8 EX_alu=ffffb000 mem_we=0 mem_addr=00000000 mem_wd=ffffff00 mem_rd=0540006f
COMMIT t=3415000 wb_pc=000003d4 wb_we=1 wb_rd=x4 wb_val=00000000 IF_pc=000003e4 IF_inst=00002617 ID_pc=000003e0 ID_inst=00000013 EX_pc=000003dc EX_alu=ffffaabb mem_we=0 mem_addr=ffffb000 mem_wd=00000000 mem_rd=00000000
COMMIT t=3425000 wb_pc=000003d8 wb_we=1 wb_rd=x13 wb_val=ffffb000 IF_pc=000003e8 IF_inst=b5860613 ID_pc=000003e4 ID_inst=00002617 EX_pc=000003e0 EX_alu=00000000 mem_we=0 mem_addr=ffffaabb mem_wd=00000000 mem_rd=00000000
COMMIT t=3435000 wb_pc=000003dc wb_we=1 wb_rd=x13 wb_val=ffffaabb IF_pc=000003ec IF_inst=00000013 ID_pc=000003e8 ID_inst=b5860613 EX_pc=000003e4 EX_alu=000023e4 mem_we=0 mem_addr=00000000 mem_wd=00000000 mem_rd=0540006f
COMMIT t=3445000 wb_pc=000003e0 wb_we=1 wb_rd=x0 wb_val=00000000 IF_pc=000003f0 IF_inst=00d61423 ID_pc=000003ec ID_inst=00000013 EX_pc=000003e8 EX_alu=00001f3c mem_we=0 mem_addr=000023e4 mem_wd=00000000 mem_rd=00000000
COMMIT t=3455000 wb_pc=000003e4 wb_we=1 wb_rd=x12 wb_val=000023e4 IF_pc=000003f4 IF_inst=00861703 ID_pc=000003f0 ID_inst=00d61423 EX_pc=000003ec EX_alu=00000000 mem_we=0 mem_addr=00001f3c mem_wd=00000000 mem_rd=bccdccdd
COMMIT t=3465000 wb_pc=000003e8 wb_we=1 wb_rd=x12 wb_val=00001f3c IF_pc=000003f4 IF_inst=00861703 ID_pc=000003f0 ID_inst=00d61423 EX_pc=000003f0 EX_alu=00001f44 mem_we=0 mem_addr=00000000 mem_wd=ffffff00 mem_rd=0540006f
COMMIT t=3475000 wb_pc=000003ec wb_we=1 wb_rd=x0 wb_val=00000000 IF_pc=000003f8 IF_inst=ffffb3b7 ID_pc=000003f4 ID_inst=00861703 EX_pc=000003f0 EX_alu=00001f44 mem_we=0 mem_addr=00001f44 mem_wd=ffffaabb mem_rd=aa0000aa
MEM_WRITE t=3485000 pc=000003f0 addr=00001f44 wd=aa00aabb ctrl=1
COMMIT t=3495000 wb_pc=000003f0 wb_we=0 wb_rd=x8 wb_val=00001f44 IF_pc=00000400 IF_inst=1c771463 ID_pc=000003fc ID_inst=abb38393 EX_pc=000003f8 EX_alu=ffffb000 mem_we=0 mem_addr=00001f44 mem_wd=00000000 mem_rd=aa00aabb
COMMIT t=3505000 wb_pc=000003f4 wb_we=1 wb_rd=x14 wb_val=ffffaabb IF_pc=00000404 IF_inst=00120213 ID_pc=00000400 ID_inst=1c771463 EX_pc=000003fc EX_alu=ffffaabb mem_we=0 mem_addr=ffffb000 mem_wd=00000000 mem_rd=00000000
COMMIT t=3515000 wb_pc=000003f8 wb_we=1 wb_rd=x7 wb_val=ffffb000 IF_pc=00000408 IF_inst=00200293 ID_pc=00000404 ID_inst=00120213 EX_pc=00000400 EX_alu=000005c8 mem_we=0 mem_addr=ffffaabb mem_wd=00000000 mem_rd=00000000
COMMIT t=3525000 wb_pc=000003fc wb_we=1 wb_rd=x7 wb_val=ffffaabb IF_pc=0000040c IF_inst=fc5216e3 ID_pc=00000408 ID_inst=00200293 EX_pc=00000404 EX_alu=00000001 mem_we=0 mem_addr=000005c8 mem_wd=0000aabb mem_rd=0ff0000f
COMMIT t=3535000 wb_pc=00000400 wb_we=0 wb_rd=x8 wb_val=000005c8 IF_pc=00000410 IF_inst=01100193 ID_pc=0000040c ID_inst=fc5216e3 EX_pc=00000408 EX_alu=00000002 mem_we=0 mem_addr=00000001 mem_wd=0000470f mem_rd=0540006f
COMMIT t=3545000 wb_pc=00000404 wb_we=1 wb_rd=x4 wb_val=00000001 IF_pc=00000414 IF_inst=00000213 ID_pc=00000410 ID_inst=01100193 EX_pc=0000040c EX_alu=000003d8 mem_we=0 mem_addr=00000002 mem_wd=00980000 mem_rd=0540006f
COMMIT t=3555000 wb_pc=00000408 wb_we=1 wb_rd=x5 wb_val=00000002 IF_pc=00000000 IF_inst=00000013 ID_pc=00000000 ID_inst=00000013 EX_pc=00000000 EX_alu=00000000 mem_we=0 mem_addr=000003d8 mem_wd=00000002 mem_rd=ffffb6b7
COMMIT t=3565000 wb_pc=0000040c wb_we=0 wb_rd=x13 wb_val=000003d8 IF_pc=000003d8 IF_inst=ffffb6b7 ID_pc=00000000 ID_inst=00000013 EX_pc=00000000 EX_alu=00000000 mem_we=0 mem_addr=00000000 mem_wd=00000000 mem_rd=0540006f
COMMIT t=3595000 wb_pc=00000000 wb_we=1 wb_rd=x0 wb_val=00000000 IF_pc=000003e4 IF_inst=00002617 ID_pc=000003e0 ID_inst=00000013 EX_pc=000003dc EX_alu=ffffaabb mem_we=0 mem_addr=ffffb000 mem_wd=00000000 mem_rd=00000000
COMMIT t=3605000 wb_pc=000003d8 wb_we=1 wb_rd=x13 wb_val=ffffb000 IF_pc=000003e8 IF_inst=b5860613 ID_pc=000003e4 ID_inst=00002617 EX_pc=000003e0 EX_alu=00000000 mem_we=0 mem_addr=ffffaabb mem_wd=00000000 mem_rd=00000000
COMMIT t=3615000 wb_pc=000003dc wb_we=1 wb_rd=x13 wb_val=ffffaabb IF_pc=000003ec IF_inst=00000013 ID_pc=000003e8 ID_inst=b5860613 EX_pc=000003e4 EX_alu=000023e4 mem_we=0 mem_addr=00000000 mem_wd=00000000 mem_rd=0540006f
COMMIT t=3625000 wb_pc=000003e0 wb_we=1 wb_rd=x0 wb_val=00000000 IF_pc=000003f0 IF_inst=00d61423 ID_pc=000003ec ID_inst=00000013 EX_pc=000003e8 EX_alu=00001f3c mem_we=0 mem_addr=000023e4 mem_wd=00000000 mem_rd=00000000
COMMIT t=3635000 wb_pc=000003e4 wb_we=1 wb_rd=x12 wb_val=000023e4 IF_pc=000003f4 IF_inst=00861703 ID_pc=000003f0 ID_inst=00d61423 EX_pc=000003ec EX_alu=00000000 mem_we=0 mem_addr=00001f3c mem_wd=00000000 mem_rd=bccdccdd
COMMIT t=3645000 wb_pc=000003e8 wb_we=1 wb_rd=x12 wb_val=00001f3c IF_pc=000003f4 IF_inst=00861703 ID_pc=000003f0 ID_inst=00d61423 EX_pc=000003f0 EX_alu=00001f44 mem_we=0 mem_addr=00000000 mem_wd=ffffff00 mem_rd=0540006f
COMMIT t=3655000 wb_pc=000003ec wb_we=1 wb_rd=x0 wb_val=00000000 IF_pc=000003f8 IF_inst=ffffb3b7 ID_pc=000003f4 ID_inst=00861703 EX_pc=000003f0 EX_alu=00001f44 mem_we=0 mem_addr=00001f44 mem_wd=ffffaabb mem_rd=aa00aabb
MEM_WRITE t=3665000 pc=000003f0 addr=00001f44 wd=aa00aabb ctrl=1
COMMIT t=3675000 wb_pc=000003f0 wb_we=0 wb_rd=x8 wb_val=00001f44 IF_pc=00000400 IF_inst=1c771463 ID_pc=000003fc ID_inst=abb38393 EX_pc=000003f8 EX_alu=ffffb000 mem_we=0 mem_addr=00001f44 mem_wd=ffff0000 mem_rd=aa00aabb
COMMIT t=3685000 wb_pc=000003f4 wb_we=1 wb_rd=x14 wb_val=ffffaabb IF_pc=00000404 IF_inst=00120213 ID_pc=00000400 ID_inst=1c771463 EX_pc=000003fc EX_alu=ffffaabb mem_we=0 mem_addr=ffffb000 mem_wd=00000000 mem_rd=00000000
COMMIT t=3695000 wb_pc=000003f8 wb_we=1 wb_rd=x7 wb_val=ffffb000 IF_pc=00000408 IF_inst=00200293 ID_pc=00000404 ID_inst=00120213 EX_pc=00000400 EX_alu=000005c8 mem_we=0 mem_addr=ffffaabb mem_wd=00000000 mem_rd=00000000
COMMIT t=3705000 wb_pc=000003fc wb_we=1 wb_rd=x7 wb_val=ffffaabb IF_pc=0000040c IF_inst=fc5216e3 ID_pc=00000408 ID_inst=00200293 EX_pc=00000404 EX_alu=00000002 mem_we=0 mem_addr=000005c8 mem_wd=0000aabb mem_rd=0ff0000f
COMMIT t=3715000 wb_pc=00000400 wb_we=0 wb_rd=x8 wb_val=000005c8 IF_pc=00000410 IF_inst=01100193 ID_pc=0000040c ID_inst=fc5216e3 EX_pc=00000408 EX_alu=00000002 mem_we=0 mem_addr=00000002 mem_wd=0047000f mem_rd=0540006f
COMMIT t=3725000 wb_pc=00000404 wb_we=1 wb_rd=x4 wb_val=00000002 IF_pc=00000414 IF_inst=00000213 ID_pc=00000410 ID_inst=01100193 EX_pc=0000040c EX_alu=000003d8 mem_we=0 mem_addr=00000002 mem_wd=00980040 mem_rd=0540006f
COMMIT t=3735000 wb_pc=00000408 wb_we=1 wb_rd=x5 wb_val=00000002 IF_pc=00000418 IF_inst=ffffe6b7 ID_pc=00000414 ID_inst=00000213 EX_pc=00000410 EX_alu=00000011 mem_we=0 mem_addr=000003d8 mem_wd=00000002 mem_rd=ffffb6b7
COMMIT t=3745000 wb_pc=0000040c wb_we=0 wb_rd=x13 wb_val=000003d8 IF_pc=0000041c IF_inst=aab68693 ID_pc=00000418 ID_inst=ffffe6b7 EX_pc=00000414 EX_alu=00000000 mem_we=0 mem_addr=00000011 mem_wd=ffff00b7 mem_rd=00900f93
COMMIT t=3755000 wb_pc=00000410 wb_we=1 wb_rd=x3 wb_val=00000011 IF_pc=00000420 IF_inst=00000013 ID_pc=0000041c ID_inst=aab68693 EX_pc=00000418 EX_alu=ffffe000 mem_we=0 mem_addr=00000000 mem_wd=00000000 mem_rd=0540006f
COMMIT t=3765000 wb_pc=00000414 wb_we=1 wb_rd=x4 wb_val=00000000 IF_pc=00000424 IF_inst=00000013 ID_pc=00000420 ID_inst=00000013 EX_pc=0000041c EX_alu=ffffdaab mem_we=0 mem_addr=ffffe000 mem_wd=00000000 mem_rd=00000000
COMMIT t=3775000 wb_pc=00000418 wb_we=1 wb_rd=x13 wb_val=ffffe000 IF_pc=00000428 IF_inst=00002617 ID_pc=00000424 ID_inst=00000013 EX_pc=00000420 EX_alu=00000000 mem_we=0 mem_addr=ffffdaab mem_wd=00000000 mem_rd=00000000
COMMIT t=3785000 wb_pc=0000041c wb_we=1 wb_rd=x13 wb_val=ffffdaab IF_pc=0000042c IF_inst=b1460613 ID_pc=00000428 ID_inst=00002617 EX_pc=00000424 EX_alu=00000000 mem_we=0 mem_addr=00000000 mem_wd=00000000 mem_rd=0540006f
COMMIT t=3795000 wb_pc=00000420 wb_we=1 wb_rd=x0 wb_val=00000000 IF_pc=00000430 IF_inst=00d61523 ID_pc=0000042c ID_inst=b1460613 EX_pc=00000428 EX_alu=00002428 mem_we=0 mem_addr=00000000 mem_wd=00000000 mem_rd=0540006f
COMMIT t=3805000 wb_pc=00000424 wb_we=1 wb_rd=x0 wb_val=00000000 IF_pc=00000434 IF_inst=00a61703 ID_pc=00000430 ID_inst=00d61523 EX_pc=0000042c EX_alu=00001f3c mem_we=0 mem_addr=00002428 mem_wd=00000000 mem_rd=00000000
COMMIT t=3815000 wb_pc=00000428 wb_we=1 wb_rd=x12 wb_val=00002428 IF_pc=00000434 IF_inst=00a61703 ID_pc=00000430 ID_inst=00d61523 EX_pc=00000430 EX_alu=00001f46 mem_we=0 mem_addr=00001f3c mem_wd=00000000 mem_rd=bccdccdd
COMMIT t=3825000 wb_pc=0000042c wb_we=1 wb_rd=x12 wb_val=00001f3c IF_pc=00000438 IF_inst=ffffe3b7 ID_pc=00000434 ID_inst=00a61703 EX_pc=00000430 EX_alu=00001f46 mem_we=0 mem_addr=00001f46 mem_wd=daabffdd mem_rd=aa00aabb
MEM_WRITE t=3835000 pc=00000430 addr=00001f46 wd=daabaabb ctrl=1
COMMIT t=3845000 wb_pc=00000430 wb_we=0 wb_rd=x10 wb_val=00001f46 IF_pc=00000440 IF_inst=18771463 ID_pc=0000043c ID_inst=aab38393 EX_pc=00000438 EX_alu=ffffe000 mem_we=0 mem_addr=00001f46 mem_wd=0000aa00 mem_rd=daabaabb
COMMIT t=3855000 wb_pc=00000434 wb_we=1 wb_rd=x14 wb_val=ffffdaab IF_pc=00000444 IF_inst=00120213 ID_pc=00000440 ID_inst=18771463 EX_pc=0000043c EX_alu=ffffdaab mem_we=0 mem_addr=ffffe000 mem_wd=00000000 mem_rd=00000000
COMMIT t=3865000 wb_pc=00000438 wb_we=1 wb_rd=x7 wb_val=ffffe000 IF_pc=00000448 IF_inst=00200293 ID_pc=00000444 ID_inst=00120213 EX_pc=00000440 EX_alu=000005c8 mem_we=0 mem_addr=ffffdaab mem_wd=00000000 mem_rd=00000000
COMMIT t=3875000 wb_pc=0000043c wb_we=1 wb_rd=x7 wb_val=ffffdaab IF_pc=0000044c IF_inst=fc5216e3 ID_pc=00000448 ID_inst=00200293 EX_pc=00000444 EX_alu=00000001 mem_we=0 mem_addr=000005c8 mem_wd=0000daab mem_rd=0ff0000f
COMMIT t=3885000 wb_pc=00000440 wb_we=0 wb_rd=x8 wb_val=000005c8 IF_pc=00000450 IF_inst=01200193 ID_pc=0000044c ID_inst=fc5216e3 EX_pc=00000448 EX_alu=00000002 mem_we=0 mem_addr=00000001 mem_wd=0000470f mem_rd=0540006f
COMMIT t=3895000 wb_pc=00000444 wb_we=1 wb_rd=x4 wb_val=00000001 IF_pc=00000454 IF_inst=00000213 ID_pc=00000450 ID_inst=01200193 EX_pc=0000044c EX_alu=00000418 mem_we=0 mem_addr=00000002 mem_wd=00980000 mem_rd=0540006f
COMMIT t=3905000 wb_pc=00000448 wb_we=1 wb_rd=x5 wb_val=00000002 IF_pc=00000000 IF_inst=00000013 ID_pc=00000000 ID_inst=00000013 EX_pc=00000000 EX_alu=00000000 mem_we=0 mem_addr=00000418 mem_wd=00000002 mem_rd=ffffe6b7
COMMIT t=3915000 wb_pc=0000044c wb_we=0 wb_rd=x13 wb_val=00000418 IF_pc=00000418 IF_inst=ffffe6b7 ID_pc=00000000 ID_inst=00000013 EX_pc=00000000 EX_alu=00000000 mem_we=0 mem_addr=00000000 mem_wd=00000000 mem_rd=0540006f
COMMIT t=3945000 wb_pc=00000000 wb_we=1 wb_rd=x0 wb_val=00000000 IF_pc=00000424 IF_inst=00000013 ID_pc=00000420 ID_inst=00000013 EX_pc=0000041c EX_alu=ffffdaab mem_we=0 mem_addr=ffffe000 mem_wd=00000000 mem_rd=00000000
COMMIT t=3955000 wb_pc=00000418 wb_we=1 wb_rd=x13 wb_val=ffffe000 IF_pc=00000428 IF_inst=00002617 ID_pc=00000424 ID_inst=00000013 EX_pc=00000420 EX_alu=00000000 mem_we=0 mem_addr=ffffdaab mem_wd=00000000 mem_rd=00000000
COMMIT t=3965000 wb_pc=0000041c wb_we=1 wb_rd=x13 wb_val=ffffdaab IF_pc=0000042c IF_inst=b1460613 ID_pc=00000428 ID_inst=00002617 EX_pc=00000424 EX_alu=00000000 mem_we=0 mem_addr=00000000 mem_wd=00000000 mem_rd=0540006f
COMMIT t=3975000 wb_pc=00000420 wb_we=1 wb_rd=x0 wb_val=00000000 IF_pc=00000430 IF_inst=00d61523 ID_pc=0000042c ID_inst=b1460613 EX_pc=00000428 EX_alu=00002428 mem_we=0 mem_addr=00000000 mem_wd=00000000 mem_rd=0540006f
COMMIT t=3985000 wb_pc=00000424 wb_we=1 wb_rd=x0 wb_val=00000000 IF_pc=00000434 IF_inst=00a61703 ID_pc=00000430 ID_inst=00d61523 EX_pc=0000042c EX_alu=00001f3c mem_we=0 mem_addr=00002428 mem_wd=00000000 mem_rd=00000000
COMMIT t=3995000 wb_pc=00000428 wb_we=1 wb_rd=x12 wb_val=00002428 IF_pc=00000434 IF_inst=00a61703 ID_pc=00000430 ID_inst=00d61523 EX_pc=00000430 EX_alu=00001f46 mem_we=0 mem_addr=00001f3c mem_wd=00000000 mem_rd=bccdccdd
COMMIT t=4005000 wb_pc=0000042c wb_we=1 wb_rd=x12 wb_val=00001f3c IF_pc=00000438 IF_inst=ffffe3b7 ID_pc=00000434 ID_inst=00a61703 EX_pc=00000430 EX_alu=00001f46 mem_we=0 mem_addr=00001f46 mem_wd=daabffdd mem_rd=daabaabb
MEM_WRITE t=4015000 pc=00000430 addr=00001f46 wd=daabaabb ctrl=1
COMMIT t=4025000 wb_pc=00000430 wb_we=0 wb_rd=x10 wb_val=00001f46 IF_pc=00000440 IF_inst=18771463 ID_pc=0000043c ID_inst=aab38393 EX_pc=00000438 EX_alu=ffffe000 mem_we=0 mem_addr=00001f46 mem_wd=0000daab mem_rd=daabaabb
COMMIT t=4035000 wb_pc=00000434 wb_we=1 wb_rd=x14 wb_val=ffffdaab IF_pc=00000444 IF_inst=00120213 ID_pc=00000440 ID_inst=18771463 EX_pc=0000043c EX_alu=ffffdaab mem_we=0 mem_addr=ffffe000 mem_wd=00000000 mem_rd=00000000
COMMIT t=4045000 wb_pc=00000438 wb_we=1 wb_rd=x7 wb_val=ffffe000 IF_pc=00000448 IF_inst=00200293 ID_pc=00000444 ID_inst=00120213 EX_pc=00000440 EX_alu=000005c8 mem_we=0 mem_addr=ffffdaab mem_wd=00000000 mem_rd=00000000
COMMIT t=4055000 wb_pc=0000043c wb_we=1 wb_rd=x7 wb_val=ffffdaab IF_pc=0000044c IF_inst=fc5216e3 ID_pc=00000448 ID_inst=00200293 EX_pc=00000444 EX_alu=00000002 mem_we=0 mem_addr=000005c8 mem_wd=0000daab mem_rd=0ff0000f
COMMIT t=4065000 wb_pc=00000440 wb_we=0 wb_rd=x8 wb_val=000005c8 IF_pc=00000450 IF_inst=01200193 ID_pc=0000044c ID_inst=fc5216e3 EX_pc=00000448 EX_alu=00000002 mem_we=0 mem_addr=00000002 mem_wd=0047000f mem_rd=0540006f
COMMIT t=4075000 wb_pc=00000444 wb_we=1 wb_rd=x4 wb_val=00000002 IF_pc=00000454 IF_inst=00000213 ID_pc=00000450 ID_inst=01200193 EX_pc=0000044c EX_alu=00000418 mem_we=0 mem_addr=00000002 mem_wd=00980040 mem_rd=0540006f
COMMIT t=4085000 wb_pc=00000448 wb_we=1 wb_rd=x5 wb_val=00000002 IF_pc=00000458 IF_inst=00002117 ID_pc=00000454 ID_inst=00000213 EX_pc=00000450 EX_alu=00000012 mem_we=0 mem_addr=00000418 mem_wd=00000002 mem_rd=ffffe6b7
COMMIT t=4095000 wb_pc=0000044c wb_we=0 wb_rd=x13 wb_val=00000418 IF_pc=0000045c IF_inst=ae410113 ID_pc=00000458 ID_inst=00002117 EX_pc=00000454 EX_alu=00000000 mem_we=0 mem_addr=00000012 mem_wd=ff00e6b7 mem_rd=00900f93
COMMIT t=4105000 wb_pc=00000450 wb_we=1 wb_rd=x3 wb_val=00000012 IF_pc=00000460 IF_inst=000020b7 ID_pc=0000045c ID_inst=ae410113 EX_pc=00000458 EX_alu=00002458 mem_we=0 mem_addr=00000000 mem_wd=ffffff00 mem_rd=0540006f
COMMIT t=4115000 wb_pc=00000454 wb_we=1 wb_rd=x4 wb_val=00000000 IF_pc=00000464 IF_inst=23308093 ID_pc=00000460 ID_inst=000020b7 EX_pc=0000045c EX_alu=00001f3c mem_we=0 mem_addr=00002458 mem_wd=00000000 mem_rd=00000000
COMMIT t=4125000 wb_pc=00000458 wb_we=1 wb_rd=x2 wb_val=00002458 IF_pc=00000468 IF_inst=00111023 ID_pc=00000464 ID_inst=23308093 EX_pc=00000460 EX_alu=00002000 mem_we=0 mem_addr=00001f3c mem_wd=00000000 mem_rd=bccdccdd
COMMIT t=4135000 wb_pc=0000045c wb_we=1 wb_rd=x2 wb_val=00001f3c IF_pc=0000046c IF_inst=00011703 ID_pc=00000468 ID_inst=00111023 EX_pc=00000464 EX_alu=00002233 mem_we=0 mem_addr=00002000 mem_wd=00000000 mem_rd=00000000
COMMIT t=4145000 wb_pc=00000460 wb_we=1 wb_rd=x1 wb_val=00002000 IF_pc=0000046c IF_inst=00011703 ID_pc=00000468 ID_inst=00111023 EX_pc=00000468 EX_alu=00001f3c mem_we=0 mem_addr=00002233 mem_wd=00000000 mem_rd=00000000
COMMIT t=4155000 wb_pc=00000464 wb_we=1 wb_rd=x1 wb_val=00002233 IF_pc=00000470 IF_inst=000023b7 ID_pc=0000046c ID_inst=00011703 EX_pc=00000468 EX_alu=00001f3c mem_we=0 mem_addr=00001f3c mem_wd=00001f47 mem_rd=bccdccdd
MEM_WRITE t=4165000 pc=00000468 addr=00001f3c wd=bccd2233 ctrl=1
COMMIT t=4175000 wb_pc=00000468 wb_we=0 wb_rd=x0 wb_val=00001f3c IF_pc=00000478 IF_inst=14771863 ID_pc=00000474 ID_inst=23338393 EX_pc=00000470 EX_alu=00002000 mem_we=0 mem_addr=00001f3c mem_wd=ffff0000 mem_rd=bccd2233
COMMIT t=4185000 wb_pc=0000046c wb_we=1 wb_rd=x14 wb_val=00002233 IF_pc=0000047c IF_inst=00120213 ID_pc=00000478 ID_inst=14771863 EX_pc=00000474 EX_alu=00002233 mem_we=0 mem_addr=00002000 mem_wd=00000000 mem_rd=00000000
COMMIT t=4195000 wb_pc=00000470 wb_we=1 wb_rd=x7 wb_val=00002000 IF_pc=00000480 IF_inst=00200293 ID_pc=0000047c ID_inst=00120213 EX_pc=00000478 EX_alu=000005c8 mem_we=0 mem_addr=00002233 mem_wd=00000000 mem_rd=00000000
COMMIT t=4205000 wb_pc=00000474 wb_we=1 wb_rd=x7 wb_val=00002233 IF_pc=00000484 IF_inst=fc521ae3 ID_pc=00000480 ID_inst=00200293 EX_pc=0000047c EX_alu=00000001 mem_we=0 mem_addr=000005c8 mem_wd=00002233 mem_rd=0ff0000f
COMMIT t=4215000 wb_pc=00000478 wb_we=0 wb_rd=x16 wb_val=000005c8 IF_pc=00000488 IF_inst=01300193 ID_pc=00000484 ID_inst=fc521ae3 EX_pc=00000480 EX_alu=00000002 mem_we=0 mem_addr=00000001 mem_wd=0000330f mem_rd=0540006f
COMMIT t=4225000 wb_pc=0000047c wb_we=1 wb_rd=x4 wb_val=00000001 IF_pc=0000048c IF_inst=00000213 ID_pc=00000488 ID_inst=01300193 EX_pc=00000484 EX_alu=00000458 mem_we=0 mem_addr=00000002 mem_wd=003c0000 mem_rd=0540006f
COMMIT t=4235000 wb_pc=00000480 wb_we=1 wb_rd=x5 wb_val=00000002 IF_pc=00000000 IF_inst=00000013 ID_pc=00000000 ID_inst=00000013 EX_pc=00000000 EX_alu=00000000 mem_we=0 mem_addr=00000458 mem_wd=00000002 mem_rd=00002117
COMMIT t=4245000 wb_pc=00000484 wb_we=0 wb_rd=x21 wb_val=00000458 IF_pc=00000458 IF_inst=00002117 ID_pc=00000000 ID_inst=00000013 EX_pc=00000000 EX_alu=00000000 mem_we=0 mem_addr=00000000 mem_wd=00000000 mem_rd=0540006f
COMMIT t=4275000 wb_pc=00000000 wb_we=1 wb_rd=x0 wb_val=00000000 IF_pc=00000464 IF_inst=23308093 ID_pc=00000460 ID_inst=000020b7 EX_pc=0000045c EX_alu=00001f3c mem_we=0 mem_addr=00002458 mem_wd=00000000 mem_rd=00000000
COMMIT t=4285000 wb_pc=00000458 wb_we=1 wb_rd=x2 wb_val=00002458 IF_pc=00000468 IF_inst=00111023 ID_pc=00000464 ID_inst=23308093 EX_pc=00000460 EX_alu=00002000 mem_we=0 mem_addr=00001f3c mem_wd=00000001 mem_rd=bccd2233
COMMIT t=4295000 wb_pc=0000045c wb_we=1 wb_rd=x2 wb_val=00001f3c IF_pc=0000046c IF_inst=00011703 ID_pc=00000468 ID_inst=00111023 EX_pc=00000464 EX_alu=00002233 mem_we=0 mem_addr=00002000 mem_wd=00000000 mem_rd=00000000
COMMIT t=4305000 wb_pc=00000460 wb_we=1 wb_rd=x1 wb_val=00002000 IF_pc=0000046c IF_inst=00011703 ID_pc=00000468 ID_inst=00111023 EX_pc=00000468 EX_alu=00001f3c mem_we=0 mem_addr=00002233 mem_wd=00000000 mem_rd=00000000
COMMIT t=4315000 wb_pc=00000464 wb_we=1 wb_rd=x1 wb_val=00002233 IF_pc=00000470 IF_inst=000023b7 ID_pc=0000046c ID_inst=00011703 EX_pc=00000468 EX_alu=00001f3c mem_we=0 mem_addr=00001f3c mem_wd=00002233 mem_rd=bccd2233
MEM_WRITE t=4325000 pc=00000468 addr=00001f3c wd=bccd2233 ctrl=1
COMMIT t=4335000 wb_pc=00000468 wb_we=0 wb_rd=x0 wb_val=00001f3c IF_pc=00000478 IF_inst=14771863 ID_pc=00000474 ID_inst=23338393 EX_pc=00000470 EX_alu=00002000 mem_we=0 mem_addr=00001f3c mem_wd=00000000 mem_rd=bccd2233
COMMIT t=4345000 wb_pc=0000046c wb_we=1 wb_rd=x14 wb_val=00002233 IF_pc=0000047c IF_inst=00120213 ID_pc=00000478 ID_inst=14771863 EX_pc=00000474 EX_alu=00002233 mem_we=0 mem_addr=00002000 mem_wd=00000000 mem_rd=00000000
COMMIT t=4355000 wb_pc=00000470 wb_we=1 wb_rd=x7 wb_val=00002000 IF_pc=00000480 IF_inst=00200293 ID_pc=0000047c ID_inst=00120213 EX_pc=00000478 EX_alu=000005c8 mem_we=0 mem_addr=00002233 mem_wd=00000000 mem_rd=00000000
COMMIT t=4365000 wb_pc=00000474 wb_we=1 wb_rd=x7 wb_val=00002233 IF_pc=00000484 IF_inst=fc521ae3 ID_pc=00000480 ID_inst=00200293 EX_pc=0000047c EX_alu=00000002 mem_we=0 mem_addr=000005c8 mem_wd=00002233 mem_rd=0ff0000f
COMMIT t=4375000 wb_pc=00000478 wb_we=0 wb_rd=x16 wb_val=000005c8 IF_pc=00000488 IF_inst=01300193 ID_pc=00000484 ID_inst=fc521ae3 EX_pc=00000480 EX_alu=00000002 mem_we=0 mem_addr=00000002 mem_wd=0033000f mem_rd=0540006f
COMMIT t=4385000 wb_pc=0000047c wb_we=1 wb_rd=x4 wb_val=00000002 IF_pc=0000048c IF_inst=00000213 ID_pc=00000488 ID_inst=01300193 EX_pc=00000484 EX_alu=00000458 mem_we=0 mem_addr=00000002 mem_wd=003c0040 mem_rd=0540006f
COMMIT t=4395000 wb_pc=00000480 wb_we=1 wb_rd=x5 wb_val=00000002 IF_pc=00000490 IF_inst=00002117 ID_pc=0000048c ID_inst=00000213 EX_pc=00000488 EX_alu=00000013 mem_we=0 mem_addr=00000458 mem_wd=00000002 mem_rd=00002117
COMMIT t=4405000 wb_pc=00000484 wb_we=0 wb_rd=x21 wb_val=00000458 IF_pc=00000494 IF_inst=aac10113 ID_pc=00000490 ID_inst=00002117 EX_pc=0000048c EX_alu=00000000 mem_we=0 mem_addr=00000013 mem_wd=00002117 mem_rd=00900f93
COMMIT t=4415000 wb_pc=00000488 wb_we=1 wb_rd=x3 wb_val=00000013 IF_pc=00000498 IF_inst=000010b7 ID_pc=00000494 ID_inst=aac10113 EX_pc=00000490 EX_alu=00002490 mem_we=0 mem_addr=00000000 mem_wd=00000000 mem_rd=0540006f
COMMIT t=4425000 wb_pc=0000048c wb_we=1 wb_rd=x4 wb_val=00000000 IF_pc=0000049c IF_inst=22308093 ID_pc=00000498 ID_inst=000010b7 EX_pc=00000494 EX_alu=00001f3c mem_we=0 mem_addr=00002490 mem_wd=00000000 mem_rd=00000000
COMMIT t=4435000 wb_pc=00000490 wb_we=1 wb_rd=x2 wb_val=00002490 IF_pc=000004a0 IF_inst=00000013 ID_pc=0000049c ID_inst=22308093 EX_pc=00000498 EX_alu=00001000 mem_we=0 mem_addr=00001f3c mem_wd=0000003c mem_rd=bccd2233
COMMIT t=4445000 wb_pc=00000494 wb_we=1 wb_rd=x2 wb_val=00001f3c IF_pc=000004a4 IF_inst=00111123 ID_pc=000004a0 ID_inst=00000013 EX_pc=0000049c EX_alu=00001223 mem_we=0 mem_addr=00001000 mem_wd=00000000 mem_rd=00000000
COMMIT t=4455000 wb_pc=00000498 wb_we=1 wb_rd=x1 wb_val=00001000 IF_pc=000004a8 IF_inst=00211703 ID_pc=000004a4 ID_inst=00111123 EX_pc=000004a0 EX_alu=00000000 mem_we=0 mem_addr=00001223 mem_wd=13000000 mem_rd=00000000
COMMIT t=4465000 wb_pc=0000049c wb_we=1 wb_rd=x1 wb_val=00001223 IF_pc=000004a8 IF_inst=00211703 ID_pc=000004a4 ID_inst=00111123 EX_pc=000004a4 EX_alu=00001f3e mem_we=0 mem_addr=00000000 mem_wd=00000000 mem_rd=0540006f
COMMIT t=4475000 wb_pc=000004a0 wb_we=1 wb_rd=x0 wb_val=00000000 IF_pc=000004ac IF_inst=000013b7 ID_pc=000004a8 ID_inst=00211703 EX_pc=000004a4 EX_alu=00001f3e mem_we=0 mem_addr=00001f3e mem_wd=1000006f mem_rd=bccd2233
MEM_WRITE t=4485000 pc=000004a4 addr=00001f3e wd=12232233 ctrl=1
COMMIT t=4495000 wb_pc=000004a4 wb_we=0 wb_rd=x2 wb_val=00001f3e IF_pc=000004b4 IF_inst=10771a63 ID_pc=000004b0 ID_inst=22338393 EX_pc=000004ac EX_alu=00001000 mem_we=0 mem_addr=00001f3e mem_wd=1f3cbccd mem_rd=12232233
COMMIT t=4505000 wb_pc=000004a8 wb_we=1 wb_rd=x14 wb_val=00001223 IF_pc=000004b8 IF_inst=00120213 ID_pc=000004b4 ID_inst=10771a63 EX_pc=000004b0 EX_alu=00001223 mem_we=0 mem_addr=00001000 mem_wd=00000000 mem_rd=00000000
COMMIT t=4515000 wb_pc=000004ac wb_we=1 wb_rd=x7 wb_val=00001000 IF_pc=000004bc IF_inst=00200293 ID_pc=000004b8 ID_inst=00120213 EX_pc=000004b4 EX_alu=000005c8 mem_we=0 mem_addr=00001223 mem_wd=13000000 mem_rd=00000000
COMMIT t=4525000 wb_pc=000004b0 wb_we=1 wb_rd=x7 wb_val=00001223 IF_pc=000004c0 IF_inst=fc5218e3 ID_pc=000004bc ID_inst=00200293 EX_pc=000004b8 EX_alu=00000001 mem_we=0 mem_addr=000005c8 mem_wd=00001223 mem_rd=0ff0000f
COMMIT t=4535000 wb_pc=000004b4 wb_we=0 wb_rd=x20 wb_val=000005c8 IF_pc=000004c4 IF_inst=01400193 ID_pc=000004c0 ID_inst=fc5218e3 EX_pc=000004bc EX_alu=00000002 mem_we=0 mem_addr=00000001 mem_wd=0000230f mem_rd=0540006f
COMMIT t=4545000 wb_pc=000004b8 wb_we=1 wb_rd=x4 wb_val=00000001 IF_pc=000004c8 IF_inst=00000213 ID_pc=000004c4 ID_inst=01400193 EX_pc=000004c0 EX_alu=00000490 mem_we=0 mem_addr=00000002 mem_wd=003c0000 mem_rd=0540006f
COMMIT t=4555000 wb_pc=000004bc wb_we=1 wb_rd=x5 wb_val=00000002 IF_pc=00000000 IF_inst=00000013 ID_pc=00000000 ID_inst=00000013 EX_pc=00000000 EX_alu=00000000 mem_we=0 mem_addr=00000490 mem_wd=00000002 mem_rd=00002117
COMMIT t=4565000 wb_pc=000004c0 wb_we=0 wb_rd=x17 wb_val=00000490 IF_pc=00000490 IF_inst=00002117 ID_pc=00000000 ID_inst=00000013 EX_pc=00000000 EX_alu=00000000 mem_we=0 mem_addr=00000000 mem_wd=00000000 mem_rd=0540006f
COMMIT t=4595000 wb_pc=00000000 wb_we=1 wb_rd=x0 wb_val=00000000 IF_pc=0000049c IF_inst=22308093 ID_pc=00000498 ID_inst=000010b7 EX_pc=00000494 EX_alu=00001f3c mem_we=0 mem_addr=00002490 mem_wd=00000000 mem_rd=00000000
COMMIT t=4605000 wb_pc=00000490 wb_we=1 wb_rd=x2 wb_val=00002490 IF_pc=000004a0 IF_inst=00000013 ID_pc=0000049c ID_inst=22308093 EX_pc=00000498 EX_alu=00001000 mem_we=0 mem_addr=00001f3c mem_wd=0000003c mem_rd=12232233
COMMIT t=4615000 wb_pc=00000494 wb_we=1 wb_rd=x2 wb_val=00001f3c IF_pc=000004a4 IF_inst=00111123 ID_pc=000004a0 ID_inst=00000013 EX_pc=0000049c EX_alu=00001223 mem_we=0 mem_addr=00001000 mem_wd=00000000 mem_rd=00000000
COMMIT t=4625000 wb_pc=00000498 wb_we=1 wb_rd=x1 wb_val=00001000 IF_pc=000004a8 IF_inst=00211703 ID_pc=000004a4 ID_inst=00111123 EX_pc=000004a0 EX_alu=00000000 mem_we=0 mem_addr=00001223 mem_wd=13000000 mem_rd=00000000
COMMIT t=4635000 wb_pc=0000049c wb_we=1 wb_rd=x1 wb_val=00001223 IF_pc=000004a8 IF_inst=00211703 ID_pc=000004a4 ID_inst=00111123 EX_pc=000004a4 EX_alu=00001f3e mem_we=0 mem_addr=00000000 mem_wd=00000000 mem_rd=0540006f
COMMIT t=4645000 wb_pc=000004a0 wb_we=1 wb_rd=x0 wb_val=00000000 IF_pc=000004ac IF_inst=000013b7 ID_pc=000004a8 ID_inst=00211703 EX_pc=000004a4 EX_alu=00001f3e mem_we=0 mem_addr=00001f3e mem_wd=1000006f mem_rd=12232233
MEM_WRITE t=4655000 pc=000004a4 addr=00001f3e wd=12232233 ctrl=1
COMMIT t=4665000 wb_pc=000004a4 wb_we=0 wb_rd=x2 wb_val=00001f3e IF_pc=000004b4 IF_inst=10771a63 ID_pc=000004b0 ID_inst=22338393 EX_pc=000004ac EX_alu=00001000 mem_we=0 mem_addr=00001f3e mem_wd=1f3c1223 mem_rd=12232233
COMMIT t=4675000 wb_pc=000004a8 wb_we=1 wb_rd=x14 wb_val=00001223 IF_pc=000004b8 IF_inst=00120213 ID_pc=000004b4 ID_inst=10771a63 EX_pc=000004b0 EX_alu=00001223 mem_we=0 mem_addr=00001000 mem_wd=00000000 mem_rd=00000000
COMMIT t=4685000 wb_pc=000004ac wb_we=1 wb_rd=x7 wb_val=00001000 IF_pc=000004bc IF_inst=00200293 ID_pc=000004b8 ID_inst=00120213 EX_pc=000004b4 EX_alu=000005c8 mem_we=0 mem_addr=00001223 mem_wd=13000000 mem_rd=00000000
COMMIT t=4695000 wb_pc=000004b0 wb_we=1 wb_rd=x7 wb_val=00001223 IF_pc=000004c0 IF_inst=fc5218e3 ID_pc=000004bc ID_inst=00200293 EX_pc=000004b8 EX_alu=00000002 mem_we=0 mem_addr=000005c8 mem_wd=00001223 mem_rd=0ff0000f
COMMIT t=4705000 wb_pc=000004b4 wb_we=0 wb_rd=x20 wb_val=000005c8 IF_pc=000004c4 IF_inst=01400193 ID_pc=000004c0 ID_inst=fc5218e3 EX_pc=000004bc EX_alu=00000002 mem_we=0 mem_addr=00000002 mem_wd=0023000f mem_rd=0540006f
COMMIT t=4715000 wb_pc=000004b8 wb_we=1 wb_rd=x4 wb_val=00000002 IF_pc=000004c8 IF_inst=00000213 ID_pc=000004c4 ID_inst=01400193 EX_pc=000004c0 EX_alu=00000490 mem_we=0 mem_addr=00000002 mem_wd=003c0040 mem_rd=0540006f
COMMIT t=4725000 wb_pc=000004bc wb_we=1 wb_rd=x5 wb_val=00000002 IF_pc=000004cc IF_inst=00002117 ID_pc=000004c8 ID_inst=00000213 EX_pc=000004c4 EX_alu=00000014 mem_we=0 mem_addr=00000490 mem_wd=00000002 mem_rd=00002117
COMMIT t=4735000 wb_pc=000004c0 wb_we=0 wb_rd=x17 wb_val=00000490 IF_pc=000004d0 IF_inst=a7010113 ID_pc=000004cc ID_inst=00002117 EX_pc=000004c8 EX_alu=00000000 mem_we=0 mem_addr=00000014 mem_wd=00002100 mem_rd=03ff0663
COMMIT t=4745000 wb_pc=000004c4 wb_we=1 wb_rd=x3 wb_val=00000014 IF_pc=000004d4 IF_inst=000010b7 ID_pc=000004d0 ID_inst=a7010113 EX_pc=000004cc EX_alu=000024cc mem_we=0 mem_addr=00000000 mem_wd=00000000 mem_rd=0540006f
COMMIT t=4755000 wb_pc=000004c8 wb_we=1 wb_rd=x4 wb_val=00000000 IF_pc=000004d8 IF_inst=12208093 ID_pc=000004d4 ID_inst=000010b7 EX_pc=000004d0 EX_alu=00001f3c mem_we=0 mem_addr=000024cc mem_wd=00000000 mem_rd=00000000
COMMIT t=4765000 wb_pc=000004cc wb_we=1 wb_rd=x2 wb_val=000024cc IF_pc=000004dc IF_inst=00000013 ID_pc=000004d8 ID_inst=12208093 EX_pc=000004d4 EX_alu=00001000 mem_we=0 mem_addr=00001f3c mem_wd=00000000 mem_rd=12232233
COMMIT t=4775000 wb_pc=000004d0 wb_we=1 wb_rd=x2 wb_val=00001f3c IF_pc=000004e0 IF_inst=00000013 ID_pc=000004dc ID_inst=00000013 EX_pc=000004d8 EX_alu=00001122 mem_we=0 mem_addr=00001000 mem_wd=00000000 mem_rd=00000000
COMMIT t=4785000 wb_pc=000004d4 wb_we=1 wb_rd=x1 wb_val=00001000 IF_pc=000004e4 IF_inst=00111223 ID_pc=000004e0 ID_inst=00000013 EX_pc=000004dc EX_alu=00000000 mem_we=0 mem_addr=00001122 mem_wd=003c0000 mem_rd=00000000
COMMIT t=4795000 wb_pc=000004d8 wb_we=1 wb_rd=x1 wb_val=00001122 IF_pc=000004e8 IF_inst=00411703 ID_pc=000004e4 ID_inst=00111223 EX_pc=000004e0 EX_alu=00000000 mem_we=0 mem_addr=00000000 mem_wd=00000000 mem_rd=0540006f
COMMIT t=4805000 wb_pc=000004dc wb_we=1 wb_rd=x0 wb_val=00000000 IF_pc=000004e8 IF_inst=00411703 ID_pc=000004e4 ID_inst=00111223 EX_pc=000004e4 EX_alu=00001f40 mem_we=0 mem_addr=00000000 mem_wd=00000000 mem_rd=0540006f
COMMIT t=4815000 wb_pc=000004e0 wb_we=1 wb_rd=x0 wb_val=00000000 IF_pc=000004ec IF_inst=000013b7 ID_pc=000004e8 ID_inst=00411703 EX_pc=000004e4 EX_alu=00001f40 mem_we=0 mem_addr=00001f40 mem_wd=00001122 mem_rd=abbcbbcc
MEM_WRITE t=4825000 pc=000004e4 addr=00001f40 wd=abbc1122 ctrl=1
COMMIT t=4835000 wb_pc=000004e4 wb_we=0 wb_rd=x4 wb_val=00001f40 IF_pc=000004f4 IF_inst=0c771a63 ID_pc=000004f0 ID_inst=12238393 EX_pc=000004ec EX_alu=00001000 mem_we=0 mem_addr=00001f40 mem_wd=ffff0000 mem_rd=abbc1122
COMMIT t=4845000 wb_pc=000004e8 wb_we=1 wb_rd=x14 wb_val=00001122 IF_pc=000004f8 IF_inst=00120213 ID_pc=000004f4 ID_inst=0c771a63 EX_pc=000004f0 EX_alu=00001122 mem_we=0 mem_addr=00001000 mem_wd=00000000 mem_rd=00000000
COMMIT t=4855000 wb_pc=000004ec wb_we=1 wb_rd=x7 wb_val=00001000 IF_pc=000004fc IF_inst=00200293 ID_pc=000004f8 ID_inst=00120213 EX_pc=000004f4 EX_alu=000005c8 mem_we=0 mem_addr=00001122 mem_wd=003c0000 mem_rd=00000000
COMMIT t=4865000 wb_pc=000004f0 wb_we=1 wb_rd=x7 wb_val=00001122 IF_pc=00000500 IF_inst=fc5216e3 ID_pc=000004fc ID_inst=00200293 EX_pc=000004f8 EX_alu=00000001 mem_we=0 mem_addr=000005c8 mem_wd=00001122 mem_rd=0ff0000f
COMMIT t=4875000 wb_pc=000004f4 wb_we=0 wb_rd=x20 wb_val=000005c8 IF_pc=00000504 IF_inst=01500193 ID_pc=00000500 ID_inst=fc5216e3 EX_pc=000004fc EX_alu=00000002 mem_we=0 mem_addr=00000001 mem_wd=0000220f mem_rd=0540006f
COMMIT t=4885000 wb_pc=000004f8 wb_we=1 wb_rd=x4 wb_val=00000001 IF_pc=00000508 IF_inst=00000213 ID_pc=00000504 ID_inst=01500193 EX_pc=00000500 EX_alu=000004cc mem_we=0 mem_addr=00000002 mem_wd=003c0000 mem_rd=0540006f
COMMIT t=4895000 wb_pc=000004fc wb_we=1 wb_rd=x5 wb_val=00000002 IF_pc=00000000 IF_inst=00000013 ID_pc=00000000 ID_inst=00000013 EX_pc=00000000 EX_alu=00000000 mem_we=0 mem_addr=000004cc mem_wd=00000002 mem_rd=00002117
COMMIT t=4905000 wb_pc=00000500 wb_we=0 wb_rd=x13 wb_val=000004cc IF_pc=000004cc IF_inst=00002117 ID_pc=00000000 ID_inst=00000013 EX_pc=00000000 EX_alu=00000000 mem_we=0 mem_addr=00000000 mem_wd=00000000 mem_rd=0540006f
COMMIT t=4935000 wb_pc=00000000 wb_we=1 wb_rd=x0 wb_val=00000000 IF_pc=000004d8 IF_inst=12208093 ID_pc=000004d4 ID_inst=000010b7 EX_pc=000004d0 EX_alu=00001f3c mem_we=0 mem_addr=000024cc mem_wd=00000000 mem_rd=00000000
COMMIT t=4945000 wb_pc=000004cc wb_we=1 wb_rd=x2 wb_val=000024cc IF_pc=000004dc IF_inst=00000013 ID_pc=000004d8 ID_inst=12208093 EX_pc=000004d4 EX_alu=00001000 mem_we=0 mem_addr=00001f3c mem_wd=00000000 mem_rd=12232233
COMMIT t=4955000 wb_pc=000004d0 wb_we=1 wb_rd=x2 wb_val=00001f3c IF_pc=000004e0 IF_inst=00000013 ID_pc=000004dc ID_inst=00000013 EX_pc=000004d8 EX_alu=00001122 mem_we=0 mem_addr=00001000 mem_wd=00000000 mem_rd=00000000
COMMIT t=4965000 wb_pc=000004d4 wb_we=1 wb_rd=x1 wb_val=00001000 IF_pc=000004e4 IF_inst=00111223 ID_pc=000004e0 ID_inst=00000013 EX_pc=000004dc EX_alu=00000000 mem_we=0 mem_addr=00001122 mem_wd=003c0000 mem_rd=00000000
COMMIT t=4975000 wb_pc=000004d8 wb_we=1 wb_rd=x1 wb_val=00001122 IF_pc=000004e8 IF_inst=00411703 ID_pc=000004e4 ID_inst=00111223 EX_pc=000004e0 EX_alu=00000000 mem_we=0 mem_addr=00000000 mem_wd=00000000 mem_rd=0540006f
COMMIT t=4985000 wb_pc=000004dc wb_we=1 wb_rd=x0 wb_val=00000000 IF_pc=000004e8 IF_inst=00411703 ID_pc=000004e4 ID_inst=00111223 EX_pc=000004e4 EX_alu=00001f40 mem_we=0 mem_addr=00000000 mem_wd=00000000 mem_rd=0540006f
COMMIT t=4995000 wb_pc=000004e0 wb_we=1 wb_rd=x0 wb_val=00000000 IF_pc=000004ec IF_inst=000013b7 ID_pc=000004e8 ID_inst=00411703 EX_pc=000004e4 EX_alu=00001f40 mem_we=0 mem_addr=00001f40 mem_wd=00001122 mem_rd=abbc1122
MEM_WRITE t=5005000 pc=000004e4 addr=00001f40 wd=abbc1122 ctrl=1
COMMIT t=5015000 wb_pc=000004e4 wb_we=0 wb_rd=x4 wb_val=00001f40 IF_pc=000004f4 IF_inst=0c771a63 ID_pc=000004f0 ID_inst=12238393 EX_pc=000004ec EX_alu=00001000 mem_we=0 mem_addr=00001f40 mem_wd=00000001 mem_rd=abbc1122
COMMIT t=5025000 wb_pc=000004e8 wb_we=1 wb_rd=x14 wb_val=00001122 IF_pc=000004f8 IF_inst=00120213 ID_pc=000004f4 ID_inst=0c771a63 EX_pc=000004f0 EX_alu=00001122 mem_we=0 mem_addr=00001000 mem_wd=00000000 mem_rd=00000000
COMMIT t=5035000 wb_pc=000004ec wb_we=1 wb_rd=x7 wb_val=00001000 IF_pc=000004fc IF_inst=00200293 ID_pc=000004f8 ID_inst=00120213 EX_pc=000004f4 EX_alu=000005c8 mem_we=0 mem_addr=00001122 mem_wd=003c0000 mem_rd=00000000
COMMIT t=5045000 wb_pc=000004f0 wb_we=1 wb_rd=x7 wb_val=00001122 IF_pc=00000500 IF_inst=fc5216e3 ID_pc=000004fc ID_inst=00200293 EX_pc=000004f8 EX_alu=00000002 mem_we=0 mem_addr=000005c8 mem_wd=00001122 mem_rd=0ff0000f
COMMIT t=5055000 wb_pc=000004f4 wb_we=0 wb_rd=x20 wb_val=000005c8 IF_pc=00000504 IF_inst=01500193 ID_pc=00000500 ID_inst=fc5216e3 EX_pc=000004fc EX_alu=00000002 mem_we=0 mem_addr=00000002 mem_wd=0022000f mem_rd=0540006f
COMMIT t=5065000 wb_pc=000004f8 wb_we=1 wb_rd=x4 wb_val=00000002 IF_pc=00000508 IF_inst=00000213 ID_pc=00000504 ID_inst=01500193 EX_pc=00000500 EX_alu=000004cc mem_we=0 mem_addr=00000002 mem_wd=003c0040 mem_rd=0540006f
COMMIT t=5075000 wb_pc=000004fc wb_we=1 wb_rd=x5 wb_val=00000002 IF_pc=0000050c IF_inst=00002117 ID_pc=00000508 ID_inst=00000213 EX_pc=00000504 EX_alu=00000015 mem_we=0 mem_addr=000004cc mem_wd=00000002 mem_rd=00002117
COMMIT t=5085000 wb_pc=00000500 wb_we=0 wb_rd=x13 wb_val=000004cc IF_pc=00000510 IF_inst=a3010113 ID_pc=0000050c ID_inst=00002117 EX_pc=00000508 EX_alu=00000000 mem_we=0 mem_addr=00000015 mem_wd=00000017 mem_rd=03ff0663
COMMIT t=5095000 wb_pc=00000504 wb_we=1 wb_rd=x3 wb_val=00000015 IF_pc=00000514 IF_inst=00000013 ID_pc=00000510 ID_inst=a3010113 EX_pc=0000050c EX_alu=0000250c mem_we=0 mem_addr=00000000 mem_wd=00000000 mem_rd=0540006f
COMMIT t=5105000 wb_pc=00000508 wb_we=1 wb_rd=x4 wb_val=00000000 IF_pc=00000518 IF_inst=11200093 ID_pc=00000514 ID_inst=00000013 EX_pc=00000510 EX_alu=00001f3c mem_we=0 mem_addr=0000250c mem_wd=00000000 mem_rd=00000000
COMMIT t=5115000 wb_pc=0000050c wb_we=1 wb_rd=x2 wb_val=0000250c IF_pc=0000051c IF_inst=00111323 ID_pc=00000518 ID_inst=11200093 EX_pc=00000514 EX_alu=00000000 mem_we=0 mem_addr=00001f3c mem_wd=00000000 mem_rd=12232233
COMMIT t=5125000 wb_pc=00000510 wb_we=1 wb_rd=x2 wb_val=00001f3c IF_pc=00000520 IF_inst=00611703 ID_pc=0000051c ID_inst=00111323 EX_pc=00000518 EX_alu=00000112 mem_we=0 mem_addr=00000000 mem_wd=00000000 mem_rd=0540006f
COMMIT t=5135000 wb_pc=00000514 wb_we=1 wb_rd=x0 wb_val=00000000 IF_pc=00000520 IF_inst=00611703 ID_pc=0000051c ID_inst=00111323 EX_pc=0000051c EX_alu=00001f42 mem_we=0 mem_addr=00000112 mem_wd=0000006f mem_rd=a0008093
COMMIT t=5145000 wb_pc=00000518 wb_we=1 wb_rd=x1 wb_val=00000112 IF_pc=00000524 IF_inst=11200393 ID_pc=00000520 ID_inst=00611703 EX_pc=0000051c EX_alu=00001f42 mem_we=0 mem_addr=00001f42 mem_wd=11220000 mem_rd=abbc1122
MEM_WRITE t=5155000 pc=0000051c addr=00001f42 wd=01121122 ctrl=1
COMMIT t=5165000 wb_pc=0000051c wb_we=0 wb_rd=x6 wb_val=00001f42 IF_pc=0000052c IF_inst=00120213 ID_pc=00000528 ID_inst=0a771063 EX_pc=00000524 EX_alu=00000112 mem_we=0 mem_addr=00001f42 mem_wd=0000abbc mem_rd=01121122
COMMIT t=5175000 wb_pc=00000520 wb_we=1 wb_rd=x14 wb_val=00000112 IF_pc=00000530 IF_inst=00200293 ID_pc=0000052c ID_inst=00120213 EX_pc=00000528 EX_alu=000005c8 mem_we=0 mem_addr=00000112 mem_wd=00000112 mem_rd=a0008093
COMMIT t=5185000 wb_pc=00000524 wb_we=1 wb_rd=x7 wb_val=00000112 IF_pc=00000534 IF_inst=fc521ce3 ID_pc=00000530 ID_inst=00200293 EX_pc=0000052c EX_alu=00000001 mem_we=0 mem_addr=000005c8 mem_wd=00000112 mem_rd=0ff0000f
COMMIT t=5195000 wb_pc=00000528 wb_we=0 wb_rd=x0 wb_val=000005c8 IF_pc=00000538 IF_inst=01600193 ID_pc=00000534 ID_inst=fc521ce3 EX_pc=00000530 EX_alu=00000002 mem_we=0 mem_addr=00000001 mem_wd=0000120f mem_rd=0540006f
COMMIT t=5205000 wb_pc=0000052c wb_we=1 wb_rd=x4 wb_val=00000001 IF_pc=0000053c IF_inst=00000213 ID_pc=00000538 ID_inst=01600193 EX_pc=00000534 EX_alu=0000050c mem_we=0 mem_addr=00000002 mem_wd=003c0000 mem_rd=0540006f
COMMIT t=5215000 wb_pc=00000530 wb_we=1 wb_rd=x5 wb_val=00000002 IF_pc=00000000 IF_inst=00000013 ID_pc=00000000 ID_inst=00000013 EX_pc=00000000 EX_alu=00000000 mem_we=0 mem_addr=0000050c mem_wd=00000002 mem_rd=00002117
COMMIT t=5225000 wb_pc=00000534 wb_we=0 wb_rd=x25 wb_val=0000050c IF_pc=0000050c IF_inst=00002117 ID_pc=00000000 ID_inst=00000013 EX_pc=00000000 EX_alu=00000000 mem_we=0 mem_addr=00000000 mem_wd=00000000 mem_rd=0540006f
COMMIT t=5255000 wb_pc=00000000 wb_we=1 wb_rd=x0 wb_val=00000000 IF_pc=00000518 IF_inst=11200093 ID_pc=00000514 ID_inst=00000013 EX_pc=00000510 EX_alu=00001f3c mem_we=0 mem_addr=0000250c mem_wd=00000000 mem_rd=00000000
COMMIT t=5265000 wb_pc=0000050c wb_we=1 wb_rd=x2 wb_val=0000250c IF_pc=0000051c IF_inst=00111323 ID_pc=00000518 ID_inst=11200093 EX_pc=00000514 EX_alu=00000000 mem_we=0 mem_addr=00001f3c mem_wd=00000000 mem_rd=12232233
COMMIT t=5275000 wb_pc=00000510 wb_we=1 wb_rd=x2 wb_val=00001f3c IF_pc=00000520 IF_inst=00611703 ID_pc=0000051c ID_inst=00111323 EX_pc=00000518 EX_alu=00000112 mem_we=0 mem_addr=00000000 mem_wd=00000000 mem_rd=0540006f
COMMIT t=5285000 wb_pc=00000514 wb_we=1 wb_rd=x0 wb_val=00000000 IF_pc=00000520 IF_inst=00611703 ID_pc=0000051c ID_inst=00111323 EX_pc=0000051c EX_alu=00001f42 mem_we=0 mem_addr=00000112 mem_wd=0000006f mem_rd=a0008093
COMMIT t=5295000 wb_pc=00000518 wb_we=1 wb_rd=x1 wb_val=00000112 IF_pc=00000524 IF_inst=11200393 ID_pc=00000520 ID_inst=00611703 EX_pc=0000051c EX_alu=00001f42 mem_we=0 mem_addr=00001f42 mem_wd=01120000 mem_rd=01121122
MEM_WRITE t=5305000 pc=0000051c addr=00001f42 wd=01121122 ctrl=1
COMMIT t=5315000 wb_pc=0000051c wb_we=0 wb_rd=x6 wb_val=00001f42 IF_pc=0000052c IF_inst=00120213 ID_pc=00000528 ID_inst=0a771063 EX_pc=00000524 EX_alu=00000112 mem_we=0 mem_addr=00001f42 mem_wd=00000112 mem_rd=01121122
COMMIT t=5325000 wb_pc=00000520 wb_we=1 wb_rd=x14 wb_val=00000112 IF_pc=00000530 IF_inst=00200293 ID_pc=0000052c ID_inst=00120213 EX_pc=00000528 EX_alu=000005c8 mem_we=0 mem_addr=00000112 mem_wd=00000112 mem_rd=a0008093
COMMIT t=5335000 wb_pc=00000524 wb_we=1 wb_rd=x7 wb_val=00000112 IF_pc=00000534 IF_inst=fc521ce3 ID_pc=00000530 ID_inst=00200293 EX_pc=0000052c EX_alu=00000002 mem_we=0 mem_addr=000005c8 mem_wd=00000112 mem_rd=0ff0000f
COMMIT t=5345000 wb_pc=00000528 wb_we=0 wb_rd=x0 wb_val=000005c8 IF_pc=00000538 IF_inst=01600193 ID_pc=00000534 ID_inst=fc521ce3 EX_pc=00000530 EX_alu=00000002 mem_we=0 mem_addr=00000002 mem_wd=0012000f mem_rd=0540006f
COMMIT t=5355000 wb_pc=0000052c wb_we=1 wb_rd=x4 wb_val=00000002 IF_pc=0000053c IF_inst=00000213 ID_pc=00000538 ID_inst=01600193 EX_pc=00000534 EX_alu=0000050c mem_we=0 mem_addr=00000002 mem_wd=003c0040 mem_rd=0540006f
COMMIT t=5365000 wb_pc=00000530 wb_we=1 wb_rd=x5 wb_val=00000002 IF_pc=00000540 IF_inst=00002117 ID_pc=0000053c ID_inst=00000213 EX_pc=00000538 EX_alu=00000016 mem_we=0 mem_addr=0000050c mem_wd=00000002 mem_rd=00002117
COMMIT t=5375000 wb_pc=00000534 wb_we=0 wb_rd=x25 wb_val=0000050c IF_pc=00000544 IF_inst=9fc10113 ID_pc=00000540 ID_inst=00002117 EX_pc=0000053c EX_alu=00000000 mem_we=0 mem_addr=00000016 mem_wd=00002117 mem_rd=03ff0663
COMMIT t=5385000 wb_pc=00000538 wb_we=1 wb_rd=x3 wb_val=00000016 IF_pc=00000548 IF_inst=00000013 ID_pc=00000544 ID_inst=9fc10113 EX_pc=00000540 EX_alu=00002540 mem_we=0 mem_addr=00000000 mem_wd=ffffff00 mem_rd=0540006f
COMMIT t=5395000 wb_pc=0000053c wb_we=1 wb_rd=x4 wb_val=00000000 IF_pc=0000054c IF_inst=01100093 ID_pc=00000548 ID_inst=00000013 EX_pc=00000544 EX_alu=00001f3c mem_we=0 mem_addr=00002540 mem_wd=00000000 mem_rd=00000000
COMMIT t=5405000 wb_pc=00000540 wb_we=1 wb_rd=x2 wb_val=00002540 IF_pc=00000550 IF_inst=00000013 ID_pc=0000054c ID_inst=01100093 EX_pc=00000548 EX_alu=00000000 mem_we=0 mem_addr=00001f3c mem_wd=00000000 mem_rd=12232233
COMMIT t=5415000 wb_pc=00000544 wb_we=1 wb_rd=x2 wb_val=00001f3c IF_pc=00000554 IF_inst=00111423 ID_pc=00000550 ID_inst=00000013 EX_pc=0000054c EX_alu=00000011 mem_we=0 mem_addr=00000000 mem_wd=00000000 mem_rd=0540006f
COMMIT t=5425000 wb_pc=00000548 wb_we=1 wb_rd=x0 wb_val=00000000 IF_pc=00000558 IF_inst=00811703 ID_pc=00000554 ID_inst=00111423 EX_pc=00000550 EX_alu=00000000 mem_we=0 mem_addr=00000011 mem_wd=0000006f mem_rd=00900f93
COMMIT t=5435000 wb_pc=0000054c wb_we=1 wb_rd=x1 wb_val=00000011 IF_pc=00000558 IF_inst=00811703 ID_pc=00000554 ID_inst=00111423 EX_pc=00000554 EX_alu=00001f44 mem_we=0 mem_addr=00000000 mem_wd=00000000 mem_rd=0540006f
COMMIT t=5445000 wb_pc=00000550 wb_we=1 wb_rd=x0 wb_val=00000000 IF_pc=0000055c IF_inst=01100393 ID_pc=00000558 ID_inst=00811703 EX_pc=00000554 EX_alu=00001f44 mem_we=0 mem_addr=00001f44 mem_wd=00000112 mem_rd=daabaabb
MEM_WRITE t=5455000 pc=00000554 addr=00001f44 wd=daab0011 ctrl=1
COMMIT t=5465000 wb_pc=00000554 wb_we=0 wb_rd=x8 wb_val=00001f44 IF_pc=00000564 IF_inst=00120213 ID_pc=00000560 ID_inst=06771463 EX_pc=0000055c EX_alu=00000011 mem_we=0 mem_addr=00001f44 mem_wd=ffff0000 mem_rd=daab0011
COMMIT t=5475000 wb_pc=00000558 wb_we=1 wb_rd=x14 wb_val=00000011 IF_pc=00000568 IF_inst=00200293 ID_pc=00000564 ID_inst=00120213 EX_pc=00000560 EX_alu=000005c8 mem_we=0 mem_addr=00000011 mem_wd=00000011 mem_rd=00900f93
COMMIT t=5485000 wb_pc=0000055c wb_we=1 wb_rd=x7 wb_val=00000011 IF_pc=0000056c IF_inst=fc521ae3 ID_pc=00000568 ID_inst=00200293 EX_pc=00000564 EX_alu=00000001 mem_we=0 mem_addr=000005c8 mem_wd=00000011 mem_rd=0ff0000f
COMMIT t=5495000 wb_pc=00000560 wb_we=0 wb_rd=x8 wb_val=000005c8 IF_pc=00000570 IF_inst=01700193 ID_pc=0000056c ID_inst=fc521ae3 EX_pc=00000568 EX_alu=00000002 mem_we=0 mem_addr=00000001 mem_wd=0000110f mem_rd=0540006f
COMMIT t=5505000 wb_pc=00000564 wb_we=1 wb_rd=x4 wb_val=00000001 IF_pc=00000574 IF_inst=00000213 ID_pc=00000570 ID_inst=01700193 EX_pc=0000056c EX_alu=00000540 mem_we=0 mem_addr=00000002 mem_wd=003c0000 mem_rd=0540006f
COMMIT t=5515000 wb_pc=00000568 wb_we=1 wb_rd=x5 wb_val=00000002 IF_pc=00000000 IF_inst=00000013 ID_pc=00000000 ID_inst=00000013 EX_pc=00000000 EX_alu=00000000 mem_we=0 mem_addr=00000540 mem_wd=00000002 mem_rd=00002117
COMMIT t=5525000 wb_pc=0000056c wb_we=0 wb_rd=x21 wb_val=00000540 IF_pc=00000540 IF_inst=00002117 ID_pc=00000000 ID_inst=00000013 EX_pc=00000000 EX_alu=00000000 mem_we=0 mem_addr=00000000 mem_wd=00000000 mem_rd=0540006f
COMMIT t=5555000 wb_pc=00000000 wb_we=1 wb_rd=x0 wb_val=00000000 IF_pc=0000054c IF_inst=01100093 ID_pc=00000548 ID_inst=00000013 EX_pc=00000544 EX_alu=00001f3c mem_we=0 mem_addr=00002540 mem_wd=00000000 mem_rd=00000000
COMMIT t=5565000 wb_pc=00000540 wb_we=1 wb_rd=x2 wb_val=00002540 IF_pc=00000550 IF_inst=00000013 ID_pc=0000054c ID_inst=01100093 EX_pc=00000548 EX_alu=00000000 mem_we=0 mem_addr=00001f3c mem_wd=00000000 mem_rd=12232233
COMMIT t=5575000 wb_pc=00000544 wb_we=1 wb_rd=x2 wb_val=00001f3c IF_pc=00000554 IF_inst=00111423 ID_pc=00000550 ID_inst=00000013 EX_pc=0000054c EX_alu=00000011 mem_we=0 mem_addr=00000000 mem_wd=00000000 mem_rd=0540006f
COMMIT t=5585000 wb_pc=00000548 wb_we=1 wb_rd=x0 wb_val=00000000 IF_pc=00000558 IF_inst=00811703 ID_pc=00000554 ID_inst=00111423 EX_pc=00000550 EX_alu=00000000 mem_we=0 mem_addr=00000011 mem_wd=0000006f mem_rd=00900f93
COMMIT t=5595000 wb_pc=0000054c wb_we=1 wb_rd=x1 wb_val=00000011 IF_pc=00000558 IF_inst=00811703 ID_pc=00000554 ID_inst=00111423 EX_pc=00000554 EX_alu=00001f44 mem_we=0 mem_addr=00000000 mem_wd=00000000 mem_rd=0540006f
COMMIT t=5605000 wb_pc=00000550 wb_we=1 wb_rd=x0 wb_val=00000000 IF_pc=0000055c IF_inst=01100393 ID_pc=00000558 ID_inst=00811703 EX_pc=00000554 EX_alu=00001f44 mem_we=0 mem_addr=00001f44 mem_wd=00000011 mem_rd=daab0011
MEM_WRITE t=5615000 pc=00000554 addr=00001f44 wd=daab0011 ctrl=1
COMMIT t=5625000 wb_pc=00000554 wb_we=0 wb_rd=x8 wb_val=00001f44 IF_pc=00000564 IF_inst=00120213 ID_pc=00000560 ID_inst=06771463 EX_pc=0000055c EX_alu=00000011 mem_we=0 mem_addr=00001f44 mem_wd=00000000 mem_rd=daab0011
COMMIT t=5635000 wb_pc=00000558 wb_we=1 wb_rd=x14 wb_val=00000011 IF_pc=00000568 IF_inst=00200293 ID_pc=00000564 ID_inst=00120213 EX_pc=00000560 EX_alu=000005c8 mem_we=0 mem_addr=00000011 mem_wd=00000011 mem_rd=00900f93
COMMIT t=5645000 wb_pc=0000055c wb_we=1 wb_rd=x7 wb_val=00000011 IF_pc=0000056c IF_inst=fc521ae3 ID_pc=00000568 ID_inst=00200293 EX_pc=00000564 EX_alu=00000002 mem_we=0 mem_addr=000005c8 mem_wd=00000011 mem_rd=0ff0000f
COMMIT t=5655000 wb_pc=00000560 wb_we=0 wb_rd=x8 wb_val=000005c8 IF_pc=00000570 IF_inst=01700193 ID_pc=0000056c ID_inst=fc521ae3 EX_pc=00000568 EX_alu=00000002 mem_we=0 mem_addr=00000002 mem_wd=0011000f mem_rd=0540006f
COMMIT t=5665000 wb_pc=00000564 wb_we=1 wb_rd=x4 wb_val=00000002 IF_pc=00000574 IF_inst=00000213 ID_pc=00000570 ID_inst=01700193 EX_pc=0000056c EX_alu=00000540 mem_we=0 mem_addr=00000002 mem_wd=003c0040 mem_rd=0540006f
COMMIT t=5675000 wb_pc=00000568 wb_we=1 wb_rd=x5 wb_val=00000002 IF_pc=00000578 IF_inst=00002117 ID_pc=00000574 ID_inst=00000213 EX_pc=00000570 EX_alu=00000017 mem_we=0 mem_addr=00000540 mem_wd=00000002 mem_rd=00002117
COMMIT t=5685000 wb_pc=0000056c wb_we=0 wb_rd=x21 wb_val=00000540 IF_pc=0000057c IF_inst=9c410113 ID_pc=00000578 ID_inst=00002117 EX_pc=00000574 EX_alu=00000000 mem_we=0 mem_addr=00000017 mem_wd=00002117 mem_rd=03ff0663
COMMIT t=5695000 wb_pc=00000570 wb_we=1 wb_rd=x3 wb_val=00000017 IF_pc=00000580 IF_inst=00000013 ID_pc=0000057c ID_inst=9c410113 EX_pc=00000578 EX_alu=00002578 mem_we=0 mem_addr=00000000 mem_wd=00000000 mem_rd=0540006f
COMMIT t=5705000 wb_pc=00000574 wb_we=1 wb_rd=x4 wb_val=00000000 IF_pc=00000584 IF_inst=00000013 ID_pc=00000580 ID_inst=00000013 EX_pc=0000057c EX_alu=00001f3c mem_we=0 mem_addr=00002578 mem_wd=00000000 mem_rd=00000000
COMMIT t=5715000 wb_pc=00000578 wb_we=1 wb_rd=x2 wb_val=00002578 IF_pc=00000588 IF_inst=000030b7 ID_pc=00000584 ID_inst=00000013 EX_pc=00000580 EX_alu=00000000 mem_we=0 mem_addr=00001f3c mem_wd=00000000 mem_rd=12232233
COMMIT t=5725000 wb_pc=0000057c wb_we=1 wb_rd=x2 wb_val=00001f3c IF_pc=0000058c IF_inst=00108093 ID_pc=00000588 ID_inst=000030b7 EX_pc=00000584 EX_alu=00000000 mem_we=0 mem_addr=00000000 mem_wd=00000000 mem_rd=0540006f
COMMIT t=5735000 wb_pc=00000580 wb_we=1 wb_rd=x0 wb_val=00000000 IF_pc=00000590 IF_inst=00111523 ID_pc=0000058c ID_inst=00108093 EX_pc=00000588 EX_alu=00003000 mem_we=0 mem_addr=00000000 mem_wd=00000000 mem_rd=0540006f
COMMIT t=5745000 wb_pc=00000584 wb_we=1 wb_rd=x0 wb_val=00000000 IF_pc=00000594 IF_inst=00a11703 ID_pc=00000590 ID_inst=00111523 EX_pc=0000058c EX_alu=00003001 mem_we=0 mem_addr=00003000 mem_wd=00000000 mem_rd=00000000
COMMIT t=5755000 wb_pc=00000588 wb_we=1 wb_rd=x1 wb_val=00003000 IF_pc=00000594 IF_inst=00a11703 ID_pc=00000590 ID_inst=00111523 EX_pc=00000590 EX_alu=00001f46 mem_we=0 mem_addr=00003001 mem_wd=00000000 mem_rd=00000000
COMMIT t=5765000 wb_pc=0000058c wb_we=1 wb_rd=x1 wb_val=00003001 IF_pc=00000598 IF_inst=000033b7 ID_pc=00000594 ID_inst=00a11703 EX_pc=00000590 EX_alu=00001f46 mem_we=0 mem_addr=00001f46 mem_wd=00110000 mem_rd=daab0011
MEM_WRITE t=5775000 pc=00000590 addr=00001f46 wd=30010011 ctrl=1
COMMIT t=5785000 wb_pc=00000590 wb_we=0 wb_rd=x10 wb_val=00001f46 IF_pc=000005a0 IF_inst=02771463 ID_pc=0000059c ID_inst=00138393 EX_pc=00000598 EX_alu=00003000 mem_we=0 mem_addr=00001f46 mem_wd=0000daab mem_rd=30010011
COMMIT t=5795000 wb_pc=00000594 wb_we=1 wb_rd=x14 wb_val=00003001 IF_pc=000005a4 IF_inst=00120213 ID_pc=000005a0 ID_inst=02771463 EX_pc=0000059c EX_alu=00003001 mem_we=0 mem_addr=00003000 mem_wd=00000000 mem_rd=00000000
COMMIT t=5805000 wb_pc=00000598 wb_we=1 wb_rd=x7 wb_val=00003000 IF_pc=000005a8 IF_inst=00200293 ID_pc=000005a4 ID_inst=00120213 EX_pc=000005a0 EX_alu=000005c8 mem_we=0 mem_addr=00003001 mem_wd=00000100 mem_rd=00000000
COMMIT t=5815000 wb_pc=0000059c wb_we=1 wb_rd=x7 wb_val=00003001 IF_pc=000005ac IF_inst=fc5216e3 ID_pc=000005a8 ID_inst=00200293 EX_pc=000005a4 EX_alu=00000001 mem_we=0 mem_addr=000005c8 mem_wd=00003001 mem_rd=0ff0000f
COMMIT t=5825000 wb_pc=000005a0 wb_we=0 wb_rd=x8 wb_val=000005c8 IF_pc=000005b0 IF_inst=0000c537 ID_pc=000005ac ID_inst=fc5216e3 EX_pc=000005a8 EX_alu=00000002 mem_we=0 mem_addr=00000001 mem_wd=0000010f mem_rd=0540006f
COMMIT t=5835000 wb_pc=000005a4 wb_we=1 wb_rd=x4 wb_val=00000001 IF_pc=000005b4 IF_inst=eef50513 ID_pc=000005b0 ID_inst=0000c537 EX_pc=000005ac EX_alu=00000578 mem_we=0 mem_addr=00000002 mem_wd=003c0000 mem_rd=0540006f
COMMIT t=5845000 wb_pc=000005a8 wb_we=1 wb_rd=x5 wb_val=00000002 IF_pc=00000000 IF_inst=00000013 ID_pc=00000000 ID_inst=00000013 EX_pc=00000000 EX_alu=00000000 mem_we=0 mem_addr=00000578 mem_wd=00000002 mem_rd=00002117
COMMIT t=5855000 wb_pc=000005ac wb_we=0 wb_rd=x13 wb_val=00000578 IF_pc=00000578 IF_inst=00002117 ID_pc=00000000 ID_inst=00000013 EX_pc=00000000 EX_alu=00000000 mem_we=0 mem_addr=00000000 mem_wd=00000000 mem_rd=0540006f
COMMIT t=5885000 wb_pc=00000000 wb_we=1 wb_rd=x0 wb_val=00000000 IF_pc=00000584 IF_inst=00000013 ID_pc=00000580 ID_inst=00000013 EX_pc=0000057c EX_alu=00001f3c mem_we=0 mem_addr=00002578 mem_wd=00000000 mem_rd=00000000
COMMIT t=5895000 wb_pc=00000578 wb_we=1 wb_rd=x2 wb_val=00002578 IF_pc=00000588 IF_inst=000030b7 ID_pc=00000584 ID_inst=00000013 EX_pc=00000580 EX_alu=00000000 mem_we=0 mem_addr=00001f3c mem_wd=00000001 mem_rd=12232233
COMMIT t=5905000 wb_pc=0000057c wb_we=1 wb_rd=x2 wb_val=00001f3c IF_pc=0000058c IF_inst=00108093 ID_pc=00000588 ID_inst=000030b7 EX_pc=00000584 EX_alu=00000000 mem_we=0 mem_addr=00000000 mem_wd=00000000 mem_rd=0540006f
COMMIT t=5915000 wb_pc=00000580 wb_we=1 wb_rd=x0 wb_val=00000000 IF_pc=00000590 IF_inst=00111523 ID_pc=0000058c ID_inst=00108093 EX_pc=00000588 EX_alu=00003000 mem_we=0 mem_addr=00000000 mem_wd=00000000 mem_rd=0540006f
COMMIT t=5925000 wb_pc=00000584 wb_we=1 wb_rd=x0 wb_val=00000000 IF_pc=00000594 IF_inst=00a11703 ID_pc=00000590 ID_inst=00111523 EX_pc=0000058c EX_alu=00003001 mem_we=0 mem_addr=00003000 mem_wd=00000000 mem_rd=00000000
COMMIT t=5935000 wb_pc=00000588 wb_we=1 wb_rd=x1 wb_val=00003000 IF_pc=00000594 IF_inst=00a11703 ID_pc=00000590 ID_inst=00111523 EX_pc=00000590 EX_alu=00001f46 mem_we=0 mem_addr=00003001 mem_wd=00000000 mem_rd=00000000
COMMIT t=5945000 wb_pc=0000058c wb_we=1 wb_rd=x1 wb_val=00003001 IF_pc=00000598 IF_inst=000033b7 ID_pc=00000594 ID_inst=00a11703 EX_pc=00000590 EX_alu=00001f46 mem_we=0 mem_addr=00001f46 mem_wd=30010000 mem_rd=30010011
MEM_WRITE t=5955000 pc=00000590 addr=00001f46 wd=30010011 ctrl=1
COMMIT t=5965000 wb_pc=00000590 wb_we=0 wb_rd=x10 wb_val=00001f46 IF_pc=000005a0 IF_inst=02771463 ID_pc=0000059c ID_inst=00138393 EX_pc=00000598 EX_alu=00003000 mem_we=0 mem_addr=00001f46 mem_wd=00003001 mem_rd=30010011
COMMIT t=5975000 wb_pc=00000594 wb_we=1 wb_rd=x14 wb_val=00003001 IF_pc=000005a4 IF_inst=00120213 ID_pc=000005a0 ID_inst=02771463 EX_pc=0000059c EX_alu=00003001 mem_we=0 mem_addr=00003000 mem_wd=00000000 mem_rd=00000000
COMMIT t=5985000 wb_pc=00000598 wb_we=1 wb_rd=x7 wb_val=00003000 IF_pc=000005a8 IF_inst=00200293 ID_pc=000005a4 ID_inst=00120213 EX_pc=000005a0 EX_alu=000005c8 mem_we=0 mem_addr=00003001 mem_wd=00000100 mem_rd=00000000
COMMIT t=5995000 wb_pc=0000059c wb_we=1 wb_rd=x7 wb_val=00003001 IF_pc=000005ac IF_inst=fc5216e3 ID_pc=000005a8 ID_inst=00200293 EX_pc=000005a4 EX_alu=00000002 mem_we=0 mem_addr=000005c8 mem_wd=00003001 mem_rd=0ff0000f
COMMIT t=6005000 wb_pc=000005a0 wb_we=0 wb_rd=x8 wb_val=000005c8 IF_pc=000005b0 IF_inst=0000c537 ID_pc=000005ac ID_inst=fc5216e3 EX_pc=000005a8 EX_alu=00000002 mem_we=0 mem_addr=00000002 mem_wd=0001000f mem_rd=0540006f
COMMIT t=6015000 wb_pc=000005a4 wb_we=1 wb_rd=x4 wb_val=00000002 IF_pc=000005b4 IF_inst=eef50513 ID_pc=000005b0 ID_inst=0000c537 EX_pc=000005ac EX_alu=00000578 mem_we=0 mem_addr=00000002 mem_wd=003c0040 mem_rd=0540006f
COMMIT t=6025000 wb_pc=000005a8 wb_we=1 wb_rd=x5 wb_val=00000002 IF_pc=000005b8 IF_inst=00002597 ID_pc=000005b4 ID_inst=eef50513 EX_pc=000005b0 EX_alu=0000c000 mem_we=0 mem_addr=00000578 mem_wd=00000002 mem_rd=00002117
COMMIT t=6035000 wb_pc=000005ac wb_we=0 wb_rd=x13 wb_val=00000578 IF_pc=000005bc IF_inst=98458593 ID_pc=000005b8 ID_inst=00002597 EX_pc=000005b4 EX_alu=0000beef mem_we=0 mem_addr=0000c000 mem_wd=00002100 mem_rd=00000000
COMMIT t=6045000 wb_pc=000005b0 wb_we=1 wb_rd=x10 wb_val=0000c000 IF_pc=000005c0 IF_inst=00a59323 ID_pc=000005bc ID_inst=98458593 EX_pc=000005b8 EX_alu=000025b8 mem_we=0 mem_addr=0000beef mem_wd=70000000 mem_rd=00000000
COMMIT t=6055000 wb_pc=000005b4 wb_we=1 wb_rd=x10 wb_val=0000beef IF_pc=000005c4 IF_inst=00301c63 ID_pc=000005c0 ID_inst=00a59323 EX_pc=000005bc EX_alu=00001f3c mem_we=0 mem_addr=000025b8 mem_wd=00000000 mem_rd=00000000
COMMIT t=6065000 wb_pc=000005b8 wb_we=1 wb_rd=x11 wb_val=000025b8 IF_pc=000005c4 IF_inst=00301c63 ID_pc=000005c0 ID_inst=00a59323 EX_pc=000005c0 EX_alu=00001f42 mem_we=0 mem_addr=00001f3c mem_wd=00000002 mem_rd=12232233
COMMIT t=6075000 wb_pc=000005bc wb_we=1 wb_rd=x11 wb_val=00001f3c IF_pc=000005c8 IF_inst=0ff0000f ID_pc=000005c4 ID_inst=00301c63 EX_pc=000005c0 EX_alu=00001f42 mem_we=0 mem_addr=00001f42 mem_wd=beef0033 mem_rd=01121122
MEM_WRITE t=6085000 pc=000005c0 addr=00001f42 wd=beef1122 ctrl=1
COMMIT t=6095000 wb_pc=000005c0 wb_we=0 wb_rd=x6 wb_val=00001f42 IF_pc=00000000 IF_inst=00000013 ID_pc=00000000 ID_inst=00000013 EX_pc=00000000 EX_alu=00000000 mem_we=0 mem_addr=000005dc mem_wd=00000017 mem_rd=0ff0000f
COMMIT t=6105000 wb_pc=000005c4 wb_we=0 wb_rd=x24 wb_val=000005dc IF_pc=000005dc IF_inst=0ff0000f ID_pc=00000000 ID_inst=00000013 EX_pc=00000000 EX_alu=00000000 mem_we=0 mem_addr=00000000 mem_wd=00000000 mem_rd=0540006f
COMMIT t=6135000 wb_pc=00000000 wb_we=1 wb_rd=x0 wb_val=00000000 IF_pc=000005e8 IF_inst=0062a023 ID_pc=000005e4 ID_inst=00100313 EX_pc=000005e0 EX_alu=80000000 mem_we=0 mem_addr=000000ff mem_wd=0000006f mem_rd=4c771663
COMMIT t=6145000 wb_pc=000005dc wb_we=1 wb_rd=x0 wb_val=000000ff IF_pc=000005ec IF_inst=0000006f ID_pc=000005e8 ID_inst=0062a023 EX_pc=000005e4 EX_alu=00000001 mem_we=0 mem_addr=80000000 mem_wd=00000000 mem_rd=00000000
COMMIT t=6155000 wb_pc=000005e0 wb_we=1 wb_rd=x5 wb_val=80000000 IF_pc=000005f0 IF_inst=c0001073 ID_pc=000005ec ID_inst=0000006f EX_pc=000005e8 EX_alu=80000000 mem_we=0 mem_addr=00000001 mem_wd=00000100 mem_rd=0540006f
COMMIT t=6165000 wb_pc=000005e4 wb_we=1 wb_rd=x6 wb_val=00000001 IF_pc=000005f4 IF_inst=00000000 ID_pc=000005f0 ID_inst=c0001073 EX_pc=000005ec EX_alu=000005ec mem_we=1 mem_addr=80000000 mem_wd=00000001 mem_rd=00000000
MEM_WRITE t=6165000 pc=000005e4 addr=80000000 wd=00000001 ctrl=1
RESULT PASS pc=000005e4 time=6165000
