START official_test.mem
COMMIT t=155000 wb_pc=00000000 wb_we=1 wb_rd=x0 wb_val=00000004 IF_pc=00000054 IF_inst=00000093 ID_pc=00000000 ID_inst=00000013 EX_pc=00000000 EX_alu=00000000 mem_we=0 mem_addr=00000000 mem_wd=00000000 mem_rd=0540006f
COMMIT t=185000 wb_pc=00000000 wb_we=1 wb_rd=x0 wb_val=00000000 IF_pc=00000060 IF_inst=00000213 ID_pc=0000005c ID_inst=00000193 EX_pc=00000058 EX_alu=00000000 mem_we=0 mem_addr=00000000 mem_wd=00000000 mem_rd=0540006f
COMMIT t=195000 wb_pc=00000054 wb_we=1 wb_rd=x1 wb_val=00000000 IF_pc=00000064 IF_inst=00000293 ID_pc=00000060 ID_inst=00000213 EX_pc=0000005c EX_alu=00000000 mem_we=0 mem_addr=00000000 mem_wd=00000000 mem_rd=0540006f
COMMIT t=205000 wb_pc=00000058 wb_we=1 wb_rd=x2 wb_val=00000000 IF_pc=00000068 IF_inst=00000313 ID_pc=00000064 ID_inst=00000293 EX_pc=00000060 EX_alu=00000000 mem_we=0 mem_addr=00000000 mem_wd=00000000 mem_rd=0540006f
COMMIT t=215000 wb_pc=0000005c wb_we=1 wb_rd=x3 wb_val=00000000 IF_pc=0000006c IF_inst=00000393 ID_pc=00000068 ID_inst=00000313 EX_pc=00000064 EX_alu=00000000 mem_we=0 mem_addr=00000000 mem_wd=00000000 mem_rd=0540006f
COMMIT t=225000 wb_pc=00000060 wb_we=1 wb_rd=x4 wb_val=00000000 IF_pc=00000070 IF_inst=00000413 ID_pc=0000006c ID_inst=00000393 EX_pc=00000068 EX_alu=00000000 mem_we=0 mem_addr=00000000 mem_wd=00000000 mem_rd=0540006f
COMMIT t=235000 wb_pc=00000064 wb_we=1 wb_rd=x5 wb_val=00000000 IF_pc=00000074 IF_inst=00000493 ID_pc=00000070 ID_inst=00000413 EX_pc=0000006c EX_alu=00000000 mem_we=0 mem_addr=00000000 mem_wd=00000000 mem_rd=0540006f
COMMIT t=245000 wb_pc=00000068 wb_we=1 wb_rd=x6 wb_val=00000000 IF_pc=00000078 IF_inst=00000513 ID_pc=00000074 ID_inst=00000493 EX_pc=00000070 EX_alu=00000000 mem_we=0 mem_addr=00000000 mem_wd=00000000 mem_rd=0540006f
COMMIT t=255000 wb_pc=0000006c wb_we=1 wb_rd=x7 wb_val=00000000 IF_pc=0000007c IF_inst=00000593 ID_pc=00000078 ID_inst=00000513 EX_pc=00000074 EX_alu=00000000 mem_we=0 mem_addr=00000000 mem_wd=00000000 mem_rd=0540006f
COMMIT t=265000 wb_pc=00000070 wb_we=1 wb_rd=x8 wb_val=00000000 IF_pc=00000080 IF_inst=00000613 ID_pc=0000007c ID_inst=00000593 EX_pc=00000078 EX_alu=00000000 mem_we=0 mem_addr=00000000 mem_wd=00000000 mem_rd=0540006f
COMMIT t=275000 wb_pc=00000074 wb_we=1 wb_rd=x9 wb_val=00000000 IF_pc=00000084 IF_inst=00000693 ID_pc=00000080 ID_inst=00000613 EX_pc=0000007c EX_alu=00000000 mem_we=0 mem_addr=00000000 mem_wd=00000000 mem_rd=0540006f
COMMIT t=285000 wb_pc=00000078 wb_we=1 wb_rd=x10 wb_val=00000000 IF_pc=00000088 IF_inst=00000713 ID_pc=00000084 ID_inst=00000693 EX_pc=00000080 EX_alu=00000000 mem_we=0 mem_addr=00000000 mem_wd=00000000 mem_rd=0540006f
COMMIT t=295000 wb_pc=0000007c wb_we=1 wb_rd=x11 wb_val=00000000 IF_pc=0000008c IF_inst=00000793 ID_pc=00000088 ID_inst=00000713 EX_pc=00000084 EX_alu=00000000 mem_we=0 mem_addr=00000000 mem_wd=00000000 mem_rd=0540006f
COMMIT t=305000 wb_pc=00000080 wb_we=1 wb_rd=x12 wb_val=00000000 IF_pc=00000090 IF_inst=00000813 ID_pc=0000008c ID_inst=00000793 EX_pc=00000088 EX_alu=00000000 mem_we=0 mem_addr=00000000 mem_wd=00000000 mem_rd=0540006f
COMMIT t=315000 wb_pc=00000084 wb_we=1 wb_rd=x13 wb_val=00000000 IF_pc=00000094 IF_inst=00000893 ID_pc=00000090 ID_inst=00000813 EX_pc=0000008c EX_alu=00000000 mem_we=0 mem_addr=00000000 mem_wd=00000000 mem_rd=0540006f
COMMIT t=325000 wb_pc=00000088 wb_we=1 wb_rd=x14 wb_val=00000000 IF_pc=00000098 IF_inst=00000913 ID_pc=00000094 ID_inst=00000893 EX_pc=00000090 EX_alu=00000000 mem_we=0 mem_addr=00000000 mem_wd=00000000 mem_rd=0540006f
COMMIT t=335000 wb_pc=0000008c wb_we=1 wb_rd=x15 wb_val=00000000 IF_pc=0000009c IF_inst=00000993 ID_pc=00000098 ID_inst=00000913 EX_pc=00000094 EX_alu=00000000 mem_we=0 mem_addr=00000000 mem_wd=00000000 mem_rd=0540006f
COMMIT t=345000 wb_pc=00000090 wb_we=1 wb_rd=x16 wb_val=00000000 IF_pc=000000a0 IF_inst=00000a13 ID_pc=0000009c ID_inst=00000993 EX_pc=00000098 EX_alu=00000000 mem_we=0 mem_addr=00000000 mem_wd=00000000 mem_rd=0540006f
COMMIT t=355000 wb_pc=00000094 wb_we=1 wb_rd=x17 wb_val=00000000 IF_pc=000000a4 IF_inst=00000a93 ID_pc=000000a0 ID_inst=00000a13 EX_pc=0000009c EX_alu=00000000 mem_we=0 mem_addr=00000000 mem_wd=00000000 mem_rd=0540006f
COMMIT t=365000 wb_pc=00000098 wb_we=1 wb_rd=x18 wb_val=00000000 IF_pc=000000a8 IF_inst=00000b13 ID_pc=000000a4 ID_inst=00000a93 EX_pc=000000a0 EX_alu=00000000 mem_we=0 mem_addr=00000000 mem_wd=00000000 mem_rd=0540006f
COMMIT t=375000 wb_pc=0000009c wb_we=1 wb_rd=x19 wb_val=00000000 IF_pc=000000ac IF_inst=00000b93 ID_pc=000000a8 ID_inst=00000b13 EX_pc=000000a4 EX_alu=00000000 mem_we=0 mem_addr=00000000 mem_wd=00000000 mem_rd=0540006f
COMMIT t=385000 wb_pc=000000a0 wb_we=1 wb_rd=x20 wb_val=00000000 IF_pc=000000b0 IF_inst=00000c13 ID_pc=000000ac ID_inst=00000b93 EX_pc=000000a8 EX_alu=00000000 mem_we=0 mem_addr=00000000 mem_wd=00000000 mem_rd=0540006f
COMMIT t=395000 wb_pc=000000a4 wb_we=1 wb_rd=x21 wb_val=00000000 IF_pc=000000b4 IF_inst=00000c93 ID_pc=000000b0 ID_inst=00000c13 EX_pc=000000ac EX_alu=00000000 mem_we=0 mem_addr=00000000 mem_wd=00000000 mem_rd=0540006f
COMMIT t=405000 wb_pc=000000a8 wb_we=1 wb_rd=x22 wb_val=00000000 IF_pc=000000b8 IF_inst=00000d13 ID_pc=000000b4 ID_inst=00000c93 EX_pc=000000b0 EX_alu=00000000 mem_we=0 mem_addr=00000000 mem_wd=00000000 mem_rd=0540006f
COMMIT t=415000 wb_pc=000000ac wb_we=1 wb_rd=x23 wb_val=00000000 IF_pc=000000bc IF_inst=00000d93 ID_pc=000000b8 ID_inst=00000d13 EX_pc=000000b4 EX_alu=00000000 mem_we=0 mem_addr=00000000 mem_wd=00000000 mem_rd=0540006f
COMMIT t=425000 wb_pc=000000b0 wb_we=1 wb_rd=x24 wb_val=00000000 IF_pc=000000c0 IF_inst=00000e13 ID_pc=000000bc ID_inst=00000d93 EX_pc=000000b8 EX_alu=00000000 mem_we=0 mem_addr=00000000 mem_wd=00000000 mem_rd=0540006f
COMMIT t=435000 wb_pc=000000b4 wb_we=1 wb_rd=x25 wb_val=00000000 IF_pc=000000c4 IF_inst=00000e93 ID_pc=000000c0 ID_inst=00000e13 EX_pc=000000bc EX_alu=00000000 mem_we=0 mem_addr=00000000 mem_wd=00000000 mem_rd=0540006f
COMMIT t=445000 wb_pc=000000b8 wb_we=1 wb_rd=x26 wb_val=00000000 IF_pc=000000c8 IF_inst=00000f13 ID_pc=000000c4 ID_inst=00000e93 EX_pc=000000c0 EX_alu=00000000 mem_we=0 mem_addr=00000000 mem_wd=00000000 mem_rd=0540006f
COMMIT t=455000 wb_pc=000000bc wb_we=1 wb_rd=x27 wb_val=00000000 IF_pc=000000cc IF_inst=00000f93 ID_pc=000000c8 ID_inst=00000f13 EX_pc=000000c4 EX_alu=00000000 mem_we=0 mem_addr=00000000 mem_wd=00000000 mem_rd=0540006f
COMMIT t=465000 wb_pc=000000c0 wb_we=1 wb_rd=x28 wb_val=00000000 IF_pc=000000d0 IF_inst=00200193 ID_pc=000000cc ID_inst=00000f93 EX_pc=000000c8 EX_alu=00000000 mem_we=0 mem_addr=00000000 mem_wd=00000000 mem_rd=0540006f
COMMIT t=475000 wb_pc=000000c4 wb_we=1 wb_rd=x29 wb_val=00000000 IF_pc=000000d4 IF_inst=00002117 ID_pc=000000d0 ID_inst=00200193 EX_pc=000000cc EX_alu=00000000 mem_we=0 mem_addr=00000000 mem_wd=00000000 mem_rd=0540006f
COMMIT t=485000 wb_pc=000000c8 wb_we=1 wb_rd=x30 wb_val=00000000 IF_pc=000000d8 IF_inst=e6810113 ID_pc=000000d4 ID_inst=00002117 EX_pc=000000d0 EX_alu=00000002 mem_we=0 mem_addr=00000000 mem_wd=00000000 mem_rd=0540006f
COMMIT t=495000 wb_pc=000000cc wb_we=1 wb_rd=x31 wb_val=00000000 IF_pc=000000dc IF_inst=faa00093 ID_pc=000000d8 ID_inst=e6810113 EX_pc=000000d4 EX_alu=000020d4 mem_we=0 mem_addr=00000002 mem_wd=0000006f mem_rd=0540006f
COMMIT t=505000 wb_pc=000000d0 wb_we=1 wb_rd=x3 wb_val=00000002 IF_pc=000000e0 IF_inst=00000797 ID_pc=000000dc ID_inst=faa00093 EX_pc=000000d8 EX_alu=00001f3c mem_we=0 mem_addr=000020d4 mem_wd=00000000 mem_rd=00000000
COMMIT t=515000 wb_pc=000000d4 wb_we=1 wb_rd=x2 wb_val=000020d4 IF_pc=000000e4 IF_inst=01478793 ID_pc=000000e0 ID_inst=00000797 EX_pc=000000dc EX_alu=ffffffaa mem_we=0 mem_addr=00001f3c mem_wd=00000000 mem_rd=efefefef
COMMIT t=525000 wb_pc=000000d8 wb_we=1 wb_rd=x2 wb_val=00001f3c IF_pc=000000e8 IF_inst=00110023 ID_pc=000000e4 ID_inst=01478793 EX_pc=000000e0 EX_alu=000000e0 mem_we=0 mem_addr=ffffffaa mem_wd=ff00ffef mem_rd=00000000
COMMIT t=535000 wb_pc=000000dc wb_we=1 wb_rd=x1 wb_val=ffffffaa IF_pc=000000ec IF_inst=00010703 ID_pc=000000e8 ID_inst=00110023 EX_pc=000000e4 EX_alu=000000f4 mem_we=0 mem_addr=000000e0 mem_wd=00000000 mem_rd=00000797
COMMIT t=545000 wb_pc=000000e0 wb_we=1 wb_rd=x15 wb_val=000000e0 IF_pc=000000ec IF_inst=00010703 ID_pc=000000e8 ID_inst=00110023 EX_pc=000000e8 EX_alu=00001f3c mem_we=0 mem_addr=000000f4 mem_wd=ffffff00 mem_rd=00008713
COMMIT t=555000 wb_pc=000000e4 wb_we=1 wb_rd=x15 wb_val=000000f4 IF_pc=000000f0 IF_inst=0080006f ID_pc=000000ec ID_inst=00010703 EX_pc=000000e8 EX_alu=00001f3c mem_we=0 mem_addr=00001f3c mem_wd=ffffffaa mem_rd=efefefef
MEM_WRITE t=565000 pc=000000e8 addr=00001f3c wd=efefefaa ctrl=1
COMMIT t=575000 wb_pc=000000e8 wb_we=0 wb_rd=x0 wb_val=00001f3c IF_pc=000000f8 IF_inst=faa00393 ID_pc=000000f4 ID_inst=00008713 EX_pc=000000f0 EX_alu=000000f8 mem_we=0 mem_addr=00001f3c mem_wd=ffffff00 mem_rd=efefefaa
COMMIT t=585000 wb_pc=000000ec wb_we=1 wb_rd=x14 wb_val=ffffffaa IF_pc=00000000 IF_inst=00000013 ID_pc=00000000 ID_inst=00000013 EX_pc=00000000 EX_alu=00000000 mem_we=0 mem_addr=000000f8 mem_wd=ffffff00 mem_rd=faa00393
COMMIT t=595000 wb_pc=000000f0 wb_we=1 wb_rd=x0 wb_val=000000f4 IF_pc=000000f8 IF_inst=faa00393 ID_pc=00000000 ID_inst=00000013 EX_pc=00000000 EX_alu=00000000 mem_we=0 mem_addr=00000000 mem_wd=00000000 mem_rd=0540006f
COMMIT t=625000 wb_pc=00000000 wb_we=1 wb_rd=x0 wb_val=00000000 IF_pc=00000104 IF_inst=00002117 ID_pc=00000100 ID_inst=00300193 EX_pc=000000fc EX_alu=00000544 mem_we=0 mem_addr=ffffffaa mem_wd=0000006f mem_rd=00000000
COMMIT t=635000 wb_pc=000000f8 wb_we=1 wb_rd=x7 wb_val=ffffffaa IF_pc=00000108 IF_inst=e3810113 ID_pc=00000104 ID_inst=00002117 EX_pc=00000100 EX_alu=00000003 mem_we=0 mem_addr=00000544 mem_wd=0000ffaa mem_rd=0ff0000f
COMMIT t=645000 wb_pc=000000fc wb_we=0 wb_rd=x8 wb_val=00000544 IF_pc=0000010c IF_inst=00000093 ID_pc=00000108 ID_inst=e3810113 EX_pc=00000104 EX_alu=00002104 mem_we=0 mem_addr=00000003 mem_wd=0200000f mem_rd=0540006f
COMMIT t=655000 wb_pc=00000100 wb_we=1 wb_rd=x3 wb_val=00000003 IF_pc=00000110 IF_inst=00000797 ID_pc=0000010c ID_inst=00000093 EX_pc=00000108 EX_alu=00001f3c mem_we=0 mem_addr=00002104 mem_wd=00000000 mem_rd=00000000
COMMIT t=665000 wb_pc=00000104 wb_we=1 wb_rd=x2 wb_val=00002104 IF_pc=00000114 IF_inst=01478793 ID_pc=00000110 ID_inst=00000797 EX_pc=0000010c EX_alu=00000000 mem_we=0 mem_addr=00001f3c mem_wd=00000000 mem_rd=efefefaa
COMMIT t=675000 wb_pc=00000108 wb_we=1 wb_rd=x2 wb_val=00001f3c IF_pc=00000118 IF_inst=001100a3 ID_pc=00000114 ID_inst=01478793 EX_pc=00000110 EX_alu=00000110 mem_we=0 mem_addr=00000000 mem_wd=ffffff00 mem_rd=0540006f
COMMIT t=685000 wb_pc=0000010c wb_we=1 wb_rd=x1 wb_val=00000000 IF_pc=0000011c IF_inst=00110703 ID_pc=00000118 ID_inst=001100a3 EX_pc=00000114 EX_alu=00000124 mem_we=0 mem_addr=00000110 mem_wd=00000000 mem_rd=00000797
COMMIT t=695000 wb_pc=00000110 wb_we=1 wb_rd=x15 wb_val=00000110 IF_pc=0000011c IF_inst=00110703 ID_pc=00000118 ID_inst=001100a3 EX_pc=00000118 EX_alu=00001f3d mem_we=0 mem_addr=00000124 mem_wd=ffffff00 mem_rd=00008713
COMMIT t=705000 wb_pc=00000114 wb_we=1 wb_rd=x15 wb_val=00000124 IF_pc=00000120 IF_inst=0080006f ID_pc=0000011c ID_inst=00110703 EX_pc=00000118 EX_alu=00001f3d mem_we=0 mem_addr=00001f3d mem_wd=00000013 mem_rd=efefefaa
MEM_WRITE t=715000 pc=00000118 addr=00001f3d wd=efef00aa ctrl=1
COMMIT t=725000 wb_pc=00000118 wb_we=0 wb_rd=x1 wb_val=00001f3d IF_pc=00000128 IF_inst=00000393 ID_pc=00000124 ID_inst=00008713 EX_pc=00000120 EX_alu=00000128 mem_we=0 mem_addr=00001f3d mem_wd=ffff00ef mem_rd=efef00aa
COMMIT t=735000 wb_pc=0000011c wb_we=1 wb_rd=x14 wb_val=00000000 IF_pc=00000000 IF_inst=00000013 ID_pc=00000000 ID_inst=00000013 EX_pc=00000000 EX_alu=00000000 mem_we=0 mem_addr=00000128 mem_wd=00000000 mem_rd=00000393
COMMIT t=745000 wb_pc=00000120 wb_we=1 wb_rd=x0 wb_val=00000124 IF_pc=00000128 IF_inst=00000393 ID_pc=00000000 ID_inst=00000013 EX_pc=00000000 EX_alu=00000000 mem_we=0 mem_addr=00000000 mem_wd=00000000 mem_rd=0540006f
COMMIT t=775000 wb_pc=00000000 wb_we=1 wb_rd=x0 wb_val=00000000 IF_pc=00000134 IF_inst=00002117 ID_pc=00000130 ID_inst=00400193 EX_pc=0000012c EX_alu=00000544 mem_we=0 mem_addr=00000000 mem_wd=00000000 mem_rd=0540006f
COMMIT t=785000 wb_pc=00000128 wb_we=1 wb_rd=x7 wb_val=00000000 IF_pc=00000138 IF_inst=e0810113 ID_pc=00000134 ID_inst=00002117 EX_pc=00000130 EX_alu=00000004 mem_we=0 mem_addr=00000544 mem_wd=00000000 mem_rd=0ff0000f
COMMIT t=795000 wb_pc=0000012c wb_we=0 wb_rd=x24 wb_val=00000544 IF_pc=0000013c IF_inst=fffff0b7 ID_pc=00000138 ID_inst=e0810113 EX_pc=00000134 EX_alu=00002134 mem_we=0 mem_addr=00000004 mem_wd=00000000 mem_rd=34202f73
COMMIT t=805000 wb_pc=00000130 wb_we=1 wb_rd=x3 wb_val=00000004 IF_pc=00000140 IF_inst=fa008093 ID_pc=0000013c ID_inst=fffff0b7 EX_pc=00000138 EX_alu=00001f3c mem_we=0 mem_addr=00002134 mem_wd=00000000 mem_rd=00000000
COMMIT t=815000 wb_pc=00000134 wb_we=1 wb_rd=x2 wb_val=00002134 IF_pc=00000144 IF_inst=00000797 ID_pc=00000140 ID_inst=fa008093 EX_pc=0000013c EX_alu=fffff000 mem_we=0 mem_addr=00001f3c mem_wd=00000000 mem_rd=efef00aa
COMMIT t=825000 wb_pc=00000138 wb_we=1 wb_rd=x2 wb_val=00001f3c IF_pc=00000148 IF_inst=01478793 ID_pc=00000144 ID_inst=00000797 EX_pc=00000140 EX_alu=ffffefa0 mem_we=0 mem_addr=fffff000 mem_wd=00000000 mem_rd=00000000
COMMIT t=835000 wb_pc=0000013c wb_we=1 wb_rd=x1 wb_val=fffff000 IF_pc=0000014c IF_inst=00110123 ID_pc=00000148 ID_inst=01478793 EX_pc=00000144 EX_alu=00000144 mem_we=0 mem_addr=ffffefa0 mem_wd=00000000 mem_rd=00000000
COMMIT t=845000 wb_pc=00000140 wb_we=1 wb_rd=x1 wb_val=ffffefa0 IF_pc=00000150 IF_inst=00211703 ID_pc=0000014c ID_inst=00110123 EX_pc=00000148 EX_alu=00000158 mem_we=0 mem_addr=00000144 mem_wd=00000000 mem_rd=00000797
COMMIT t=855000 wb_pc=00000144 wb_we=1 wb_rd=x15 wb_val=00000144 IF_pc=00000150 IF_inst=00211703 ID_pc=0000014c ID_inst=00110123 EX_pc=0000014c EX_alu=00001f3e mem_we=0 mem_addr=00000158 mem_wd=ffffff00 mem_rd=00008713
COMMIT t=865000 wb_pc=00000148 wb_we=1 wb_rd=x15 wb_val=00000158 IF_pc=00000154 IF_inst=0080006f ID_pc=00000150 ID_inst=00211703 EX_pc=0000014c EX_alu=00001f3e mem_we=0 mem_addr=00001f3e mem_wd=efa00013 mem_rd=efef00aa
MEM_WRITE t=875000 pc=0000014c addr=00001f3e wd=efa000aa ctrl=1
COMMIT t=885000 wb_pc=0000014c wb_we=0 wb_rd=x2 wb_val=00001f3e IF_pc=0000015c IF_inst=fffff3b7 ID_pc=00000158 ID_inst=00008713 EX_pc=00000154 EX_alu=0000015c mem_we=0 mem_addr=00001f3e mem_wd=1f3cffef mem_rd=efa000aa
COMMIT t=895000 wb_pc=00000150 wb_we=1 wb_rd=x14 wb_val=ffffefa0 IF_pc=00000000 IF_inst=00000013 ID_pc=00000000 ID_inst=00000013 EX_pc=00000000 EX_alu=00000000 mem_we=0 mem_addr=0000015c mem_wd=ffffef00 mem_rd=fffff3b7
COMMIT t=905000 wb_pc=00000154 wb_we=1 wb_rd=x0 wb_val=00000158 IF_pc=0000015c IF_inst=fffff3b7 ID_pc=00000000 ID_inst=00000013 EX_pc=00000000 EX_alu=00000000 mem_we=0 mem_addr=00000000 mem_wd=00000000 mem_rd=0540006f
COMMIT t=935000 wb_pc=00000000 wb_we=1 wb_rd=x0 wb_val=00000000 IF_pc=00000168 IF_inst=00500193 ID_pc=00000164 ID_inst=3e771063 EX_pc=00000160 EX_alu=ffffefa0 mem_we=0 mem_addr=fffff000 mem_wd=00000000 mem_rd=00000000
COMMIT t=945000 wb_pc=0000015c wb_we=1 wb_rd=x7 wb_val=fffff000 IF_pc=0000016c IF_inst=00002117 ID_pc=00000168 ID_inst=00500193 EX_pc=00000164 EX_alu=00000544 mem_we=0 mem_addr=ffffefa0 mem_wd=00000000 mem_rd=00000000
COMMIT t=955000 wb_pc=00000160 wb_we=1 wb_rd=x7 wb_val=ffffefa0 IF_pc=00000170 IF_inst=dd010113 ID_pc=0000016c ID_inst=00002117 EX_pc=00000168 EX_alu=00000005 mem_we=0 mem_addr=00000544 mem_wd=0000efa0 mem_rd=0ff0000f
COMMIT t=965000 wb_pc=00000164 wb_we=0 wb_rd=x0 wb_val=00000544 IF_pc=00000174 IF_inst=00a00093 ID_pc=00000170 ID_inst=dd010113 EX_pc=0000016c EX_alu=0000216c mem_we=0 mem_addr=00000005 mem_wd=0000000f mem_rd=34202f73
COMMIT t=975000 wb_pc=00000168 wb_we=1 wb_rd=x3 wb_val=00000005 IF_pc=00000178 IF_inst=00000797 ID_pc=00000174 ID_inst=00a00093 EX_pc=00000170 EX_alu=00001f3c mem_we=0 mem_addr=0000216c mem_wd=00000000 mem_rd=00000000
COMMIT t=985000 wb_pc=0000016c wb_we=1 wb_rd=x2 wb_val=0000216c IF_pc=0000017c IF_inst=01478793 ID_pc=00000178 ID_inst=00000797 EX_pc=00000174 EX_alu=0000000a mem_we=0 mem_addr=00001f3c mem_wd=00000000 mem_rd=efa000aa
COMMIT t=995000 wb_pc=00000170 wb_we=1 wb_rd=x2 wb_val=00001f3c IF_pc=00000180 IF_inst=001101a3 ID_pc=0000017c ID_inst=01478793 EX_pc=00000178 EX_alu=00000178 mem_we=0 mem_addr=0000000a mem_wd=ff00ffaa mem_rd=00800f93
COMMIT t=1005000 wb_pc=00000174 wb_we=1 wb_rd=x1 wb_val=0000000a IF_pc=00000184 IF_inst=00310703 ID_pc=00000180 ID_inst=001101a3 EX_pc=0000017c EX_alu=0000018c mem_we=0 mem_addr=00000178 mem_wd=ffffff00 mem_rd=00000797
COMMIT t=1015000 wb_pc=00000178 wb_we=1 wb_rd=x15 wb_val=00000178 IF_pc=00000184 IF_inst=00310703 ID_pc=00000180 ID_inst=001101a3 EX_pc=00000180 EX_alu=00001f3f mem_we=0 mem_addr=0000018c mem_wd=ffffff00 mem_rd=00008713
COMMIT t=1025000 wb_pc=0000017c wb_we=1 wb_rd=x15 wb_val=0000018c IF_pc=00000188 IF_inst=0080006f ID_pc=00000184 ID_inst=00310703 EX_pc=00000180 EX_alu=00001f3f mem_we=0 mem_addr=00001f3f mem_wd=0a000013 mem_rd=efa000aa
MEM_WRITE t=1035000 pc=00000180 addr=00001f3f wd=0aa000aa ctrl=1
COMMIT t=1045000 wb_pc=00000180 wb_we=0 wb_rd=x3 wb_val=00001f3f IF_pc=00000190 IF_inst=00a00393 ID_pc=0000018c ID_inst=00008713 EX_pc=00000188 EX_alu=00000190 mem_we=0 mem_addr=00001f3f mem_wd=05ffffef mem_rd=0aa000aa
COMMIT t=1055000 wb_pc=00000184 wb_we=1 wb_rd=x14 wb_val=0000000a IF_pc=00000000 IF_inst=00000013 ID_pc=00000000 ID_inst=00000013 EX_pc=00000000 EX_alu=00000000 mem_we=0 mem_addr=00000190 mem_wd=00000000 mem_rd=00a00393
COMMIT t=1065000 wb_pc=00000188 wb_we=1 wb_rd=x0 wb_val=0000018c IF_pc=00000190 IF_inst=00a00393 ID_pc=00000000 ID_inst=00000013 EX_pc=00000000 EX_alu=00000000 mem_we=0 mem_addr=00000000 mem_wd=00000000 mem_rd=0540006f
COMMIT t=1095000 wb_pc=00000000 wb_we=1 wb_rd=x0 wb_val=00000000 IF_pc=0000019c IF_inst=00002117 ID_pc=00000198 ID_inst=00600193 EX_pc=00000194 EX_alu=00000544 mem_we=0 mem_addr=0000000a mem_wd=0000006f mem_rd=00800f93
COMMIT t=1105000 wb_pc=00000190 wb_we=1 wb_rd=x7 wb_val=0000000a IF_pc=000001a0 IF_inst=da710113 ID_pc=0000019c ID_inst=00002117 EX_pc=00000198 EX_alu=00000006 mem_we=0 mem_addr=00000544 mem_wd=ffff000a mem_rd=0ff0000f
COMMIT t=1115000 wb_pc=00000194 wb_we=0 wb_rd=x16 wb_val=00000544 IF_pc=000001a4 IF_inst=faa00093 ID_pc=000001a0 ID_inst=da710113 EX_pc=0000019c EX_alu=0000219c mem_we=0 mem_addr=00000006 mem_wd=0000000f mem_rd=34202f73
COMMIT t=1125000 wb_pc=00000198 wb_we=1 wb_rd=x3 wb_val=00000006 IF_pc=000001a8 IF_inst=00000797 ID_pc=000001a4 ID_inst=faa00093 EX_pc=000001a0 EX_alu=00001f43 mem_we=0 mem_addr=0000219c mem_wd=00000000 mem_rd=00000000
COMMIT t=1135000 wb_pc=0000019c wb_we=1 wb_rd=x2 wb_val=0000219c IF_pc=000001ac IF_inst=01478793 ID_pc=000001a8 ID_inst=00000797 EX_pc=000001a4 EX_alu=ffffffaa mem_we=0 mem_addr=00001f43 mem_wd=0a000000 mem_rd=efefefef
COMMIT t=1145000 wb_pc=000001a0 wb_we=1 wb_rd=x2 wb_val=00001f43 IF_pc=000001b0 IF_inst=fe110ea3 ID_pc=000001ac ID_inst=01478793 EX_pc=000001a8 EX_alu=000001a8 mem_we=0 mem_addr=ffffffaa mem_wd=ff00ffef mem_rd=00000000
COMMIT t=1155000 wb_pc=000001a4 wb_we=1 wb_rd=x1 wb_val=ffffffaa IF_pc=000001b4 IF_inst=ffd10703 ID_pc=000001b0 ID_inst=fe110ea3 EX_pc=000001ac EX_alu=000001bc mem_we=0 mem_addr=000001a8 mem_wd=00000000 mem_rd=00000797
COMMIT t=1165000 wb_pc=000001a8 wb_we=1 wb_rd=x15 wb_val=000001a8 IF_pc=000001b4 IF_inst=ffd10703 ID_pc=000001b0 ID_inst=fe110ea3 EX_pc=000001b0 EX_alu=00001f40 mem_we=0 mem_addr=000001bc mem_wd=ffffff00 mem_rd=00008713
COMMIT t=1175000 wb_pc=000001ac wb_we=1 wb_rd=x15 wb_val=000001bc IF_pc=000001b8 IF_inst=0080006f ID_pc=000001b4 ID_inst=ffd10703 EX_pc=000001b0 EX_alu=00001f40 mem_we=0 mem_addr=00001f40 mem_wd=ffffffaa mem_rd=efefefef
MEM_WRITE t=1185000 pc=000001b0 addr=00001f40 wd=efefefaa ctrl=1
COMMIT t=1195000 wb_pc=000001b0 wb_we=0 wb_rd=x29 wb_val=00001f40 IF_pc=000001c0 IF_inst=faa00393 ID_pc=000001bc ID_inst=00008713 EX_pc=000001b8 EX_alu=000001c0 mem_we=0 mem_addr=00001f40 mem_wd=ffffff00 mem_rd=efefefaa
COMMIT t=1205000 wb_pc=000001b4 wb_we=1 wb_rd=x14 wb_val=ffffffaa IF_pc=00000000 IF_inst=00000013 ID_pc=00000000 ID_inst=00000013 EX_pc=00000000 EX_alu=00000000 mem_we=0 mem_addr=000001c0 mem_wd=ffffff00 mem_rd=faa00393
COMMIT t=1215000 wb_pc=000001b8 wb_we=1 wb_rd=x0 wb_val=000001bc IF_pc=000001c0 IF_inst=faa00393 ID_pc=00000000 ID_inst=00000013 EX_pc=00000000 EX_alu=00000000 mem_we=0 mem_addr=00000000 mem_wd=00000000 mem_rd=0540006f
COMMIT t=1245000 wb_pc=00000000 wb_we=1 wb_rd=x0 wb_val=00000000 IF_pc=000001cc IF_inst=00002117 ID_pc=000001c8 ID_inst=00700193 EX_pc=000001c4 EX_alu=00000544 mem_we=0 mem_addr=ffffffaa mem_wd=0000006f mem_rd=00000000
COMMIT t=1255000 wb_pc=000001c0 wb_we=1 wb_rd=x7 wb_val=ffffffaa IF_pc=000001d0 IF_inst=d7710113 ID_pc=000001cc ID_inst=00002117 EX_pc=000001c8 EX_alu=00000007 mem_we=0 mem_addr=00000544 mem_wd=0000ffaa mem_rd=0ff0000f
COMMIT t=1265000 wb_pc=000001c4 wb_we=0 wb_rd=x0 wb_val=00000544 IF_pc=000001d4 IF_inst=00000093 ID_pc=000001d0 ID_inst=d7710113 EX_pc=000001cc EX_alu=000021cc mem_we=0 mem_addr=00000007 mem_wd=aa00000f mem_rd=34202f73
COMMIT t=1275000 wb_pc=000001c8 wb_we=1 wb_rd=x3 wb_val=00000007 IF_pc=000001d8 IF_inst=00000797 ID_pc=000001d4 ID_inst=00000093 EX_pc=000001d0 EX_alu=00001f43 mem_we=0 mem_addr=000021cc mem_wd=00000000 mem_rd=00000000
COMMIT t=1285000 wb_pc=000001cc wb_we=1 wb_rd=x2 wb_val=000021cc IF_pc=000001dc IF_inst=01478793 ID_pc=000001d8 ID_inst=00000797 EX_pc=000001d4 EX_alu=00000000 mem_we=0 mem_addr=00001f43 mem_wd=00000000 mem_rd=efefefaa
COMMIT t=1295000 wb_pc=000001d0 wb_we=1 wb_rd=x2 wb_val=00001f43 IF_pc=000001e0 IF_inst=fe110f23 ID_pc=000001dc ID_inst=01478793 EX_pc=000001d8 EX_alu=000001d8 mem_we=0 mem_addr=00000000 mem_wd=ffffff00 mem_rd=0540006f
COMMIT t=1305000 wb_pc=000001d4 wb_we=1 wb_rd=x1 wb_val=00000000 IF_pc=000001e4 IF_inst=ffe10703 ID_pc=000001e0 ID_inst=fe110f23 EX_pc=000001dc EX_alu=000001ec mem_we=0 mem_addr=000001d8 mem_wd=00000000 mem_rd=00000797
COMMIT t=1315000 wb_pc=000001d8 wb_we=1 wb_rd=x15 wb_val=000001d8 IF_pc=000001e4 IF_inst=ffe10703 ID_pc=000001e0 ID_inst=fe110f23 EX_pc=000001e0 EX_alu=00001f41 mem_we=0 mem_addr=000001ec mem_wd=ffffff00 mem_rd=00008713
COMMIT t=1325000 wb_pc=000001dc wb_we=1 wb_rd=x15 wb_val=000001ec IF_pc=000001e8 IF_inst=0080006f ID_pc=000001e4 ID_inst=ffe10703 EX_pc=000001e0 EX_alu=00001f41 mem_we=0 mem_addr=00001f41 mem_wd=00000013 mem_rd=efefefaa
MEM_WRITE t=1335000 pc=000001e0 addr=00001f41 wd=efef00aa ctrl=1
COMMIT t=1345000 wb_pc=000001e0 wb_we=0 wb_rd=x30 wb_val=00001f41 IF_pc=000001f0 IF_inst=00000393 ID_pc=000001ec ID_inst=00008713 EX_pc=000001e8 EX_alu=000001f0 mem_we=0 mem_addr=00001f41 mem_wd=ffff00ef mem_rd=efef00aa
COMMIT t=1355000 wb_pc=000001e4 wb_we=1 wb_rd=x14 wb_val=00000000 IF_pc=00000000 IF_inst=00000013 ID_pc=00000000 ID_inst=00000013 EX_pc=00000000 EX_alu=00000000 mem_we=0 mem_addr=000001f0 mem_wd=00000000 mem_rd=00000393
COMMIT t=1365000 wb_pc=000001e8 wb_we=1 wb_rd=x0 wb_val=000001ec IF_pc=000001f0 IF_inst=00000393 ID_pc=00000000 ID_inst=00000013 EX_pc=00000000 EX_alu=00000000 mem_we=0 mem_addr=00000000 mem_wd=00000000 mem_rd=0540006f
COMMIT t=1395000 wb_pc=00000000 wb_we=1 wb_rd=x0 wb_val=00000000 IF_pc=000001fc IF_inst=00002117 ID_pc=000001f8 ID_inst=00800193 EX_pc=000001f4 EX_alu=00000544 mem_we=0 mem_addr=00000000 mem_wd=00000000 mem_rd=0540006f
COMMIT t=1405000 wb_pc=000001f0 wb_we=1 wb_rd=x7 wb_val=00000000 IF_pc=00000200 IF_inst=d4710113 ID_pc=000001fc ID_inst=00002117 EX_pc=000001f8 EX_alu=00000008 mem_we=0 mem_addr=00000544 mem_wd=00000000 mem_rd=0ff0000f
COMMIT t=1415000 wb_pc=000001f4 wb_we=0 wb_rd=x16 wb_val=00000544 IF_pc=00000204 IF_inst=fa000093 ID_pc=00000200 ID_inst=d4710113 EX_pc=000001fc EX_alu=000021fc mem_we=0 mem_addr=00000008 mem_wd=00000000 mem_rd=00800f93
COMMIT t=1425000 wb_pc=000001f8 wb_we=1 wb_rd=x3 wb_val=00000008 IF_pc=00000208 IF_inst=00000797 ID_pc=00000204 ID_inst=fa000093 EX_pc=00000200 EX_alu=00001f43 mem_we=0 mem_addr=000021fc mem_wd=00000000 mem_rd=00000000
COMMIT t=1435000 wb_pc=000001fc wb_we=1 wb_rd=x2 wb_val=000021fc IF_pc=0000020c IF_inst=01478793 ID_pc=00000208 ID_inst=00000797 EX_pc=00000204 EX_alu=ffffffa0 mem_we=0 mem_addr=00001f43 mem_wd=00000000 mem_rd=efef00aa
COMMIT t=1445000 wb_pc=00000200 wb_we=1 wb_rd=x2 wb_val=00001f43 IF_pc=00000210 IF_inst=fe110fa3 ID_pc=0000020c ID_inst=01478793 EX_pc=00000208 EX_alu=00000208 mem_we=0 mem_addr=ffffffa0 mem_wd=ffffff00 mem_rd=00000000
COMMIT t=1455000 wb_pc=00000204 wb_we=1 wb_rd=x1 wb_val=ffffffa0 IF_pc=00000214 IF_inst=fff10703 ID_pc=00000210 ID_inst=fe110fa3 EX_pc=0000020c EX_alu=0000021c mem_we=0 mem_addr=00000208 mem_wd=00000000 mem_rd=00000797
COMMIT t=1465000 wb_pc=00000208 wb_we=1 wb_rd=x15 wb_val=00000208 IF_pc=00000214 IF_inst=fff10703 ID_pc=00000210 ID_inst=fe110fa3 EX_pc=00000210 EX_alu=00001f42 mem_we=0 mem_addr=0000021c mem_wd=ffffff00 mem_rd=00008713
COMMIT t=1475000 wb_pc=0000020c wb_we=1 wb_rd=x15 wb_val=0000021c IF_pc=00000218 IF_inst=0080006f ID_pc=00000214 ID_inst=fff10703 EX_pc=00000210 EX_alu=00001f42 mem_we=0 mem_addr=00001f42 mem_wd=ffa00013 mem_rd=efef00aa
MEM_WRITE t=1485000 pc=00000210 addr=00001f42 wd=efa000aa ctrl=1
COMMIT t=1495000 wb_pc=00000210 wb_we=0 wb_rd=x31 wb_val=00001f42 IF_pc=00000220 IF_inst=fa000393 ID_pc=0000021c ID_inst=00008713 EX_pc=00000218 EX_alu=00000220 mem_we=0 mem_addr=00001f42 mem_wd=ff00ffef mem_rd=efa000aa
COMMIT t=1505000 wb_pc=00000214 wb_we=1 wb_rd=x14 wb_val=ffffffa0 IF_pc=00000000 IF_inst=00000013 ID_pc=00000000 ID_inst=00000013 EX_pc=00000000 EX_alu=00000000 mem_we=0 mem_addr=00000220 mem_wd=ffffff00 mem_rd=fa000393
COMMIT t=1515000 wb_pc=00000218 wb_we=1 wb_rd=x0 wb_val=0000021c IF_pc=00000220 IF_inst=fa000393 ID_pc=00000000 ID_inst=00000013 EX_pc=00000000 EX_alu=00000000 mem_we=0 mem_addr=00000000 mem_wd=00000000 mem_rd=0540006f
COMMIT t=1545000 wb_pc=00000000 wb_we=1 wb_rd=x0 wb_val=00000000 IF_pc=0000022c IF_inst=00002117 ID_pc=00000228 ID_inst=00900193 EX_pc=00000224 EX_alu=00000544 mem_we=0 mem_addr=ffffffa0 mem_wd=00000000 mem_rd=00000000
COMMIT t=1555000 wb_pc=00000220 wb_we=1 wb_rd=x7 wb_val=ffffffa0 IF_pc=00000230 IF_inst=d1710113 ID_pc=0000022c ID_inst=00002117 EX_pc=00000228 EX_alu=00000009 mem_we=0 mem_addr=00000544 mem_wd=0000ffa0 mem_rd=0ff0000f
COMMIT t=1565000 wb_pc=00000224 wb_we=0 wb_rd=x0 wb_val=00000544 IF_pc=00000234 IF_inst=00a00093 ID_pc=00000230 ID_inst=d1710113 EX_pc=0000022c EX_alu=0000222c mem_we=0 mem_addr=00000009 mem_wd=0000000f mem_rd=00800f93
COMMIT t=1575000 wb_pc=00000228 wb_we=1 wb_rd=x3 wb_val=00000009 IF_pc=00000238 IF_inst=00000797 ID_pc=00000234 ID_inst=00a00093 EX_pc=00000230 EX_alu=00001f43 mem_we=0 mem_addr=0000222c mem_wd=00000000 mem_rd=00000000
COMMIT t=1585000 wb_pc=0000022c wb_we=1 wb_rd=x2 wb_val=0000222c IF_pc=0000023c IF_inst=01478793 ID_pc=00000238 ID_inst=00000797 EX_pc=00000234 EX_alu=0000000a mem_we=0 mem_addr=00001f43 mem_wd=00000000 mem_rd=efa000aa
COMMIT t=1595000 wb_pc=00000230 wb_we=1 wb_rd=x2 wb_val=00001f43 IF_pc=00000240 IF_inst=00110023 ID_pc=0000023c ID_inst=01478793 EX_pc=00000238 EX_alu=00000238 mem_we=0 mem_addr=0000000a mem_wd=ff00ffef mem_rd=00800f93
COMMIT t=1605000 wb_pc=00000234 wb_we=1 wb_rd=x1 wb_val=0000000a IF_pc=00000244 IF_inst=00010703 ID_pc=00000240 ID_inst=00110023 EX_pc=0000023c EX_alu=0000024c mem_we=0 mem_addr=00000238 mem_wd=ffffff00 mem_rd=00000797
COMMIT t=1615000 wb_pc=00000238 wb_we=1 wb_rd=x15 wb_val=00000238 IF_pc=00000244 IF_inst=00010703 ID_pc=00000240 ID_inst=00110023 EX_pc=00000240 EX_alu=00001f43 mem_we=0 mem_addr=0000024c mem_wd=ffffff00 mem_rd=00008713
COMMIT t=1625000 wb_pc=0000023c wb_we=1 wb_rd=x15 wb_val=0000024c IF_pc=00000248 IF_inst=0080006f ID_pc=00000244 ID_inst=00010703 EX_pc=00000240 EX_alu=00001f43 mem_we=0 mem_addr=00001f43 mem_wd=0a000013 mem_rd=efa000aa
MEM_WRITE t=1635000 pc=00000240 addr=00001f43 wd=0aa000aa ctrl=1
COMMIT t=1645000 wb_pc=00000240 wb_we=0 wb_rd=x0 wb_val=00001f43 IF_pc=00000250 IF_inst=00a00393 ID_pc=0000024c ID_inst=00008713 EX_pc=00000248 EX_alu=00000250 mem_we=0 mem_addr=00001f43 mem_wd=00ffffef mem_rd=0aa000aa
COMMIT t=1655000 wb_pc=00000244 wb_we=1 wb_rd=x14 wb_val=0000000a IF_pc=00000000 IF_inst=00000013 ID_pc=00000000 ID_inst=00000013 EX_pc=00000000 EX_alu=00000000 mem_we=0 mem_addr=00000250 mem_wd=00000000 mem_rd=00a00393
COMMIT t=1665000 wb_pc=00000248 wb_we=1 wb_rd=x0 wb_val=0000024c IF_pc=00000250 IF_inst=00a00393 ID_pc=00000000 ID_inst=00000013 EX_pc=00000000 EX_alu=00000000 mem_we=0 mem_addr=00000000 mem_wd=00000000 mem_rd=0540006f
COMMIT t=1695000 wb_pc=00000000 wb_we=1 wb_rd=x0 wb_val=00000000 IF_pc=0000025c IF_inst=00002097 ID_pc=00000258 ID_inst=00a00193 EX_pc=00000254 EX_alu=00000544 mem_we=0 mem_addr=0000000a mem_wd=0000006f mem_rd=00800f93
COMMIT t=1705000 wb_pc=00000250 wb_we=1 wb_rd=x7 wb_val=0000000a IF_pc=00000260 IF_inst=ce808093 ID_pc=0000025c ID_inst=00002097 EX_pc=00000258 EX_alu=0000000a mem_we=0 mem_addr=00000544 mem_wd=ffff000a mem_rd=0ff0000f
COMMIT t=1715000 wb_pc=00000254 wb_we=0 wb_rd=x16 wb_val=00000544 IF_pc=00000264 IF_inst=12345137 ID_pc=00000260 ID_inst=ce808093 EX_pc=0000025c EX_alu=0000225c mem_we=0 mem_addr=0000000a mem_wd=0000000f mem_rd=00800f93
COMMIT t=1725000 wb_pc=00000258 wb_we=1 wb_rd=x3 wb_val=0000000a IF_pc=00000268 IF_inst=67810113 ID_pc=00000264 ID_inst=12345137 EX_pc=00000260 EX_alu=00001f44 mem_we=0 mem_addr=0000225c mem_wd=00000000 mem_rd=00000000
COMMIT t=1735000 wb_pc=0000025c wb_we=1 wb_rd=x1 wb_val=0000225c IF_pc=0000026c IF_inst=fe008213 ID_pc=00000268 ID_inst=67810113 EX_pc=00000264 EX_alu=12345000 mem_we=0 mem_addr=00001f44 mem_wd=00000000 mem_rd=0000efef
COMMIT t=1745000 wb_pc=00000260 wb_we=1 wb_rd=x1 wb_val=00001f44 IF_pc=00000270 IF_inst=02220023 ID_pc=0000026c ID_inst=fe008213 EX_pc=00000268 EX_alu=12345678 mem_we=0 mem_addr=12345000 mem_wd=ffff000a mem_rd=00000000
COMMIT t=1755000 wb_pc=00000264 wb_we=1 wb_rd=x2 wb_val=12345000 IF_pc=00000274 IF_inst=00008283 ID_pc=00000270 ID_inst=02220023 EX_pc=0000026c EX_alu=00001f24 mem_we=0 mem_addr=12345678 mem_wd=00000000 mem_rd=00000000
COMMIT t=1765000 wb_pc=00000268 wb_we=1 wb_rd=x2 wb_val=12345678 IF_pc=00000274 IF_inst=00008283 ID_pc=00000270 ID_inst=02220023 EX_pc=00000270 EX_alu=00001f44 mem_we=0 mem_addr=00001f24 mem_wd=00000000 mem_rd=00000000
COMMIT t=1775000 wb_pc=0000026c wb_we=1 wb_rd=x4 wb_val=00001f24 IF_pc=00000278 IF_inst=07800393 ID_pc=00000274 ID_inst=00008283 EX_pc=00000270 EX_alu=00001f44 mem_we=0 mem_addr=00001f44 mem_wd=12345000 mem_rd=0000efef
MEM_WRITE t=1785000 pc=00000270 addr=00001f44 wd=0000ef78 ctrl=1
COMMIT t=1795000 wb_pc=00000270 wb_we=0 wb_rd=x0 wb_val=00001f44 IF_pc=00000280 IF_inst=00b00193 ID_pc=0000027c ID_inst=2c729463 EX_pc=00000278 EX_alu=00000078 mem_we=0 mem_addr=00001f44 mem_wd=ffffff00 mem_rd=0000ef78
COMMIT t=1805000 wb_pc=00000274 wb_we=1 wb_rd=x5 wb_val=00000078 IF_pc=00000284 IF_inst=00002097 ID_pc=00000280 ID_inst=00b00193 EX_pc=0000027c EX_alu=00000544 mem_we=0 mem_addr=00000078 mem_wd=00000000 mem_rd=00000513
COMMIT t=1815000 wb_pc=00000278 wb_we=1 wb_rd=x7 wb_val=00000078 IF_pc=00000288 IF_inst=cc008093 ID_pc=00000284 ID_inst=00002097 EX_pc=00000280 EX_alu=0000000b mem_we=0 mem_addr=00000544 mem_wd=00000078 mem_rd=0ff0000f
COMMIT t=1825000 wb_pc=0000027c wb_we=0 wb_rd=x8 wb_val=00000544 IF_pc=0000028c IF_inst=00003137 ID_pc=00000288 ID_inst=cc008093 EX_pc=00000284 EX_alu=00002284 mem_we=0 mem_addr=0000000b mem_wd=0000000f mem_rd=00800f93
COMMIT t=1835000 wb_pc=00000280 wb_we=1 wb_rd=x3 wb_val=0000000b IF_pc=00000290 IF_inst=09810113 ID_pc=0000028c ID_inst=00003137 EX_pc=00000288 EX_alu=00001f44 mem_we=0 mem_addr=00002284 mem_wd=00000000 mem_rd=00000000
COMMIT t=1845000 wb_pc=00000284 wb_we=1 wb_rd=x1 wb_val=00002284 IF_pc=00000294 IF_inst=ffa08093 ID_pc=00000290 ID_inst=09810113 EX_pc=0000028c EX_alu=00003000 mem_we=0 mem_addr=00001f44 mem_wd=00000000 mem_rd=0000ef78
COMMIT t=1855000 wb_pc=00000288 wb_we=1 wb_rd=x1 wb_val=00001f44 IF_pc=00000298 IF_inst=002083a3 ID_pc=00000294 ID_inst=ffa08093 EX_pc=00000290 EX_alu=00003098 mem_we=0 mem_addr=00003000 mem_wd=00000000 mem_rd=00000000
COMMIT t=1865000 wb_pc=0000028c wb_we=1 wb_rd=x2 wb_val=00003000 IF_pc=0000029c IF_inst=00002217 ID_pc=00000298 ID_inst=002083a3 EX_pc=00000294 EX_alu=00001f3e mem_we=0 mem_addr=00003098 mem_wd=00000000 mem_rd=00000000
COMMIT t=1875000 wb_pc=00000290 wb_we=1 wb_rd=x2 wb_val=00003098 IF_pc=0000029c IF_inst=00002217 ID_pc=00000298 ID_inst=002083a3 EX_pc=00000298 EX_alu=00001f45 mem_we=0 mem_addr=00001f3e mem_wd=00000000 mem_rd=0aa000aa
COMMIT t=1885000 wb_pc=00000294 wb_we=1 wb_rd=x1 wb_val=00001f3e IF_pc=000002a0 IF_inst=ca920213 ID_pc=0000029c ID_inst=00002217 EX_pc=00000298 EX_alu=00001f45 mem_we=0 mem_addr=00001f45 mem_wd=003000a0 mem_rd=0000ef78
MEM_WRITE t=1895000 pc=00000298 addr=00001f45 wd=00009878 ctrl=1
COMMIT t=1905000 wb_pc=00000298 wb_we=0 wb_rd=x7 wb_val=00001f45 IF_pc=000002a8 IF_inst=f9800393 ID_pc=000002a4 ID_inst=00020283 EX_pc=000002a0 EX_alu=00001f45 mem_we=0 mem_addr=0000229c mem_wd=00000000 mem_rd=00000000
COMMIT t=1915000 wb_pc=0000029c wb_we=1 wb_rd=x4 wb_val=0000229c IF_pc=000002ac IF_inst=28729c63 ID_pc=000002a8 ID_inst=f9800393 EX_pc=000002a4 EX_alu=00001f45 mem_we=0 mem_addr=00001f45 mem_wd=00000000 mem_rd=00009878
COMMIT t=1925000 wb_pc=000002a0 wb_we=1 wb_rd=x4 wb_val=00001f45 IF_pc=000002b0 IF_inst=00c00193 ID_pc=000002ac ID_inst=28729c63 EX_pc=000002a8 EX_alu=ffffff98 mem_we=0 mem_addr=00001f45 mem_wd=ffff0098 mem_rd=00009878
COMMIT t=1935000 wb_pc=000002a4 wb_we=1 wb_rd=x5 wb_val=ffffff98 IF_pc=000002b4 IF_inst=00000213 ID_pc=000002b0 ID_inst=00c00193 EX_pc=000002ac EX_alu=00000544 mem_we=0 mem_addr=ffffff98 mem_wd=ffffff00 mem_rd=00000000
COMMIT t=1945000 wb_pc=000002a8 wb_we=1 wb_rd=x7 wb_val=ffffff98 IF_pc=000002b8 IF_inst=fdd00693 ID_pc=000002b4 ID_inst=00000213 EX_pc=000002b0 EX_alu=0000000c mem_we=0 mem_addr=00000544 mem_wd=0000ff98 mem_rd=0ff0000f
COMMIT t=1955000 wb_pc=000002ac wb_we=0 wb_rd=x24 wb_val=00000544 IF_pc=000002bc IF_inst=00002617 ID_pc=000002b8 ID_inst=fdd00693 EX_pc=000002b4 EX_alu=00000000 mem_we=0 mem_addr=0000000c mem_wd=00000000 mem_rd=03ff0a63
COMMIT t=1965000 wb_pc=000002b0 wb_we=1 wb_rd=x3 wb_val=0000000c IF_pc=000002c0 IF_inst=c8060613 ID_pc=000002bc ID_inst=00002617 EX_pc=000002b8 EX_alu=ffffffdd mem_we=0 mem_addr=00000000 mem_wd=00000000 mem_rd=0540006f
COMMIT t=1975000 wb_pc=000002b4 wb_we=1 wb_rd=x4 wb_val=00000000 IF_pc=000002c4 IF_inst=00d60023 ID_pc=000002c0 ID_inst=c8060613 EX_pc=000002bc EX_alu=000022bc mem_we=0 mem_addr=ffffffdd mem_wd=0000006f mem_rd=00000000
COMMIT t=1985000 wb_pc=000002b8 wb_we=1 wb_rd=x13 wb_val=ffffffdd IF_pc=000002c8 IF_inst=00060703 ID_pc=000002c4 ID_inst=00d60023 EX_pc=000002c0 EX_alu=00001f3c mem_we=0 mem_addr=000022bc mem_wd=00000000 mem_rd=00000000
COMMIT t=1995000 wb_pc=000002bc wb_we=1 wb_rd=x12 wb_val=000022bc IF_pc=000002c8 IF_inst=00060703 ID_pc=000002c4 ID_inst=00d60023 EX_pc=000002c4 EX_alu=00001f3c mem_we=0 mem_addr=00001f3c mem_wd=00000000 mem_rd=0aa000aa
COMMIT t=2005000 wb_pc=000002c0 wb_we=1 wb_rd=x12 wb_val=00001f3c IF_pc=000002cc IF_inst=fdd00393 ID_pc=000002c8 ID_inst=00060703 EX_pc=000002c4 EX_alu=00001f3c mem_we=0 mem_addr=00001f3c mem_wd=ffffffdd mem_rd=0aa000aa
MEM_WRITE t=2015000 pc=000002c4 addr=00001f3c wd=0aa000dd ctrl=1
COMMIT t=2025000 wb_pc=000002c4 wb_we=0 wb_rd=x0 wb_val=00001f3c IF_pc=000002d4 IF_inst=00120213 ID_pc=000002d0 ID_inst=26771a63 EX_pc=000002cc EX_alu=ffffffdd mem_we=0 mem_addr=00001f3c mem_wd=ffffff00 mem_rd=0aa000dd
COMMIT t=2035000 wb_pc=000002c8 wb_we=1 wb_rd=x14 wb_val=ffffffdd IF_pc=000002d8 IF_inst=00200293 ID_pc=000002d4 ID_inst=00120213 EX_pc=000002d0 EX_alu=00000544 mem_we=0 mem_addr=ffffffdd mem_wd=ffff00dd mem_rd=00000000
COMMIT t=2045000 wb_pc=000002cc wb_we=1 wb_rd=x7 wb_val=ffffffdd IF_pc=000002dc IF_inst=fc521ee3 ID_pc=000002d8 ID_inst=00200293 EX_pc=000002d4 EX_alu=00000001 mem_we=0 mem_addr=00000544 mem_wd=0000ffdd mem_rd=0ff0000f
COMMIT t=2055000 wb_pc=000002d0 wb_we=0 wb_rd=x20 wb_val=00000544 IF_pc=000002e0 IF_inst=00d00193 ID_pc=000002dc ID_inst=fc521ee3 EX_pc=000002d8 EX_alu=00000002 mem_we=0 mem_addr=00000001 mem_wd=00003e0f mem_rd=0540006f
COMMIT t=2065000 wb_pc=000002d4 wb_we=1 wb_rd=x4 wb_val=00000001 IF_pc=000002e4 IF_inst=00000213 ID_pc=000002e0 ID_inst=00d00193 EX_pc=000002dc EX_alu=000002b8 mem_we=0 mem_addr=00000002 mem_wd=00980000 mem_rd=0540006f
COMMIT t=2075000 wb_pc=000002d8 wb_we=1 wb_rd=x5 wb_val=00000002 IF_pc=00000000 IF_inst=00000013 ID_pc=00000000 ID_inst=00000013 EX_pc=00000000 EX_alu=00000000 mem_we=0 mem_addr=000002b8 mem_wd=00000002 mem_rd=fdd00693
COMMIT t=2085000 wb_pc=000002dc wb_we=0 wb_rd=x29 wb_val=000002b8 IF_pc=000002b8 IF_inst=fdd00693 ID_pc=00000000 ID_inst=00000013 EX_pc=00000000 EX_alu=00000000 mem_we=0 mem_addr=00000000 mem_wd=00000000 mem_rd=0540006f
COMMIT t=2115000 wb_pc=00000000 wb_we=1 wb_rd=x0 wb_val=00000000 IF_pc=000002c4 IF_inst=00d60023 ID_pc=000002c0 ID_inst=c8060613 EX_pc=000002bc EX_alu=000022bc mem_we=0 mem_addr=ffffffdd mem_wd=0000006f mem_rd=00000000
COMMIT t=2125000 wb_pc=000002b8 wb_we=1 wb_rd=x13 wb_val=ffffffdd IF_pc=000002c8 IF_inst=00060703 ID_pc=000002c4 ID_inst=00d60023 EX_pc=000002c0 EX_alu=00001f3c mem_we=0 mem_addr=000022bc mem_wd=00000000 mem_rd=00000000
COMMIT t=2135000 wb_pc=000002bc wb_we=1 wb_rd=x12 wb_val=000022bc IF_pc=000002c8 IF_inst=00060703 ID_pc=000002c4 ID_inst=00d60023 EX_pc=000002c4 EX_alu=00001f3c mem_we=0 mem_addr=00001f3c mem_wd=00000000 mem_rd=0aa000dd
COMMIT t=2145000 wb_pc=000002c0 wb_we=1 wb_rd=x12 wb_val=00001f3c IF_pc=000002cc IF_inst=fdd00393 ID_pc=000002c8 ID_inst=00060703 EX_pc=000002c4 EX_alu=00001f3c mem_we=0 mem_addr=00001f3c mem_wd=ffffffdd mem_rd=0aa000dd
MEM_WRITE t=2155000 pc=000002c4 addr=00001f3c wd=0aa000dd ctrl=1
COMMIT t=2165000 wb_pc=000002c4 wb_we=0 wb_rd=x0 wb_val=00001f3c IF_pc=000002d4 IF_inst=00120213 ID_pc=000002d0 ID_inst=26771a63 EX_pc=000002cc EX_alu=ffffffdd mem_we=0 mem_addr=00001f3c mem_wd=ffffff00 mem_rd=0aa000dd
COMMIT t=2175000 wb_pc=000002c8 wb_we=1 wb_rd=x14 wb_val=ffffffdd IF_pc=000002d8 IF_inst=00200293 ID_pc=000002d4 ID_inst=00120213 EX_pc=000002d0 EX_alu=00000544 mem_we=0 mem_addr=ffffffdd mem_wd=ffff00dd mem_rd=00000000
COMMIT t=2185000 wb_pc=000002cc wb_we=1 wb_rd=x7 wb_val=ffffffdd IF_pc=000002dc IF_inst=fc521ee3 ID_pc=000002d8 ID_inst=00200293 EX_pc=000002d4 EX_alu=00000002 mem_we=0 mem_addr=00000544 mem_wd=0000ffdd mem_rd=0ff0000f
COMMIT t=2195000 wb_pc=000002d0 wb_we=0 wb_rd=x20 wb_val=00000544 IF_pc=000002e0 IF_inst=00d00193 ID_pc=000002dc ID_inst=fc521ee3 EX_pc=000002d8 EX_alu=00000002 mem_we=0 mem_addr=00000002 mem_wd=003e000f mem_rd=0540006f
COMMIT t=2205000 wb_pc=000002d4 wb_we=1 wb_rd=x4 wb_val=00000002 IF_pc=000002e4 IF_inst=00000213 ID_pc=000002e0 ID_inst=00d00193 EX_pc=000002dc EX_alu=000002b8 mem_we=0 mem_addr=00000002 mem_wd=00980040 mem_rd=0540006f
COMMIT t=2215000 wb_pc=000002d8 wb_we=1 wb_rd=x5 wb_val=00000002 IF_pc=000002e8 IF_inst=fcd00693 ID_pc=000002e4 ID_inst=00000213 EX_pc=000002e0 EX_alu=0000000d mem_we=0 mem_addr=000002b8 mem_wd=00000002 mem_rd=fdd00693
COMMIT t=2225000 wb_pc=000002dc wb_we=0 wb_rd=x29 wb_val=000002b8 IF_pc=000002ec IF_inst=00002617 ID_pc=000002e8 ID_inst=fcd00693 EX_pc=000002e4 EX_alu=00000000 mem_we=0 mem_addr=0000000d mem_wd=0000dd93 mem_rd=03ff0a63
COMMIT t=2235000 wb_pc=000002e0 wb_we=1 wb_rd=x3 wb_val=0000000d IF_pc=000002f0 IF_inst=c5060613 ID_pc=000002ec ID_inst=00002617 EX_pc=000002e8 EX_alu=ffffffcd mem_we=0 mem_addr=00000000 mem_wd=00000000 mem_rd=0540006f
COMMIT t=2245000 wb_pc=000002e4 wb_we=1 wb_rd=x4 wb_val=00000000 IF_pc=000002f4 IF_inst=00000013 ID_pc=000002f0 ID_inst=c5060613 EX_pc=000002ec EX_alu=000022ec mem_we=0 mem_addr=ffffffcd mem_wd=0000dd6f mem_rd=00000000
COMMIT t=2255000 wb_pc=000002e8 wb_we=1 wb_rd=x13 wb_val=ffffffcd IF_pc=000002f8 IF_inst=00d600a3 ID_pc=000002f4 ID_inst=00000013 EX_pc=000002f0 EX_alu=00001f3c mem_we=0 mem_addr=000022ec mem_wd=00000000 mem_rd=00000000
COMMIT t=2265000 wb_pc=000002ec wb_we=1 wb_rd=x12 wb_val=000022ec IF_pc=000002fc IF_inst=00160703 ID_pc=000002f8 ID_inst=00d600a3 EX_pc=000002f4 EX_alu=00000000 mem_we=0 mem_addr=00001f3c mem_wd=00000000 mem_rd=0aa000dd
COMMIT t=2275000 wb_pc=000002f0 wb_we=1 wb_rd=x12 wb_val=00001f3c IF_pc=000002fc IF_inst=00160703 ID_pc=000002f8 ID_inst=00d600a3 EX_pc=000002f8 EX_alu=00001f3d mem_we=0 mem_addr=00000000 mem_wd=ffffff00 mem_rd=0540006f
COMMIT t=2285000 wb_pc=000002f4 wb_we=1 wb_rd=x0 wb_val=00000000 IF_pc=00000300 IF_inst=fcd00393 ID_pc=000002fc ID_inst=00160703 EX_pc=000002f8 EX_alu=00001f3d mem_we=0 mem_addr=00001f3d mem_wd=ffffcd6f mem_rd=0aa000dd
MEM_WRITE t=2295000 pc=000002f8 addr=00001f3d wd=0aa0cddd ctrl=1
COMMIT t=2305000 wb_pc=000002f8 wb_we=0 wb_rd=x1 wb_val=00001f3d IF_pc=00000308 IF_inst=00120213 ID_pc=00000304 ID_inst=24771063 EX_pc=00000300 EX_alu=ffffffcd mem_we=0 mem_addr=00001f3d mem_wd=00003e00 mem_rd=0aa0cddd
COMMIT t=2315000 wb_pc=000002fc wb_we=1 wb_rd=x14 wb_val=ffffffcd IF_pc=0000030c IF_inst=00200293 ID_pc=00000308 ID_inst=00120213 EX_pc=00000304 EX_alu=00000544 mem_we=0 mem_addr=ffffffcd mem_wd=ffffcdcd mem_rd=00000000
COMMIT t=2325000 wb_pc=00000300 wb_we=1 wb_rd=x7 wb_val=ffffffcd IF_pc=00000310 IF_inst=fc521ce3 ID_pc=0000030c ID_inst=00200293 EX_pc=00000308 EX_alu=00000001 mem_we=0 mem_addr=00000544 mem_wd=0000ffcd mem_rd=0ff0000f
COMMIT t=2335000 wb_pc=00000304 wb_we=0 wb_rd=x0 wb_val=00000544 IF_pc=00000314 IF_inst=00e00193 ID_pc=00000310 ID_inst=fc521ce3 EX_pc=0000030c EX_alu=00000002 mem_we=0 mem_addr=00000001 mem_wd=00003e0f mem_rd=0540006f
COMMIT t=2345000 wb_pc=00000308 wb_we=1 wb_rd=x4 wb_val=00000001 IF_pc=00000318 IF_inst=00000213 ID_pc=00000314 ID_inst=00e00193 EX_pc=00000310 EX_alu=000002e8 mem_we=0 mem_addr=00000002 mem_wd=00980000 mem_rd=0540006f
COMMIT t=2355000 wb_pc=0000030c wb_we=1 wb_rd=x5 wb_val=00000002 IF_pc=00000000 IF_inst=00000013 ID_pc=00000000 ID_inst=00000013 EX_pc=00000000 EX_alu=00000000 mem_we=0 mem_addr=000002e8 mem_wd=00000002 mem_rd=fcd00693
COMMIT t=2365000 wb_pc=00000310 wb_we=0 wb_rd=x25 wb_val=000002e8 IF_pc=000002e8 IF_inst=fcd00693 ID_pc=00000000 ID_inst=00000013 EX_pc=00000000 EX_alu=00000000 mem_we=0 mem_addr=00000000 mem_wd=00000000 mem_rd=0540006f
COMMIT t=2395000 wb_pc=00000000 wb_we=1 wb_rd=x0 wb_val=00000000 IF_pc=000002f4 IF_inst=00000013 ID_pc=000002f0 ID_inst=c5060613 EX_pc=000002ec EX_alu=000022ec mem_we=0 mem_addr=ffffffcd mem_wd=0000cd6f mem_rd=00000000
COMMIT t=2405000 wb_pc=000002e8 wb_we=1 wb_rd=x13 wb_val=ffffffcd IF_pc=000002f8 IF_inst=00d600a3 ID_pc=000002f4 ID_inst=00000013 EX_pc=000002f0 EX_alu=00001f3c mem_we=0 mem_addr=000022ec mem_wd=00000000 mem_rd=00000000
COMMIT t=2415000 wb_pc=000002ec wb_we=1 wb_rd=x12 wb_val=000022ec IF_pc=000002fc IF_inst=00160703 ID_pc=000002f8 ID_inst=00d600a3 EX_pc=000002f4 EX_alu=00000000 mem_we=0 mem_addr=00001f3c mem_wd=00000000 mem_rd=0aa0cddd
COMMIT t=2425000 wb_pc=000002f0 wb_we=1 wb_rd=x12 wb_val=00001f3c IF_pc=000002fc IF_inst=00160703 ID_pc=000002f8 ID_inst=00d600a3 EX_pc=000002f8 EX_alu=00001f3d mem_we=0 mem_addr=00000000 mem_wd=ffffff00 mem_rd=0540006f
COMMIT t=2435000 wb_pc=000002f4 wb_we=1 wb_rd=x0 wb_val=00000000 IF_pc=00000300 IF_inst=fcd00393 ID_pc=000002fc ID_inst=00160703 EX_pc=000002f8 EX_alu=00001f3d mem_we=0 mem_addr=00001f3d mem_wd=ffffcd6f mem_rd=0aa0cddd
MEM_WRITE t=2445000 pc=000002f8 addr=00001f3d wd=0aa0cddd ctrl=1
COMMIT t=2455000 wb_pc=000002f8 wb_we=0 wb_rd=x1 wb_val=00001f3d IF_pc=00000308 IF_inst=00120213 ID_pc=00000304 ID_inst=24771063 EX_pc=00000300 EX_alu=ffffffcd mem_we=0 mem_addr=00001f3d mem_wd=ffff3ecd mem_rd=0aa0cddd
COMMIT t=2465000 wb_pc=000002fc wb_we=1 wb_rd=x14 wb_val=ffffffcd IF_pc=0000030c IF_inst=00200293 ID_pc=00000308 ID_inst=00120213 EX_pc=00000304 EX_alu=00000544 mem_we=0 mem_addr=ffffffcd mem_wd=ffffcdcd mem_rd=00000000
COMMIT t=2475000 wb_pc=00000300 wb_we=1 wb_rd=x7 wb_val=ffffffcd IF_pc=00000310 IF_inst=fc521ce3 ID_pc=0000030c ID_inst=00200293 EX_pc=00000308 EX_alu=00000002 mem_we=0 mem_addr=00000544 mem_wd=0000ffcd mem_rd=0ff0000f
COMMIT t=2485000 wb_pc=00000304 wb_we=0 wb_rd=x0 wb_val=00000544 IF_pc=00000314 IF_inst=00e00193 ID_pc=00000310 ID_inst=fc521ce3 EX_pc=0000030c EX_alu=00000002 mem_we=0 mem_addr=00000002 mem_wd=003e000f mem_rd=0540006f
COMMIT t=2495000 wb_pc=00000308 wb_we=1 wb_rd=x4 wb_val=00000002 IF_pc=00000318 IF_inst=00000213 ID_pc=00000314 ID_inst=00e00193 EX_pc=00000310 EX_alu=000002e8 mem_we=0 mem_addr=00000002 mem_wd=00980040 mem_rd=0540006f
COMMIT t=2505000 wb_pc=0000030c wb_we=1 wb_rd=x5 wb_val=00000002 IF_pc=0000031c IF_inst=fcc00693 ID_pc=00000318 ID_inst=00000213 EX_pc=00000314 EX_alu=0000000e mem_we=0 mem_addr=000002e8 mem_wd=00000002 mem_rd=fcd00693
COMMIT t=2515000 wb_pc=00000310 wb_we=0 wb_rd=x25 wb_val=000002e8 IF_pc=00000320 IF_inst=00002617 ID_pc=0000031c ID_inst=fcc00693 EX_pc=00000318 EX_alu=00000000 mem_we=0 mem_addr=0000000e mem_wd=00cd0693 mem_rd=03ff0a63
COMMIT t=2525000 wb_pc=00000314 wb_we=1 wb_rd=x3 wb_val=0000000e IF_pc=00000324 IF_inst=c1c60613 ID_pc=00000320 ID_inst=00002617 EX_pc=0000031c EX_alu=ffffffcc mem_we=0 mem_addr=00000000 mem_wd=ffffff00 mem_rd=0540006f
COMMIT t=2535000 wb_pc=00000318 wb_we=1 wb_rd=x4 wb_val=00000000 IF_pc=00000328 IF_inst=00000013 ID_pc=00000324 ID_inst=c1c60613 EX_pc=00000320 EX_alu=00002320 mem_we=0 mem_addr=ffffffcc mem_wd=0000003c mem_rd=00000000
COMMIT t=2545000 wb_pc=0000031c wb_we=1 wb_rd=x13 wb_val=ffffffcc IF_pc=0000032c IF_inst=00000013 ID_pc=00000328 ID_inst=00000013 EX_pc=00000324 EX_alu=00001f3c mem_we=0 mem_addr=00002320 mem_wd=00000000 mem_rd=00000000
COMMIT t=2555000 wb_pc=00000320 wb_we=1 wb_rd=x12 wb_val=00002320 IF_pc=00000330 IF_inst=00d60123 ID_pc=0000032c ID_inst=00000013 EX_pc=00000328 EX_alu=00000000 mem_we=0 mem_addr=00001f3c mem_wd=00000000 mem_rd=0aa0cddd
COMMIT t=2565000 wb_pc=00000324 wb_we=1 wb_rd=x12 wb_val=00001f3c IF_pc=00000334 IF_inst=00260703 ID_pc=00000330 ID_inst=00d60123 EX_pc=0000032c EX_alu=00000000 mem_we=0 mem_addr=00000000 mem_wd=ffffff00 mem_rd=0540006f
COMMIT t=2575000 wb_pc=00000328 wb_we=1 wb_rd=x0 wb_val=00000000 IF_pc=00000334 IF_inst=00260703 ID_pc=00000330 ID_inst=00d60123 EX_pc=00000330 EX_alu=00001f3e mem_we=0 mem_addr=00000000 mem_wd=00000000 mem_rd=0540006f
COMMIT t=2585000 wb_pc=0000032c wb_we=1 wb_rd=x0 wb_val=00000000 IF_pc=00000338 IF_inst=fcc00393 ID_pc=00000334 ID_inst=00260703 EX_pc=00000330 EX_alu=00001f3e mem_we=0 mem_addr=00001f3e mem_wd=ffcc006f mem_rd=0aa0cddd
MEM_WRITE t=2595000 pc=00000330 addr=00001f3e wd=0acccddd ctrl=1
COMMIT t=2605000 wb_pc=00000330 wb_we=0 wb_rd=x2 wb_val=00001f3e IF_pc=00000340 IF_inst=00120213 ID_pc=0000033c ID_inst=20771463 EX_pc=00000338 EX_alu=ffffffcc mem_we=0 mem_addr=00001f3e mem_wd=ff98ffa0 mem_rd=0acccddd
COMMIT t=2615000 wb_pc=00000334 wb_we=1 wb_rd=x14 wb_val=ffffffcc IF_pc=00000344 IF_inst=00200293 ID_pc=00000340 ID_inst=00120213 EX_pc=0000033c EX_alu=00000544 mem_we=0 mem_addr=ffffffcc mem_wd=ffffff3c mem_rd=00000000
COMMIT t=2625000 wb_pc=00000338 wb_we=1 wb_rd=x7 wb_val=ffffffcc IF_pc=00000348 IF_inst=fc521ae3 ID_pc=00000344 ID_inst=00200293 EX_pc=00000340 EX_alu=00000001 mem_we=0 mem_addr=00000544 mem_wd=0000ffcc mem_rd=0ff0000f
COMMIT t=2635000 wb_pc=0000033c wb_we=0 wb_rd=x8 wb_val=00000544 IF_pc=0000034c IF_inst=00f00193 ID_pc=00000348 ID_inst=fc521ae3 EX_pc=00000344 EX_alu=00000002 mem_we=0 mem_addr=00000001 mem_wd=00003e0f mem_rd=0540006f
COMMIT t=2645000 wb_pc=00000340 wb_we=1 wb_rd=x4 wb_val=00000001 IF_pc=00000350 IF_inst=00000213 ID_pc=0000034c ID_inst=00f00193 EX_pc=00000348 EX_alu=0000031c mem_we=0 mem_addr=00000002 mem_wd=00980000 mem_rd=0540006f
COMMIT t=2655000 wb_pc=00000344 wb_we=1 wb_rd=x5 wb_val=00000002 IF_pc=00000000 IF_inst=00000013 ID_pc=00000000 ID_inst=00000013 EX_pc=00000000 EX_alu=00000000 mem_we=0 mem_addr=0000031c mem_wd=00000002 mem_rd=fcc00693
COMMIT t=2665000 wb_pc=00000348 wb_we=0 wb_rd=x21 wb_val=0000031c IF_pc=0000031c IF_inst=fcc00693 ID_pc=00000000 ID_inst=00000013 EX_pc=00000000 EX_alu=00000000 mem_we=0 mem_addr=00000000 mem_wd=00000000 mem_rd=0540006f
COMMIT t=2695000 wb_pc=00000000 wb_we=1 wb_rd=x0 wb_val=00000000 IF_pc=00000328 IF_inst=00000013 ID_pc=00000324 ID_inst=c1c60613 EX_pc=00000320 EX_alu=00002320 mem_we=0 mem_addr=ffffffcc mem_wd=0000003c mem_rd=00000000
COMMIT t=2705000 wb_pc=0000031c wb_we=1 wb_rd=x13 wb_val=ffffffcc IF_pc=0000032c IF_inst=00000013 ID_pc=00000328 ID_inst=00000013 EX_pc=00000324 EX_alu=00001f3c mem_we=0 mem_addr=00002320 mem_wd=00000000 mem_rd=00000000
COMMIT t=2715000 wb_pc=00000320 wb_we=1 wb_rd=x12 wb_val=00002320 IF_pc=00000330 IF_inst=00d60123 ID_pc=0000032c ID_inst=00000013 EX_pc=00000328 EX_alu=00000000 mem_we=0 mem_addr=00001f3c mem_wd=00000000 mem_rd=0acccddd
COMMIT t=2725000 wb_pc=00000324 wb_we=1 wb_rd=x12 wb_val=00001f3c IF_pc=00000334 IF_inst=00260703 ID_pc=00000330 ID_inst=00d60123 EX_pc=0000032c EX_alu=00000000 mem_we=0 mem_addr=00000000 mem_wd=ffffff00 mem_rd=0540006f
COMMIT t=2735000 wb_pc=00000328 wb_we=1 wb_rd=x0 wb_val=00000000 IF_pc=00000334 IF_inst=00260703 ID_pc=00000330 ID_inst=00d60123 EX_pc=00000330 EX_alu=00001f3e mem_we=0 mem_addr=00000000 mem_wd=00000000 mem_rd=0540006f
COMMIT t=2745000 wb_pc=0000032c wb_we=1 wb_rd=x0 wb_val=00000000 IF_pc=00000338 IF_inst=fcc00393 ID_pc=00000334 ID_inst=00260703 EX_pc=00000330 EX_alu=00001f3e mem_we=0 mem_addr=00001f3e mem_wd=ffcc006f mem_rd=0acccddd
MEM_WRITE t=2755000 pc=00000330 addr=00001f3e wd=0acccddd ctrl=1
COMMIT t=2765000 wb_pc=00000330 wb_we=0 wb_rd=x2 wb_val=00001f3e IF_pc=00000340 IF_inst=00120213 ID_pc=0000033c ID_inst=20771463 EX_pc=00000338 EX_alu=ffffffcc mem_we=0 mem_addr=00001f3e mem_wd=ff98ffcc mem_rd=0acccddd
COMMIT t=2775000 wb_pc=00000334 wb_we=1 wb_rd=x14 wb_val=ffffffcc IF_pc=00000344 IF_inst=00200293 ID_pc=00000340 ID_inst=00120213 EX_pc=0000033c EX_alu=00000544 mem_we=0 mem_addr=ffffffcc mem_wd=ffffff3c mem_rd=00000000
COMMIT t=2785000 wb_pc=00000338 wb_we=1 wb_rd=x7 wb_val=ffffffcc IF_pc=00000348 IF_inst=fc521ae3 ID_pc=00000344 ID_inst=00200293 EX_pc=00000340 EX_alu=00000002 mem_we=0 mem_addr=00000544 mem_wd=0000ffcc mem_rd=0ff0000f
COMMIT t=2795000 wb_pc=0000033c wb_we=0 wb_rd=x8 wb_val=00000544 IF_pc=0000034c IF_inst=00f00193 ID_pc=00000348 ID_inst=fc521ae3 EX_pc=00000344 EX_alu=00000002 mem_we=0 mem_addr=00000002 mem_wd=003e000f mem_rd=0540006f
COMMIT t=2805000 wb_pc=00000340 wb_we=1 wb_rd=x4 wb_val=00000002 IF_pc=00000350 IF_inst=00000213 ID_pc=0000034c ID_inst=00f00193 EX_pc=00000348 EX_alu=0000031c mem_we=0 mem_addr=00000002 mem_wd=00980040 mem_rd=0540006f
COMMIT t=2815000 wb_pc=00000344 wb_we=1 wb_rd=x5 wb_val=00000002 IF_pc=00000354 IF_inst=fbc00693 ID_pc=00000350 ID_inst=00000213 EX_pc=0000034c EX_alu=0000000f mem_we=0 mem_addr=0000031c mem_wd=00000002 mem_rd=fcc00693
COMMIT t=2825000 wb_pc=00000348 wb_we=0 wb_rd=x21 wb_val=0000031c IF_pc=00000358 IF_inst=00000013 ID_pc=00000354 ID_inst=fbc00693 EX_pc=00000350 EX_alu=00000000 mem_we=0 mem_addr=0000000f mem_wd=4c000693 mem_rd=03ff0a63
COMMIT t=2835000 wb_pc=0000034c wb_we=1 wb_rd=x3 wb_val=0000000f IF_pc=0000035c IF_inst=00002617 ID_pc=00000358 ID_inst=00000013 EX_pc=00000354 EX_alu=ffffffbc mem_we=0 mem_addr=00000000 mem_wd=00000000 mem_rd=0540006f
COMMIT t=2845000 wb_pc=00000350 wb_we=1 wb_rd=x4 wb_val=00000000 IF_pc=00000360 IF_inst=be060613 ID_pc=0000035c ID_inst=00002617 EX_pc=00000358 EX_alu=00000000 mem_we=0 mem_addr=ffffffbc mem_wd=00000000 mem_rd=00000000
COMMIT t=2855000 wb_pc=00000354 wb_we=1 wb_rd=x13 wb_val=ffffffbc IF_pc=00000364 IF_inst=00d601a3 ID_pc=00000360 ID_inst=be060613 EX_pc=0000035c EX_alu=0000235c mem_we=0 mem_addr=00000000 mem_wd=00000000 mem_rd=0540006f
COMMIT t=2865000 wb_pc=00000358 wb_we=1 wb_rd=x0 wb_val=00000000 IF_pc=00000368 IF_inst=00360703 ID_pc=00000364 ID_inst=00d601a3 EX_pc=00000360 EX_alu=00001f3c mem_we=0 mem_addr=0000235c mem_wd=00000000 mem_rd=00000000
COMMIT t=2875000 wb_pc=0000035c wb_we=1 wb_rd=x12 wb_val=0000235c IF_pc=00000368 IF_inst=00360703 ID_pc=00000364 ID_inst=00d601a3 EX_pc=00000364 EX_alu=00001f3f mem_we=0 mem_addr=00001f3c mem_wd=00000000 mem_rd=0acccddd
COMMIT t=2885000 wb_pc=00000360 wb_we=1 wb_rd=x12 wb_val=00001f3c IF_pc=0000036c IF_inst=fbc00393 ID_pc=00000368 ID_inst=00360703 EX_pc=00000364 EX_alu=00001f3f mem_we=0 mem_addr=00001f3f mem_wd=bcffffdd mem_rd=0acccddd
MEM_WRITE t=2895000 pc=00000364 addr=00001f3f wd=bccccddd ctrl=1
COMMIT t=2905000 wb_pc=00000364 wb_we=0 wb_rd=x3 wb_val=00001f3f IF_pc=00000374 IF_inst=00120213 ID_pc=00000370 ID_inst=1c771a63 EX_pc=0000036c EX_alu=ffffffbc mem_we=0 mem_addr=00001f3f mem_wd=0f00000a mem_rd=bccccddd
COMMIT t=2915000 wb_pc=00000368 wb_we=1 wb_rd=x14 wb_val=ffffffbc IF_pc=00000378 IF_inst=00200293 ID_pc=00000374 ID_inst=00120213 EX_pc=00000370 EX_alu=00000544 mem_we=0 mem_addr=ffffffbc mem_wd=ffffff00 mem_rd=00000000
COMMIT t=2925000 wb_pc=0000036c wb_we=1 wb_rd=x7 wb_val=ffffffbc IF_pc=0000037c IF_inst=fc521ce3 ID_pc=00000378 ID_inst=00200293 EX_pc=00000374 EX_alu=00000001 mem_we=0 mem_addr=00000544 mem_wd=0000ffbc mem_rd=0ff0000f
COMMIT t=2935000 wb_pc=00000370 wb_we=0 wb_rd=x20 wb_val=00000544 IF_pc=00000380 IF_inst=01000193 ID_pc=0000037c ID_inst=fc521ce3 EX_pc=00000378 EX_alu=00000002 mem_we=0 mem_addr=00000001 mem_wd=00003e0f mem_rd=0540006f
COMMIT t=2945000 wb_pc=00000374 wb_we=1 wb_rd=x4 wb_val=00000001 IF_pc=00000384 IF_inst=00000213 ID_pc=00000380 ID_inst=01000193 EX_pc=0000037c EX_alu=00000354 mem_we=0 mem_addr=00000002 mem_wd=00980000 mem_rd=0540006f
COMMIT t=2955000 wb_pc=00000378 wb_we=1 wb_rd=x5 wb_val=00000002 IF_pc=00000000 IF_inst=00000013 ID_pc=00000000 ID_inst=00000013 EX_pc=00000000 EX_alu=00000000 mem_we=0 mem_addr=00000354 mem_wd=00000002 mem_rd=fbc00693
COMMIT t=2965000 wb_pc=0000037c wb_we=0 wb_rd=x25 wb_val=00000354 IF_pc=00000354 IF_inst=fbc00693 ID_pc=00000000 ID_inst=00000013 EX_pc=00000000 EX_alu=00000000 mem_we=0 mem_addr=00000000 mem_wd=00000000 mem_rd=0540006f
COMMIT t=2995000 wb_pc=00000000 wb_we=1 wb_rd=x0 wb_val=00000000 IF_pc=00000360 IF_inst=be060613 ID_pc=0000035c ID_inst=00002617 EX_pc=00000358 EX_alu=00000000 mem_we=0 mem_addr=ffffffbc mem_wd=00000000 mem_rd=00000000
COMMIT t=3005000 wb_pc=00000354 wb_we=1 wb_rd=x13 wb_val=ffffffbc IF_pc=00000364 IF_inst=00d601a3 ID_pc=00000360 ID_inst=be060613 EX_pc=0000035c EX_alu=0000235c mem_we=0 mem_addr=00000000 mem_wd=00000000 mem_rd=0540006f
COMMIT t=3015000 wb_pc=00000358 wb_we=1 wb_rd=x0 wb_val=00000000 IF_pc=00000368 IF_inst=00360703 ID_pc=00000364 ID_inst=00d601a3 EX_pc=00000360 EX_alu=00001f3c mem_we=0 mem_addr=0000235c mem_wd=00000000 mem_rd=00000000
COMMIT t=3025000 wb_pc=0000035c wb_we=1 wb_rd=x12 wb_val=0000235c IF_pc=00000368 IF_inst=00360703 ID_pc=00000364 ID_inst=00d601a3 EX_pc=00000364 EX_alu=00001f3f mem_we=0 mem_addr=00001f3c mem_wd=00000000 mem_rd=bccccddd
COMMIT t=3035000 wb_pc=00000360 wb_we=1 wb_rd=x12 wb_val=00001f3c IF_pc=0000036c IF_inst=fbc00393 ID_pc=00000368 ID_inst=00360703 EX_pc=00000364 EX_alu=00001f3f mem_we=0 mem_addr=00001f3f mem_wd=bcffffdd mem_rd=bccccddd
MEM_WRITE t=3045000 pc=00000364 addr=00001f3f wd=bccccddd ctrl=1
COMMIT t=3055000 wb_pc=00000364 wb_we=0 wb_rd=x3 wb_val=00001f3f IF_pc=00000374 IF_inst=00120213 ID_pc=00000370 ID_inst=1c771a63 EX_pc=0000036c EX_alu=ffffffbc mem_we=0 mem_addr=00001f3f mem_wd=0fffffbc mem_rd=bccccddd
COMMIT t=3065000 wb_pc=00000368 wb_we=1 wb_rd=x14 wb_val=ffffffbc IF_pc=00000378 IF_inst=00200293 ID_pc=00000374 ID_inst=00120213 EX_pc=00000370 EX_alu=00000544 mem_we=0 mem_addr=ffffffbc mem_wd=ffffff00 mem_rd=00000000
COMMIT t=3075000 wb_pc=0000036c wb_we=1 wb_rd=x7 wb_val=ffffffbc IF_pc=0000037c IF_inst=fc521ce3 ID_pc=00000378 ID_inst=00200293 EX_pc=00000374 EX_alu=00000002 mem_we=0 mem_addr=00000544 mem_wd=0000ffbc mem_rd=0ff0000f
COMMIT t=3085000 wb_pc=00000370 wb_we=0 wb_rd=x20 wb_val=00000544 IF_pc=00000380 IF_inst=01000193 ID_pc=0000037c ID_inst=fc521ce3 EX_pc=00000378 EX_alu=00000002 mem_we=0 mem_addr=00000002 mem_wd=003e000f mem_rd=0540006f
COMMIT t=3095000 wb_pc=00000374 wb_we=1 wb_rd=x4 wb_val=00000002 IF_pc=00000384 IF_inst=00000213 ID_pc=00000380 ID_inst=01000193 EX_pc=0000037c EX_alu=00000354 mem_we=0 mem_addr=00000002 mem_wd=00980040 mem_rd=0540006f
COMMIT t=3105000 wb_pc=00000378 wb_we=1 wb_rd=x5 wb_val=00000002 IF_pc=00000388 IF_inst=fbb00693 ID_pc=00000384 ID_inst=00000213 EX_pc=00000380 EX_alu=00000010 mem_we=0 mem_addr=00000354 mem_wd=00000002 mem_rd=fbc00693
COMMIT t=3115000 wb_pc=0000037c wb_we=0 wb_rd=x25 wb_val=00000354 IF_pc=0000038c IF_inst=00000013 ID_pc=00000388 ID_inst=fbb00693 EX_pc=00000384 EX_alu=00000000 mem_we=0 mem_addr=00000010 mem_wd=00000600 mem_rd=00900f93
COMMIT t=3125000 wb_pc=00000380 wb_we=1 wb_rd=x3 wb_val=00000010 IF_pc=00000390 IF_inst=00002617 ID_pc=0000038c ID_inst=00000013 EX_pc=00000388 EX_alu=ffffffbb mem_we=0 mem_addr=00000000 mem_wd=ffffff00 mem_rd=0540006f
COMMIT t=3135000 wb_pc=00000384 wb_we=1 wb_rd=x4 wb_val=00000000 IF_pc=00000394 IF_inst=bac60613 ID_pc=00000390 ID_inst=00002617 EX_pc=0000038c EX_alu=00000000 mem_we=0 mem_addr=ffffffbb mem_wd=0000006f mem_rd=00000000
COMMIT t=3145000 wb_pc=00000388 wb_we=1 wb_rd=x13 wb_val=ffffffbb IF_pc=00000398 IF_inst=00000013 ID_pc=00000394 ID_inst=bac60613 EX_pc=00000390 EX_alu=00002390 mem_we=0 mem_addr=00000000 mem_wd=00000000 mem_rd=0540006f
COMMIT t=3155000 wb_pc=0000038c wb_we=1 wb_rd=x0 wb_val=00000000 IF_pc=0000039c IF_inst=00d60223 ID_pc=00000398 ID_inst=00000013 EX_pc=00000394 EX_alu=00001f3c mem_we=0 mem_addr=00002390 mem_wd=00000000 mem_rd=00000000
COMMIT t=3165000 wb_pc=00000390 wb_we=1 wb_rd=x12 wb_val=00002390 IF_pc=000003a0 IF_inst=00460703 ID_pc=0000039c ID_inst=00d60223 EX_pc=00000398 EX_alu=00000000 mem_we=0 mem_addr=00001f3c mem_wd=00000090 mem_rd=bccccddd
COMMIT t=3175000 wb_pc=00000394 wb_we=1 wb_rd=x12 wb_val=00001f3c IF_pc=000003a0 IF_inst=00460703 ID_pc=0000039c ID_inst=00d60223 EX_pc=0000039c EX_alu=00001f40 mem_we=0 mem_addr=00000000 mem_wd=ffffff00 mem_rd=0540006f
COMMIT t=3185000 wb_pc=00000398 wb_we=1 wb_rd=x0 wb_val=00000000 IF_pc=000003a4 IF_inst=fbb00393 ID_pc=000003a0 ID_inst=00460703 EX_pc=0000039c EX_alu=00001f40 mem_we=0 mem_addr=00001f40 mem_wd=ffffffbb mem_rd=0aa000aa
MEM_WRITE t=3195000 pc=0000039c addr=00001f40 wd=0aa000bb ctrl=1
COMMIT t=3205000 wb_pc=0000039c wb_we=0 wb_rd=x4 wb_val=00001f40 IF_pc=000003ac IF_inst=00120213 ID_pc=000003a8 ID_inst=18771e63 EX_pc=000003a4 EX_alu=ffffffbb mem_we=0 mem_addr=00001f40 mem_wd=ffffff00 mem_rd=0aa000bb
COMMIT t=3215000 wb_pc=000003a0 wb_we=1 wb_rd=x14 wb_val=ffffffbb IF_pc=000003b0 IF_inst=00200293 ID_pc=000003ac ID_inst=00120213 EX_pc=000003a8 EX_alu=00000544 mem_we=0 mem_addr=ffffffbb mem_wd=00ffffbb mem_rd=00000000
COMMIT t=3225000 wb_pc=000003a4 wb_we=1 wb_rd=x7 wb_val=ffffffbb IF_pc=000003b4 IF_inst=fc521ae3 ID_pc=000003b0 ID_inst=00200293 EX_pc=000003ac EX_alu=00000001 mem_we=0 mem_addr=00000544 mem_wd=0000ffbb mem_rd=0ff0000f
COMMIT t=3235000 wb_pc=000003a8 wb_we=0 wb_rd=x28 wb_val=00000544 IF_pc=000003b8 IF_inst=01100193 ID_pc=000003b4 ID_inst=fc521ae3 EX_pc=000003b0 EX_alu=00000002 mem_we=0 mem_addr=00000001 mem_wd=00003e0f mem_rd=0540006f
COMMIT t=3245000 wb_pc=000003ac wb_we=1 wb_rd=x4 wb_val=00000001 IF_pc=000003bc IF_inst=00000213 ID_pc=000003b8 ID_inst=01100193 EX_pc=000003b4 EX_alu=00000388 mem_we=0 mem_addr=00000002 mem_wd=00980000 mem_rd=0540006f
COMMIT t=3255000 wb_pc=000003b0 wb_we=1 wb_rd=x5 wb_val=00000002 IF_pc=00000000 IF_inst=00000013 ID_pc=00000000 ID_inst=00000013 EX_pc=00000000 EX_alu=00000000 mem_we=0 mem_addr=00000388 mem_wd=00000002 mem_rd=fbb00693
COMMIT t=3265000 wb_pc=000003b4 wb_we=0 wb_rd=x21 wb_val=00000388 IF_pc=00000388 IF_inst=fbb00693 ID_pc=00000000 ID_inst=00000013 EX_pc=00000000 EX_alu=00000000 mem_we=0 mem_addr=00000000 mem_wd=00000000 mem_rd=0540006f
COMMIT t=3295000 wb_pc=00000000 wb_we=1 wb_rd=x0 wb_val=00000000 IF_pc=00000394 IF_inst=bac60613 ID_pc=00000390 ID_inst=00002617 EX_pc=0000038c EX_alu=00000000 mem_we=0 mem_addr=ffffffbb mem_wd=0000006f mem_rd=00000000
COMMIT t=3305000 wb_pc=00000388 wb_we=1 wb_rd=x13 wb_val=ffffffbb IF_pc=00000398 IF_inst=00000013 ID_pc=00000394 ID_inst=bac60613 EX_pc=00000390 EX_alu=00002390 mem_we=0 mem_addr=00000000 mem_wd=00000000 mem_rd=0540006f
COMMIT t=3315000 wb_pc=0000038c wb_we=1 wb_rd=x0 wb_val=00000000 IF_pc=0000039c IF_inst=00d60223 ID_pc=00000398 ID_inst=00000013 EX_pc=00000394 EX_alu=00001f3c mem_we=0 mem_addr=00002390 mem_wd=00000000 mem_rd=00000000
COMMIT t=3325000 wb_pc=00000390 wb_we=1 wb_rd=x12 wb_val=00002390 IF_pc=000003a0 IF_inst=00460703 ID_pc=0000039c ID_inst=00d60223 EX_pc=00000398 EX_alu=00000000 mem_we=0 mem_addr=00001f3c mem_wd=00000090 mem_rd=bccccddd
COMMIT t=3335000 wb_pc=00000394 wb_we=1 wb_rd=x12 wb_val=00001f3c IF_pc=000003a0 IF_inst=00460703 ID_pc=0000039c ID_inst=00d60223 EX_pc=0000039c EX_alu=00001f40 mem_we=0 mem_addr=00000000 mem_wd=ffffff00 mem_rd=0540006f
COMMIT t=3345000 wb_pc=00000398 wb_we=1 wb_rd=x0 wb_val=00000000 IF_pc=000003a4 IF_inst=fbb00393 ID_pc=000003a0 ID_inst=00460703 EX_pc=0000039c EX_alu=00001f40 mem_we=0 mem_addr=00001f40 mem_wd=ffffffbb mem_rd=0aa000bb
MEM_WRITE t=3355000 pc=0000039c addr=00001f40 wd=0aa000bb ctrl=1
COMMIT t=3365000 wb_pc=0000039c wb_we=0 wb_rd=x4 wb_val=00001f40 IF_pc=000003ac IF_inst=00120213 ID_pc=000003a8 ID_inst=18771e63 EX_pc=000003a4 EX_alu=ffffffbb mem_we=0 mem_addr=00001f40 mem_wd=ffffff01 mem_rd=0aa000bb
COMMIT t=3375000 wb_pc=000003a0 wb_we=1 wb_rd=x14 wb_val=ffffffbb IF_pc=000003b0 IF_inst=00200293 ID_pc=000003ac ID_inst=00120213 EX_pc=000003a8 EX_alu=00000544 mem_we=0 mem_addr=ffffffbb mem_wd=00ffffbb mem_rd=00000000
COMMIT t=3385000 wb_pc=000003a4 wb_we=1 wb_rd=x7 wb_val=ffffffbb IF_pc=000003b4 IF_inst=fc521ae3 ID_pc=000003b0 ID_inst=00200293 EX_pc=000003ac EX_alu=00000002 mem_we=0 mem_addr=00000544 mem_wd=0000ffbb mem_rd=0ff0000f
COMMIT t=3395000 wb_pc=000003a8 wb_we=0 wb_rd=x28 wb_val=00000544 IF_pc=000003b8 IF_inst=01100193 ID_pc=000003b4 ID_inst=fc521ae3 EX_pc=000003b0 EX_alu=00000002 mem_we=0 mem_addr=00000002 mem_wd=003e000f mem_rd=0540006f
COMMIT t=3405000 wb_pc=000003ac wb_we=1 wb_rd=x4 wb_val=00000002 IF_pc=000003bc IF_inst=00000213 ID_pc=000003b8 ID_inst=01100193 EX_pc=000003b4 EX_alu=00000388 mem_we=0 mem_addr=00000002 mem_wd=00980040 mem_rd=0540006f
COMMIT t=3415000 wb_pc=000003b0 wb_we=1 wb_rd=x5 wb_val=00000002 IF_pc=000003c0 IF_inst=fab00693 ID_pc=000003bc ID_inst=00000213 EX_pc=000003b8 EX_alu=00000011 mem_we=0 mem_addr=00000388 mem_wd=00000002 mem_rd=fbb00693
COMMIT t=3425000 wb_pc=000003b4 wb_we=0 wb_rd=x21 wb_val=00000388 IF_pc=000003c4 IF_inst=00000013 ID_pc=000003c0 ID_inst=fab00693 EX_pc=000003bc EX_alu=00000000 mem_we=0 mem_addr=00000011 mem_wd=00000093 mem_rd=00900f93
COMMIT t=3435000 wb_pc=000003b8 wb_we=1 wb_rd=x3 wb_val=00000011 IF_pc=000003c8 IF_inst=00000013 ID_pc=000003c4 ID_inst=00000013 EX_pc=000003c0 EX_alu=ffffffab mem_we=0 mem_addr=00000000 mem_wd=00000000 mem_rd=0540006f
COMMIT t=3445000 wb_pc=000003bc wb_we=1 wb_rd=x4 wb_val=00000000 IF_pc=000003cc IF_inst=00002617 ID_pc=000003c8 ID_inst=00000013 EX_pc=000003c4 EX_alu=00000000 mem_we=0 mem_addr=ffffffab mem_wd=0000006f mem_rd=00000000
COMMIT t=3455000 wb_pc=000003c0 wb_we=1 wb_rd=x13 wb_val=ffffffab IF_pc=000003d0 IF_inst=b7060613 ID_pc=000003cc ID_inst=00002617 EX_pc=000003c8 EX_alu=00000000 mem_we=0 mem_addr=00000000 mem_wd=00000000 mem_rd=0540006f
COMMIT t=3465000 wb_pc=000003c4 wb_we=1 wb_rd=x0 wb_val=00000000 IF_pc=000003d4 IF_inst=00d602a3 ID_pc=000003d0 ID_inst=b7060613 EX_pc=000003cc EX_alu=000023cc mem_we=0 mem_addr=00000000 mem_wd=00000000 mem_rd=0540006f
COMMIT t=3475000 wb_pc=000003c8 wb_we=1 wb_rd=x0 wb_val=00000000 IF_pc=000003d8 IF_inst=00560703 ID_pc=000003d4 ID_inst=00d602a3 EX_pc=000003d0 EX_alu=00001f3c mem_we=0 mem_addr=000023cc mem_wd=00000000 mem_rd=00000000
COMMIT t=3485000 wb_pc=000003cc wb_we=1 wb_rd=x12 wb_val=000023cc IF_pc=000003d8 IF_inst=00560703 ID_pc=000003d4 ID_inst=00d602a3 EX_pc=000003d4 EX_alu=00001f41 mem_we=0 mem_addr=00001f3c mem_wd=00000000 mem_rd=bccccddd
COMMIT t=3495000 wb_pc=000003d0 wb_we=1 wb_rd=x12 wb_val=00001f3c IF_pc=000003dc IF_inst=fab00393 ID_pc=000003d8 ID_inst=00560703 EX_pc=000003d4 EX_alu=00001f41 mem_we=0 mem_addr=00001f41 mem_wd=ffffabdd mem_rd=0aa000bb
MEM_WRITE t=3505000 pc=000003d4 addr=00001f41 wd=0aa0abbb ctrl=1
COMMIT t=3515000 wb_pc=000003d4 wb_we=0 wb_rd=x5 wb_val=00001f41 IF_pc=000003e4 IF_inst=00120213 ID_pc=000003e0 ID_inst=16771263 EX_pc=000003dc EX_alu=ffffffab mem_we=0 mem_addr=00001f41 mem_wd=00000200 mem_rd=0aa0abbb
COMMIT t=3525000 wb_pc=000003d8 wb_we=1 wb_rd=x14 wb_val=ffffffab IF_pc=000003e8 IF_inst=00200293 ID_pc=000003e4 ID_inst=00120213 EX_pc=000003e0 EX_alu=00000544 mem_we=0 mem_addr=ffffffab mem_wd=00ffffab mem_rd=00000000
COMMIT t=3535000 wb_pc=000003dc wb_we=1 wb_rd=x7 wb_val=ffffffab IF_pc=000003ec IF_inst=fc521ae3 ID_pc=000003e8 ID_inst=00200293 EX_pc=000003e4 EX_alu=00000001 mem_we=0 mem_addr=00000544 mem_wd=0000ffab mem_rd=0ff0000f
COMMIT t=3545000 wb_pc=000003e0 wb_we=0 wb_rd=x4 wb_val=00000544 IF_pc=000003f0 IF_inst=01200193 ID_pc=000003ec ID_inst=fc521ae3 EX_pc=000003e8 EX_alu=00000002 mem_we=0 mem_addr=00000001 mem_wd=00003e0f mem_rd=0540006f
COMMIT t=3555000 wb_pc=000003e4 wb_we=1 wb_rd=x4 wb_val=00000001 IF_pc=000003f4 IF_inst=00000213 ID_pc=000003f0 ID_inst=01200193 EX_pc=000003ec EX_alu=000003c0 mem_we=0 mem_addr=00000002 mem_wd=00980000 mem_rd=0540006f
COMMIT t=3565000 wb_pc=000003e8 wb_we=1 wb_rd=x5 wb_val=00000002 IF_pc=00000000 IF_inst=00000013 ID_pc=00000000 ID_inst=00000013 EX_pc=00000000 EX_alu=00000000 mem_we=0 mem_addr=000003c0 mem_wd=00000002 mem_rd=fab00693
COMMIT t=3575000 wb_pc=000003ec wb_we=0 wb_rd=x21 wb_val=000003c0 IF_pc=000003c0 IF_inst=fab00693 ID_pc=00000000 ID_inst=00000013 EX_pc=00000000 EX_alu=00000000 mem_we=0 mem_addr=00000000 mem_wd=00000000 mem_rd=0540006f
COMMIT t=3605000 wb_pc=00000000 wb_we=1 wb_rd=x0 wb_val=00000000 IF_pc=000003cc IF_inst=00002617 ID_pc=000003c8 ID_inst=00000013 EX_pc=000003c4 EX_alu=00000000 mem_we=0 mem_addr=ffffffab mem_wd=0000006f mem_rd=00000000
COMMIT t=3615000 wb_pc=000003c0 wb_we=1 wb_rd=x13 wb_val=ffffffab IF_pc=000003d0 IF_inst=b7060613 ID_pc=000003cc ID_inst=00002617 EX_pc=000003c8 EX_alu=00000000 mem_we=0 mem_addr=00000000 mem_wd=00000000 mem_rd=0540006f
COMMIT t=3625000 wb_pc=000003c4 wb_we=1 wb_rd=x0 wb_val=00000000 IF_pc=000003d4 IF_inst=00d602a3 ID_pc=000003d0 ID_inst=b7060613 EX_pc=000003cc EX_alu=000023cc mem_we=0 mem_addr=00000000 mem_wd=00000000 mem_rd=0540006f
COMMIT t=3635000 wb_pc=000003c8 wb_we=1 wb_rd=x0 wb_val=00000000 IF_pc=000003d8 IF_inst=00560703 ID_pc=000003d4 ID_inst=00d602a3 EX_pc=000003d0 EX_alu=00001f3c mem_we=0 mem_addr=000023cc mem_wd=00000000 mem_rd=00000000
COMMIT t=3645000 wb_pc=000003cc wb_we=1 wb_rd=x12 wb_val=000023cc IF_pc=000003d8 IF_inst=00560703 ID_pc=000003d4 ID_inst=00d602a3 EX_pc=000003d4 EX_alu=00001f41 mem_we=0 mem_addr=00001f3c mem_wd=00000000 mem_rd=bccccddd
COMMIT t=3655000 wb_pc=000003d0 wb_we=1 wb_rd=x12 wb_val=00001f3c IF_pc=000003dc IF_inst=fab00393 ID_pc=000003d8 ID_inst=00560703 EX_pc=000003d4 EX_alu=00001f41 mem_we=0 mem_addr=00001f41 mem_wd=ffffabdd mem_rd=0aa0abbb
MEM_WRITE t=3665000 pc=000003d4 addr=00001f41 wd=0aa0abbb ctrl=1
COMMIT t=3675000 wb_pc=000003d4 wb_we=0 wb_rd=x5 wb_val=00001f41 IF_pc=000003e4 IF_inst=00120213 ID_pc=000003e0 ID_inst=16771263 EX_pc=000003dc EX_alu=ffffffab mem_we=0 mem_addr=00001f41 mem_wd=ffff02ab mem_rd=0aa0abbb
COMMIT t=3685000 wb_pc=000003d8 wb_we=1 wb_rd=x14 wb_val=ffffffab IF_pc=000003e8 IF_inst=00200293 ID_pc=000003e4 ID_inst=00120213 EX_pc=000003e0 EX_alu=00000544 mem_we=0 mem_addr=ffffffab mem_wd=00ffffab mem_rd=00000000
COMMIT t=3695000 wb_pc=000003dc wb_we=1 wb_rd=x7 wb_val=ffffffab IF_pc=000003ec IF_inst=fc521ae3 ID_pc=000003e8 ID_inst=00200293 EX_pc=000003e4 EX_alu=00000002 mem_we=0 mem_addr=00000544 mem_wd=0000ffab mem_rd=0ff0000f
COMMIT t=3705000 wb_pc=000003e0 wb_we=0 wb_rd=x4 wb_val=00000544 IF_pc=000003f0 IF_inst=01200193 ID_pc=000003ec ID_inst=fc521ae3 EX_pc=000003e8 EX_alu=00000002 mem_we=0 mem_addr=00000002 mem_wd=003e000f mem_rd=0540006f
COMMIT t=3715000 wb_pc=000003e4 wb_we=1 wb_rd=x4 wb_val=00000002 IF_pc=000003f4 IF_inst=00000213 ID_pc=000003f0 ID_inst=01200193 EX_pc=000003ec EX_alu=000003c0 mem_we=0 mem_addr=00000002 mem_wd=00980040 mem_rd=0540006f
COMMIT t=3725000 wb_pc=000003e8 wb_we=1 wb_rd=x5 wb_val=00000002 IF_pc=000003f8 IF_inst=00002117 ID_pc=000003f4 ID_inst=00000213 EX_pc=000003f0 EX_alu=00000012 mem_we=0 mem_addr=000003c0 mem_wd=00000002 mem_rd=fab00693
COMMIT t=3735000 wb_pc=000003ec wb_we=0 wb_rd=x21 wb_val=000003c0 IF_pc=000003fc IF_inst=b4410113 ID_pc=000003f8 ID_inst=00002117 EX_pc=000003f4 EX_alu=00000000 mem_we=0 mem_addr=00000012 mem_wd=00000693 mem_rd=00900f93
COMMIT t=3745000 wb_pc=000003f0 wb_we=1 wb_rd=x3 wb_val=00000012 IF_pc=00000400 IF_inst=03300093 ID_pc=000003fc ID_inst=b4410113 EX_pc=000003f8 EX_alu=000023f8 mem_we=0 mem_addr=00000000 mem_wd=ffffff00 mem_rd=0540006f
COMMIT t=3755000 wb_pc=000003f4 wb_we=1 wb_rd=x4 wb_val=00000000 IF_pc=00000404 IF_inst=00110023 ID_pc=00000400 ID_inst=03300093 EX_pc=000003fc EX_alu=00001f3c mem_we=0 mem_addr=000023f8 mem_wd=00000000 mem_rd=00000000
COMMIT t=3765000 wb_pc=000003f8 wb_we=1 wb_rd=x2 wb_val=000023f8 IF_pc=00000408 IF_inst=00010703 ID_pc=00000404 ID_inst=00110023 EX_pc=00000400 EX_alu=00000033 mem_we=0 mem_addr=00001f3c mem_wd=00000000 mem_rd=bccccddd
COMMIT t=3775000 wb_pc=000003fc wb_we=1 wb_rd=x2 wb_val=00001f3c IF_pc=00000408 IF_inst=00010703 ID_pc=00000404 ID_inst=00110023 EX_pc=00000404 EX_alu=00001f3c mem_we=0 mem_addr=00000033 mem_wd=00ffffdd mem_rd=34202f73
COMMIT t=3785000 wb_pc=00000400 wb_we=1 wb_rd=x1 wb_val=00000033 IF_pc=0000040c IF_inst=03300393 ID_pc=00000408 ID_inst=00010703 EX_pc=00000404 EX_alu=00001f3c mem_we=0 mem_addr=00001f3c mem_wd=00001f3e mem_rd=bccccddd
MEM_WRITE t=3795000 pc=00000404 addr=00001f3c wd=bccccd33 ctrl=1
COMMIT t=3805000 wb_pc=00000404 wb_we=0 wb_rd=x0 wb_val=00001f3c IF_pc=00000414 IF_inst=00120213 ID_pc=00000410 ID_inst=12771a63 EX_pc=0000040c EX_alu=00000033 mem_we=0 mem_addr=00001f3c mem_wd=ffffff00 mem_rd=bccccd33
COMMIT t=3815000 wb_pc=00000408 wb_we=1 wb_rd=x14 wb_val=00000033 IF_pc=00000418 IF_inst=00200293 ID_pc=00000414 ID_inst=00120213 EX_pc=00000410 EX_alu=00000544 mem_we=0 mem_addr=00000033 mem_wd=00000033 mem_rd=34202f73
COMMIT t=3825000 wb_pc=0000040c wb_we=1 wb_rd=x7 wb_val=00000033 IF_pc=0000041c IF_inst=fc521ee3 ID_pc=00000418 ID_inst=00200293 EX_pc=00000414 EX_alu=00000001 mem_we=0 mem_addr=00000544 mem_wd=00000033 mem_rd=0ff0000f
COMMIT t=3835000 wb_pc=00000410 wb_we=0 wb_rd=x20 wb_val=00000544 IF_pc=00000420 IF_inst=01300193 ID_pc=0000041c ID_inst=fc521ee3 EX_pc=00000418 EX_alu=00000002 mem_we=0 mem_addr=00000001 mem_wd=0000330f mem_rd=0540006f
COMMIT t=3845000 wb_pc=00000414 wb_we=1 wb_rd=x4 wb_val=00000001 IF_pc=00000424 IF_inst=00000213 ID_pc=00000420 ID_inst=01300193 EX_pc=0000041c EX_alu=000003f8 mem_we=0 mem_addr=00000002 mem_wd=003c0000 mem_rd=0540006f
COMMIT t=3855000 wb_pc=00000418 wb_we=1 wb_rd=x5 wb_val=00000002 IF_pc=00000000 IF_inst=00000013 ID_pc=00000000 ID_inst=00000013 EX_pc=00000000 EX_alu=00000000 mem_we=0 mem_addr=000003f8 mem_wd=00000002 mem_rd=00002117
COMMIT t=3865000 wb_pc=0000041c wb_we=0 wb_rd=x29 wb_val=000003f8 IF_pc=000003f8 IF_inst=00002117 ID_pc=00000000 ID_inst=00000013 EX_pc=00000000 EX_alu=00000000 mem_we=0 mem_addr=00000000 mem_wd=00000000 mem_rd=0540006f
COMMIT t=3895000 wb_pc=00000000 wb_we=1 wb_rd=x0 wb_val=00000000 IF_pc=00000404 IF_inst=00110023 ID_pc=00000400 ID_inst=03300093 EX_pc=000003fc EX_alu=00001f3c mem_we=0 mem_addr=000023f8 mem_wd=00000000 mem_rd=00000000
COMMIT t=3905000 wb_pc=000003f8 wb_we=1 wb_rd=x2 wb_val=000023f8 IF_pc=00000408 IF_inst=00010703 ID_pc=00000404 ID_inst=00110023 EX_pc=00000400 EX_alu=00000033 mem_we=0 mem_addr=00001f3c mem_wd=00000001 mem_rd=bccccd33
COMMIT t=3915000 wb_pc=000003fc wb_we=1 wb_rd=x2 wb_val=00001f3c IF_pc=00000408 IF_inst=00010703 ID_pc=00000404 ID_inst=00110023 EX_pc=00000404 EX_alu=00001f3c mem_we=0 mem_addr=00000033 mem_wd=00000033 mem_rd=34202f73
COMMIT t=3925000 wb_pc=00000400 wb_we=1 wb_rd=x1 wb_val=00000033 IF_pc=0000040c IF_inst=03300393 ID_pc=00000408 ID_inst=00010703 EX_pc=00000404 EX_alu=00001f3c mem_we=0 mem_addr=00001f3c mem_wd=00000033 mem_rd=bccccd33
MEM_WRITE t=3935000 pc=00000404 addr=00001f3c wd=bccccd33 ctrl=1
COMMIT t=3945000 wb_pc=00000404 wb_we=0 wb_rd=x0 wb_val=00001f3c IF_pc=00000414 IF_inst=00120213 ID_pc=00000410 ID_inst=12771a63 EX_pc=0000040c EX_alu=00000033 mem_we=0 mem_addr=00001f3c mem_wd=00000000 mem_rd=bccccd33
COMMIT t=3955000 wb_pc=00000408 wb_we=1 wb_rd=x14 wb_val=00000033 IF_pc=00000418 IF_inst=00200293 ID_pc=00000414 ID_inst=00120213 EX_pc=00000410 EX_alu=00000544 mem_we=0 mem_addr=00000033 mem_wd=00000033 mem_rd=34202f73
COMMIT t=3965000 wb_pc=0000040c wb_we=1 wb_rd=x7 wb_val=00000033 IF_pc=0000041c IF_inst=fc521ee3 ID_pc=00000418 ID_inst=00200293 EX_pc=00000414 EX_alu=00000002 mem_we=0 mem_addr=00000544 mem_wd=00000033 mem_rd=0ff0000f
COMMIT t=3975000 wb_pc=00000410 wb_we=0 wb_rd=x20 wb_val=00000544 IF_pc=00000420 IF_inst=01300193 ID_pc=0000041c ID_inst=fc521ee3 EX_pc=00000418 EX_alu=00000002 mem_we=0 mem_addr=00000002 mem_wd=0033000f mem_rd=0540006f
COMMIT t=3985000 wb_pc=00000414 wb_we=1 wb_rd=x4 wb_val=00000002 IF_pc=00000424 IF_inst=00000213 ID_pc=00000420 ID_inst=01300193 EX_pc=0000041c EX_alu=000003f8 mem_we=0 mem_addr=00000002 mem_wd=003c0040 mem_rd=0540006f
COMMIT t=3995000 wb_pc=00000418 wb_we=1 wb_rd=x5 wb_val=00000002 IF_pc=00000428 IF_inst=00002117 ID_pc=00000424 ID_inst=00000213 EX_pc=00000420 EX_alu=00000013 mem_we=0 mem_addr=000003f8 mem_wd=00000002 mem_rd=00002117
COMMIT t=4005000 wb_pc=0000041c wb_we=0 wb_rd=x29 wb_val=000003f8 IF_pc=0000042c IF_inst=b1410113 ID_pc=00000428 ID_inst=00002117 EX_pc=00000424 EX_alu=00000000 mem_we=0 mem_addr=00000013 mem_wd=00002117 mem_rd=00900f93
COMMIT t=4015000 wb_pc=00000420 wb_we=1 wb_rd=x3 wb_val=00000013 IF_pc=00000430 IF_inst=02300093 ID_pc=0000042c ID_inst=b1410113 EX_pc=00000428 EX_alu=00002428 mem_we=0 mem_addr=00000000 mem_wd=00000000 mem_rd=0540006f
COMMIT t=4025000 wb_pc=00000424 wb_we=1 wb_rd=x4 wb_val=00000000 IF_pc=00000434 IF_inst=00000013 ID_pc=00000430 ID_inst=02300093 EX_pc=0000042c EX_alu=00001f3c mem_we=0 mem_addr=00002428 mem_wd=00000000 mem_rd=00000000
COMMIT t=4035000 wb_pc=00000428 wb_we=1 wb_rd=x2 wb_val=00002428 IF_pc=00000438 IF_inst=001100a3 ID_pc=00000434 ID_inst=00000013 EX_pc=00000430 EX_alu=00000023 mem_we=0 mem_addr=00001f3c mem_wd=00000000 mem_rd=bccccd33
COMMIT t=4045000 wb_pc=0000042c wb_we=1 wb_rd=x2 wb_val=00001f3c IF_pc=0000043c IF_inst=00110703 ID_pc=00000438 ID_inst=001100a3 EX_pc=00000434 EX_alu=00000000 mem_we=0 mem_addr=00000023 mem_wd=13000033 mem_rd=00000f17
COMMIT t=4055000 wb_pc=00000430 wb_we=1 wb_rd=x1 wb_val=00000023 IF_pc=0000043c IF_inst=00110703 ID_pc=00000438 ID_inst=001100a3 EX_pc=00000438 EX_alu=00001f3d mem_we=0 mem_addr=00000000 mem_wd=00000000 mem_rd=0540006f
COMMIT t=4065000 wb_pc=00000434 wb_we=1 wb_rd=x0 wb_val=00000000 IF_pc=00000440 IF_inst=02300393 ID_pc=0000043c ID_inst=00110703 EX_pc=00000438 EX_alu=00001f3d mem_we=0 mem_addr=00001f3d mem_wd=0000236f mem_rd=bccccd33
MEM_WRITE t=4075000 pc=00000438 addr=00001f3d wd=bccc2333 ctrl=1
COMMIT t=4085000 wb_pc=00000438 wb_we=0 wb_rd=x1 wb_val=00001f3d IF_pc=00000448 IF_inst=00120213 ID_pc=00000444 ID_inst=10771063 EX_pc=00000440 EX_alu=00000023 mem_we=0 mem_addr=00001f3d mem_wd=ffff23cd mem_rd=bccc2333
COMMIT t=4095000 wb_pc=0000043c wb_we=1 wb_rd=x14 wb_val=00000023 IF_pc=0000044c IF_inst=00200293 ID_pc=00000448 ID_inst=00120213 EX_pc=00000444 EX_alu=00000544 mem_we=0 mem_addr=00000023 mem_wd=13000023 mem_rd=00000f17
COMMIT t=4105000 wb_pc=00000440 wb_we=1 wb_rd=x7 wb_val=00000023 IF_pc=00000450 IF_inst=fc521ce3 ID_pc=0000044c ID_inst=00200293 EX_pc=00000448 EX_alu=00000001 mem_we=0 mem_addr=00000544 mem_wd=00000023 mem_rd=0ff0000f
COMMIT t=4115000 wb_pc=00000444 wb_we=0 wb_rd=x0 wb_val=00000544 IF_pc=00000454 IF_inst=01400193 ID_pc=00000450 ID_inst=fc521ce3 EX_pc=0000044c EX_alu=00000002 mem_we=0 mem_addr=00000001 mem_wd=0000230f mem_rd=0540006f
COMMIT t=4125000 wb_pc=00000448 wb_we=1 wb_rd=x4 wb_val=00000001 IF_pc=00000458 IF_inst=00000213 ID_pc=00000454 ID_inst=01400193 EX_pc=00000450 EX_alu=00000428 mem_we=0 mem_addr=00000002 mem_wd=003c0000 mem_rd=0540006f
COMMIT t=4135000 wb_pc=0000044c wb_we=1 wb_rd=x5 wb_val=00000002 IF_pc=00000000 IF_inst=00000013 ID_pc=00000000 ID_inst=00000013 EX_pc=00000000 EX_alu=00000000 mem_we=0 mem_addr=00000428 mem_wd=00000002 mem_rd=00002117
COMMIT t=4145000 wb_pc=00000450 wb_we=0 wb_rd=x25 wb_val=00000428 IF_pc=00000428 IF_inst=00002117 ID_pc=00000000 ID_inst=00000013 EX_pc=00000000 EX_alu=00000000 mem_we=0 mem_addr=00000000 mem_wd=00000000 mem_rd=0540006f
COMMIT t=4175000 wb_pc=00000000 wb_we=1 wb_rd=x0 wb_val=00000000 IF_pc=00000434 IF_inst=00000013 ID_pc=00000430 ID_inst=02300093 EX_pc=0000042c EX_alu=00001f3c mem_we=0 mem_addr=00002428 mem_wd=00000000 mem_rd=00000000
COMMIT t=4185000 wb_pc=00000428 wb_we=1 wb_rd=x2 wb_val=00002428 IF_pc=00000438 IF_inst=001100a3 ID_pc=00000434 ID_inst=00000013 EX_pc=00000430 EX_alu=00000023 mem_we=0 mem_addr=00001f3c mem_wd=00000000 mem_rd=bccc2333
COMMIT t=4195000 wb_pc=0000042c wb_we=1 wb_rd=x2 wb_val=00001f3c IF_pc=0000043c IF_inst=00110703 ID_pc=00000438 ID_inst=001100a3 EX_pc=00000434 EX_alu=00000000 mem_we=0 mem_addr=00000023 mem_wd=13000033 mem_rd=00000f17
COMMIT t=4205000 wb_pc=00000430 wb_we=1 wb_rd=x1 wb_val=00000023 IF_pc=0000043c IF_inst=00110703 ID_pc=00000438 ID_inst=001100a3 EX_pc=00000438 EX_alu=00001f3d mem_we=0 mem_addr=00000000 mem_wd=00000000 mem_rd=0540006f
COMMIT t=4215000 wb_pc=00000434 wb_we=1 wb_rd=x0 wb_val=00000000 IF_pc=00000440 IF_inst=02300393 ID_pc=0000043c ID_inst=00110703 EX_pc=00000438 EX_alu=00001f3d mem_we=0 mem_addr=00001f3d mem_wd=0000236f mem_rd=bccc2333
MEM_WRITE t=4225000 pc=00000438 addr=00001f3d wd=bccc2333 ctrl=1
COMMIT t=4235000 wb_pc=00000438 wb_we=0 wb_rd=x1 wb_val=00001f3d IF_pc=00000448 IF_inst=00120213 ID_pc=00000444 ID_inst=10771063 EX_pc=00000440 EX_alu=00000023 mem_we=0 mem_addr=00001f3d mem_wd=00002323 mem_rd=bccc2333
COMMIT t=4245000 wb_pc=0000043c wb_we=1 wb_rd=x14 wb_val=00000023 IF_pc=0000044c IF_inst=00200293 ID_pc=00000448 ID_inst=00120213 EX_pc=00000444 EX_alu=00000544 mem_we=0 mem_addr=00000023 mem_wd=13000023 mem_rd=00000f17
COMMIT t=4255000 wb_pc=00000440 wb_we=1 wb_rd=x7 wb_val=00000023 IF_pc=00000450 IF_inst=fc521ce3 ID_pc=0000044c ID_inst=00200293 EX_pc=00000448 EX_alu=00000002 mem_we=0 mem_addr=00000544 mem_wd=00000023 mem_rd=0ff0000f
COMMIT t=4265000 wb_pc=00000444 wb_we=0 wb_rd=x0 wb_val=00000544 IF_pc=00000454 IF_inst=01400193 ID_pc=00000450 ID_inst=fc521ce3 EX_pc=0000044c EX_alu=00000002 mem_we=0 mem_addr=00000002 mem_wd=0023000f mem_rd=0540006f
COMMIT t=4275000 wb_pc=00000448 wb_we=1 wb_rd=x4 wb_val=00000002 IF_pc=00000458 IF_inst=00000213 ID_pc=00000454 ID_inst=01400193 EX_pc=00000450 EX_alu=00000428 mem_we=0 mem_addr=00000002 mem_wd=003c0040 mem_rd=0540006f
COMMIT t=4285000 wb_pc=0000044c wb_we=1 wb_rd=x5 wb_val=00000002 IF_pc=0000045c IF_inst=00002117 ID_pc=00000458 ID_inst=00000213 EX_pc=00000454 EX_alu=00000014 mem_we=0 mem_addr=00000428 mem_wd=00000002 mem_rd=00002117
COMMIT t=4295000 wb_pc=00000450 wb_we=0 wb_rd=x25 wb_val=00000428 IF_pc=00000460 IF_inst=ae010113 ID_pc=0000045c ID_inst=00002117 EX_pc=00000458 EX_alu=00000000 mem_we=0 mem_addr=00000014 mem_wd=00002100 mem_rd=03ff0663
COMMIT t=4305000 wb_pc=00000454 wb_we=1 wb_rd=x3 wb_val=00000014 IF_pc=00000464 IF_inst=02200093 ID_pc=00000460 ID_inst=ae010113 EX_pc=0000045c EX_alu=0000245c mem_we=0 mem_addr=00000000 mem_wd=00000000 mem_rd=0540006f
COMMIT t=4315000 wb_pc=00000458 wb_we=1 wb_rd=x4 wb_val=00000000 IF_pc=00000468 IF_inst=00000013 ID_pc=00000464 ID_inst=02200093 EX_pc=00000460 EX_alu=00001f3c mem_we=0 mem_addr=0000245c mem_wd=00000000 mem_rd=00000000
COMMIT t=4325000 wb_pc=0000045c wb_we=1 wb_rd=x2 wb_val=0000245c IF_pc=0000046c IF_inst=00000013 ID_pc=00000468 ID_inst=00000013 EX_pc=00000464 EX_alu=00000022 mem_we=0 mem_addr=00001f3c mem_wd=00000000 mem_rd=bccc2333
COMMIT t=4335000 wb_pc=00000460 wb_we=1 wb_rd=x2 wb_val=00001f3c IF_pc=00000470 IF_inst=00110123 ID_pc=0000046c ID_inst=00000013 EX_pc=00000468 EX_alu=00000000 mem_we=0 mem_addr=00000022 mem_wd=003c0033 mem_rd=00000f17
COMMIT t=4345000 wb_pc=00000464 wb_we=1 wb_rd=x1 wb_val=00000022 IF_pc=00000474 IF_inst=00210703 ID_pc=00000470 ID_inst=00110123 EX_pc=0000046c EX_alu=00000000 mem_we=0 mem_addr=00000000 mem_wd=00000000 mem_rd=0540006f
COMMIT t=4355000 wb_pc=00000468 wb_we=1 wb_rd=x0 wb_val=00000000 IF_pc=00000474 IF_inst=00210703 ID_pc=00000470 ID_inst=00110123 EX_pc=00000470 EX_alu=00001f3e mem_we=0 mem_addr=00000000 mem_wd=00000000 mem_rd=0540006f
COMMIT t=4365000 wb_pc=0000046c wb_we=1 wb_rd=x0 wb_val=00000000 IF_pc=00000478 IF_inst=02200393 ID_pc=00000474 ID_inst=00210703 EX_pc=00000470 EX_alu=00001f3e mem_we=0 mem_addr=00001f3e mem_wd=0022006f mem_rd=bccc2333
MEM_WRITE t=4375000 pc=00000470 addr=00001f3e wd=bc222333 ctrl=1
COMMIT t=4385000 wb_pc=00000470 wb_we=0 wb_rd=x2 wb_val=00001f3e IF_pc=00000480 IF_inst=00120213 ID_pc=0000047c ID_inst=0c771463 EX_pc=00000478 EX_alu=00000022 mem_we=0 mem_addr=00001f3e mem_wd=ff3cffcc mem_rd=bc222333
COMMIT t=4395000 wb_pc=00000474 wb_we=1 wb_rd=x14 wb_val=00000022 IF_pc=00000484 IF_inst=00200293 ID_pc=00000480 ID_inst=00120213 EX_pc=0000047c EX_alu=00000544 mem_we=0 mem_addr=00000022 mem_wd=003c0022 mem_rd=00000f17
COMMIT t=4405000 wb_pc=00000478 wb_we=1 wb_rd=x7 wb_val=00000022 IF_pc=00000488 IF_inst=fc521ae3 ID_pc=00000484 ID_inst=00200293 EX_pc=00000480 EX_alu=00000001 mem_we=0 mem_addr=00000544 mem_wd=00000022 mem_rd=0ff0000f
COMMIT t=4415000 wb_pc=0000047c wb_we=0 wb_rd=x8 wb_val=00000544 IF_pc=0000048c IF_inst=01500193 ID_pc=00000488 ID_inst=fc521ae3 EX_pc=00000484 EX_alu=00000002 mem_we=0 mem_addr=00000001 mem_wd=0000220f mem_rd=0540006f
COMMIT t=4425000 wb_pc=00000480 wb_we=1 wb_rd=x4 wb_val=00000001 IF_pc=00000490 IF_inst=00000213 ID_pc=0000048c ID_inst=01500193 EX_pc=00000488 EX_alu=0000045c mem_we=0 mem_addr=00000002 mem_wd=003c0000 mem_rd=0540006f
COMMIT t=4435000 wb_pc=00000484 wb_we=1 wb_rd=x5 wb_val=00000002 IF_pc=00000000 IF_inst=00000013 ID_pc=00000000 ID_inst=00000013 EX_pc=00000000 EX_alu=00000000 mem_we=0 mem_addr=0000045c mem_wd=00000002 mem_rd=00002117
COMMIT t=4445000 wb_pc=00000488 wb_we=0 wb_rd=x21 wb_val=0000045c IF_pc=0000045c IF_inst=00002117 ID_pc=00000000 ID_inst=00000013 EX_pc=00000000 EX_alu=00000000 mem_we=0 mem_addr=00000000 mem_wd=00000000 mem_rd=0540006f
COMMIT t=4475000 wb_pc=00000000 wb_we=1 wb_rd=x0 wb_val=00000000 IF_pc=00000468 IF_inst=00000013 ID_pc=00000464 ID_inst=02200093 EX_pc=00000460 EX_alu=00001f3c mem_we=0 mem_addr=0000245c mem_wd=00000000 mem_rd=00000000
COMMIT t=4485000 wb_pc=0000045c wb_we=1 wb_rd=x2 wb_val=0000245c IF_pc=0000046c IF_inst=00000013 ID_pc=00000468 ID_inst=00000013 EX_pc=00000464 EX_alu=00000022 mem_we=0 mem_addr=00001f3c mem_wd=00000000 mem_rd=bc222333
COMMIT t=4495000 wb_pc=00000460 wb_we=1 wb_rd=x2 wb_val=00001f3c IF_pc=00000470 IF_inst=00110123 ID_pc=0000046c ID_inst=00000013 EX_pc=00000468 EX_alu=00000000 mem_we=0 mem_addr=00000022 mem_wd=003c0033 mem_rd=00000f17
COMMIT t=4505000 wb_pc=00000464 wb_we=1 wb_rd=x1 wb_val=00000022 IF_pc=00000474 IF_inst=00210703 ID_pc=00000470 ID_inst=00110123 EX_pc=0000046c EX_alu=00000000 mem_we=0 mem_addr=00000000 mem_wd=00000000 mem_rd=0540006f
COMMIT t=4515000 wb_pc=00000468 wb_we=1 wb_rd=x0 wb_val=00000000 IF_pc=00000474 IF_inst=00210703 ID_pc=00000470 ID_inst=00110123 EX_pc=00000470 EX_alu=00001f3e mem_we=0 mem_addr=00000000 mem_wd=00000000 mem_rd=0540006f
COMMIT t=4525000 wb_pc=0000046c wb_we=1 wb_rd=x0 wb_val=00000000 IF_pc=00000478 IF_inst=02200393 ID_pc=00000474 ID_inst=00210703 EX_pc=00000470 EX_alu=00001f3e mem_we=0 mem_addr=00001f3e mem_wd=0022006f mem_rd=bc222333
MEM_WRITE t=4535000 pc=00000470 addr=00001f3e wd=bc222333 ctrl=1
COMMIT t=4545000 wb_pc=00000470 wb_we=0 wb_rd=x2 wb_val=00001f3e IF_pc=00000480 IF_inst=00120213 ID_pc=0000047c ID_inst=0c771463 EX_pc=00000478 EX_alu=00000022 mem_we=0 mem_addr=00001f3e mem_wd=003c0022 mem_rd=bc222333
COMMIT t=4555000 wb_pc=00000474 wb_we=1 wb_rd=x14 wb_val=00000022 IF_pc=00000484 IF_inst=00200293 ID_pc=00000480 ID_inst=00120213 EX_pc=0000047c EX_alu=00000544 mem_we=0 mem_addr=00000022 mem_wd=003c0022 mem_rd=00000f17
COMMIT t=4565000 wb_pc=00000478 wb_we=1 wb_rd=x7 wb_val=00000022 IF_pc=00000488 IF_inst=fc521ae3 ID_pc=00000484 ID_inst=00200293 EX_pc=00000480 EX_alu=00000002 mem_we=0 mem_addr=00000544 mem_wd=00000022 mem_rd=0ff0000f
COMMIT t=4575000 wb_pc=0000047c wb_we=0 wb_rd=x8 wb_val=00000544 IF_pc=0000048c IF_inst=01500193 ID_pc=00000488 ID_inst=fc521ae3 EX_pc=00000484 EX_alu=00000002 mem_we=0 mem_addr=00000002 mem_wd=0022000f mem_rd=0540006f
COMMIT t=4585000 wb_pc=00000480 wb_we=1 wb_rd=x4 wb_val=00000002 IF_pc=00000490 IF_inst=00000213 ID_pc=0000048c ID_inst=01500193 EX_pc=00000488 EX_alu=0000045c mem_we=0 mem_addr=00000002 mem_wd=003c0040 mem_rd=0540006f
COMMIT t=4595000 wb_pc=00000484 wb_we=1 wb_rd=x5 wb_val=00000002 IF_pc=00000494 IF_inst=00002117 ID_pc=00000490 ID_inst=00000213 EX_pc=0000048c EX_alu=00000015 mem_we=0 mem_addr=0000045c mem_wd=00000002 mem_rd=00002117
COMMIT t=4605000 wb_pc=00000488 wb_we=0 wb_rd=x21 wb_val=0000045c IF_pc=00000498 IF_inst=aa810113 ID_pc=00000494 ID_inst=00002117 EX_pc=00000490 EX_alu=00000000 mem_we=0 mem_addr=00000015 mem_wd=00000017 mem_rd=03ff0663
COMMIT t=4615000 wb_pc=0000048c wb_we=1 wb_rd=x3 wb_val=00000015 IF_pc=0000049c IF_inst=00000013 ID_pc=00000498 ID_inst=aa810113 EX_pc=00000494 EX_alu=00002494 mem_we=0 mem_addr=00000000 mem_wd=00000000 mem_rd=0540006f
COMMIT t=4625000 wb_pc=00000490 wb_we=1 wb_rd=x4 wb_val=00000000 IF_pc=000004a0 IF_inst=01200093 ID_pc=0000049c ID_inst=00000013 EX_pc=00000498 EX_alu=00001f3c mem_we=0 mem_addr=00002494 mem_wd=00000000 mem_rd=00000000
COMMIT t=4635000 wb_pc=00000494 wb_we=1 wb_rd=x2 wb_val=00002494 IF_pc=000004a4 IF_inst=001101a3 ID_pc=000004a0 ID_inst=01200093 EX_pc=0000049c EX_alu=00000000 mem_we=0 mem_addr=00001f3c mem_wd=00000000 mem_rd=bc222333
COMMIT t=4645000 wb_pc=00000498 wb_we=1 wb_rd=x2 wb_val=00001f3c IF_pc=000004a8 IF_inst=00310703 ID_pc=000004a4 ID_inst=001101a3 EX_pc=000004a0 EX_alu=00000012 mem_we=0 mem_addr=00000000 mem_wd=00000000 mem_rd=0540006f
COMMIT t=4655000 wb_pc=0000049c wb_we=1 wb_rd=x0 wb_val=00000000 IF_pc=000004a8 IF_inst=00310703 ID_pc=000004a4 ID_inst=001101a3 EX_pc=000004a4 EX_alu=00001f3f mem_we=0 mem_addr=00000012 mem_wd=0000006f mem_rd=00900f93
COMMIT t=4665000 wb_pc=000004a0 wb_we=1 wb_rd=x1 wb_val=00000012 IF_pc=000004ac IF_inst=01200393 ID_pc=000004a8 ID_inst=00310703 EX_pc=000004a4 EX_alu=00001f3f mem_we=0 mem_addr=00001f3f mem_wd=22ffff90 mem_rd=bc222333
MEM_WRITE t=4675000 pc=000004a4 addr=00001f3f wd=12222333 ctrl=1
COMMIT t=4685000 wb_pc=000004a4 wb_we=0 wb_rd=x3 wb_val=00001f3f IF_pc=000004b4 IF_inst=00120213 ID_pc=000004b0 ID_inst=08771a63 EX_pc=000004ac EX_alu=00000012 mem_we=0 mem_addr=00001f3f mem_wd=15ffffbc mem_rd=12222333
COMMIT t=4695000 wb_pc=000004a8 wb_we=1 wb_rd=x14 wb_val=00000012 IF_pc=000004b8 IF_inst=00200293 ID_pc=000004b4 ID_inst=00120213 EX_pc=000004b0 EX_alu=00000544 mem_we=0 mem_addr=00000012 mem_wd=00000012 mem_rd=00900f93
COMMIT t=4705000 wb_pc=000004ac wb_we=1 wb_rd=x7 wb_val=00000012 IF_pc=000004bc IF_inst=fc521ce3 ID_pc=000004b8 ID_inst=00200293 EX_pc=000004b4 EX_alu=00000001 mem_we=0 mem_addr=00000544 mem_wd=ffff0012 mem_rd=0ff0000f
COMMIT t=4715000 wb_pc=000004b0 wb_we=0 wb_rd=x20 wb_val=00000544 IF_pc=000004c0 IF_inst=01600193 ID_pc=000004bc ID_inst=fc521ce3 EX_pc=000004b8 EX_alu=00000002 mem_we=0 mem_addr=00000001 mem_wd=0000120f mem_rd=0540006f
COMMIT t=4725000 wb_pc=000004b4 wb_we=1 wb_rd=x4 wb_val=00000001 IF_pc=000004c4 IF_inst=00000213 ID_pc=000004c0 ID_inst=01600193 EX_pc=000004bc EX_alu=00000494 mem_we=0 mem_addr=00000002 mem_wd=003c0000 mem_rd=0540006f
COMMIT t=4735000 wb_pc=000004b8 wb_we=1 wb_rd=x5 wb_val=00000002 IF_pc=00000000 IF_inst=00000013 ID_pc=00000000 ID_inst=00000013 EX_pc=00000000 EX_alu=00000000 mem_we=0 mem_addr=00000494 mem_wd=00000002 mem_rd=00002117
COMMIT t=4745000 wb_pc=000004bc wb_we=0 wb_rd=x25 wb_val=00000494 IF_pc=00000494 IF_inst=00002117 ID_pc=00000000 ID_inst=00000013 EX_pc=00000000 EX_alu=00000000 mem_we=0 mem_addr=00000000 mem_wd=00000000 mem_rd=0540006f
COMMIT t=4775000 wb_pc=00000000 wb_we=1 wb_rd=x0 wb_val=00000000 IF_pc=000004a0 IF_inst=01200093 ID_pc=0000049c ID_inst=00000013 EX_pc=00000498 EX_alu=00001f3c mem_we=0 mem_addr=00002494 mem_wd=00000000 mem_rd=00000000
COMMIT t=4785000 wb_pc=00000494 wb_we=1 wb_rd=x2 wb_val=00002494 IF_pc=000004a4 IF_inst=001101a3 ID_pc=000004a0 ID_inst=01200093 EX_pc=0000049c EX_alu=00000000 mem_we=0 mem_addr=00001f3c mem_wd=00000000 mem_rd=12222333
COMMIT t=4795000 wb_pc=00000498 wb_we=1 wb_rd=x2 wb_val=00001f3c IF_pc=000004a8 IF_inst=00310703 ID_pc=000004a4 ID_inst=001101a3 EX_pc=000004a0 EX_alu=00000012 mem_we=0 mem_addr=00000000 mem_wd=00000000 mem_rd=0540006f
COMMIT t=4805000 wb_pc=0000049c wb_we=1 wb_rd=x0 wb_val=00000000 IF_pc=000004a8 IF_inst=00310703 ID_pc=000004a4 ID_inst=001101a3 EX_pc=000004a4 EX_alu=00001f3f mem_we=0 mem_addr=00000012 mem_wd=0000006f mem_rd=00900f93
COMMIT t=4815000 wb_pc=000004a0 wb_we=1 wb_rd=x1 wb_val=00000012 IF_pc=000004ac IF_inst=01200393 ID_pc=000004a8 ID_inst=00310703 EX_pc=000004a4 EX_alu=00001f3f mem_we=0 mem_addr=00001f3f mem_wd=12ffff90 mem_rd=12222333
MEM_WRITE t=4825000 pc=000004a4 addr=00001f3f wd=12222333 ctrl=1
COMMIT t=4835000 wb_pc=000004a4 wb_we=0 wb_rd=x3 wb_val=00001f3f IF_pc=000004b4 IF_inst=00120213 ID_pc=000004b0 ID_inst=08771a63 EX_pc=000004ac EX_alu=00000012 mem_we=0 mem_addr=00001f3f mem_wd=15000012 mem_rd=12222333
COMMIT t=4845000 wb_pc=000004a8 wb_we=1 wb_rd=x14 wb_val=00000012 IF_pc=000004b8 IF_inst=00200293 ID_pc=000004b4 ID_inst=00120213 EX_pc=000004b0 EX_alu=00000544 mem_we=0 mem_addr=00000012 mem_wd=00000012 mem_rd=00900f93
COMMIT t=4855000 wb_pc=000004ac wb_we=1 wb_rd=x7 wb_val=00000012 IF_pc=000004bc IF_inst=fc521ce3 ID_pc=000004b8 ID_inst=00200293 EX_pc=000004b4 EX_alu=00000002 mem_we=0 mem_addr=00000544 mem_wd=ffff0012 mem_rd=0ff0000f
COMMIT t=4865000 wb_pc=000004b0 wb_we=0 wb_rd=x20 wb_val=00000544 IF_pc=000004c0 IF_inst=01600193 ID_pc=000004bc ID_inst=fc521ce3 EX_pc=000004b8 EX_alu=00000002 mem_we=0 mem_addr=00000002 mem_wd=0012000f mem_rd=0540006f
COMMIT t=4875000 wb_pc=000004b4 wb_we=1 wb_rd=x4 wb_val=00000002 IF_pc=000004c4 IF_inst=00000213 ID_pc=000004c0 ID_inst=01600193 EX_pc=000004bc EX_alu=00000494 mem_we=0 mem_addr=00000002 mem_wd=003c0040 mem_rd=0540006f
COMMIT t=4885000 wb_pc=000004b8 wb_we=1 wb_rd=x5 wb_val=00000002 IF_pc=000004c8 IF_inst=00002117 ID_pc=000004c4 ID_inst=00000213 EX_pc=000004c0 EX_alu=00000016 mem_we=0 mem_addr=00000494 mem_wd=00000002 mem_rd=00002117
COMMIT t=4895000 wb_pc=000004bc wb_we=0 wb_rd=x25 wb_val=00000494 IF_pc=000004cc IF_inst=a7410113 ID_pc=000004c8 ID_inst=00002117 EX_pc=000004c4 EX_alu=00000000 mem_we=0 mem_addr=00000016 mem_wd=00002117 mem_rd=03ff0663
COMMIT t=4905000 wb_pc=000004c0 wb_we=1 wb_rd=x3 wb_val=00000016 IF_pc=000004d0 IF_inst=00000013 ID_pc=000004cc ID_inst=a7410113 EX_pc=000004c8 EX_alu=000024c8 mem_we=0 mem_addr=00000000 mem_wd=ffffff00 mem_rd=0540006f
COMMIT t=4915000 wb_pc=000004c4 wb_we=1 wb_rd=x4 wb_val=00000000 IF_pc=000004d4 IF_inst=01100093 ID_pc=000004d0 ID_inst=00000013 EX_pc=000004cc EX_alu=00001f3c mem_we=0 mem_addr=000024c8 mem_wd=00000000 mem_rd=00000000
COMMIT t=4925000 wb_pc=000004c8 wb_we=1 wb_rd=x2 wb_val=000024c8 IF_pc=000004d8 IF_inst=00000013 ID_pc=000004d4 ID_inst=01100093 EX_pc=000004d0 EX_alu=00000000 mem_we=0 mem_addr=00001f3c mem_wd=00000000 mem_rd=12222333
COMMIT t=4935000 wb_pc=000004cc wb_we=1 wb_rd=x2 wb_val=00001f3c IF_pc=000004dc IF_inst=00110223 ID_pc=000004d8 ID_inst=00000013 EX_pc=000004d4 EX_alu=00000011 mem_we=0 mem_addr=00000000 mem_wd=00000000 mem_rd=0540006f
COMMIT t=4945000 wb_pc=000004d0 wb_we=1 wb_rd=x0 wb_val=00000000 IF_pc=000004e0 IF_inst=00410703 ID_pc=000004dc ID_inst=00110223 EX_pc=000004d8 EX_alu=00000000 mem_we=0 mem_addr=00000011 mem_wd=0000006f mem_rd=00900f93
COMMIT t=4955000 wb_pc=000004d4 wb_we=1 wb_rd=x1 wb_val=00000011 IF_pc=000004e0 IF_inst=00410703 ID_pc=000004dc ID_inst=00110223 EX_pc=000004dc EX_alu=00001f40 mem_we=0 mem_addr=00000000 mem_wd=00000000 mem_rd=0540006f
COMMIT t=4965000 wb_pc=000004d8 wb_we=1 wb_rd=x0 wb_val=00000000 IF_pc=000004e4 IF_inst=01100393 ID_pc=000004e0 ID_inst=00410703 EX_pc=000004dc EX_alu=00001f40 mem_we=0 mem_addr=00001f40 mem_wd=00000012 mem_rd=0aa0abbb
MEM_WRITE t=4975000 pc=000004dc addr=00001f40 wd=0aa0ab11 ctrl=1
COMMIT t=4985000 wb_pc=000004dc wb_we=0 wb_rd=x4 wb_val=00001f40 IF_pc=000004ec IF_inst=00120213 ID_pc=000004e8 ID_inst=04771e63 EX_pc=000004e4 EX_alu=00000011 mem_we=0 mem_addr=00001f40 mem_wd=ffffff00 mem_rd=0aa0ab11
COMMIT t=4995000 wb_pc=000004e0 wb_we=1 wb_rd=x14 wb_val=00000011 IF_pc=000004f0 IF_inst=00200293 ID_pc=000004ec ID_inst=00120213 EX_pc=000004e8 EX_alu=00000544 mem_we=0 mem_addr=00000011 mem_wd=00000011 mem_rd=00900f93
COMMIT t=5005000 wb_pc=000004e4 wb_we=1 wb_rd=x7 wb_val=00000011 IF_pc=000004f4 IF_inst=fc521ae3 ID_pc=000004f0 ID_inst=00200293 EX_pc=000004ec EX_alu=00000001 mem_we=0 mem_addr=00000544 mem_wd=00000011 mem_rd=0ff0000f
COMMIT t=5015000 wb_pc=000004e8 wb_we=0 wb_rd=x28 wb_val=00000544 IF_pc=000004f8 IF_inst=01700193 ID_pc=000004f4 ID_inst=fc521ae3 EX_pc=000004f0 EX_alu=00000002 mem_we=0 mem_addr=00000001 mem_wd=0000110f mem_rd=0540006f
COMMIT t=5025000 wb_pc=000004ec wb_we=1 wb_rd=x4 wb_val=00000001 IF_pc=000004fc IF_inst=00000213 ID_pc=000004f8 ID_inst=01700193 EX_pc=000004f4 EX_alu=000004c8 mem_we=0 mem_addr=00000002 mem_wd=003c0000 mem_rd=0540006f
COMMIT t=5035000 wb_pc=000004f0 wb_we=1 wb_rd=x5 wb_val=00000002 IF_pc=00000000 IF_inst=00000013 ID_pc=00000000 ID_inst=00000013 EX_pc=00000000 EX_alu=00000000 mem_we=0 mem_addr=000004c8 mem_wd=00000002 mem_rd=00002117
COMMIT t=5045000 wb_pc=000004f4 wb_we=0 wb_rd=x21 wb_val=000004c8 IF_pc=000004c8 IF_inst=00002117 ID_pc=00000000 ID_inst=00000013 EX_pc=00000000 EX_alu=00000000 mem_we=0 mem_addr=00000000 mem_wd=00000000 mem_rd=0540006f
COMMIT t=5075000 wb_pc=00000000 wb_we=1 wb_rd=x0 wb_val=00000000 IF_pc=000004d4 IF_inst=01100093 ID_pc=000004d0 ID_inst=00000013 EX_pc=000004cc EX_alu=00001f3c mem_we=0 mem_addr=000024c8 mem_wd=00000000 mem_rd=00000000
COMMIT t=5085000 wb_pc=000004c8 wb_we=1 wb_rd=x2 wb_val=000024c8 IF_pc=000004d8 IF_inst=00000013 ID_pc=000004d4 ID_inst=01100093 EX_pc=000004d0 EX_alu=00000000 mem_we=0 mem_addr=00001f3c mem_wd=00000000 mem_rd=12222333
COMMIT t=5095000 wb_pc=000004cc wb_we=1 wb_rd=x2 wb_val=00001f3c IF_pc=000004dc IF_inst=00110223 ID_pc=000004d8 ID_inst=00000013 EX_pc=000004d4 EX_alu=00000011 mem_we=0 mem_addr=00000000 mem_wd=00000000 mem_rd=0540006f
COMMIT t=5105000 wb_pc=000004d0 wb_we=1 wb_rd=x0 wb_val=00000000 IF_pc=000004e0 IF_inst=00410703 ID_pc=000004dc ID_inst=00110223 EX_pc=000004d8 EX_alu=00000000 mem_we=0 mem_addr=00000011 mem_wd=0000006f mem_rd=00900f93
COMMIT t=5115000 wb_pc=000004d4 wb_we=1 wb_rd=x1 wb_val=00000011 IF_pc=000004e0 IF_inst=00410703 ID_pc=000004dc ID_inst=00110223 EX_pc=000004dc EX_alu=00001f40 mem_we=0 mem_addr=00000000 mem_wd=00000000 mem_rd=0540006f
COMMIT t=5125000 wb_pc=000004d8 wb_we=1 wb_rd=x0 wb_val=00000000 IF_pc=000004e4 IF_inst=01100393 ID_pc=000004e0 ID_inst=00410703 EX_pc=000004dc EX_alu=00001f40 mem_we=0 mem_addr=00001f40 mem_wd=00000011 mem_rd=0aa0ab11
MEM_WRITE t=5135000 pc=000004dc addr=00001f40 wd=0aa0ab11 ctrl=1
COMMIT t=5145000 wb_pc=000004dc wb_we=0 wb_rd=x4 wb_val=00001f40 IF_pc=000004ec IF_inst=00120213 ID_pc=000004e8 ID_inst=04771e63 EX_pc=000004e4 EX_alu=00000011 mem_we=0 mem_addr=00001f40 mem_wd=00000001 mem_rd=0aa0ab11
COMMIT t=5155000 wb_pc=000004e0 wb_we=1 wb_rd=x14 wb_val=00000011 IF_pc=000004f0 IF_inst=00200293 ID_pc=000004ec ID_inst=00120213 EX_pc=000004e8 EX_alu=00000544 mem_we=0 mem_addr=00000011 mem_wd=00000011 mem_rd=00900f93
COMMIT t=5165000 wb_pc=000004e4 wb_we=1 wb_rd=x7 wb_val=00000011 IF_pc=000004f4 IF_inst=fc521ae3 ID_pc=000004f0 ID_inst=00200293 EX_pc=000004ec EX_alu=00000002 mem_we=0 mem_addr=00000544 mem_wd=00000011 mem_rd=0ff0000f
COMMIT t=5175000 wb_pc=000004e8 wb_we=0 wb_rd=x28 wb_val=00000544 IF_pc=000004f8 IF_inst=01700193 ID_pc=000004f4 ID_inst=fc521ae3 EX_pc=000004f0 EX_alu=00000002 mem_we=0 mem_addr=00000002 mem_wd=0011000f mem_rd=0540006f
COMMIT t=5185000 wb_pc=000004ec wb_we=1 wb_rd=x4 wb_val=00000002 IF_pc=000004fc IF_inst=00000213 ID_pc=000004f8 ID_inst=01700193 EX_pc=000004f4 EX_alu=000004c8 mem_we=0 mem_addr=00000002 mem_wd=003c0040 mem_rd=0540006f
COMMIT t=5195000 wb_pc=000004f0 wb_we=1 wb_rd=x5 wb_val=00000002 IF_pc=00000500 IF_inst=00002117 ID_pc=000004fc ID_inst=00000213 EX_pc=000004f8 EX_alu=00000017 mem_we=0 mem_addr=000004c8 mem_wd=00000002 mem_rd=00002117
COMMIT t=5205000 wb_pc=000004f4 wb_we=0 wb_rd=x21 wb_val=000004c8 IF_pc=00000504 IF_inst=a3c10113 ID_pc=00000500 ID_inst=00002117 EX_pc=000004fc EX_alu=00000000 mem_we=0 mem_addr=00000017 mem_wd=00002117 mem_rd=03ff0663
COMMIT t=5215000 wb_pc=000004f8 wb_we=1 wb_rd=x3 wb_val=00000017 IF_pc=00000508 IF_inst=00000013 ID_pc=00000504 ID_inst=a3c10113 EX_pc=00000500 EX_alu=00002500 mem_we=0 mem_addr=00000000 mem_wd=00000000 mem_rd=0540006f
COMMIT t=5225000 wb_pc=000004fc wb_we=1 wb_rd=x4 wb_val=00000000 IF_pc=0000050c IF_inst=00000013 ID_pc=00000508 ID_inst=00000013 EX_pc=00000504 EX_alu=00001f3c mem_we=0 mem_addr=00002500 mem_wd=00000000 mem_rd=00000000
COMMIT t=5235000 wb_pc=00000500 wb_we=1 wb_rd=x2 wb_val=00002500 IF_pc=00000510 IF_inst=00100093 ID_pc=0000050c ID_inst=00000013 EX_pc=00000508 EX_alu=00000000 mem_we=0 mem_addr=00001f3c mem_wd=00000000 mem_rd=12222333
COMMIT t=5245000 wb_pc=00000504 wb_we=1 wb_rd=x2 wb_val=00001f3c IF_pc=00000514 IF_inst=001102a3 ID_pc=00000510 ID_inst=00100093 EX_pc=0000050c EX_alu=00000000 mem_we=0 mem_addr=00000000 mem_wd=00000000 mem_rd=0540006f
COMMIT t=5255000 wb_pc=00000508 wb_we=1 wb_rd=x0 wb_val=00000000 IF_pc=00000518 IF_inst=00510703 ID_pc=00000514 ID_inst=001102a3 EX_pc=00000510 EX_alu=00000001 mem_we=0 mem_addr=00000000 mem_wd=00000000 mem_rd=0540006f
COMMIT t=5265000 wb_pc=0000050c wb_we=1 wb_rd=x0 wb_val=00000000 IF_pc=00000518 IF_inst=00510703 ID_pc=00000514 ID_inst=001102a3 EX_pc=00000514 EX_alu=00001f41 mem_we=0 mem_addr=00000001 mem_wd=0000116f mem_rd=0540006f
COMMIT t=5275000 wb_pc=00000510 wb_we=1 wb_rd=x1 wb_val=00000001 IF_pc=0000051c IF_inst=00100393 ID_pc=00000518 ID_inst=00510703 EX_pc=00000514 EX_alu=00001f41 mem_we=0 mem_addr=00001f41 mem_wd=00001100 mem_rd=0aa0ab11
MEM_WRITE t=5285000 pc=00000514 addr=00001f41 wd=0aa00111 ctrl=1
COMMIT t=5295000 wb_pc=00000514 wb_we=0 wb_rd=x5 wb_val=00001f41 IF_pc=00000524 IF_inst=00120213 ID_pc=00000520 ID_inst=02771263 EX_pc=0000051c EX_alu=00000001 mem_we=0 mem_addr=00001f41 mem_wd=ffff02ab mem_rd=0aa00111
COMMIT t=5305000 wb_pc=00000518 wb_we=1 wb_rd=x14 wb_val=00000001 IF_pc=00000528 IF_inst=00200293 ID_pc=00000524 ID_inst=00120213 EX_pc=00000520 EX_alu=00000544 mem_we=0 mem_addr=00000001 mem_wd=00000101 mem_rd=0540006f
COMMIT t=5315000 wb_pc=0000051c wb_we=1 wb_rd=x7 wb_val=00000001 IF_pc=0000052c IF_inst=fc521ae3 ID_pc=00000528 ID_inst=00200293 EX_pc=00000524 EX_alu=00000001 mem_we=0 mem_addr=00000544 mem_wd=00000001 mem_rd=0ff0000f
COMMIT t=5325000 wb_pc=00000520 wb_we=0 wb_rd=x4 wb_val=00000544 IF_pc=00000530 IF_inst=0ef00513 ID_pc=0000052c ID_inst=fc521ae3 EX_pc=00000528 EX_alu=00000002 mem_we=0 mem_addr=00000001 mem_wd=0000010f mem_rd=0540006f
COMMIT t=5335000 wb_pc=00000524 wb_we=1 wb_rd=x4 wb_val=00000001 IF_pc=00000534 IF_inst=00002597 ID_pc=00000530 ID_inst=0ef00513 EX_pc=0000052c EX_alu=00000500 mem_we=0 mem_addr=00000002 mem_wd=003c0000 mem_rd=0540006f
COMMIT t=5345000 wb_pc=00000528 wb_we=1 wb_rd=x5 wb_val=00000002 IF_pc=00000000 IF_inst=00000013 ID_pc=00000000 ID_inst=00000013 EX_pc=00000000 EX_alu=00000000 mem_we=0 mem_addr=00000500 mem_wd=00000002 mem_rd=00002117
COMMIT t=5355000 wb_pc=0000052c wb_we=0 wb_rd=x21 wb_val=00000500 IF_pc=00000500 IF_inst=00002117 ID_pc=00000000 ID_inst=00000013 EX_pc=00000000 EX_alu=00000000 mem_we=0 mem_addr=00000000 mem_wd=00000000 mem_rd=0540006f
COMMIT t=5385000 wb_pc=00000000 wb_we=1 wb_rd=x0 wb_val=00000000 IF_pc=0000050c IF_inst=00000013 ID_pc=00000508 ID_inst=00000013 EX_pc=00000504 EX_alu=00001f3c mem_we=0 mem_addr=00002500 mem_wd=00000000 mem_rd=00000000
COMMIT t=5395000 wb_pc=00000500 wb_we=1 wb_rd=x2 wb_val=00002500 IF_pc=00000510 IF_inst=00100093 ID_pc=0000050c ID_inst=00000013 EX_pc=00000508 EX_alu=00000000 mem_we=0 mem_addr=00001f3c mem_wd=00000000 mem_rd=12222333
COMMIT t=5405000 wb_pc=00000504 wb_we=1 wb_rd=x2 wb_val=00001f3c IF_pc=00000514 IF_inst=001102a3 ID_pc=00000510 ID_inst=00100093 EX_pc=0000050c EX_alu=00000000 mem_we=0 mem_addr=00000000 mem_wd=00000000 mem_rd=0540006f
COMMIT t=5415000 wb_pc=00000508 wb_we=1 wb_rd=x0 wb_val=00000000 IF_pc=00000518 IF_inst=00510703 ID_pc=00000514 ID_inst=001102a3 EX_pc=00000510 EX_alu=00000001 mem_we=0 mem_addr=00000000 mem_wd=00000000 mem_rd=0540006f
COMMIT t=5425000 wb_pc=0000050c wb_we=1 wb_rd=x0 wb_val=00000000 IF_pc=00000518 IF_inst=00510703 ID_pc=00000514 ID_inst=001102a3 EX_pc=00000514 EX_alu=00001f41 mem_we=0 mem_addr=00000001 mem_wd=0000016f mem_rd=0540006f
COMMIT t=5435000 wb_pc=00000510 wb_we=1 wb_rd=x1 wb_val=00000001 IF_pc=0000051c IF_inst=00100393 ID_pc=00000518 ID_inst=00510703 EX_pc=00000514 EX_alu=00001f41 mem_we=0 mem_addr=00001f41 mem_wd=00000100 mem_rd=0aa00111
MEM_WRITE t=5445000 pc=00000514 addr=00001f41 wd=0aa00111 ctrl=1
COMMIT t=5455000 wb_pc=00000514 wb_we=0 wb_rd=x5 wb_val=00001f41 IF_pc=00000524 IF_inst=00120213 ID_pc=00000520 ID_inst=02771263 EX_pc=0000051c EX_alu=00000001 mem_we=0 mem_addr=00001f41 mem_wd=00000201 mem_rd=0aa00111
COMMIT t=5465000 wb_pc=00000518 wb_we=1 wb_rd=x14 wb_val=00000001 IF_pc=00000528 IF_inst=00200293 ID_pc=00000524 ID_inst=00120213 EX_pc=00000520 EX_alu=00000544 mem_we=0 mem_addr=00000001 mem_wd=00000101 mem_rd=0540006f
COMMIT t=5475000 wb_pc=0000051c wb_we=1 wb_rd=x7 wb_val=00000001 IF_pc=0000052c IF_inst=fc521ae3 ID_pc=00000528 ID_inst=00200293 EX_pc=00000524 EX_alu=00000002 mem_we=0 mem_addr=00000544 mem_wd=00000001 mem_rd=0ff0000f
COMMIT t=5485000 wb_pc=00000520 wb_we=0 wb_rd=x4 wb_val=00000544 IF_pc=00000530 IF_inst=0ef00513 ID_pc=0000052c ID_inst=fc521ae3 EX_pc=00000528 EX_alu=00000002 mem_we=0 mem_addr=00000002 mem_wd=0001000f mem_rd=0540006f
COMMIT t=5495000 wb_pc=00000524 wb_we=1 wb_rd=x4 wb_val=00000002 IF_pc=00000534 IF_inst=00002597 ID_pc=00000530 ID_inst=0ef00513 EX_pc=0000052c EX_alu=00000500 mem_we=0 mem_addr=00000002 mem_wd=003c0040 mem_rd=0540006f
COMMIT t=5505000 wb_pc=00000528 wb_we=1 wb_rd=x5 wb_val=00000002 IF_pc=00000538 IF_inst=a0858593 ID_pc=00000534 ID_inst=00002597 EX_pc=00000530 EX_alu=000000ef mem_we=0 mem_addr=00000500 mem_wd=00000002 mem_rd=00002117
COMMIT t=5515000 wb_pc=0000052c wb_we=0 wb_rd=x21 wb_val=00000500 IF_pc=0000053c IF_inst=00a581a3 ID_pc=00000538 ID_inst=a0858593 EX_pc=00000534 EX_alu=00002534 mem_we=0 mem_addr=000000ef mem_wd=4c002117 mem_rd=00010703
COMMIT t=5525000 wb_pc=00000530 wb_we=1 wb_rd=x10 wb_val=000000ef IF_pc=00000540 IF_inst=00301c63 ID_pc=0000053c ID_inst=00a581a3 EX_pc=00000538 EX_alu=00001f3c mem_we=0 mem_addr=00002534 mem_wd=00000000 mem_rd=00000000
COMMIT t=5535000 wb_pc=00000534 wb_we=1 wb_rd=x11 wb_val=00002534 IF_pc=00000540 IF_inst=00301c63 ID_pc=0000053c ID_inst=00a581a3 EX_pc=0000053c EX_alu=00001f3f mem_we=0 mem_addr=00001f3c mem_wd=00000000 mem_rd=12222333
COMMIT t=5545000 wb_pc=00000538 wb_we=1 wb_rd=x11 wb_val=00001f3c IF_pc=00000544 IF_inst=0ff0000f ID_pc=00000540 ID_inst=00301c63 EX_pc=0000053c EX_alu=00001f3f mem_we=0 mem_addr=00001f3f mem_wd=ef000033 mem_rd=12222333
MEM_WRITE t=5555000 pc=0000053c addr=00001f3f wd=ef222333 ctrl=1
COMMIT t=5565000 wb_pc=0000053c wb_we=0 wb_rd=x3 wb_val=00001f3f IF_pc=00000000 IF_inst=00000013 ID_pc=00000000 ID_inst=00000013 EX_pc=00000000 EX_alu=00000000 mem_we=0 mem_addr=00000558 mem_wd=00000017 mem_rd=0ff0000f
COMMIT t=5575000 wb_pc=00000540 wb_we=0 wb_rd=x24 wb_val=00000558 IF_pc=00000558 IF_inst=0ff0000f ID_pc=00000000 ID_inst=00000013 EX_pc=00000000 EX_alu=00000000 mem_we=0 mem_addr=00000000 mem_wd=00000000 mem_rd=0540006f
COMMIT t=5605000 wb_pc=00000000 wb_we=1 wb_rd=x0 wb_val=00000000 IF_pc=00000564 IF_inst=0062a023 ID_pc=00000560 ID_inst=00100313 EX_pc=0000055c EX_alu=80000000 mem_we=0 mem_addr=000000ff mem_wd=0000006f mem_rd=44771463
COMMIT t=5615000 wb_pc=00000558 wb_we=1 wb_rd=x0 wb_val=000000ff IF_pc=00000568 IF_inst=0000006f ID_pc=00000564 ID_inst=0062a023 EX_pc=00000560 EX_alu=00000001 mem_we=0 mem_addr=80000000 mem_wd=00000000 mem_rd=00000000
COMMIT t=5625000 wb_pc=0000055c wb_we=1 wb_rd=x5 wb_val=80000000 IF_pc=0000056c IF_inst=c0001073 ID_pc=00000568 ID_inst=0000006f EX_pc=00000564 EX_alu=80000000 mem_we=0 mem_addr=00000001 mem_wd=00000100 mem_rd=0540006f
COMMIT t=5635000 wb_pc=00000560 wb_we=1 wb_rd=x6 wb_val=00000001 IF_pc=00000570 IF_inst=00000000 ID_pc=0000056c ID_inst=c0001073 EX_pc=00000568 EX_alu=00000568 mem_we=1 mem_addr=80000000 mem_wd=00000001 mem_rd=00000000
MEM_WRITE t=5635000 pc=00000560 addr=80000000 wd=00000001 ctrl=1
RESULT PASS pc=00000560 time=5635000
