#! /c/Source/iverilog-install/bin/vvp
:ivl_version "12.0 (devel)" "(s20150603-1539-g2693dd32b)";
:ivl_delay_selection "TYPICAL";
:vpi_time_precision - 12;
:vpi_module "F:\iverilog\lib\ivl\system.vpi";
:vpi_module "F:\iverilog\lib\ivl\vhdl_sys.vpi";
:vpi_module "F:\iverilog\lib\ivl\vhdl_textio.vpi";
:vpi_module "F:\iverilog\lib\ivl\v2005_math.vpi";
:vpi_module "F:\iverilog\lib\ivl\va_math.vpi";
:vpi_module "F:\iverilog\lib\ivl\v2009.vpi";
S_000001a927911540 .scope package, "$unit" "$unit" 2 1;
 .timescale 0 0;
S_000001a927b00d60 .scope module, "tb_bram_batch" "tb_bram_batch" 3 19;
 .timescale -9 -12;
L_000001a927a897d0 .functor BUFZ 32, v000001a927b96ca0_0, C4<00000000000000000000000000000000>, C4<00000000000000000000000000000000>, C4<00000000000000000000000000000000>;
v000001a927b92420_0 .var "clk", 0 0;
v000001a927b92560 .array "dmem", 16383 0, 31 0;
v000001a927b958a0_0 .var "dmem_next", 31 0;
v000001a927b96ca0_0 .var "dmem_rd", 31 0;
v000001a927b95120_0 .var/i "i", 31 0;
v000001a927b96160_0 .var/i "log_file", 31 0;
v000001a927b95580_0 .net "mem_addr", 31 0, L_000001a927c05c50;  1 drivers
v000001a927b95300_0 .net "mem_ctrl", 0 0, L_000001a927bfeb30;  1 drivers
v000001a927b95940_0 .net "mem_rd", 31 0, L_000001a927a897d0;  1 drivers
v000001a927b96700_0 .net "mem_wd", 31 0, L_000001a927c05cc0;  1 drivers
v000001a927b96520_0 .net "mem_we", 3 0, L_000001a927c00a70;  1 drivers
v000001a927b95800_0 .var "rst_n", 0 0;
v000001a927b959e0_0 .net "wb_ena", 0 0, L_000001a927a89bc0;  1 drivers
v000001a927b960c0_0 .net "wb_have_inst", 0 0, L_000001a927b956c0;  1 drivers
v000001a927b94c20_0 .net "wb_pc", 31 0, L_000001a927b968e0;  1 drivers
v000001a927b96200_0 .net "wb_reg", 4 0, L_000001a927a8a090;  1 drivers
v000001a927b95440_0 .net "wb_value", 31 0, L_000001a927a89ca0;  1 drivers
S_000001a927b113c0 .scope module, "u_dut" "mini_rv" 3 43, 4 3 0, S_000001a927b00d60;
 .timescale -9 -12;
    .port_info 0 /OUTPUT 1 "wb_have_inst";
    .port_info 1 /OUTPUT 32 "wb_pc";
    .port_info 2 /OUTPUT 1 "wb_ena";
    .port_info 3 /OUTPUT 5 "wb_reg";
    .port_info 4 /OUTPUT 32 "wb_value";
    .port_info 5 /OUTPUT 32 "mem_addr";
    .port_info 6 /OUTPUT 1 "mem_ctrl";
    .port_info 7 /OUTPUT 32 "mem_wd";
    .port_info 8 /OUTPUT 4 "mem_we";
    .port_info 9 /INPUT 32 "mem_rd";
    .port_info 10 /INPUT 1 "clk";
    .port_info 11 /INPUT 1 "rst_n";
L_000001a927a87fc0 .functor OR 1, L_000001a927c02140, L_000001a927c05a90, C4<0>, C4<0>;
L_000001a927a89d10 .functor OR 1, L_000001a927a87fc0, L_000001a927c05a20, C4<0>, C4<0>;
L_000001a927a89bc0 .functor BUFZ 1, v000001a927b86e70_0, C4<0>, C4<0>, C4<0>;
L_000001a927a8a090 .functor BUFZ 5, v000001a927b88090_0, C4<00000>, C4<00000>, C4<00000>;
L_000001a927a89ca0 .functor BUFZ 32, v000001a927b67f20_0, C4<00000000000000000000000000000000>, C4<00000000000000000000000000000000>, C4<00000000000000000000000000000000>;
L_000001a927c04b40 .functor OR 1, L_000001a927c05a90, L_000001a927c05a20, C4<0>, C4<0>;
L_000001a927c059b0 .functor OR 1, L_000001a927c00cf0, v000001a927b739f0_0, C4<0>, C4<0>;
L_000001a927c05a20 .functor AND 1, L_000001a927c059b0, L_000001a927c00610, C4<1>, C4<1>;
L_000001a927c05d30 .functor AND 1, L_000001a927c059b0, v000001a927b93fa0_0, C4<1>, C4<1>;
L_000001a927c05b00 .functor AND 1, v000001a927b739f0_0, v000001a927b86e70_0, C4<1>, C4<1>;
L_000001a927c05da0 .functor AND 1, L_000001a927c05b00, L_000001a927c00390, C4<1>, C4<1>;
L_000001a927c05b70 .functor AND 1, L_000001a927c05da0, L_000001a927bff3f0, C4<1>, C4<1>;
L_000001a927c03cd0 .functor AND 1, v000001a927b739f0_0, L_000001a927c05d30, C4<1>, C4<1>;
L_000001a927c03c60 .functor BUFZ 32, v000001a927b67f20_0, C4<00000000000000000000000000000000>, C4<00000000000000000000000000000000>, C4<00000000000000000000000000000000>;
v000001a927b88db0_0 .net "ALUOut_EX", 31 0, L_000001a927bff2b0;  1 drivers
v000001a927b88770_0 .net "ALUOut_MEM", 31 0, v000001a927b71290_0;  1 drivers
v000001a927b88810_0 .net "ALUOut_MEM_mem", 31 0, v000001a927b711f0_0;  1 drivers
v000001a927b88950_0 .net "ALUOut_WB", 31 0, v000001a927b870f0_0;  1 drivers
v000001a927b88e50_0 .net "ALUop_EX", 2 0, v000001a927b84170_0;  1 drivers
v000001a927b88ef0_0 .net "ALUop_ID", 2 0, v000001a927b67200_0;  1 drivers
v000001a927b88f90_0 .net "ALUop_ID_INSTDIV", 2 0, v000001a927b6ee50_0;  1 drivers
v000001a927b89030_0 .net "ASel_EX", 0 0, v000001a927b863d0_0;  1 drivers
v000001a927b86f10_0 .net "ASel_ID", 0 0, v000001a927b67d40_0;  1 drivers
v000001a927b86fb0_0 .net "ASel_ID_INSTDIV", 0 0, v000001a927b70110_0;  1 drivers
v000001a927b87050_0 .net "Anum2_EX", 31 0, v000001a927b843f0_0;  1 drivers
v000001a927b97d80_0 .var "Anum2_EX_AfterForwarding", 31 0;
v000001a927b98f00_0 .var "Anum2_ID", 31 0;
v000001a927b98140_0 .net "Anum_EX", 31 0, v000001a927b84490_0;  1 drivers
v000001a927b98a00_0 .var "Anum_EX_AfterForwarding", 31 0;
v000001a927b974c0_0 .var "Anum_ID", 31 0;
v000001a927b976a0_0 .net "BSel_EX", 0 0, v000001a927b85390_0;  1 drivers
v000001a927b98640_0 .net "BSel_ID", 0 0, v000001a927b67ac0_0;  1 drivers
v000001a927b98820_0 .net "BSel_ID_INSTDIV", 0 0, v000001a927b6fdf0_0;  1 drivers
v000001a927b988c0_0 .net "Bnum2_EX", 31 0, v000001a927b84710_0;  1 drivers
v000001a927b97420_0 .var "Bnum2_EX_AfterForwarding", 31 0;
v000001a927b981e0_0 .var "Bnum2_ID", 31 0;
v000001a927b97ce0_0 .net "Bnum_EX", 31 0, v000001a927b85930_0;  1 drivers
v000001a927b986e0_0 .var "Bnum_EX_AfterForwarding", 31 0;
v000001a927b994a0_0 .var "Bnum_ID", 31 0;
v000001a927b97b00_0 .net "COMPExOut_WB", 31 0, L_000001a927bff670;  1 drivers
v000001a927b98960_0 .net "COMPOut_EX", 1 0, v000001a927aff1c0_0;  1 drivers
v000001a927b98000_0 .net "COMPOut_MEM", 1 0, v000001a927b71330_0;  1 drivers
v000001a927b977e0_0 .net "COMPOut_WB", 1 0, v000001a927b87eb0_0;  1 drivers
v000001a927b98780_0 .net "DRAMIn_MEM", 31 0, v000001a927b72550_0;  1 drivers
v000001a927b985a0_0 .net "DRAMIn_MEM_forwarded", 31 0, L_000001a927c00890;  1 drivers
RS_000001a927b1db28 .resolv tri, L_000001a927c03170, L_000001a927c03330;
v000001a927b98aa0_0 .net8 "DRAMRd_MEM", 31 0, RS_000001a927b1db28;  2 drivers
v000001a927b98b40_0 .net "DRAMRd_WB", 31 0, v000001a927b88a90_0;  1 drivers
v000001a927b98fa0_0 .net "DRAMWE_EX", 0 0, v000001a927b852f0_0;  1 drivers
v000001a927b98dc0_0 .net "DRAMWE_ID", 0 0, v000001a927b66c60_0;  1 drivers
v000001a927b98280_0 .net "DRAMWE_ID_INSTDIV", 0 0, v000001a927b706b0_0;  1 drivers
v000001a927b98be0_0 .net "DRAMWE_MEM", 0 0, v000001a927b739f0_0;  1 drivers
v000001a927b97ba0_0 .net "DRAM_EX_TYPE_EX", 1 0, v000001a927b85750_0;  1 drivers
v000001a927b97600_0 .net "DRAM_EX_TYPE_ID", 1 0, L_000001a927bfa170;  1 drivers
v000001a927b99400_0 .net "DRAM_EX_TYPE_ID_INSTDIV", 1 0, L_000001a927bfd870;  1 drivers
v000001a927b98460_0 .net "DRAM_EX_TYPE_MEM", 1 0, v000001a927b73a90_0;  1 drivers
v000001a927b97ec0_0 .net "MUX_A_Forwarding", 0 0, v000001a927b89210_0;  1 drivers
v000001a927b98320_0 .net "MUX_B_Forwarding", 0 0, v000001a927b8af70_0;  1 drivers
v000001a927b98c80_0 .net "M_FUNC3_EX", 2 0, v000001a927b84850_0;  1 drivers
v000001a927b98d20_0 .net "M_FUNC3_ID", 2 0, L_000001a927c04ad0;  1 drivers
v000001a927b97740_0 .net "M_FUNC3_ID_INSTDIV", 2 0, L_000001a927c05710;  1 drivers
v000001a927b983c0_0 .net "M_stall_EX", 0 0, L_000001a927c05a90;  1 drivers
v000001a927b997c0_0 .net "PCCTRL_EX", 3 0, v000001a927b85ed0_0;  1 drivers
v000001a927b979c0_0 .net "PCCTRL_ID", 3 0, v000001a927b68c40_0;  1 drivers
v000001a927b98e60_0 .net "PCCTRL_ID_INSTDIV", 3 0, v000001a927b6fcb0_0;  1 drivers
v000001a927b99040_0 .net "RWSel_EX", 1 0, v000001a927b85b10_0;  1 drivers
v000001a927b99860_0 .net "RWSel_ID", 1 0, v000001a927b66e40_0;  1 drivers
v000001a927b990e0_0 .net "RWSel_ID_INSTDIV", 1 0, v000001a927b70750_0;  1 drivers
v000001a927b97e20_0 .net "RWSel_MEM", 1 0, v000001a927b73950_0;  1 drivers
v000001a927b97c40_0 .net "RWSel_WB", 1 0, v000001a927b86ab0_0;  1 drivers
v000001a927b980a0_0 .net "RegWd_WB", 31 0, v000001a927b67f20_0;  1 drivers
v000001a927b98500_0 .net "RegWe_EX", 0 0, v000001a927b845d0_0;  1 drivers
v000001a927b99180_0 .net "RegWe_ID", 0 0, v000001a927b67840_0;  1 drivers
v000001a927b97880_0 .net "RegWe_ID_INSTDIV", 0 0, v000001a927b707f0_0;  1 drivers
v000001a927b97920_0 .net "RegWe_MEM", 0 0, v000001a927b73e50_0;  1 drivers
v000001a927b97a60_0 .net "RegWe_WB", 0 0, v000001a927b86e70_0;  1 drivers
v000001a927b99220_0 .net "RegWr_EX", 4 0, v000001a927b86510_0;  1 drivers
v000001a927b992c0_0 .net "RegWr_MEM", 4 0, v000001a927b73f90_0;  1 drivers
v000001a927b97560_0 .net "RegWr_WB", 4 0, v000001a927b88090_0;  1 drivers
v000001a927b99360_0 .net "SextOpe_ID", 4 0, L_000001a927bf7b50;  1 drivers
v000001a927b97240_0 .net "SextOpe_ID_INSTDIV", 4 0, L_000001a927bfa990;  1 drivers
v000001a927b97f60_0 .net "TYPE_COMP_ID", 0 0, L_000001a927bf73d0;  1 drivers
v000001a927b99540_0 .net "TYPE_COMP_ID_INSTDIV", 0 0, L_000001a927bfb1b0;  1 drivers
v000001a927b995e0_0 .net "TYPE_LOAD_ID", 0 0, L_000001a927bfbf70;  1 drivers
v000001a927b99680_0 .net "TYPE_LOAD_ID_INSTDIV", 0 0, L_000001a927bfb6b0;  1 drivers
v000001a927b99720_0 .net "TYPE_M_EX", 0 0, v000001a927b856b0_0;  1 drivers
v000001a927b97100_0 .net "TYPE_M_ID", 0 0, L_000001a927bfa0d0;  1 drivers
v000001a927b971a0_0 .net "TYPE_M_ID_INSTDIV", 0 0, L_000001a927bfb7f0;  1 drivers
v000001a927b972e0_0 .net "Unsigned_EX", 0 0, v000001a927b84990_0;  1 drivers
v000001a927b97380_0 .net "Unsigned_ID", 0 0, v000001a927b672a0_0;  1 drivers
v000001a927b999a0_0 .net "Unsigned_ID_INSTDIV", 0 0, v000001a927b6fa30_0;  1 drivers
v000001a927b99ae0_0 .net "Unsigned_MEM", 0 0, v000001a927b8aed0_0;  1 drivers
v000001a927b99a40_0 .net *"_ivl_16", 0 0, L_000001a927a87fc0;  1 drivers
L_000001a927b9a0b8 .functor BUFT 1, C4<00000000000000000000000000000100>, C4<0>, C4<0>, C4<0>;
v000001a927b99e00_0 .net/2u *"_ivl_22", 31 0, L_000001a927b9a0b8;  1 drivers
L_000001a927b9caa0 .functor BUFT 1, C4<00000000000000000000000000000100>, C4<0>, C4<0>, C4<0>;
v000001a927b99b80_0 .net/2u *"_ivl_42", 31 0, L_000001a927b9caa0;  1 drivers
L_000001a927b9cb30 .functor BUFT 1, C4<10>, C4<0>, C4<0>, C4<0>;
v000001a927b99c20_0 .net/2u *"_ivl_48", 1 0, L_000001a927b9cb30;  1 drivers
v000001a927b99d60_0 .net *"_ivl_50", 0 0, L_000001a927c00cf0;  1 drivers
v000001a927b99ea0_0 .net *"_ivl_55", 0 0, L_000001a927c00610;  1 drivers
v000001a927b99cc0_0 .net *"_ivl_61", 0 0, L_000001a927c05b00;  1 drivers
L_000001a927b9cb78 .functor BUFT 1, C4<00000>, C4<0>, C4<0>, C4<0>;
v000001a927b99f40_0 .net/2u *"_ivl_62", 4 0, L_000001a927b9cb78;  1 drivers
v000001a927b99fe0_0 .net *"_ivl_64", 0 0, L_000001a927c00390;  1 drivers
v000001a927b99900_0 .net *"_ivl_67", 0 0, L_000001a927c05da0;  1 drivers
v000001a927b93000_0 .net *"_ivl_68", 0 0, L_000001a927bff3f0;  1 drivers
v000001a927b92100_0 .net *"_ivl_71", 0 0, L_000001a927c05b70;  1 drivers
L_000001a927b9cc08 .functor BUFT 1, C4<0000000000000000000000000000000>, C4<0>, C4<0>, C4<0>;
v000001a927b93be0_0 .net/2u *"_ivl_76", 30 0, L_000001a927b9cc08;  1 drivers
v000001a927b93460_0 .net *"_ivl_79", 0 0, L_000001a927bff350;  1 drivers
L_000001a927b9cc50 .functor BUFT 1, C4<10>, C4<0>, C4<0>, C4<0>;
v000001a927b92920_0 .net/2u *"_ivl_82", 1 0, L_000001a927b9cc50;  1 drivers
L_000001a927b9cc98 .functor BUFT 1, C4<0000000000000000000000000000000>, C4<0>, C4<0>, C4<0>;
v000001a927b93780_0 .net/2u *"_ivl_86", 30 0, L_000001a927b9cc98;  1 drivers
v000001a927b92a60_0 .net *"_ivl_89", 0 0, L_000001a927bff490;  1 drivers
v000001a927b92600_0 .net *"_ivl_90", 31 0, L_000001a927bffa30;  1 drivers
v000001a927b93960_0 .net "branch_pc_IF", 31 0, v000001a927b71f10_0;  1 drivers
v000001a927b92b00_0 .var "bus_rd_WB", 31 0;
v000001a927b926a0_0 .net "clk", 0 0, v000001a927b92420_0;  1 drivers
v000001a927b93c80_0 .net "forwardingA", 31 0, v000001a927b89d50_0;  1 drivers
v000001a927b93b40_0 .net "forwardingB", 31 0, v000001a927b8b970_0;  1 drivers
v000001a927b947c0_0 .net "func3_ID", 2 0, L_000001a927b951c0;  1 drivers
v000001a927b93820_0 .net "func3_ID_INSTDIV", 2 0, L_000001a927b95a80;  1 drivers
v000001a927b93d20_0 .net "func7_ID", 6 0, L_000001a927b96660;  1 drivers
v000001a927b938c0_0 .net "func7_ID_INSTDIV", 6 0, L_000001a927b95c60;  1 drivers
v000001a927b92740_0 .net "immOut_ID", 31 0, L_000001a927c04360;  1 drivers
v000001a927b929c0_0 .net "inst_ID", 31 0, v000001a927b872d0_0;  1 drivers
v000001a927b92ba0_0 .net "inst_ID_INSTDIV", 31 0, L_000001a927bf9310;  1 drivers
v000001a927b93640_0 .net "inst_IF", 31 0, L_000001a927b965c0;  1 drivers
v000001a927b944a0_0 .net "inst_div", 0 0, L_000001a927bfc010;  1 drivers
v000001a927b945e0_0 .net "isLoad_EX", 0 0, L_000001a927c00ed0;  1 drivers
v000001a927b93aa0_0 .net "mem_access_MEM", 0 0, L_000001a927c059b0;  1 drivers
v000001a927b93a00_0 .net "mem_access_commit", 0 0, L_000001a927c05d30;  1 drivers
v000001a927b93fa0_0 .var "mem_access_waited", 0 0;
v000001a927b93dc0_0 .net "mem_addr", 31 0, L_000001a927c05c50;  alias, 1 drivers
v000001a927b92e20_0 .net "mem_ctrl", 0 0, L_000001a927bfeb30;  alias, 1 drivers
v000001a927b92c40_0 .net "mem_rd", 31 0, L_000001a927a897d0;  alias, 1 drivers
v000001a927b93e60_0 .net "mem_sync_stall", 0 0, L_000001a927c05a20;  1 drivers
v000001a927b92d80_0 .net "mem_wd", 31 0, L_000001a927c05cc0;  alias, 1 drivers
v000001a927b93f00_0 .net "mem_we", 3 0, L_000001a927c00a70;  alias, 1 drivers
v000001a927b93140_0 .net "opecode_ID", 6 0, L_000001a927b94cc0;  1 drivers
v000001a927b94040_0 .net "opecode_ID_INSTDIV", 6 0, L_000001a927b95b20;  1 drivers
v000001a927b924c0_0 .net "pc4_EX", 31 0, L_000001a927bff7b0;  1 drivers
v000001a927b927e0_0 .net "pc4_MEM", 31 0, v000001a927b895d0_0;  1 drivers
v000001a927b936e0_0 .net "pc4_WB", 31 0, v000001a927b88270_0;  1 drivers
v000001a927b940e0_0 .net "pc_EX", 31 0, v000001a927b84c10_0;  1 drivers
v000001a927b94180_0 .net "pc_ID", 31 0, v000001a927b874b0_0;  1 drivers
v000001a927b931e0_0 .net "pc_IF", 31 0, L_000001a927b95e40;  1 drivers
v000001a927b92ec0_0 .net "rd1_ID", 31 0, L_000001a927bfd9b0;  1 drivers
v000001a927b93280_0 .net "rd2_ID", 31 0, L_000001a927bfce70;  1 drivers
v000001a927b94220_0 .net "rd_EX", 31 0, L_000001a927c01330;  1 drivers
v000001a927b94720_0 .net "rd_MEM", 31 0, L_000001a927c03c60;  1 drivers
v000001a927b93320_0 .var "rd_Type_EX", 0 0;
v000001a927b92880_0 .var "rd_Type_MEM", 0 0;
v000001a927b92ce0_0 .net "risk_Ctrl", 0 0, L_000001a927bf7a10;  1 drivers
v000001a927b930a0_0 .net "rs1_EX", 4 0, v000001a927b842b0_0;  1 drivers
RS_000001a927b1bcf8 .resolv tri, L_000001a927b95620, L_000001a927c015b0;
v000001a927b92f60_0 .net8 "rs1_ID", 4 0, RS_000001a927b1bcf8;  2 drivers
v000001a927b921a0_0 .net "rs2_EX", 4 0, v000001a927b861f0_0;  1 drivers
RS_000001a927b1bd28 .resolv tri, L_000001a927b95d00, L_000001a927c013d0;
v000001a927b933c0_0 .net8 "rs2_ID", 4 0, RS_000001a927b1bd28;  2 drivers
v000001a927b93500_0 .net "rs2_MEM", 4 0, v000001a927b8a250_0;  1 drivers
v000001a927b935a0_0 .net "rst_n", 0 0, v000001a927b95800_0;  1 drivers
v000001a927b942c0_0 .net "stop_ID", 0 0, L_000001a927c03560;  1 drivers
v000001a927b94360_0 .net "stop_IF", 0 0, L_000001a927a89d10;  1 drivers
v000001a927b94400_0 .net "stop_IF_exception", 0 0, L_000001a927c02140;  1 drivers
v000001a927b94540_0 .var "wbInst", 4 0;
v000001a927b94680_0 .net "wb_ena", 0 0, L_000001a927a89bc0;  alias, 1 drivers
v000001a927b94860_0 .net "wb_have_inst", 0 0, L_000001a927b956c0;  alias, 1 drivers
v000001a927b92240_0 .net "wb_pc", 31 0, L_000001a927b968e0;  alias, 1 drivers
v000001a927b922e0_0 .net "wb_reg", 4 0, L_000001a927a8a090;  alias, 1 drivers
v000001a927b92380_0 .net "wb_value", 31 0, L_000001a927a89ca0;  alias, 1 drivers
E_000001a927a6d5a0/0 .event anyedge, v000001a927b8af70_0, v000001a927b85390_0, v000001a927b8b970_0, v000001a927b85930_0;
E_000001a927a6d5a0/1 .event anyedge, v000001a927b84710_0;
E_000001a927a6d5a0 .event/or E_000001a927a6d5a0/0, E_000001a927a6d5a0/1;
E_000001a927a6cd60/0 .event anyedge, v000001a927b89210_0, v000001a927b863d0_0, v000001a927b89d50_0, v000001a927b84490_0;
E_000001a927a6cd60/1 .event anyedge, v000001a927b843f0_0;
E_000001a927a6cd60 .event/or E_000001a927a6cd60/0, E_000001a927a6cd60/1;
E_000001a927a6da60 .event anyedge, v000001a927b67ac0_0, v000001a927b5f580_0, v000001a927b5dd70_0;
E_000001a927a6cba0 .event anyedge, v000001a927b67d40_0, v000001a927b603e0_0, v000001a927b86830_0;
L_000001a927b96660 .part v000001a927b872d0_0, 25, 7;
L_000001a927b95c60 .part L_000001a927bf9310, 25, 7;
L_000001a927b951c0 .part v000001a927b872d0_0, 12, 3;
L_000001a927b95a80 .part L_000001a927bf9310, 12, 3;
L_000001a927b94cc0 .part v000001a927b872d0_0, 0, 7;
L_000001a927b95b20 .part L_000001a927bf9310, 0, 7;
L_000001a927b95620 .part v000001a927b872d0_0, 15, 5;
L_000001a927b95d00 .part v000001a927b872d0_0, 20, 5;
L_000001a927b956c0 .part v000001a927b94540_0, 4, 1;
L_000001a927b968e0 .arith/sub 32, v000001a927b88270_0, L_000001a927b9a0b8;
L_000001a927bfc3d0 .part v000001a927b872d0_0, 7, 5;
L_000001a927bfc8d0 .part L_000001a927bf9310, 7, 5;
L_000001a927bfde10 .part L_000001a927bf9310, 15, 5;
L_000001a927bfd410 .part L_000001a927bf9310, 20, 5;
L_000001a927bff7b0 .arith/sum 32, v000001a927b84c10_0, L_000001a927b9caa0;
L_000001a927c00cf0 .cmp/eq 2, v000001a927b73950_0, L_000001a927b9cb30;
L_000001a927c00610 .reduce/nor v000001a927b93fa0_0;
L_000001a927c00390 .cmp/ne 5, v000001a927b88090_0, L_000001a927b9cb78;
L_000001a927bff3f0 .cmp/eq 5, v000001a927b88090_0, v000001a927b8a250_0;
L_000001a927c00890 .functor MUXZ 32, v000001a927b72550_0, v000001a927b67f20_0, L_000001a927c05b70, C4<>;
L_000001a927bff350 .part v000001a927b87eb0_0, 0, 1;
L_000001a927bff670 .concat [ 1 31 0 0], L_000001a927bff350, L_000001a927b9cc08;
L_000001a927c00ed0 .cmp/eq 2, v000001a927b85b10_0, L_000001a927b9cc50;
L_000001a927bff490 .part v000001a927b71330_0, 0, 1;
L_000001a927bffa30 .concat [ 1 31 0 0], L_000001a927bff490, L_000001a927b9cc98;
L_000001a927c01330 .functor MUXZ 32, v000001a927b71290_0, L_000001a927bffa30, v000001a927b92880_0, C4<>;
L_000001a927c015b0 .part v000001a927b872d0_0, 15, 5;
L_000001a927c013d0 .part v000001a927b872d0_0, 20, 5;
S_000001a9274b5d50 .scope module, "Ex" "EX" 4 321, 5 7 0, S_000001a927b113c0;
 .timescale -9 -12;
    .port_info 0 /INPUT 1 "clk";
    .port_info 1 /INPUT 1 "rst_n";
    .port_info 2 /INPUT 32 "Ain";
    .port_info 3 /INPUT 32 "Bin";
    .port_info 4 /INPUT 32 "COMPAin";
    .port_info 5 /INPUT 32 "COMPBin";
    .port_info 6 /INPUT 3 "ALUop";
    .port_info 7 /INPUT 1 "Unsigned";
    .port_info 8 /INPUT 1 "M";
    .port_info 9 /INPUT 3 "M_FUNC3";
    .port_info 10 /OUTPUT 1 "M_stall";
    .port_info 11 /OUTPUT 2 "COMPOut";
    .port_info 12 /OUTPUT 32 "ALUOut";
L_000001a927b9c548 .functor BUFT 1, C4<0>, C4<0>, C4<0>, C4<0>;
L_000001a927c04210 .functor XNOR 1, L_000001a927bfffd0, L_000001a927b9c548, C4<0>, C4<0>;
L_000001a927c04a60 .functor AND 1, v000001a927b856b0_0, L_000001a927c04210, C4<1>, C4<1>;
L_000001a927b9c590 .functor BUFT 1, C4<1>, C4<0>, C4<0>, C4<0>;
L_000001a927c04750 .functor XNOR 1, L_000001a927c006b0, L_000001a927b9c590, C4<0>, C4<0>;
L_000001a927c05780 .functor AND 1, v000001a927b856b0_0, L_000001a927c04750, C4<1>, C4<1>;
L_000001a927c05400 .functor AND 1, v000001a927b856b0_0, L_000001a927bff710, C4<1>, C4<1>;
L_000001a927c04d70 .functor NOT 1, v000001a927b95800_0, C4<0>, C4<0>, C4<0>;
L_000001a927c04d00 .functor AND 1, L_000001a927c05400, L_000001a927c04a60, C4<1>, C4<1>;
L_000001a927c05fd0 .functor NOT 1, v000001a927b95800_0, C4<0>, C4<0>, C4<0>;
L_000001a927c05e10 .functor AND 1, L_000001a927c05400, L_000001a927c05780, C4<1>, C4<1>;
L_000001a927c05f60 .functor AND 1, L_000001a927c04a60, v000001a927b5c290_0, C4<1>, C4<1>;
L_000001a927c06040 .functor AND 1, L_000001a927c05780, v000001a927a36b90_0, C4<1>, C4<1>;
L_000001a927c05e80 .functor OR 1, L_000001a927c05f60, L_000001a927c06040, C4<0>, C4<0>;
L_000001a927c05ef0 .functor AND 1, v000001a927b5df50_0, v000001a927b5eb30_0, C4<1>, C4<1>;
L_000001a927c05940 .functor AND 1, L_000001a927c05ef0, L_000001a927c05e80, C4<1>, C4<1>;
L_000001a927c05a90 .functor AND 1, v000001a927b856b0_0, L_000001a927c007f0, C4<1>, C4<1>;
v000001a927b5b570_0 .net "ALUOut", 31 0, L_000001a927bff2b0;  alias, 1 drivers
v000001a927b5bcf0_0 .net "ALUop", 2 0, v000001a927b84170_0;  alias, 1 drivers
v000001a927b5c970_0 .net "Ain", 31 0, v000001a927b98a00_0;  1 drivers
v000001a927b5b110_0 .net "Bin", 31 0, v000001a927b986e0_0;  1 drivers
v000001a927b5b1b0_0 .net "COMPAin", 31 0, v000001a927b97d80_0;  1 drivers
v000001a927b5b250_0 .net "COMPBin", 31 0, v000001a927b97420_0;  1 drivers
v000001a927b5c790_0 .net "COMPOut", 1 0, v000001a927aff1c0_0;  alias, 1 drivers
v000001a927b5b9d0_0 .net "M", 0 0, v000001a927b856b0_0;  alias, 1 drivers
v000001a927b5b2f0_0 .net "M_FUNC3", 2 0, v000001a927b84850_0;  alias, 1 drivers
v000001a927b5cbf0_0 .net "M_stall", 0 0, L_000001a927c05a90;  alias, 1 drivers
v000001a927b5b930_0 .net "Unsigned", 0 0, v000001a927b84990_0;  alias, 1 drivers
v000001a927b5ba70_0 .net *"_ivl_1", 0 0, L_000001a927bfffd0;  1 drivers
v000001a927b5bb10_0 .net/2u *"_ivl_10", 0 0, L_000001a927b9c590;  1 drivers
v000001a927b5bbb0_0 .net *"_ivl_12", 0 0, L_000001a927c04750;  1 drivers
v000001a927b5c470_0 .net *"_ivl_17", 0 0, L_000001a927bff710;  1 drivers
v000001a927b5c830_0 .net/2u *"_ivl_2", 0 0, L_000001a927b9c548;  1 drivers
v000001a927b5bd90_0 .net *"_ivl_31", 0 0, L_000001a927c05f60;  1 drivers
v000001a927b5c510_0 .net *"_ivl_33", 0 0, L_000001a927c06040;  1 drivers
v000001a927b5be30_0 .net *"_ivl_37", 0 0, L_000001a927c05ef0;  1 drivers
v000001a927b5bf70_0 .net *"_ivl_4", 0 0, L_000001a927c04210;  1 drivers
v000001a927b5c650_0 .net *"_ivl_41", 0 0, L_000001a927c007f0;  1 drivers
v000001a927b5ca10_0 .net *"_ivl_9", 0 0, L_000001a927c006b0;  1 drivers
v000001a927b5c6f0_0 .net "alu_out", 31 0, v000001a927affee0_0;  1 drivers
v000001a927b5cb50_0 .net "clk", 0 0, v000001a927b92420_0;  alias, 1 drivers
v000001a927b5cdd0_0 .net "div_done", 0 0, v000001a927a36b90_0;  1 drivers
v000001a927b5cfb0_0 .net "div_op", 0 0, L_000001a927c05780;  1 drivers
v000001a927b5d0f0_0 .net "div_quotient", 31 0, v000001a927a37310_0;  1 drivers
v000001a927b5d230_0 .net "div_remainder", 31 0, v000001a927a288c0_0;  1 drivers
v000001a927b5df50_0 .var "m_active", 0 0;
v000001a927b5eb30_0 .var "m_armed", 0 0;
v000001a927b5e630_0 .net "m_done", 0 0, L_000001a927c05940;  1 drivers
v000001a927b5e130_0 .var "m_result", 31 0;
v000001a927b5ee50_0 .net "m_start", 0 0, L_000001a927c05400;  1 drivers
v000001a927b5e4f0_0 .net "mul_done", 0 0, v000001a927b5c290_0;  1 drivers
v000001a927b5ed10_0 .net "mul_op", 0 0, L_000001a927c04a60;  1 drivers
v000001a927b5edb0_0 .net "mul_product", 63 0, v000001a927b5c330_0;  1 drivers
v000001a927b5e810_0 .var "mul_sign_sel", 1 0;
v000001a927b5eef0_0 .net "rst_n", 0 0, v000001a927b95800_0;  alias, 1 drivers
v000001a927b5de10_0 .net "unit_done", 0 0, L_000001a927c05e80;  1 drivers
E_000001a927a6d2e0 .event anyedge, v000001a927b5b2f0_0, v000001a927b5c330_0, v000001a927a37310_0, v000001a927a288c0_0;
E_000001a927a6d7e0/0 .event negedge, v000001a927b5eef0_0;
E_000001a927a6d7e0/1 .event posedge, v000001a927afcec0_0;
E_000001a927a6d7e0 .event/or E_000001a927a6d7e0/0, E_000001a927a6d7e0/1;
E_000001a927a6d9e0 .event anyedge, v000001a927b5b2f0_0;
L_000001a927bfffd0 .part v000001a927b84850_0, 2, 1;
L_000001a927c006b0 .part v000001a927b84850_0, 2, 1;
L_000001a927bff710 .reduce/nor v000001a927b5df50_0;
L_000001a927bff5d0 .part v000001a927b84850_0, 0, 1;
L_000001a927c007f0 .reduce/nor L_000001a927c05940;
L_000001a927bff2b0 .functor MUXZ 32, v000001a927affee0_0, v000001a927b5e130_0, v000001a927b856b0_0, C4<>;
S_000001a9274b5ee0 .scope module, "alu" "ALU" 5 25, 6 3 0, S_000001a9274b5d50;
 .timescale -9 -12;
    .port_info 0 /INPUT 32 "A";
    .port_info 1 /INPUT 32 "B";
    .port_info 2 /INPUT 3 "ALUop";
    .port_info 3 /INPUT 1 "Unsigned";
    .port_info 4 /OUTPUT 32 "out";
L_000001a927c04670 .functor NOT 32, v000001a927b986e0_0, C4<00000000000000000000000000000000>, C4<00000000000000000000000000000000>, C4<00000000000000000000000000000000>;
L_000001a927c05320 .functor AND 32, v000001a927b98a00_0, v000001a927b986e0_0, C4<11111111111111111111111111111111>, C4<11111111111111111111111111111111>;
L_000001a927c041a0 .functor OR 32, v000001a927b98a00_0, v000001a927b986e0_0, C4<00000000000000000000000000000000>, C4<00000000000000000000000000000000>;
L_000001a927c04e50 .functor XOR 32, v000001a927b98a00_0, v000001a927b986e0_0, C4<00000000000000000000000000000000>, C4<00000000000000000000000000000000>;
L_000001a927b9c350 .functor BUFT 1, C4<1>, C4<0>, C4<0>, C4<0>;
L_000001a927c04c20 .functor XNOR 1, v000001a927b84990_0, L_000001a927b9c350, C4<0>, C4<0>;
v000001a927aff6c0_0 .net "A", 31 0, v000001a927b98a00_0;  alias, 1 drivers
v000001a927aff8a0_0 .net "ALUop", 2 0, v000001a927b84170_0;  alias, 1 drivers
v000001a927b00a20_0 .net "B", 31 0, v000001a927b986e0_0;  alias, 1 drivers
v000001a927b00520_0 .net "Unsigned", 0 0, v000001a927b84990_0;  alias, 1 drivers
L_000001a927b9c278 .functor BUFT 1, C4<010>, C4<0>, C4<0>, C4<0>;
v000001a927b007a0_0 .net/2u *"_ivl_0", 2 0, L_000001a927b9c278;  1 drivers
v000001a927b000c0_0 .net *"_ivl_10", 32 0, L_000001a927bfe310;  1 drivers
L_000001a927b9c308 .functor BUFT 1, C4<0>, C4<0>, C4<0>, C4<0>;
v000001a927affa80_0 .net/2u *"_ivl_12", 0 0, L_000001a927b9c308;  1 drivers
v000001a927b002a0_0 .net *"_ivl_14", 32 0, L_000001a927bfd910;  1 drivers
v000001a927affb20_0 .net *"_ivl_21", 32 0, L_000001a927bfe3b0;  1 drivers
v000001a927b003e0_0 .net/2u *"_ivl_29", 0 0, L_000001a927b9c350;  1 drivers
v000001a927b005c0_0 .net *"_ivl_31", 0 0, L_000001a927c04c20;  1 drivers
v000001a927aff580_0 .net *"_ivl_34", 4 0, L_000001a927bfc150;  1 drivers
v000001a927b00660_0 .net *"_ivl_35", 31 0, L_000001a927bfe590;  1 drivers
v000001a927b00840_0 .net *"_ivl_40", 4 0, L_000001a927bfe8b0;  1 drivers
v000001a927aff4e0_0 .net *"_ivl_44", 4 0, L_000001a927bfc290;  1 drivers
v000001a927b00ac0_0 .net *"_ivl_6", 31 0, L_000001a927c04670;  1 drivers
L_000001a927b9c2c0 .functor BUFT 1, C4<1>, C4<0>, C4<0>, C4<0>;
v000001a927affbc0_0 .net/2u *"_ivl_8", 0 0, L_000001a927b9c2c0;  1 drivers
v000001a927afff80_0 .net "addA", 32 0, L_000001a927bfd690;  1 drivers
v000001a927affd00_0 .net "addB", 32 0, L_000001a927bfdc30;  1 drivers
v000001a927b00b60_0 .net "addOut", 31 0, L_000001a927bfdd70;  1 drivers
v000001a927aff620_0 .net "andOut", 31 0, L_000001a927c05320;  1 drivers
v000001a927aff760_0 .net "orOut", 31 0, L_000001a927c041a0;  1 drivers
v000001a927affe40_0 .net "out", 31 0, v000001a927affee0_0;  alias, 1 drivers
v000001a927affee0_0 .var "out_reg", 31 0;
v000001a927b00160_0 .net "sllOut", 31 0, L_000001a927bfe770;  1 drivers
v000001a927afe900_0 .net "sraOut", 31 0, L_000001a927bfc330;  1 drivers
v000001a927afe360_0 .net "srlOut", 31 0, L_000001a927bfc1f0;  1 drivers
v000001a927afd280_0 .net "subOpe", 0 0, L_000001a927bfe630;  1 drivers
v000001a927afd500_0 .net "trash_bit", 0 0, L_000001a927bfe6d0;  1 drivers
v000001a927afdbe0_0 .net "xorOut", 31 0, L_000001a927c04e50;  1 drivers
E_000001a927a6cfe0/0 .event anyedge, v000001a927aff8a0_0, v000001a927aff620_0, v000001a927aff760_0, v000001a927afdbe0_0;
E_000001a927a6cfe0/1 .event anyedge, v000001a927b00160_0, v000001a927afe360_0, v000001a927afe900_0, v000001a927b00b60_0;
E_000001a927a6cfe0 .event/or E_000001a927a6cfe0/0, E_000001a927a6cfe0/1;
L_000001a927bfe630 .cmp/eq 3, v000001a927b84170_0, L_000001a927b9c278;
L_000001a927bfd690 .concat [ 1 32 0 0], L_000001a927bfe630, v000001a927b98a00_0;
L_000001a927bfe310 .concat [ 1 32 0 0], L_000001a927b9c2c0, L_000001a927c04670;
L_000001a927bfd910 .concat [ 1 32 0 0], L_000001a927b9c308, v000001a927b986e0_0;
L_000001a927bfdc30 .functor MUXZ 33, L_000001a927bfd910, L_000001a927bfe310, L_000001a927bfe630, C4<>;
L_000001a927bfdd70 .part L_000001a927bfe3b0, 1, 32;
L_000001a927bfe6d0 .part L_000001a927bfe3b0, 0, 1;
L_000001a927bfe3b0 .arith/sum 33, L_000001a927bfd690, L_000001a927bfdc30;
L_000001a927bfc150 .part v000001a927b986e0_0, 0, 5;
L_000001a927bfe590 .shift/l 32, v000001a927b98a00_0, L_000001a927bfc150;
L_000001a927bfe770 .functor MUXZ 32, L_000001a927bfe590, v000001a927b986e0_0, L_000001a927c04c20, C4<>;
L_000001a927bfe8b0 .part v000001a927b986e0_0, 0, 5;
L_000001a927bfc1f0 .shift/r 32, v000001a927b98a00_0, L_000001a927bfe8b0;
L_000001a927bfc290 .part v000001a927b986e0_0, 0, 5;
L_000001a927bfc330 .shift/rs 32, v000001a927b98a00_0, L_000001a927bfc290;
S_000001a9274949d0 .scope module, "comp" "COMP" 5 33, 7 7 0, S_000001a9274b5d50;
 .timescale -9 -12;
    .port_info 0 /INPUT 32 "A";
    .port_info 1 /INPUT 32 "B";
    .port_info 2 /INPUT 1 "Unsigned";
    .port_info 3 /OUTPUT 2 "out";
L_000001a927b9c398 .functor BUFT 1, C4<1>, C4<0>, C4<0>, C4<0>;
L_000001a927c04130 .functor XNOR 1, v000001a927b84990_0, L_000001a927b9c398, C4<0>, C4<0>;
L_000001a927c05860 .functor NOT 1, L_000001a927bfc970, C4<0>, C4<0>, C4<0>;
L_000001a927b9c3e0 .functor BUFT 1, C4<1>, C4<0>, C4<0>, C4<0>;
L_000001a927c05390 .functor XNOR 1, v000001a927b84990_0, L_000001a927b9c3e0, C4<0>, C4<0>;
L_000001a927c04910 .functor NOT 1, L_000001a927bfedb0, C4<0>, C4<0>, C4<0>;
v000001a927afe4a0_0 .net "A", 31 0, v000001a927b97d80_0;  alias, 1 drivers
v000001a927afcf60_0 .net "Ain", 31 0, L_000001a927bfc650;  1 drivers
v000001a927afecc0_0 .net "B", 31 0, v000001a927b97420_0;  alias, 1 drivers
v000001a927afdc80_0 .net "Bin", 31 0, L_000001a927bfcd30;  1 drivers
v000001a927afefe0_0 .net "Unsigned", 0 0, v000001a927b84990_0;  alias, 1 drivers
v000001a927afe720_0 .net *"_ivl_12", 0 0, L_000001a927bfc6f0;  1 drivers
v000001a927afef40_0 .net *"_ivl_14", 0 0, L_000001a927bfc970;  1 drivers
v000001a927aff080_0 .net *"_ivl_15", 0 0, L_000001a927c05860;  1 drivers
v000001a927afe400_0 .net *"_ivl_17", 0 0, L_000001a927bfcbf0;  1 drivers
v000001a927afd320_0 .net *"_ivl_22", 30 0, L_000001a927bfca10;  1 drivers
v000001a927afdd20_0 .net/2u *"_ivl_26", 0 0, L_000001a927b9c3e0;  1 drivers
v000001a927afdb40_0 .net *"_ivl_28", 0 0, L_000001a927c05390;  1 drivers
v000001a927afd3c0_0 .net *"_ivl_3", 30 0, L_000001a927bfc5b0;  1 drivers
v000001a927afe540_0 .net *"_ivl_31", 0 0, L_000001a927bfef90;  1 drivers
v000001a927afe040_0 .net *"_ivl_33", 0 0, L_000001a927bfedb0;  1 drivers
v000001a927afd0a0_0 .net *"_ivl_34", 0 0, L_000001a927c04910;  1 drivers
v000001a927afd460_0 .net *"_ivl_36", 0 0, L_000001a927bff530;  1 drivers
v000001a927afddc0_0 .net *"_ivl_38", 0 0, L_000001a927c00110;  1 drivers
L_000001a927b9c428 .functor BUFT 1, C4<1>, C4<0>, C4<0>, C4<0>;
v000001a927afde60_0 .net/2u *"_ivl_40", 0 0, L_000001a927b9c428;  1 drivers
L_000001a927b9c470 .functor BUFT 1, C4<0>, C4<0>, C4<0>, C4<0>;
v000001a927afd8c0_0 .net/2u *"_ivl_42", 0 0, L_000001a927b9c470;  1 drivers
v000001a927aff120_0 .net *"_ivl_46", 0 0, L_000001a927bffe90;  1 drivers
L_000001a927b9c4b8 .functor BUFT 1, C4<1>, C4<0>, C4<0>, C4<0>;
v000001a927afe7c0_0 .net/2u *"_ivl_48", 0 0, L_000001a927b9c4b8;  1 drivers
L_000001a927b9c500 .functor BUFT 1, C4<0>, C4<0>, C4<0>, C4<0>;
v000001a927afe220_0 .net/2u *"_ivl_50", 0 0, L_000001a927b9c500;  1 drivers
v000001a927afdf00_0 .net/2u *"_ivl_7", 0 0, L_000001a927b9c398;  1 drivers
v000001a927afe9a0_0 .net *"_ivl_9", 0 0, L_000001a927c04130;  1 drivers
v000001a927afea40_0 .net "equal", 0 0, L_000001a927bffdf0;  1 drivers
v000001a927afdfa0_0 .net "less", 0 0, L_000001a927c00f70;  1 drivers
v000001a927afd5a0_0 .net "out", 1 0, v000001a927aff1c0_0;  alias, 1 drivers
v000001a927aff1c0_0 .var "out_reg", 1 0;
E_000001a927a6d820 .event anyedge, v000001a927afea40_0, v000001a927afdfa0_0;
L_000001a927bfc5b0 .part v000001a927b97d80_0, 0, 31;
L_000001a927bfc650 .concat8 [ 31 1 0 0], L_000001a927bfc5b0, L_000001a927bfcbf0;
L_000001a927bfc6f0 .part v000001a927b97d80_0, 31, 1;
L_000001a927bfc970 .part v000001a927b97d80_0, 31, 1;
L_000001a927bfcbf0 .functor MUXZ 1, L_000001a927c05860, L_000001a927bfc6f0, L_000001a927c04130, C4<>;
L_000001a927bfca10 .part v000001a927b97420_0, 0, 31;
L_000001a927bfcd30 .concat8 [ 31 1 0 0], L_000001a927bfca10, L_000001a927bff530;
L_000001a927bfef90 .part v000001a927b97420_0, 31, 1;
L_000001a927bfedb0 .part v000001a927b97420_0, 31, 1;
L_000001a927bff530 .functor MUXZ 1, L_000001a927c04910, L_000001a927bfef90, L_000001a927c05390, C4<>;
L_000001a927c00110 .cmp/eq 32, L_000001a927bfc650, L_000001a927bfcd30;
L_000001a927bffdf0 .functor MUXZ 1, L_000001a927b9c470, L_000001a927b9c428, L_000001a927c00110, C4<>;
L_000001a927bffe90 .cmp/gt 32, L_000001a927bfcd30, L_000001a927bfc650;
L_000001a927c00f70 .functor MUXZ 1, L_000001a927b9c500, L_000001a927b9c4b8, L_000001a927bffe90, C4<>;
S_000001a927494b60 .scope module, "m_div" "divider_32c" 5 72, 8 1 0, S_000001a9274b5d50;
 .timescale -9 -12;
    .port_info 0 /INPUT 1 "clk";
    .port_info 1 /INPUT 1 "reset";
    .port_info 2 /INPUT 1 "enable";
    .port_info 3 /INPUT 1 "sign_sel";
    .port_info 4 /INPUT 32 "numA";
    .port_info 5 /INPUT 32 "denB";
    .port_info 6 /OUTPUT 1 "done";
    .port_info 7 /OUTPUT 1 "busy_out";
    .port_info 8 /OUTPUT 32 "quotient";
    .port_info 9 /OUTPUT 32 "remainder";
P_000001a927a3ab60 .param/l "CALC" 1 8 14, C4<01>;
P_000001a927a3ab98 .param/l "FINISH" 1 8 14, C4<10>;
P_000001a927a3abd0 .param/l "IDLE" 1 8 14, C4<00>;
L_000001a927c04280 .functor BUFZ 1, v000001a927afce20_0, C4<0>, C4<0>, C4<0>;
L_000001a927c054e0 .functor AND 1, L_000001a927c00250, L_000001a927bfed10, C4<1>, C4<1>;
L_000001a927c057f0 .functor NOT 32, v000001a927b98a00_0, C4<00000000000000000000000000000000>, C4<00000000000000000000000000000000>, C4<00000000000000000000000000000000>;
L_000001a927c04f30 .functor AND 1, L_000001a927bff170, L_000001a927bffad0, C4<1>, C4<1>;
L_000001a927c03e90 .functor NOT 32, v000001a927b986e0_0, C4<00000000000000000000000000000000>, C4<00000000000000000000000000000000>, C4<00000000000000000000000000000000>;
v000001a927aff3a0_0 .net *"_ivl_11", 0 0, L_000001a927bfed10;  1 drivers
v000001a927aff260_0 .net *"_ivl_13", 0 0, L_000001a927c054e0;  1 drivers
v000001a927aff300_0 .net *"_ivl_14", 31 0, L_000001a927c057f0;  1 drivers
L_000001a927b9c938 .functor BUFT 1, C4<00000000000000000000000000000001>, C4<0>, C4<0>, C4<0>;
v000001a927afe0e0_0 .net/2u *"_ivl_16", 31 0, L_000001a927b9c938;  1 drivers
v000001a927afdaa0_0 .net *"_ivl_18", 31 0, L_000001a927bfee50;  1 drivers
v000001a927aff440_0 .net *"_ivl_2", 31 0, L_000001a927c00e30;  1 drivers
v000001a927afe860_0 .net *"_ivl_22", 31 0, L_000001a927bfeef0;  1 drivers
L_000001a927b9c980 .functor BUFT 1, C4<0000000000000000000000000000000>, C4<0>, C4<0>, C4<0>;
v000001a927afd000_0 .net *"_ivl_25", 30 0, L_000001a927b9c980;  1 drivers
L_000001a927b9c9c8 .functor BUFT 1, C4<00000000000000000000000000000000>, C4<0>, C4<0>, C4<0>;
v000001a927afeae0_0 .net/2u *"_ivl_26", 31 0, L_000001a927b9c9c8;  1 drivers
v000001a927afd640_0 .net *"_ivl_28", 0 0, L_000001a927bff170;  1 drivers
v000001a927afe180_0 .net *"_ivl_31", 0 0, L_000001a927bffad0;  1 drivers
v000001a927afe5e0_0 .net *"_ivl_33", 0 0, L_000001a927c04f30;  1 drivers
v000001a927afd140_0 .net *"_ivl_34", 31 0, L_000001a927c03e90;  1 drivers
L_000001a927b9ca10 .functor BUFT 1, C4<00000000000000000000000000000001>, C4<0>, C4<0>, C4<0>;
v000001a927afe680_0 .net/2u *"_ivl_36", 31 0, L_000001a927b9ca10;  1 drivers
v000001a927afd820_0 .net *"_ivl_38", 31 0, L_000001a927bff8f0;  1 drivers
v000001a927afcce0_0 .net *"_ivl_43", 31 0, L_000001a927bfebd0;  1 drivers
v000001a927afeb80_0 .net *"_ivl_45", 0 0, L_000001a927c00750;  1 drivers
v000001a927afe2c0_0 .net *"_ivl_46", 32 0, L_000001a927c00070;  1 drivers
L_000001a927b9ca58 .functor BUFT 1, C4<0>, C4<0>, C4<0>, C4<0>;
v000001a927afd6e0_0 .net/2u *"_ivl_48", 0 0, L_000001a927b9ca58;  1 drivers
L_000001a927b9c8a8 .functor BUFT 1, C4<0000000000000000000000000000000>, C4<0>, C4<0>, C4<0>;
v000001a927afec20_0 .net *"_ivl_5", 30 0, L_000001a927b9c8a8;  1 drivers
v000001a927afd960_0 .net *"_ivl_50", 32 0, L_000001a927bff210;  1 drivers
L_000001a927b9c8f0 .functor BUFT 1, C4<00000000000000000000000000000000>, C4<0>, C4<0>, C4<0>;
v000001a927afcd80_0 .net/2u *"_ivl_6", 31 0, L_000001a927b9c8f0;  1 drivers
v000001a927afed60_0 .net *"_ivl_8", 0 0, L_000001a927c00250;  1 drivers
v000001a927afd1e0_0 .var "a_reg", 31 0;
v000001a927afee00_0 .net "abs_denB", 31 0, L_000001a927bfea90;  1 drivers
v000001a927afeea0_0 .net "abs_numA", 31 0, L_000001a927bfe9f0;  1 drivers
v000001a927afd780_0 .var "b_reg", 31 0;
v000001a927afda00_0 .net "busy_out", 0 0, L_000001a927c04280;  1 drivers
v000001a927afce20_0 .var "busy_r", 0 0;
v000001a927afcec0_0 .net "clk", 0 0, v000001a927b92420_0;  alias, 1 drivers
v000001a927a376d0_0 .var "cnt", 5 0;
v000001a927a36410_0 .var "dbz", 0 0;
v000001a927a365f0_0 .net "denB", 31 0, v000001a927b986e0_0;  alias, 1 drivers
v000001a927a36b90_0 .var "done", 0 0;
v000001a927a36c30_0 .net "enable", 0 0, L_000001a927c05e10;  1 drivers
v000001a927a36e10_0 .net "numA", 31 0, v000001a927b98a00_0;  alias, 1 drivers
v000001a927a36f50_0 .var "num_orig_reg", 31 0;
v000001a927a379f0_0 .var "q_reg", 31 0;
v000001a927a37310_0 .var "quotient", 31 0;
v000001a927a37770_0 .var "r_reg", 32 0;
v000001a927a288c0_0 .var "remainder", 31 0;
v000001a927a29c20_0 .net "reset", 0 0, L_000001a927c05fd0;  1 drivers
v000001a927a28f00_0 .var "sign_q", 0 0;
v000001a927a29540_0 .var "sign_r", 0 0;
v000001a927a28140_0 .net "sign_sel", 0 0, L_000001a927bff5d0;  1 drivers
v000001a927a28e60_0 .var "state", 1 0;
v000001a927ad8820_0 .net "sub_res", 32 0, L_000001a927c002f0;  1 drivers
E_000001a927a6e860 .event posedge, v000001a927afcec0_0;
L_000001a927c00e30 .concat [ 1 31 0 0], L_000001a927bff5d0, L_000001a927b9c8a8;
L_000001a927c00250 .cmp/eq 32, L_000001a927c00e30, L_000001a927b9c8f0;
L_000001a927bfed10 .part v000001a927b98a00_0, 31, 1;
L_000001a927bfee50 .arith/sum 32, L_000001a927c057f0, L_000001a927b9c938;
L_000001a927bfe9f0 .functor MUXZ 32, v000001a927b98a00_0, L_000001a927bfee50, L_000001a927c054e0, C4<>;
L_000001a927bfeef0 .concat [ 1 31 0 0], L_000001a927bff5d0, L_000001a927b9c980;
L_000001a927bff170 .cmp/eq 32, L_000001a927bfeef0, L_000001a927b9c9c8;
L_000001a927bffad0 .part v000001a927b986e0_0, 31, 1;
L_000001a927bff8f0 .arith/sum 32, L_000001a927c03e90, L_000001a927b9ca10;
L_000001a927bfea90 .functor MUXZ 32, v000001a927b986e0_0, L_000001a927bff8f0, L_000001a927c04f30, C4<>;
L_000001a927bfebd0 .part v000001a927a37770_0, 0, 32;
L_000001a927c00750 .part v000001a927afd1e0_0, 31, 1;
L_000001a927c00070 .concat [ 1 32 0 0], L_000001a927c00750, L_000001a927bfebd0;
L_000001a927bff210 .concat [ 32 1 0 0], v000001a927afd780_0, L_000001a927b9ca58;
L_000001a927c002f0 .arith/sub 33, L_000001a927c00070, L_000001a927bff210;
S_000001a9274c08d0 .scope module, "m_mul" "multiplier_16c" 5 61, 9 1 0, S_000001a9274b5d50;
 .timescale -9 -12;
    .port_info 0 /INPUT 1 "clk";
    .port_info 1 /INPUT 1 "reset";
    .port_info 2 /INPUT 1 "enable";
    .port_info 3 /INPUT 2 "sign_sel";
    .port_info 4 /INPUT 32 "opA";
    .port_info 5 /INPUT 32 "opB";
    .port_info 6 /OUTPUT 1 "done";
    .port_info 7 /OUTPUT 64 "product";
L_000001a927c04ec0 .functor AND 1, L_000001a927c01010, L_000001a927c010b0, C4<1>, C4<1>;
L_000001a927c04440 .functor NOT 32, v000001a927b98a00_0, C4<00000000000000000000000000000000>, C4<00000000000000000000000000000000>, C4<00000000000000000000000000000000>;
L_000001a927c04830 .functor AND 1, L_000001a927bfec70, L_000001a927bfff30, C4<1>, C4<1>;
L_000001a927c048a0 .functor NOT 32, v000001a927b986e0_0, C4<00000000000000000000000000000000>, C4<00000000000000000000000000000000>, C4<00000000000000000000000000000000>;
L_000001a927c04c90 .functor XOR 1, L_000001a927c00b10, L_000001a927c00430, C4<0>, C4<0>;
v000001a927ad88c0_0 .net *"_ivl_1", 0 0, L_000001a927c009d0;  1 drivers
v000001a927ad8960_0 .net *"_ivl_11", 0 0, L_000001a927c010b0;  1 drivers
v000001a927ad7060_0 .net *"_ivl_13", 0 0, L_000001a927c04ec0;  1 drivers
v000001a927ad7e20_0 .net *"_ivl_14", 31 0, L_000001a927c04440;  1 drivers
L_000001a927b9c668 .functor BUFT 1, C4<00000000000000000000000000000001>, C4<0>, C4<0>, C4<0>;
v000001a927a4c0f0_0 .net/2u *"_ivl_16", 31 0, L_000001a927b9c668;  1 drivers
v000001a927a4a890_0 .net *"_ivl_18", 31 0, L_000001a927bffb70;  1 drivers
v000001a927a4b970_0 .net *"_ivl_2", 31 0, L_000001a927bffc10;  1 drivers
L_000001a927b9c6b0 .functor BUFT 1, C4<00>, C4<0>, C4<0>, C4<0>;
v000001a927a79640_0 .net/2u *"_ivl_22", 1 0, L_000001a927b9c6b0;  1 drivers
v000001a927a796e0_0 .net *"_ivl_24", 0 0, L_000001a927bfec70;  1 drivers
v000001a927a81890_0 .net *"_ivl_27", 0 0, L_000001a927bfff30;  1 drivers
v000001a927a81b10_0 .net *"_ivl_29", 0 0, L_000001a927c04830;  1 drivers
v000001a927ab0ee0_0 .net *"_ivl_30", 31 0, L_000001a927c048a0;  1 drivers
L_000001a927b9c6f8 .functor BUFT 1, C4<00000000000000000000000000000001>, C4<0>, C4<0>, C4<0>;
v000001a927ab1020_0 .net/2u *"_ivl_32", 31 0, L_000001a927b9c6f8;  1 drivers
v000001a927b5d7d0_0 .net *"_ivl_34", 31 0, L_000001a927bff0d0;  1 drivers
L_000001a927b9c740 .functor BUFT 1, C4<00>, C4<0>, C4<0>, C4<0>;
v000001a927b5cc90_0 .net/2u *"_ivl_38", 1 0, L_000001a927b9c740;  1 drivers
v000001a927b5b070_0 .net *"_ivl_40", 0 0, L_000001a927bffcb0;  1 drivers
v000001a927b5d2d0_0 .net *"_ivl_43", 0 0, L_000001a927c00b10;  1 drivers
v000001a927b5b430_0 .net *"_ivl_45", 0 0, L_000001a927c00430;  1 drivers
v000001a927b5d050_0 .net *"_ivl_46", 0 0, L_000001a927c04c90;  1 drivers
L_000001a927b9c788 .functor BUFT 1, C4<01>, C4<0>, C4<0>, C4<0>;
v000001a927b5d370_0 .net/2u *"_ivl_48", 1 0, L_000001a927b9c788;  1 drivers
L_000001a927b9c5d8 .functor BUFT 1, C4<0000000000000000000000000000000>, C4<0>, C4<0>, C4<0>;
v000001a927b5ce70_0 .net *"_ivl_5", 30 0, L_000001a927b9c5d8;  1 drivers
v000001a927b5c0b0_0 .net *"_ivl_50", 0 0, L_000001a927c00930;  1 drivers
v000001a927b5b390_0 .net *"_ivl_53", 0 0, L_000001a927bfe950;  1 drivers
L_000001a927b9c7d0 .functor BUFT 1, C4<0>, C4<0>, C4<0>, C4<0>;
v000001a927b5b7f0_0 .net/2u *"_ivl_54", 0 0, L_000001a927b9c7d0;  1 drivers
v000001a927b5b4d0_0 .net *"_ivl_56", 0 0, L_000001a927bffd50;  1 drivers
L_000001a927b9c620 .functor BUFT 1, C4<00000000000000000000000000000000>, C4<0>, C4<0>, C4<0>;
v000001a927b5d410_0 .net/2u *"_ivl_6", 31 0, L_000001a927b9c620;  1 drivers
L_000001a927b9c818 .functor BUFT 1, C4<00>, C4<0>, C4<0>, C4<0>;
v000001a927b5b610_0 .net/2u *"_ivl_60", 1 0, L_000001a927b9c818;  1 drivers
L_000001a927b9c860 .functor BUFT 1, C4<00>, C4<0>, C4<0>, C4<0>;
v000001a927b5c010_0 .net/2u *"_ivl_64", 1 0, L_000001a927b9c860;  1 drivers
v000001a927b5bed0_0 .net *"_ivl_8", 0 0, L_000001a927c01010;  1 drivers
v000001a927b5b6b0_0 .var "acc", 31 0;
v000001a927b5c8d0_0 .net "acc_ext", 33 0, L_000001a927c001b0;  1 drivers
v000001a927b5c3d0_0 .var "busy", 0 0;
v000001a927b5d4b0_0 .net "clk", 0 0, v000001a927b92420_0;  alias, 1 drivers
v000001a927b5d690_0 .var "cnt", 4 0;
v000001a927b5c290_0 .var "done", 0 0;
v000001a927b5b750_0 .net "enable", 0 0, L_000001a927c04d00;  1 drivers
v000001a927b5bc50_0 .var "m", 31 0;
v000001a927b5d190_0 .net "m_ext", 33 0, L_000001a927bff850;  1 drivers
v000001a927b5c150_0 .var "next_acc", 33 0;
v000001a927b5cab0_0 .net "opA", 31 0, v000001a927b98a00_0;  alias, 1 drivers
v000001a927b5c5b0_0 .net "opA_abs", 31 0, L_000001a927bff030;  1 drivers
v000001a927b5c1f0_0 .net "opB", 31 0, v000001a927b986e0_0;  alias, 1 drivers
v000001a927b5cd30_0 .net "opB_abs", 31 0, L_000001a927c00c50;  1 drivers
v000001a927b5c330_0 .var "product", 63 0;
v000001a927b5b890_0 .var "q", 31 0;
v000001a927b5d550_0 .net "res_sign", 0 0, L_000001a927c00570;  1 drivers
v000001a927b5cf10_0 .net "reset", 0 0, L_000001a927c04d70;  1 drivers
v000001a927b5d5f0_0 .var "sign_r", 0 0;
v000001a927b5d730_0 .net "sign_sel", 1 0, v000001a927b5e810_0;  1 drivers
E_000001a927a6de60 .event anyedge, v000001a927b5b890_0, v000001a927b5c8d0_0, v000001a927b5d190_0;
L_000001a927c009d0 .part v000001a927b5e810_0, 1, 1;
L_000001a927bffc10 .concat [ 1 31 0 0], L_000001a927c009d0, L_000001a927b9c5d8;
L_000001a927c01010 .cmp/eq 32, L_000001a927bffc10, L_000001a927b9c620;
L_000001a927c010b0 .part v000001a927b98a00_0, 31, 1;
L_000001a927bffb70 .arith/sum 32, L_000001a927c04440, L_000001a927b9c668;
L_000001a927bff030 .functor MUXZ 32, v000001a927b98a00_0, L_000001a927bffb70, L_000001a927c04ec0, C4<>;
L_000001a927bfec70 .cmp/eq 2, v000001a927b5e810_0, L_000001a927b9c6b0;
L_000001a927bfff30 .part v000001a927b986e0_0, 31, 1;
L_000001a927bff0d0 .arith/sum 32, L_000001a927c048a0, L_000001a927b9c6f8;
L_000001a927c00c50 .functor MUXZ 32, v000001a927b986e0_0, L_000001a927bff0d0, L_000001a927c04830, C4<>;
L_000001a927bffcb0 .cmp/eq 2, v000001a927b5e810_0, L_000001a927b9c740;
L_000001a927c00b10 .part v000001a927b98a00_0, 31, 1;
L_000001a927c00430 .part v000001a927b986e0_0, 31, 1;
L_000001a927c00930 .cmp/eq 2, v000001a927b5e810_0, L_000001a927b9c788;
L_000001a927bfe950 .part v000001a927b98a00_0, 31, 1;
L_000001a927bffd50 .functor MUXZ 1, L_000001a927b9c7d0, L_000001a927bfe950, L_000001a927c00930, C4<>;
L_000001a927c00570 .functor MUXZ 1, L_000001a927bffd50, L_000001a927c04c90, L_000001a927bffcb0, C4<>;
L_000001a927c001b0 .concat [ 32 2 0 0], v000001a927b5b6b0_0, L_000001a927b9c818;
L_000001a927bff850 .concat [ 32 2 0 0], v000001a927b5bc50_0, L_000001a927b9c860;
S_000001a9274aa220 .scope module, "Id" "ID" 4 203, 10 1 0, S_000001a927b113c0;
 .timescale -9 -12;
    .port_info 0 /INPUT 1 "clk";
    .port_info 1 /INPUT 1 "rst_n";
    .port_info 2 /INPUT 32 "inst";
    .port_info 3 /INPUT 5 "SextOpe";
    .port_info 4 /INPUT 1 "RegWe";
    .port_info 5 /INPUT 32 "RegWd";
    .port_info 6 /INPUT 5 "RegWr";
    .port_info 7 /OUTPUT 32 "rd1";
    .port_info 8 /OUTPUT 32 "rd2";
    .port_info 9 /OUTPUT 32 "immOut";
v000001a927b60520_0 .net "RegWd", 31 0, v000001a927b67f20_0;  alias, 1 drivers
v000001a927b614c0_0 .net "RegWe", 0 0, v000001a927b86e70_0;  alias, 1 drivers
v000001a927b61600_0 .net "RegWr", 4 0, v000001a927b88090_0;  alias, 1 drivers
v000001a927b60840_0 .net "SextOpe", 4 0, L_000001a927bf7b50;  alias, 1 drivers
v000001a927b5f800_0 .net "clk", 0 0, v000001a927b92420_0;  alias, 1 drivers
v000001a927b60020_0 .net "func3", 2 0, L_000001a927bfd550;  1 drivers
v000001a927b5fee0_0 .net "func7", 6 0, L_000001a927bfd5f0;  1 drivers
v000001a927b612e0_0 .net "imm", 31 7, L_000001a927bfe090;  1 drivers
v000001a927b60160_0 .net "immOut", 31 0, L_000001a927c04360;  alias, 1 drivers
v000001a927b608e0_0 .net "inst", 31 0, v000001a927b872d0_0;  alias, 1 drivers
v000001a927b60f20_0 .net "opecode", 6 0, L_000001a927bfdff0;  1 drivers
v000001a927b60de0_0 .net "rd1", 31 0, L_000001a927bfd9b0;  alias, 1 drivers
v000001a927b60a20_0 .net "rd2", 31 0, L_000001a927bfce70;  alias, 1 drivers
v000001a927b60ac0_0 .net "rs1", 4 0, L_000001a927bfdf50;  1 drivers
v000001a927b61100_0 .net "rs2", 4 0, L_000001a927bfdeb0;  1 drivers
v000001a927b61240_0 .net "rst_n", 0 0, v000001a927b95800_0;  alias, 1 drivers
L_000001a927bfdf50 .part v000001a927b872d0_0, 15, 5;
L_000001a927bfdeb0 .part v000001a927b872d0_0, 20, 5;
L_000001a927bfd5f0 .part v000001a927b872d0_0, 25, 7;
L_000001a927bfd550 .part v000001a927b872d0_0, 12, 3;
L_000001a927bfdff0 .part v000001a927b872d0_0, 0, 7;
L_000001a927bfe090 .part v000001a927b872d0_0, 7, 25;
S_000001a9274aa3b0 .scope module, "immGen" "ImmGen" 10 49, 11 7 0, S_000001a9274aa220;
 .timescale -9 -12;
    .port_info 0 /INPUT 25 "imm";
    .port_info 1 /INPUT 5 "SextOpe";
    .port_info 2 /OUTPUT 32 "out";
L_000001a927c04360 .functor BUFZ 32, v000001a927b5deb0_0, C4<00000000000000000000000000000000>, C4<00000000000000000000000000000000>, C4<00000000000000000000000000000000>;
v000001a927b5d870_0 .net "SextOpe", 4 0, L_000001a927bf7b50;  alias, 1 drivers
v000001a927b5e090_0 .net *"_ivl_18", 7 0, L_000001a927bfdb90;  1 drivers
L_000001a927b9c1a0 .functor BUFT 1, C4<0>, C4<0>, C4<0>, C4<0>;
v000001a927b5da50_0 .net/2u *"_ivl_26", 0 0, L_000001a927b9c1a0;  1 drivers
L_000001a927b9c1e8 .functor BUFT 1, C4<0>, C4<0>, C4<0>, C4<0>;
v000001a927b5ebd0_0 .net/2u *"_ivl_30", 0 0, L_000001a927b9c1e8;  1 drivers
L_000001a927b9c230 .functor BUFT 1, C4<000000000000>, C4<0>, C4<0>, C4<0>;
v000001a927b5daf0_0 .net/2u *"_ivl_34", 11 0, L_000001a927b9c230;  1 drivers
v000001a927b5d910_0 .net "imm", 31 7, L_000001a927bfe090;  alias, 1 drivers
v000001a927b5e590_0 .net "imm_B", 31 0, L_000001a927bfe4f0;  1 drivers
v000001a927b5e8b0_0 .net "imm_I", 31 0, L_000001a927bfcab0;  1 drivers
v000001a927b5d9b0_0 .net "imm_J", 31 0, L_000001a927bfd370;  1 drivers
v000001a927b5e950_0 .net "imm_S", 31 0, L_000001a927bfd230;  1 drivers
v000001a927b5ea90_0 .net "imm_U", 31 0, L_000001a927bfe450;  1 drivers
v000001a927b5e1d0_0 .net "inst0", 0 0, L_000001a927bfc470;  1 drivers
v000001a927b5db90_0 .net "inst1", 5 0, L_000001a927bfd4b0;  1 drivers
v000001a927b5e6d0_0 .net "inst2", 3 0, L_000001a927bfdcd0;  1 drivers
v000001a927b5dc30_0 .net "inst3", 0 0, L_000001a927bfc510;  1 drivers
v000001a927b5dcd0_0 .net "inst4", 7 0, L_000001a927bfd2d0;  1 drivers
v000001a927b5dff0_0 .net "inst5", 3 0, L_000001a927bfda50;  1 drivers
v000001a927b5ec70_0 .net "inst6", 0 0, L_000001a927bfcfb0;  1 drivers
v000001a927b5dd70_0 .net "out", 31 0, L_000001a927c04360;  alias, 1 drivers
v000001a927b5deb0_0 .var "out_reg", 31 0;
v000001a927b5e270_0 .net "signalEX_12", 11 0, L_000001a927bfd190;  1 drivers
v000001a927b5e310_0 .net "signalEX_20", 19 0, L_000001a927bfd730;  1 drivers
E_000001a927a6f020/0 .event anyedge, v000001a927b5d870_0, v000001a927b5e8b0_0, v000001a927b5e950_0, v000001a927b5e590_0;
E_000001a927a6f020/1 .event anyedge, v000001a927b5d9b0_0, v000001a927b5ea90_0;
E_000001a927a6f020 .event/or E_000001a927a6f020/0, E_000001a927a6f020/1;
L_000001a927bfc470 .part L_000001a927bfe090, 24, 1;
L_000001a927bfd4b0 .part L_000001a927bfe090, 18, 6;
L_000001a927bfdcd0 .part L_000001a927bfe090, 14, 4;
L_000001a927bfc510 .part L_000001a927bfe090, 13, 1;
L_000001a927bfd2d0 .part L_000001a927bfe090, 5, 8;
L_000001a927bfda50 .part L_000001a927bfe090, 1, 4;
L_000001a927bfcfb0 .part L_000001a927bfe090, 0, 1;
LS_000001a927bfd190_0_0 .concat [ 1 1 1 1], L_000001a927bfc470, L_000001a927bfc470, L_000001a927bfc470, L_000001a927bfc470;
LS_000001a927bfd190_0_4 .concat [ 1 1 1 1], L_000001a927bfc470, L_000001a927bfc470, L_000001a927bfc470, L_000001a927bfc470;
LS_000001a927bfd190_0_8 .concat [ 1 1 1 1], L_000001a927bfc470, L_000001a927bfc470, L_000001a927bfc470, L_000001a927bfc470;
L_000001a927bfd190 .concat [ 4 4 4 0], LS_000001a927bfd190_0_0, LS_000001a927bfd190_0_4, LS_000001a927bfd190_0_8;
LS_000001a927bfdb90_0_0 .concat [ 1 1 1 1], L_000001a927bfc470, L_000001a927bfc470, L_000001a927bfc470, L_000001a927bfc470;
LS_000001a927bfdb90_0_4 .concat [ 1 1 1 1], L_000001a927bfc470, L_000001a927bfc470, L_000001a927bfc470, L_000001a927bfc470;
L_000001a927bfdb90 .concat [ 4 4 0 0], LS_000001a927bfdb90_0_0, LS_000001a927bfdb90_0_4;
L_000001a927bfd730 .concat [ 12 8 0 0], L_000001a927bfd190, L_000001a927bfdb90;
LS_000001a927bfcab0_0_0 .concat [ 1 4 6 1], L_000001a927bfc510, L_000001a927bfdcd0, L_000001a927bfd4b0, L_000001a927bfc470;
LS_000001a927bfcab0_0_4 .concat [ 20 0 0 0], L_000001a927bfd730;
L_000001a927bfcab0 .concat [ 12 20 0 0], LS_000001a927bfcab0_0_0, LS_000001a927bfcab0_0_4;
LS_000001a927bfd230_0_0 .concat [ 1 4 6 1], L_000001a927bfcfb0, L_000001a927bfda50, L_000001a927bfd4b0, L_000001a927bfc470;
LS_000001a927bfd230_0_4 .concat [ 20 0 0 0], L_000001a927bfd730;
L_000001a927bfd230 .concat [ 12 20 0 0], LS_000001a927bfd230_0_0, LS_000001a927bfd230_0_4;
LS_000001a927bfe4f0_0_0 .concat [ 1 4 6 1], L_000001a927b9c1a0, L_000001a927bfda50, L_000001a927bfd4b0, L_000001a927bfcfb0;
LS_000001a927bfe4f0_0_4 .concat [ 20 0 0 0], L_000001a927bfd730;
L_000001a927bfe4f0 .concat [ 12 20 0 0], LS_000001a927bfe4f0_0_0, LS_000001a927bfe4f0_0_4;
LS_000001a927bfd370_0_0 .concat [ 1 4 6 1], L_000001a927b9c1e8, L_000001a927bfdcd0, L_000001a927bfd4b0, L_000001a927bfc510;
LS_000001a927bfd370_0_4 .concat [ 8 12 0 0], L_000001a927bfd2d0, L_000001a927bfd190;
L_000001a927bfd370 .concat [ 12 20 0 0], LS_000001a927bfd370_0_0, LS_000001a927bfd370_0_4;
LS_000001a927bfe450_0_0 .concat [ 12 8 1 4], L_000001a927b9c230, L_000001a927bfd2d0, L_000001a927bfc510, L_000001a927bfdcd0;
LS_000001a927bfe450_0_4 .concat [ 6 1 0 0], L_000001a927bfd4b0, L_000001a927bfc470;
L_000001a927bfe450 .concat [ 25 7 0 0], LS_000001a927bfe450_0_0, LS_000001a927bfe450_0_4;
S_000001a927894090 .scope module, "regFile" "RegFile" 10 37, 12 3 0, S_000001a9274aa220;
 .timescale -9 -12;
    .port_info 0 /INPUT 1 "clk";
    .port_info 1 /INPUT 1 "rst_n";
    .port_info 2 /INPUT 1 "we";
    .port_info 3 /INPUT 5 "rs1";
    .port_info 4 /INPUT 5 "rs2";
    .port_info 5 /INPUT 5 "wr";
    .port_info 6 /INPUT 32 "wd";
    .port_info 7 /OUTPUT 32 "rd1";
    .port_info 8 /OUTPUT 32 "rd2";
v000001a927b5e3b0_0 .net *"_ivl_0", 31 0, L_000001a927bfcf10;  1 drivers
v000001a927b5e9f0_0 .net *"_ivl_10", 31 0, L_000001a927bfe270;  1 drivers
v000001a927b5e450_0 .net *"_ivl_12", 6 0, L_000001a927bfe810;  1 drivers
L_000001a927b9bfa8 .functor BUFT 1, C4<00>, C4<0>, C4<0>, C4<0>;
v000001a927b61560_0 .net *"_ivl_15", 1 0, L_000001a927b9bfa8;  1 drivers
L_000001a927b9bff0 .functor BUFT 1, C4<0000001>, C4<0>, C4<0>, C4<0>;
v000001a927b61740_0 .net/2u *"_ivl_16", 6 0, L_000001a927b9bff0;  1 drivers
v000001a927b617e0_0 .net *"_ivl_18", 6 0, L_000001a927bfd7d0;  1 drivers
v000001a927b5f120_0 .net *"_ivl_22", 31 0, L_000001a927bfcb50;  1 drivers
L_000001a927b9c038 .functor BUFT 1, C4<000000000000000000000000000>, C4<0>, C4<0>, C4<0>;
v000001a927b5f440_0 .net *"_ivl_25", 26 0, L_000001a927b9c038;  1 drivers
L_000001a927b9c080 .functor BUFT 1, C4<00000000000000000000000000000000>, C4<0>, C4<0>, C4<0>;
v000001a927b61060_0 .net/2u *"_ivl_26", 31 0, L_000001a927b9c080;  1 drivers
v000001a927b5ff80_0 .net *"_ivl_28", 0 0, L_000001a927bfe130;  1 drivers
L_000001a927b9bed0 .functor BUFT 1, C4<000000000000000000000000000>, C4<0>, C4<0>, C4<0>;
v000001a927b60e80_0 .net *"_ivl_3", 26 0, L_000001a927b9bed0;  1 drivers
L_000001a927b9c0c8 .functor BUFT 1, C4<00000000000000000000000000000000>, C4<0>, C4<0>, C4<0>;
v000001a927b600c0_0 .net/2u *"_ivl_30", 31 0, L_000001a927b9c0c8;  1 drivers
v000001a927b60980_0 .net *"_ivl_32", 31 0, L_000001a927bfd050;  1 drivers
v000001a927b5f4e0_0 .net *"_ivl_34", 6 0, L_000001a927bfe1d0;  1 drivers
L_000001a927b9c110 .functor BUFT 1, C4<00>, C4<0>, C4<0>, C4<0>;
v000001a927b5f620_0 .net *"_ivl_37", 1 0, L_000001a927b9c110;  1 drivers
L_000001a927b9c158 .functor BUFT 1, C4<0000001>, C4<0>, C4<0>, C4<0>;
v000001a927b605c0_0 .net/2u *"_ivl_38", 6 0, L_000001a927b9c158;  1 drivers
L_000001a927b9bf18 .functor BUFT 1, C4<00000000000000000000000000000000>, C4<0>, C4<0>, C4<0>;
v000001a927b5fc60_0 .net/2u *"_ivl_4", 31 0, L_000001a927b9bf18;  1 drivers
v000001a927b60fc0_0 .net *"_ivl_40", 6 0, L_000001a927bfd0f0;  1 drivers
v000001a927b5f6c0_0 .net *"_ivl_6", 0 0, L_000001a927bfcc90;  1 drivers
L_000001a927b9bf60 .functor BUFT 1, C4<00000000000000000000000000000000>, C4<0>, C4<0>, C4<0>;
v000001a927b5fd00_0 .net/2u *"_ivl_8", 31 0, L_000001a927b9bf60;  1 drivers
v000001a927b60660_0 .net "clk", 0 0, v000001a927b92420_0;  alias, 1 drivers
v000001a927b603e0_0 .net "rd1", 31 0, L_000001a927bfd9b0;  alias, 1 drivers
v000001a927b5f580_0 .net "rd2", 31 0, L_000001a927bfce70;  alias, 1 drivers
v000001a927b5f760 .array "rf", 1 31, 31 0;
v000001a927b607a0_0 .net "rs1", 4 0, L_000001a927bfdf50;  alias, 1 drivers
v000001a927b5fda0_0 .net "rs2", 4 0, L_000001a927bfdeb0;  alias, 1 drivers
v000001a927b611a0_0 .net "rst_n", 0 0, v000001a927b95800_0;  alias, 1 drivers
v000001a927b60700_0 .net "wd", 31 0, v000001a927b67f20_0;  alias, 1 drivers
v000001a927b60480_0 .net "we", 0 0, v000001a927b86e70_0;  alias, 1 drivers
v000001a927b5fe40_0 .net "wr", 4 0, v000001a927b88090_0;  alias, 1 drivers
E_000001a927a6eae0 .event negedge, v000001a927b5eef0_0, v000001a927afcec0_0;
L_000001a927bfcf10 .concat [ 5 27 0 0], L_000001a927bfdf50, L_000001a927b9bed0;
L_000001a927bfcc90 .cmp/eq 32, L_000001a927bfcf10, L_000001a927b9bf18;
L_000001a927bfe270 .array/port v000001a927b5f760, L_000001a927bfd7d0;
L_000001a927bfe810 .concat [ 5 2 0 0], L_000001a927bfdf50, L_000001a927b9bfa8;
L_000001a927bfd7d0 .arith/sub 7, L_000001a927bfe810, L_000001a927b9bff0;
L_000001a927bfd9b0 .functor MUXZ 32, L_000001a927bfe270, L_000001a927b9bf60, L_000001a927bfcc90, C4<>;
L_000001a927bfcb50 .concat [ 5 27 0 0], L_000001a927bfdeb0, L_000001a927b9c038;
L_000001a927bfe130 .cmp/eq 32, L_000001a927bfcb50, L_000001a927b9c080;
L_000001a927bfd050 .array/port v000001a927b5f760, L_000001a927bfd0f0;
L_000001a927bfe1d0 .concat [ 5 2 0 0], L_000001a927bfdeb0, L_000001a927b9c110;
L_000001a927bfd0f0 .arith/sub 7, L_000001a927bfe1d0, L_000001a927b9c158;
L_000001a927bfce70 .functor MUXZ 32, L_000001a927bfd050, L_000001a927b9c0c8, L_000001a927bfe130, C4<>;
S_000001a927894220 .scope module, "If" "IF" 4 118, 13 7 0, S_000001a927b113c0;
 .timescale -9 -12;
    .port_info 0 /INPUT 1 "clk";
    .port_info 1 /INPUT 1 "rst_n";
    .port_info 2 /INPUT 1 "stop_IF";
    .port_info 3 /INPUT 4 "PCCTRL";
    .port_info 4 /INPUT 32 "branch_pc";
    .port_info 5 /INPUT 2 "COMPOut";
    .port_info 6 /INPUT 32 "inst_ID";
    .port_info 7 /OUTPUT 32 "inst";
    .port_info 8 /OUTPUT 32 "pc";
    .port_info 9 /OUTPUT 1 "risk_Ctrl";
P_000001a9278ee450 .param/l "IF_BUF_DEPTH" 1 13 23, +C4<00000000000000000000000000001000>;
P_000001a9278ee488 .param/l "PTR_WIDTH" 1 13 24, +C4<00000000000000000000000000000011>;
L_000001a9279b4780 .functor OR 1, L_000001a927bf7a10, L_000001a927bf78d0, C4<0>, C4<0>;
L_000001a927b9aad8 .functor BUFT 1, C4<1>, C4<0>, C4<0>, C4<0>;
L_000001a9279b5200 .functor XNOR 1, v000001a927b5f8a0_0, L_000001a927b9aad8, C4<0>, C4<0>;
L_000001a9279b5b30 .functor AND 1, L_000001a927bf8550, L_000001a9279b5200, C4<1>, C4<1>;
L_000001a9279b5cf0 .functor OR 1, L_000001a9279b4780, L_000001a9279b5b30, C4<0>, C4<0>;
L_000001a9279b46a0 .functor AND 1, L_000001a927bf7ab0, L_000001a927bf9270, C4<1>, C4<1>;
L_000001a9279b5740 .functor AND 1, L_000001a9279b46a0, L_000001a927bf8e10, C4<1>, C4<1>;
L_000001a9279b5ba0 .functor AND 1, L_000001a927bf96d0, v000001a927b66260_0, C4<1>, C4<1>;
L_000001a9278bc5c0 .functor AND 1, L_000001a9279b5ba0, L_000001a927bf8ff0, C4<1>, C4<1>;
L_000001a927945eb0 .functor AND 1, L_000001a927bf8b90, L_000001a927bf7f10, C4<1>, C4<1>;
L_000001a9279112d0 .functor AND 1, L_000001a927945eb0, L_000001a927bf8c30, C4<1>, C4<1>;
v000001a927b650e0_0 .net "COMPOut", 1 0, v000001a927aff1c0_0;  alias, 1 drivers
v000001a927b659a0_0 .net "PCCTRL", 3 0, v000001a927b85ed0_0;  alias, 1 drivers
v000001a927b663a0_0 .net "PCSel", 0 0, v000001a927b5f8a0_0;  1 drivers
v000001a927b66440_0 .net *"_ivl_0", 31 0, L_000001a927b95da0;  1 drivers
L_000001a927b9a190 .functor BUFT 1, C4<0000000000000000000000000000>, C4<0>, C4<0>, C4<0>;
v000001a927b64640_0 .net *"_ivl_11", 27 0, L_000001a927b9a190;  1 drivers
L_000001a927b9a1d8 .functor BUFT 1, C4<00000000000000000000000000000000>, C4<0>, C4<0>, C4<0>;
v000001a927b65400_0 .net/2u *"_ivl_12", 31 0, L_000001a927b9a1d8;  1 drivers
L_000001a927b9a220 .functor BUFT 1, C4<00000000000000000000000000010011>, C4<0>, C4<0>, C4<0>;
v000001a927b65180_0 .net/2u *"_ivl_16", 31 0, L_000001a927b9a220;  1 drivers
v000001a927b64d20_0 .net *"_ivl_18", 31 0, L_000001a927b96d40;  1 drivers
v000001a927b655e0_0 .net *"_ivl_20", 4 0, L_000001a927b95f80;  1 drivers
L_000001a927b9a268 .functor BUFT 1, C4<00>, C4<0>, C4<0>, C4<0>;
v000001a927b64460_0 .net *"_ivl_23", 1 0, L_000001a927b9a268;  1 drivers
L_000001a927b9a2b0 .functor BUFT 1, C4<00000000000000000000000000000000>, C4<0>, C4<0>, C4<0>;
v000001a927b64820_0 .net/2u *"_ivl_26", 31 0, L_000001a927b9a2b0;  1 drivers
v000001a927b646e0_0 .net *"_ivl_28", 31 0, L_000001a927b96480;  1 drivers
L_000001a927b9a100 .functor BUFT 1, C4<0000000000000000000000000000>, C4<0>, C4<0>, C4<0>;
v000001a927b65040_0 .net *"_ivl_3", 27 0, L_000001a927b9a100;  1 drivers
v000001a927b64e60_0 .net *"_ivl_30", 4 0, L_000001a927b94d60;  1 drivers
L_000001a927b9a2f8 .functor BUFT 1, C4<00>, C4<0>, C4<0>, C4<0>;
v000001a927b66580_0 .net *"_ivl_33", 1 0, L_000001a927b9a2f8;  1 drivers
v000001a927b64f00_0 .net *"_ivl_37", 0 0, L_000001a927bf82d0;  1 drivers
L_000001a927b9aa90 .functor BUFT 1, C4<1>, C4<0>, C4<0>, C4<0>;
v000001a927b66620_0 .net/2u *"_ivl_38", 0 0, L_000001a927b9aa90;  1 drivers
L_000001a927b9a148 .functor BUFT 1, C4<00000000000000000000000000001000>, C4<0>, C4<0>, C4<0>;
v000001a927b65ea0_0 .net/2u *"_ivl_4", 31 0, L_000001a927b9a148;  1 drivers
v000001a927b65e00_0 .net *"_ivl_40", 0 0, L_000001a927bf78d0;  1 drivers
v000001a927b65220_0 .net *"_ivl_43", 0 0, L_000001a9279b4780;  1 drivers
v000001a927b64a00_0 .net *"_ivl_45", 0 0, L_000001a927bf8550;  1 drivers
v000001a927b666c0_0 .net/2u *"_ivl_46", 0 0, L_000001a927b9aad8;  1 drivers
v000001a927b640a0_0 .net *"_ivl_48", 0 0, L_000001a9279b5200;  1 drivers
v000001a927b65f40_0 .net *"_ivl_51", 0 0, L_000001a9279b5b30;  1 drivers
v000001a927b654a0_0 .net *"_ivl_55", 0 0, L_000001a927bf7ab0;  1 drivers
v000001a927b65fe0_0 .net *"_ivl_57", 0 0, L_000001a927bf9270;  1 drivers
v000001a927b652c0_0 .net *"_ivl_59", 0 0, L_000001a9279b46a0;  1 drivers
v000001a927b64140_0 .net *"_ivl_61", 0 0, L_000001a927bf8e10;  1 drivers
v000001a927b64be0_0 .net *"_ivl_65", 0 0, L_000001a927bf96d0;  1 drivers
v000001a927b65ae0_0 .net *"_ivl_67", 0 0, L_000001a9279b5ba0;  1 drivers
v000001a927b66120_0 .net *"_ivl_69", 0 0, L_000001a927bf8ff0;  1 drivers
v000001a927b661c0_0 .net *"_ivl_73", 0 0, L_000001a927bf8b90;  1 drivers
v000001a927b65360_0 .net *"_ivl_75", 0 0, L_000001a927bf7f10;  1 drivers
v000001a927b641e0_0 .net *"_ivl_77", 0 0, L_000001a927945eb0;  1 drivers
v000001a927b64aa0_0 .net *"_ivl_79", 0 0, L_000001a927bf8c30;  1 drivers
v000001a927b643c0_0 .net *"_ivl_8", 31 0, L_000001a927b96340;  1 drivers
v000001a927b64500_0 .net "branch_pc", 31 0, L_000001a927bff2b0;  alias, 1 drivers
v000001a927b65d60_0 .var "buf_count", 3 0;
v000001a927b645a0_0 .net "buf_empty", 0 0, L_000001a927b95bc0;  1 drivers
v000001a927b65540_0 .net "buf_full", 0 0, L_000001a927b96840;  1 drivers
v000001a927b64b40_0 .var "buf_head", 2 0;
v000001a927b65680_0 .var "buf_tail", 2 0;
v000001a927b65c20_0 .net "clk", 0 0, v000001a927b92420_0;  alias, 1 drivers
v000001a927b65720_0 .net "fetch_en", 0 0, L_000001a9279b5740;  1 drivers
v000001a927b657c0_0 .net "flush", 0 0, L_000001a9279b5cf0;  1 drivers
v000001a927b66080 .array "if_buf", 7 0, 31 0;
v000001a927b65860 .array "if_buf_pc", 7 0, 31 0;
v000001a927b65900_0 .net "inst", 31 0, L_000001a927b965c0;  alias, 1 drivers
v000001a927b65a40_0 .net "inst_ID", 31 0, v000001a927b872d0_0;  alias, 1 drivers
v000001a927b65b80_0 .net "inst_irom", 31 0, v000001a927b5f260_0;  1 drivers
v000001a927b66260_0 .var "irom_valid", 0 0;
v000001a927b68060_0 .net "next_pc", 31 0, L_000001a927bf7470;  1 drivers
v000001a927b673e0_0 .net "pc", 31 0, L_000001a927b95e40;  alias, 1 drivers
v000001a927b668a0_0 .net "pop_en", 0 0, L_000001a9279112d0;  1 drivers
v000001a927b68420_0 .var "pre_fetch_pc", 31 0;
v000001a927b68600_0 .var "pre_fetch_pc_d", 31 0;
v000001a927b66bc0_0 .net "push_en", 0 0, L_000001a9278bc5c0;  1 drivers
v000001a927b67160_0 .net "risk_Ctrl", 0 0, L_000001a927bf7a10;  alias, 1 drivers
v000001a927b68920_0 .var "risk_Ctrl_delay", 0 0;
v000001a927b678e0_0 .net "rst_n", 0 0, v000001a927b95800_0;  alias, 1 drivers
v000001a927b66940_0 .net "stop_IF", 0 0, L_000001a927a89d10;  alias, 1 drivers
L_000001a927b95da0 .concat [ 4 28 0 0], v000001a927b65d60_0, L_000001a927b9a100;
L_000001a927b96840 .cmp/eq 32, L_000001a927b95da0, L_000001a927b9a148;
L_000001a927b96340 .concat [ 4 28 0 0], v000001a927b65d60_0, L_000001a927b9a190;
L_000001a927b95bc0 .cmp/eq 32, L_000001a927b96340, L_000001a927b9a1d8;
L_000001a927b96d40 .array/port v000001a927b66080, L_000001a927b95f80;
L_000001a927b95f80 .concat [ 3 2 0 0], v000001a927b64b40_0, L_000001a927b9a268;
L_000001a927b965c0 .functor MUXZ 32, L_000001a927b96d40, L_000001a927b9a220, L_000001a927b95bc0, C4<>;
L_000001a927b96480 .array/port v000001a927b65860, L_000001a927b94d60;
L_000001a927b94d60 .concat [ 3 2 0 0], v000001a927b64b40_0, L_000001a927b9a2f8;
L_000001a927b95e40 .functor MUXZ 32, L_000001a927b96480, L_000001a927b9a2b0, L_000001a927b95bc0, C4<>;
L_000001a927bf82d0 .part v000001a927b85ed0_0, 3, 1;
L_000001a927bf78d0 .cmp/eeq 1, L_000001a927bf82d0, L_000001a927b9aa90;
L_000001a927bf8550 .part v000001a927b85ed0_0, 2, 1;
L_000001a927bf7ab0 .reduce/nor L_000001a9279b5cf0;
L_000001a927bf9270 .reduce/nor L_000001a927b96840;
L_000001a927bf8e10 .reduce/nor L_000001a927a89d10;
L_000001a927bf96d0 .reduce/nor L_000001a9279b5cf0;
L_000001a927bf8ff0 .reduce/nor L_000001a927b96840;
L_000001a927bf8b90 .reduce/nor L_000001a9279b5cf0;
L_000001a927bf7f10 .reduce/nor L_000001a927b95bc0;
L_000001a927bf8c30 .reduce/nor L_000001a927a89d10;
S_000001a927514b30 .scope module, "IF_branchCTRL" "BranchCTRL" 13 66, 14 7 0, S_000001a927894220;
 .timescale -9 -12;
    .port_info 0 /INPUT 4 "PCCTRL";
    .port_info 1 /INPUT 2 "COMPOut";
    .port_info 2 /OUTPUT 1 "PCSel";
L_000001a9279b3590 .functor NOT 1, L_000001a927bf8f50, C4<0>, C4<0>, C4<0>;
L_000001a9279b2480 .functor NOT 1, L_000001a927bf8370, C4<0>, C4<0>, C4<0>;
v000001a927b60200_0 .net "COMPOut", 1 0, v000001a927aff1c0_0;  alias, 1 drivers
v000001a927b60c00_0 .net "COMP_EQ", 0 0, L_000001a927bf8f50;  1 drivers
v000001a927b616a0_0 .net "COMP_GE_EQ", 0 0, L_000001a9279b2480;  1 drivers
v000001a927b60b60_0 .net "COMP_LE", 0 0, L_000001a927bf8370;  1 drivers
v000001a927b602a0_0 .net "COMP_NEQ", 0 0, L_000001a9279b3590;  1 drivers
v000001a927b5f3a0_0 .net "PCCTRL", 3 0, v000001a927b85ed0_0;  alias, 1 drivers
v000001a927b5f8a0_0 .var "PCSel", 0 0;
L_000001a927b9a970 .functor BUFT 1, C4<0>, C4<0>, C4<0>, C4<0>;
v000001a927b5f940_0 .net/2u *"_ivl_10", 0 0, L_000001a927b9a970;  1 drivers
L_000001a927b9a9b8 .functor BUFT 1, C4<01>, C4<0>, C4<0>, C4<0>;
v000001a927b5f9e0_0 .net/2u *"_ivl_16", 1 0, L_000001a927b9a9b8;  1 drivers
v000001a927b5fa80_0 .net *"_ivl_18", 0 0, L_000001a927bf8910;  1 drivers
L_000001a927b9aa00 .functor BUFT 1, C4<1>, C4<0>, C4<0>, C4<0>;
v000001a927b60ca0_0 .net/2u *"_ivl_20", 0 0, L_000001a927b9aa00;  1 drivers
L_000001a927b9aa48 .functor BUFT 1, C4<0>, C4<0>, C4<0>, C4<0>;
v000001a927b5fbc0_0 .net/2u *"_ivl_22", 0 0, L_000001a927b9aa48;  1 drivers
L_000001a927b9a8e0 .functor BUFT 1, C4<00>, C4<0>, C4<0>, C4<0>;
v000001a927b5f080_0 .net/2u *"_ivl_4", 1 0, L_000001a927b9a8e0;  1 drivers
v000001a927b60d40_0 .net *"_ivl_6", 0 0, L_000001a927bf8870;  1 drivers
L_000001a927b9a928 .functor BUFT 1, C4<1>, C4<0>, C4<0>, C4<0>;
v000001a927b61380_0 .net/2u *"_ivl_8", 0 0, L_000001a927b9a928;  1 drivers
v000001a927b5fb20_0 .net "branch_b", 0 0, L_000001a927bf7790;  1 drivers
v000001a927b60340_0 .net "branch_j", 0 0, L_000001a927bf7830;  1 drivers
E_000001a927a6f3a0/0 .event anyedge, v000001a927b5fb20_0, v000001a927b5f3a0_0, v000001a927b60c00_0, v000001a927b602a0_0;
E_000001a927a6f3a0/1 .event anyedge, v000001a927b60b60_0, v000001a927b616a0_0, v000001a927b60340_0;
E_000001a927a6f3a0 .event/or E_000001a927a6f3a0/0, E_000001a927a6f3a0/1;
L_000001a927bf7790 .part v000001a927b85ed0_0, 2, 1;
L_000001a927bf7830 .part v000001a927b85ed0_0, 3, 1;
L_000001a927bf8870 .cmp/eq 2, v000001a927aff1c0_0, L_000001a927b9a8e0;
L_000001a927bf8f50 .functor MUXZ 1, L_000001a927b9a970, L_000001a927b9a928, L_000001a927bf8870, C4<>;
L_000001a927bf8910 .cmp/eq 2, v000001a927aff1c0_0, L_000001a927b9a9b8;
L_000001a927bf8370 .functor MUXZ 1, L_000001a927b9aa48, L_000001a927b9aa00, L_000001a927bf8910, C4<>;
S_000001a927514cc0 .scope module, "IF_irom" "InstMem" 13 73, 15 1 0, S_000001a927894220;
 .timescale -9 -12;
    .port_info 0 /INPUT 1 "clk";
    .port_info 1 /INPUT 32 "pc";
    .port_info 2 /OUTPUT 32 "inst";
v000001a927b62320_0 .net "clk", 0 0, v000001a927b92420_0;  alias, 1 drivers
v000001a927b62140_0 .net "inst", 31 0, v000001a927b5f260_0;  alias, 1 drivers
v000001a927b62820_0 .net "pc", 31 0, v000001a927b68420_0;  1 drivers
L_000001a927bf8730 .part v000001a927b68420_0, 2, 14;
S_000001a9275436e0 .scope module, "irom" "inst_mem" 15 11, 3 3 0, S_000001a927514cc0;
 .timescale -9 -12;
    .port_info 0 /INPUT 1 "clka";
    .port_info 1 /INPUT 14 "addra";
    .port_info 2 /OUTPUT 32 "douta";
v000001a927b61420_0 .net "addra", 13 0, L_000001a927bf8730;  1 drivers
v000001a927b5f1c0_0 .net "clka", 0 0, v000001a927b92420_0;  alias, 1 drivers
v000001a927b5f260_0 .var "douta", 31 0;
v000001a927b5f300 .array "ram_data", 16383 0, 31 0;
S_000001a927543870 .scope module, "IF_npc" "NPC" 13 52, 16 7 0, S_000001a927894220;
 .timescale -9 -12;
    .port_info 0 /INPUT 1 "clk";
    .port_info 1 /INPUT 1 "rst_n";
    .port_info 2 /INPUT 1 "stop_IF";
    .port_info 3 /INPUT 32 "current_pc";
    .port_info 4 /INPUT 32 "branch_pc";
    .port_info 5 /INPUT 32 "inst";
    .port_info 6 /INPUT 1 "PCSel";
    .port_info 7 /INPUT 1 "risk_Ctrl_delay";
    .port_info 8 /OUTPUT 32 "npc";
    .port_info 9 /OUTPUT 1 "risk_Ctrl";
L_000001a9279b2640 .functor XNOR 1, v000001a927b5f8a0_0, L_000001a927bf9590, C4<0>, C4<0>;
v000001a927b6b9e0_0 .net "PCSel", 0 0, v000001a927b5f8a0_0;  alias, 1 drivers
v000001a927b6bbc0_0 .net *"_ivl_1", 0 0, L_000001a927bf9590;  1 drivers
L_000001a927b9a898 .functor BUFT 1, C4<00000000000000000000000000000100>, C4<0>, C4<0>, C4<0>;
v000001a927b6bda0_0 .net/2u *"_ivl_10", 31 0, L_000001a927b9a898;  1 drivers
v000001a927b6be40_0 .net *"_ivl_12", 31 0, L_000001a927bf8af0;  1 drivers
v000001a927b6ba80_0 .net *"_ivl_14", 31 0, L_000001a927bf93b0;  1 drivers
v000001a927b6bee0_0 .net *"_ivl_16", 31 0, L_000001a927bf85f0;  1 drivers
v000001a927b6bf80_0 .net *"_ivl_2", 0 0, L_000001a9279b2640;  1 drivers
L_000001a927b9a808 .functor BUFT 1, C4<0>, C4<0>, C4<0>, C4<0>;
v000001a927b6b8a0_0 .net/2u *"_ivl_4", 0 0, L_000001a927b9a808;  1 drivers
L_000001a927b9a850 .functor BUFT 1, C4<1>, C4<0>, C4<0>, C4<0>;
v000001a927b65cc0_0 .net/2u *"_ivl_6", 0 0, L_000001a927b9a850;  1 drivers
v000001a927b664e0_0 .net "branch_pc", 31 0, L_000001a927bff2b0;  alias, 1 drivers
v000001a927b64780_0 .net "clk", 0 0, v000001a927b92420_0;  alias, 1 drivers
v000001a927b648c0_0 .net "current_pc", 31 0, L_000001a927b95e40;  alias, 1 drivers
v000001a927b64fa0_0 .net "inst", 31 0, v000001a927b872d0_0;  alias, 1 drivers
v000001a927b64280_0 .var "is_jump", 1 0;
v000001a927b64960_0 .net "npc", 31 0, L_000001a927bf7470;  alias, 1 drivers
v000001a927b64c80_0 .net "pre_jump", 0 0, v000001a927b6b1c0_0;  1 drivers
v000001a927b66760_0 .net "pre_pc", 31 0, v000001a927b69500_0;  1 drivers
v000001a927b66800_0 .net "risk_Ctrl", 0 0, L_000001a927bf7a10;  alias, 1 drivers
v000001a927b66300_0 .net "risk_Ctrl_delay", 0 0, v000001a927b68920_0;  1 drivers
v000001a927b64dc0_0 .net "rst_n", 0 0, v000001a927b95800_0;  alias, 1 drivers
v000001a927b64320_0 .net "stop_IF", 0 0, L_000001a927a89d10;  alias, 1 drivers
L_000001a927bf9590 .part v000001a927b64280_0, 0, 1;
L_000001a927bf7a10 .functor MUXZ 1, L_000001a927b9a850, L_000001a927b9a808, L_000001a9279b2640, C4<>;
L_000001a927bf8af0 .arith/sum 32, L_000001a927b95e40, L_000001a927b9a898;
L_000001a927bf93b0 .functor MUXZ 32, L_000001a927bf8af0, L_000001a927bff2b0, v000001a927b5f8a0_0, C4<>;
L_000001a927bf85f0 .functor MUXZ 32, v000001a927b69500_0, L_000001a927b95e40, L_000001a927a89d10, C4<>;
L_000001a927bf7470 .functor MUXZ 32, L_000001a927bf85f0, L_000001a927bf93b0, L_000001a927bf7a10, C4<>;
S_000001a927536220 .scope module, "branchPredictor" "BranchPredictor" 16 29, 17 7 0, S_000001a927543870;
 .timescale -9 -12;
    .port_info 0 /INPUT 1 "clk";
    .port_info 1 /INPUT 1 "rst_n";
    .port_info 2 /INPUT 32 "inst";
    .port_info 3 /INPUT 1 "risk_Ctrl_delay";
    .port_info 4 /INPUT 32 "pc";
    .port_info 5 /INPUT 32 "branch_pc";
    .port_info 6 /OUTPUT 32 "pre_pc";
    .port_info 7 /OUTPUT 1 "jump";
L_000001a927a87af0 .functor OR 1, L_000001a927b94ae0, L_000001a927b962a0, C4<0>, C4<0>;
L_000001a9279b21e0 .functor OR 1, L_000001a927b94ae0, L_000001a927b962a0, C4<0>, C4<0>;
L_000001a9279b2870 .functor OR 1, L_000001a9279b21e0, L_000001a927b96020, C4<0>, C4<0>;
L_000001a927b9a3d0 .functor BUFT 1, C4<0>, C4<0>, C4<0>, C4<0>;
v000001a927b69640_0 .net/2u *"_ivl_10", 0 0, L_000001a927b9a3d0;  1 drivers
v000001a927b6a400_0 .net *"_ivl_15", 4 0, L_000001a927b949a0;  1 drivers
L_000001a927b9a418 .functor BUFT 1, C4<11001>, C4<0>, C4<0>, C4<0>;
v000001a927b696e0_0 .net/2u *"_ivl_16", 4 0, L_000001a927b9a418;  1 drivers
v000001a927b6a360_0 .net *"_ivl_18", 0 0, L_000001a927b94ea0;  1 drivers
L_000001a927b9a460 .functor BUFT 1, C4<1>, C4<0>, C4<0>, C4<0>;
v000001a927b6a540_0 .net/2u *"_ivl_20", 0 0, L_000001a927b9a460;  1 drivers
L_000001a927b9a4a8 .functor BUFT 1, C4<0>, C4<0>, C4<0>, C4<0>;
v000001a927b6b6c0_0 .net/2u *"_ivl_22", 0 0, L_000001a927b9a4a8;  1 drivers
v000001a927b6a680_0 .net *"_ivl_27", 4 0, L_000001a927b963e0;  1 drivers
L_000001a927b9a4f0 .functor BUFT 1, C4<11000>, C4<0>, C4<0>, C4<0>;
v000001a927b69fa0_0 .net/2u *"_ivl_28", 4 0, L_000001a927b9a4f0;  1 drivers
v000001a927b698c0_0 .net *"_ivl_3", 4 0, L_000001a927b95ee0;  1 drivers
v000001a927b6a180_0 .net *"_ivl_30", 0 0, L_000001a927b94a40;  1 drivers
L_000001a927b9a538 .functor BUFT 1, C4<1>, C4<0>, C4<0>, C4<0>;
v000001a927b6a720_0 .net/2u *"_ivl_32", 0 0, L_000001a927b9a538;  1 drivers
L_000001a927b9a580 .functor BUFT 1, C4<0>, C4<0>, C4<0>, C4<0>;
v000001a927b6a7c0_0 .net/2u *"_ivl_34", 0 0, L_000001a927b9a580;  1 drivers
L_000001a927b9a340 .functor BUFT 1, C4<11011>, C4<0>, C4<0>, C4<0>;
v000001a927b6a860_0 .net/2u *"_ivl_4", 4 0, L_000001a927b9a340;  1 drivers
v000001a927b6af40_0 .net *"_ivl_54", 7 0, L_000001a927b96b60;  1 drivers
L_000001a927b9a5c8 .functor BUFT 1, C4<0>, C4<0>, C4<0>, C4<0>;
v000001a927b6ae00_0 .net/2u *"_ivl_58", 0 0, L_000001a927b9a5c8;  1 drivers
v000001a927b6a900_0 .net *"_ivl_6", 0 0, L_000001a927b94900;  1 drivers
v000001a927b69be0_0 .net *"_ivl_64", 0 0, L_000001a9279b21e0;  1 drivers
L_000001a927b9a388 .functor BUFT 1, C4<1>, C4<0>, C4<0>, C4<0>;
v000001a927b6afe0_0 .net/2u *"_ivl_8", 0 0, L_000001a927b9a388;  1 drivers
v000001a927b6b080_0 .net "bhtPreJump", 31 0, L_000001a927bf8690;  1 drivers
v000001a927b69e60_0 .net "branch_pc", 31 0, L_000001a927bff2b0;  alias, 1 drivers
v000001a927b69f00_0 .net "btbTarget", 31 0, L_000001a927a87000;  1 drivers
v000001a927b6b620_0 .net "clk", 0 0, v000001a927b92420_0;  alias, 1 drivers
v000001a927b6aae0_0 .var "imm", 31 0;
v000001a927b6ab80_0 .net "imm_J", 31 0, L_000001a927b954e0;  1 drivers
v000001a927b69960_0 .net "inst", 31 0, v000001a927b872d0_0;  alias, 1 drivers
v000001a927b6aa40_0 .net "inst0", 0 0, L_000001a927b967a0;  1 drivers
v000001a927b690a0_0 .net "inst1", 5 0, L_000001a927b96980;  1 drivers
v000001a927b6a040_0 .net "inst2", 3 0, L_000001a927b95260;  1 drivers
v000001a927b69140_0 .net "inst3", 0 0, L_000001a927b95760;  1 drivers
v000001a927b6ac20_0 .net "inst4", 7 0, L_000001a927b96a20;  1 drivers
v000001a927b6a0e0_0 .net "inst5", 3 0, L_000001a927b96ac0;  1 drivers
v000001a927b6acc0_0 .net "inst6", 0 0, L_000001a927b96f20;  1 drivers
v000001a927b69aa0_0 .net "inst_b", 0 0, L_000001a927b94ae0;  1 drivers
v000001a927b691e0_0 .net "inst_j", 0 0, L_000001a927b96020;  1 drivers
v000001a927b6ad60_0 .net "inst_jalr", 0 0, L_000001a927b962a0;  1 drivers
v000001a927b6b120_0 .net "isHit_BHT", 0 0, L_000001a927bf9450;  1 drivers
v000001a927b69320_0 .net "isHit_BTB", 0 0, L_000001a927a86820;  1 drivers
v000001a927b69460_0 .net "isJump_BHT", 0 0, v000001a927b62780_0;  1 drivers
v000001a927b6b1c0_0 .var "jump", 0 0;
v000001a927b6b260_0 .net "opecode", 6 0, L_000001a927b94e00;  1 drivers
v000001a927b69280_0 .net "pc", 31 0, L_000001a927b95e40;  alias, 1 drivers
v000001a927b69500_0 .var "pre_pc", 31 0;
v000001a927b6b940_0 .net "risk_Ctrl_delay", 0 0, v000001a927b68920_0;  alias, 1 drivers
v000001a927b6bd00_0 .net "rst_n", 0 0, v000001a927b95800_0;  alias, 1 drivers
v000001a927b6bc60_0 .net "signalEX_12", 11 0, L_000001a927b953a0;  1 drivers
v000001a927b6bb20_0 .net "signalEX_20", 19 0, L_000001a927b96c00;  1 drivers
E_000001a927a70820/0 .event anyedge, v000001a927b691e0_0, v000001a927b6ab80_0, v000001a927b61f60_0, v000001a927b6aae0_0;
E_000001a927a70820/1 .event anyedge, v000001a927b6b800_0, v000001a927b69aa0_0, v000001a927b620a0_0, v000001a927b62780_0;
E_000001a927a70820/2 .event anyedge, v000001a927b6a2c0_0, v000001a927b6ad60_0, v000001a927b61a60_0;
E_000001a927a70820 .event/or E_000001a927a70820/0, E_000001a927a70820/1, E_000001a927a70820/2;
L_000001a927b94e00 .part v000001a927b872d0_0, 0, 7;
L_000001a927b95ee0 .part L_000001a927b94e00, 2, 5;
L_000001a927b94900 .cmp/eq 5, L_000001a927b95ee0, L_000001a927b9a340;
L_000001a927b96020 .functor MUXZ 1, L_000001a927b9a3d0, L_000001a927b9a388, L_000001a927b94900, C4<>;
L_000001a927b949a0 .part L_000001a927b94e00, 2, 5;
L_000001a927b94ea0 .cmp/eq 5, L_000001a927b949a0, L_000001a927b9a418;
L_000001a927b962a0 .functor MUXZ 1, L_000001a927b9a4a8, L_000001a927b9a460, L_000001a927b94ea0, C4<>;
L_000001a927b963e0 .part L_000001a927b94e00, 2, 5;
L_000001a927b94a40 .cmp/eq 5, L_000001a927b963e0, L_000001a927b9a4f0;
L_000001a927b94ae0 .functor MUXZ 1, L_000001a927b9a580, L_000001a927b9a538, L_000001a927b94a40, C4<>;
L_000001a927b967a0 .part v000001a927b872d0_0, 31, 1;
L_000001a927b96980 .part v000001a927b872d0_0, 25, 6;
L_000001a927b95260 .part v000001a927b872d0_0, 21, 4;
L_000001a927b95760 .part v000001a927b872d0_0, 20, 1;
L_000001a927b96a20 .part v000001a927b872d0_0, 12, 8;
L_000001a927b96ac0 .part v000001a927b872d0_0, 8, 4;
L_000001a927b96f20 .part v000001a927b872d0_0, 7, 1;
LS_000001a927b953a0_0_0 .concat [ 1 1 1 1], L_000001a927b967a0, L_000001a927b967a0, L_000001a927b967a0, L_000001a927b967a0;
LS_000001a927b953a0_0_4 .concat [ 1 1 1 1], L_000001a927b967a0, L_000001a927b967a0, L_000001a927b967a0, L_000001a927b967a0;
LS_000001a927b953a0_0_8 .concat [ 1 1 1 1], L_000001a927b967a0, L_000001a927b967a0, L_000001a927b967a0, L_000001a927b967a0;
L_000001a927b953a0 .concat [ 4 4 4 0], LS_000001a927b953a0_0_0, LS_000001a927b953a0_0_4, LS_000001a927b953a0_0_8;
LS_000001a927b96b60_0_0 .concat [ 1 1 1 1], L_000001a927b967a0, L_000001a927b967a0, L_000001a927b967a0, L_000001a927b967a0;
LS_000001a927b96b60_0_4 .concat [ 1 1 1 1], L_000001a927b967a0, L_000001a927b967a0, L_000001a927b967a0, L_000001a927b967a0;
L_000001a927b96b60 .concat [ 4 4 0 0], LS_000001a927b96b60_0_0, LS_000001a927b96b60_0_4;
L_000001a927b96c00 .concat [ 12 8 0 0], L_000001a927b953a0, L_000001a927b96b60;
LS_000001a927b954e0_0_0 .concat [ 1 4 6 1], L_000001a927b9a5c8, L_000001a927b95260, L_000001a927b96980, L_000001a927b95760;
LS_000001a927b954e0_0_4 .concat [ 8 12 0 0], L_000001a927b96a20, L_000001a927b953a0;
L_000001a927b954e0 .concat [ 12 20 0 0], LS_000001a927b954e0_0_0, LS_000001a927b954e0_0_4;
S_000001a927b63b70 .scope module, "bht" "BHT" 17 55, 18 7 0, S_000001a927536220;
 .timescale -9 -12;
    .port_info 0 /INPUT 1 "clk";
    .port_info 1 /INPUT 1 "rst_n";
    .port_info 2 /INPUT 1 "isNeeded";
    .port_info 3 /INPUT 32 "pc";
    .port_info 4 /INPUT 1 "isWrong";
    .port_info 5 /INPUT 32 "branch_pc";
    .port_info 6 /OUTPUT 1 "isHit";
    .port_info 7 /OUTPUT 1 "isJump";
    .port_info 8 /OUTPUT 32 "pre_pc";
L_000001a927a89e60 .functor BUFZ 40, L_000001a927b94fe0, C4<0000000000000000000000000000000000000000>, C4<0000000000000000000000000000000000000000>, C4<0000000000000000000000000000000000000000>;
L_000001a927a89df0 .functor AND 1, L_000001a927a87af0, L_000001a927b96fc0, C4<1>, C4<1>;
L_000001a927a89ed0 .functor AND 1, L_000001a927a89df0, L_000001a927bf9770, C4<1>, C4<1>;
v000001a927b628c0 .array "PCtable", 0 127, 39 0;
v000001a927b625a0_0 .net *"_ivl_10", 8 0, L_000001a927b96e80;  1 drivers
L_000001a927b9a610 .functor BUFT 1, C4<00>, C4<0>, C4<0>, C4<0>;
v000001a927b61c40_0 .net *"_ivl_13", 1 0, L_000001a927b9a610;  1 drivers
v000001a927b61e20_0 .net *"_ivl_25", 0 0, L_000001a927a89df0;  1 drivers
v000001a927b61920_0 .net *"_ivl_26", 0 0, L_000001a927bf9770;  1 drivers
v000001a927b61d80_0 .net *"_ivl_29", 0 0, L_000001a927a89ed0;  1 drivers
L_000001a927b9a658 .functor BUFT 1, C4<1>, C4<0>, C4<0>, C4<0>;
v000001a927b62dc0_0 .net/2u *"_ivl_30", 0 0, L_000001a927b9a658;  1 drivers
L_000001a927b9a6a0 .functor BUFT 1, C4<0>, C4<0>, C4<0>, C4<0>;
v000001a927b62f00_0 .net/2u *"_ivl_32", 0 0, L_000001a927b9a6a0;  1 drivers
L_000001a927b9a6e8 .functor BUFT 1, C4<00>, C4<0>, C4<0>, C4<0>;
v000001a927b62a00_0 .net/2u *"_ivl_36", 1 0, L_000001a927b9a6e8;  1 drivers
v000001a927b61880_0 .net *"_ivl_8", 39 0, L_000001a927b94fe0;  1 drivers
v000001a927b61ba0_0 .net "blockChoice", 6 0, L_000001a927b94f40;  1 drivers
v000001a927b62be0_0 .net "blockChoosed", 39 0, L_000001a927a89e60;  1 drivers
v000001a927b62e60_0 .net "blockChoosed_History", 29 0, L_000001a927bf7dd0;  1 drivers
v000001a927b62b40_0 .net "blockChoosed_Status", 1 0, L_000001a927bf9810;  1 drivers
v000001a927b623c0_0 .net "blockChoosed_Tag", 6 0, L_000001a927b95080;  1 drivers
v000001a927b62960_0 .net "blockChoosed_isAvail", 0 0, L_000001a927b96fc0;  1 drivers
v000001a927b61ce0_0 .net "blockTag", 6 0, L_000001a927b96de0;  1 drivers
v000001a927b626e0_0 .net "branch_blockChoice", 6 0, L_000001a927b97060;  1 drivers
v000001a927b62460_0 .net "branch_blockTag", 6 0, L_000001a927b94b80;  1 drivers
v000001a927b61ec0_0 .net "branch_pc", 31 0, L_000001a927bff2b0;  alias, 1 drivers
v000001a927b62c80_0 .net "clk", 0 0, v000001a927b92420_0;  alias, 1 drivers
v000001a927b621e0_0 .var/i "i", 31 0;
v000001a927b620a0_0 .net "isHit", 0 0, L_000001a927bf9450;  alias, 1 drivers
v000001a927b62780_0 .var "isJump", 0 0;
v000001a927b62640_0 .net "isNeeded", 0 0, L_000001a927a87af0;  1 drivers
v000001a927b62d20_0 .var "isNeededWrite", 1 0;
v000001a927b619c0_0 .net "isWrong", 0 0, v000001a927b68920_0;  alias, 1 drivers
v000001a927b61f60_0 .net "pc", 31 0, L_000001a927b95e40;  alias, 1 drivers
v000001a927b61a60_0 .net "pre_pc", 31 0, L_000001a927bf8690;  alias, 1 drivers
v000001a927b61b00_0 .net "rst_n", 0 0, v000001a927b95800_0;  alias, 1 drivers
E_000001a927a70860 .event anyedge, v000001a927b62b40_0;
L_000001a927b97060 .part L_000001a927bff2b0, 2, 7;
L_000001a927b94b80 .part L_000001a927bff2b0, 9, 7;
L_000001a927b94f40 .part L_000001a927b95e40, 2, 7;
L_000001a927b96de0 .part L_000001a927b95e40, 9, 7;
L_000001a927b94fe0 .array/port v000001a927b628c0, L_000001a927b96e80;
L_000001a927b96e80 .concat [ 7 2 0 0], L_000001a927b94f40, L_000001a927b9a610;
L_000001a927b96fc0 .part L_000001a927a89e60, 39, 1;
L_000001a927b95080 .part L_000001a927a89e60, 30, 7;
L_000001a927bf9810 .part L_000001a927a89e60, 37, 2;
L_000001a927bf7dd0 .part L_000001a927a89e60, 0, 30;
L_000001a927bf9770 .cmp/eq 7, L_000001a927b95080, L_000001a927b96de0;
L_000001a927bf9450 .functor MUXZ 1, L_000001a927b9a6a0, L_000001a927b9a658, L_000001a927a89ed0, C4<>;
L_000001a927bf8690 .concat [ 2 30 0 0], L_000001a927b9a6e8, L_000001a927bf7dd0;
S_000001a927b63850 .scope module, "btb" "BTB" 17 73, 19 64 0, S_000001a927536220;
 .timescale -9 -12;
    .port_info 0 /INPUT 1 "clk";
    .port_info 1 /INPUT 1 "rst_n";
    .port_info 2 /INPUT 1 "isNeeded";
    .port_info 3 /INPUT 32 "pc";
    .port_info 4 /INPUT 32 "branch_pc";
    .port_info 5 /OUTPUT 1 "isHit";
    .port_info 6 /OUTPUT 32 "target_pc";
P_000001a9278edfd0 .param/l "BTB_DEPTH" 0 19 67, +C4<00000000000000000000000000010000>;
P_000001a9278ee008 .param/l "INDEX_WIDTH" 0 19 66, +C4<00000000000000000000000000000100>;
L_000001a927a86820 .functor AND 1, L_000001a927bf8cd0, L_000001a927bf7650, C4<1>, C4<1>;
L_000001a927a87000 .functor BUFZ 32, L_000001a927bf7970, C4<00000000000000000000000000000000>, C4<00000000000000000000000000000000>, C4<00000000000000000000000000000000>;
v000001a927b62000_0 .net *"_ivl_10", 25 0, L_000001a927bf89b0;  1 drivers
v000001a927b62280_0 .net *"_ivl_12", 5 0, L_000001a927bf75b0;  1 drivers
L_000001a927b9a778 .functor BUFT 1, C4<00>, C4<0>, C4<0>, C4<0>;
v000001a927b62500_0 .net *"_ivl_15", 1 0, L_000001a927b9a778;  1 drivers
v000001a927b6a4a0_0 .net *"_ivl_16", 0 0, L_000001a927bf7650;  1 drivers
v000001a927b6b760_0 .net *"_ivl_20", 31 0, L_000001a927bf7970;  1 drivers
v000001a927b69b40_0 .net *"_ivl_22", 5 0, L_000001a927bf8d70;  1 drivers
L_000001a927b9a7c0 .functor BUFT 1, C4<00>, C4<0>, C4<0>, C4<0>;
v000001a927b695a0_0 .net *"_ivl_25", 1 0, L_000001a927b9a7c0;  1 drivers
v000001a927b6b4e0_0 .net *"_ivl_4", 0 0, L_000001a927bf8cd0;  1 drivers
v000001a927b69780_0 .net *"_ivl_6", 5 0, L_000001a927bf8a50;  1 drivers
L_000001a927b9a730 .functor BUFT 1, C4<00>, C4<0>, C4<0>, C4<0>;
v000001a927b69a00_0 .net *"_ivl_9", 1 0, L_000001a927b9a730;  1 drivers
v000001a927b6a5e0_0 .net "branch_pc", 31 0, L_000001a927bff2b0;  alias, 1 drivers
v000001a927b6b440_0 .net "clk", 0 0, v000001a927b92420_0;  alias, 1 drivers
v000001a927b69c80_0 .var/i "i", 31 0;
v000001a927b6a9a0_0 .net "index", 3 0, L_000001a927bf7510;  1 drivers
v000001a927b6b800_0 .net "isHit", 0 0, L_000001a927a86820;  alias, 1 drivers
v000001a927b6b300_0 .net "isNeeded", 0 0, L_000001a9279b2870;  1 drivers
v000001a927b69dc0_0 .net "pc", 31 0, L_000001a927b95e40;  alias, 1 drivers
v000001a927b69d20 .array "pc_delay", 0 1, 31 0;
v000001a927b6a220_0 .net "rst_n", 0 0, v000001a927b95800_0;  alias, 1 drivers
v000001a927b6b3a0_0 .net "tag", 25 0, L_000001a927bf76f0;  1 drivers
v000001a927b6aea0 .array "tag_table", 0 15, 25 0;
v000001a927b6a2c0_0 .net "target_pc", 31 0, L_000001a927a87000;  alias, 1 drivers
v000001a927b693c0 .array "target_table", 0 15, 31 0;
v000001a927b6b580 .array "valid_table", 0 15, 0 0;
v000001a927b69820 .array "we_delay", 0 1, 0 0;
L_000001a927bf7510 .part L_000001a927b95e40, 2, 4;
L_000001a927bf76f0 .part L_000001a927b95e40, 6, 26;
L_000001a927bf8cd0 .array/port v000001a927b6b580, L_000001a927bf8a50;
L_000001a927bf8a50 .concat [ 4 2 0 0], L_000001a927bf7510, L_000001a927b9a730;
L_000001a927bf89b0 .array/port v000001a927b6aea0, L_000001a927bf75b0;
L_000001a927bf75b0 .concat [ 4 2 0 0], L_000001a927bf7510, L_000001a927b9a778;
L_000001a927bf7650 .cmp/eq 26, L_000001a927bf89b0, L_000001a927bf76f0;
L_000001a927bf7970 .array/port v000001a927b693c0, L_000001a927bf8d70;
L_000001a927bf8d70 .concat [ 4 2 0 0], L_000001a927bf7510, L_000001a927b9a7c0;
S_000001a927b636c0 .scope module, "Wb" "WB" 4 448, 20 7 0, S_000001a927b113c0;
 .timescale -9 -12;
    .port_info 0 /INPUT 32 "pc4";
    .port_info 1 /INPUT 32 "COMPExOut";
    .port_info 2 /INPUT 32 "ALUOut";
    .port_info 3 /INPUT 32 "DRAMRd";
    .port_info 4 /INPUT 2 "RWSel";
    .port_info 5 /OUTPUT 32 "RegWd";
v000001a927b67660_0 .net "ALUOut", 31 0, v000001a927b870f0_0;  alias, 1 drivers
v000001a927b67340_0 .net "COMPExOut", 31 0, L_000001a927bff670;  alias, 1 drivers
v000001a927b68100_0 .net "DRAMRd", 31 0, v000001a927b88a90_0;  alias, 1 drivers
v000001a927b689c0_0 .net "RWSel", 1 0, v000001a927b86ab0_0;  alias, 1 drivers
v000001a927b669e0_0 .net "RegWd", 31 0, v000001a927b67f20_0;  alias, 1 drivers
v000001a927b670c0_0 .net "pc4", 31 0, v000001a927b88270_0;  alias, 1 drivers
v000001a927b67f20_0 .var "reg_RegWd", 31 0;
E_000001a927a71560/0 .event anyedge, v000001a927b689c0_0, v000001a927b670c0_0, v000001a927b67340_0, v000001a927b67660_0;
E_000001a927a71560/1 .event anyedge, v000001a927b68100_0;
E_000001a927a71560 .event/or E_000001a927a71560/0, E_000001a927a71560/1;
S_000001a927b639e0 .scope module, "ctrl" "CTRL" 4 158, 21 7 0, S_000001a927b113c0;
 .timescale -9 -12;
    .port_info 0 /INPUT 1 "clk";
    .port_info 1 /INPUT 1 "rst_n";
    .port_info 2 /INPUT 7 "func7";
    .port_info 3 /INPUT 3 "func3";
    .port_info 4 /INPUT 7 "opecode";
    .port_info 5 /OUTPUT 1 "RegWe";
    .port_info 6 /OUTPUT 1 "ASel";
    .port_info 7 /OUTPUT 1 "BSel";
    .port_info 8 /OUTPUT 1 "DRAMWE";
    .port_info 9 /OUTPUT 2 "RWSel";
    .port_info 10 /OUTPUT 5 "SextOpe";
    .port_info 11 /OUTPUT 2 "DRAM_EX_TYPE";
    .port_info 12 /OUTPUT 1 "TYPE_COMP";
    .port_info 13 /OUTPUT 1 "TYPE_LOAD";
    .port_info 14 /OUTPUT 1 "TYPE_M";
    .port_info 15 /OUTPUT 3 "M_FUNC3";
    .port_info 16 /OUTPUT 4 "PCCTRL";
    .port_info 17 /OUTPUT 1 "inst_div";
    .port_info 18 /OUTPUT 3 "ALUop";
    .port_info 19 /OUTPUT 1 "Unsigned";
L_000001a927c03f70 .functor AND 1, L_000001a927bf7bf0, L_000001a927bf7290, C4<1>, C4<1>;
L_000001a927c040c0 .functor AND 1, L_000001a927c03f70, L_000001a927bf7330, C4<1>, C4<1>;
L_000001a927c03fe0 .functor AND 1, L_000001a927bf73d0, L_000001a927bf7d30, C4<1>, C4<1>;
L_000001a927c05470 .functor NOT 1, L_000001a927bf7fb0, C4<0>, C4<0>, C4<0>;
L_000001a927c044b0 .functor AND 1, L_000001a927bf73d0, L_000001a927c05470, C4<1>, C4<1>;
L_000001a927c04fa0 .functor OR 1, L_000001a927bf84b0, L_000001a927bf8230, C4<0>, C4<0>;
L_000001a927c04590 .functor OR 1, L_000001a927bf84b0, L_000001a927bf7150, C4<0>, C4<0>;
L_000001a927c055c0 .functor OR 1, L_000001a927c04590, L_000001a927bf73d0, C4<0>, C4<0>;
L_000001a927b9af58 .functor BUFT 1, C4<1>, C4<0>, C4<0>, C4<0>;
L_000001a927c05550 .functor XNOR 1, L_000001a927c055c0, L_000001a927b9af58, C4<0>, C4<0>;
L_000001a927c05010 .functor OR 1, L_000001a927c05550, L_000001a927bfa670, C4<0>, C4<0>;
L_000001a927c04bb0 .functor AND 1, L_000001a927bfa530, L_000001a927bfa710, C4<1>, C4<1>;
L_000001a927c04ad0 .functor BUFZ 3, L_000001a927b951c0, C4<000>, C4<000>, C4<000>;
L_000001a927c04de0 .functor OR 1, L_000001a927bf9f90, L_000001a927bf9e50, C4<0>, C4<0>;
L_000001a927c047c0 .functor OR 1, L_000001a927bfaf30, L_000001a927bfb930, C4<0>, C4<0>;
L_000001a927c03d40 .functor AND 1, L_000001a927bf8eb0, L_000001a927c047c0, C4<1>, C4<1>;
v000001a927b67a20_0 .net "ALUop", 2 0, v000001a927b67200_0;  alias, 1 drivers
v000001a927b67d40_0 .var "ASel", 0 0;
v000001a927b67ac0_0 .var "BSel", 0 0;
v000001a927b66c60_0 .var "DRAMWE", 0 0;
v000001a927b68b00_0 .net "DRAM_EX_TYPE", 1 0, L_000001a927bfa170;  alias, 1 drivers
v000001a927b66d00_0 .net "M_FUNC3", 2 0, L_000001a927c04ad0;  alias, 1 drivers
v000001a927b68c40_0 .var "PCCTRL", 3 0;
v000001a927b66e40_0 .var "RWSel", 1 0;
v000001a927b67840_0 .var "RegWe", 0 0;
v000001a927b67700_0 .net "SextOpe", 4 0, L_000001a927bf7b50;  alias, 1 drivers
v000001a927b67520_0 .net "TYPE_COMP", 0 0, L_000001a927bf73d0;  alias, 1 drivers
v000001a927b68240_0 .net "TYPE_COMP_I", 0 0, L_000001a927bf8050;  1 drivers
v000001a927b67de0_0 .net "TYPE_COMP_R", 0 0, L_000001a927bf7e70;  1 drivers
v000001a927b67fc0_0 .net "TYPE_FENCE", 0 0, L_000001a927bf9e50;  1 drivers
v000001a927b66da0_0 .net "TYPE_JUMP", 0 0, L_000001a927bf9bd0;  1 drivers
v000001a927b67480_0 .net "TYPE_LOAD", 0 0, L_000001a927bfbf70;  alias, 1 drivers
v000001a927b67b60_0 .net "TYPE_M", 0 0, L_000001a927bfa0d0;  alias, 1 drivers
v000001a927b677a0_0 .net "TYPE_NOP", 0 0, L_000001a927bfa490;  1 drivers
v000001a927b67980_0 .net "TYPE_PC", 0 0, L_000001a927c05010;  1 drivers
v000001a927b68a60_0 .net "Unsigned", 0 0, v000001a927b672a0_0;  alias, 1 drivers
L_000001a927b9b0c0 .functor BUFT 1, C4<0110011>, C4<0>, C4<0>, C4<0>;
v000001a927b682e0_0 .net/2u *"_ivl_103", 6 0, L_000001a927b9b0c0;  1 drivers
v000001a927b67c00_0 .net *"_ivl_105", 0 0, L_000001a927bfa530;  1 drivers
L_000001a927b9b108 .functor BUFT 1, C4<0000001>, C4<0>, C4<0>, C4<0>;
v000001a927b675c0_0 .net/2u *"_ivl_107", 6 0, L_000001a927b9b108;  1 drivers
v000001a927b68ce0_0 .net *"_ivl_109", 0 0, L_000001a927bfa710;  1 drivers
v000001a927b67ca0_0 .net *"_ivl_112", 0 0, L_000001a927c04bb0;  1 drivers
L_000001a927b9b150 .functor BUFT 1, C4<1>, C4<0>, C4<0>, C4<0>;
v000001a927b686a0_0 .net/2u *"_ivl_113", 0 0, L_000001a927b9b150;  1 drivers
L_000001a927b9b198 .functor BUFT 1, C4<0>, C4<0>, C4<0>, C4<0>;
v000001a927b68740_0 .net/2u *"_ivl_115", 0 0, L_000001a927b9b198;  1 drivers
L_000001a927b9b1e0 .functor BUFT 1, C4<0001111>, C4<0>, C4<0>, C4<0>;
v000001a927b67e80_0 .net/2u *"_ivl_119", 6 0, L_000001a927b9b1e0;  1 drivers
v000001a927b68380_0 .net *"_ivl_12", 0 0, L_000001a927bf9630;  1 drivers
v000001a927b687e0_0 .net *"_ivl_121", 0 0, L_000001a927bfadf0;  1 drivers
L_000001a927b9b228 .functor BUFT 1, C4<1>, C4<0>, C4<0>, C4<0>;
v000001a927b68ba0_0 .net/2u *"_ivl_123", 0 0, L_000001a927b9b228;  1 drivers
L_000001a927b9b270 .functor BUFT 1, C4<0>, C4<0>, C4<0>, C4<0>;
v000001a927b684c0_0 .net/2u *"_ivl_125", 0 0, L_000001a927b9b270;  1 drivers
v000001a927b68560_0 .net *"_ivl_132", 1 0, L_000001a927bf9ef0;  1 drivers
L_000001a927b9b2b8 .functor BUFT 1, C4<00>, C4<0>, C4<0>, C4<0>;
v000001a927b68e20_0 .net/2u *"_ivl_133", 1 0, L_000001a927b9b2b8;  1 drivers
v000001a927b68880_0 .net *"_ivl_135", 0 0, L_000001a927bf9f90;  1 drivers
v000001a927b66ee0_0 .net *"_ivl_138", 0 0, L_000001a927c04de0;  1 drivers
L_000001a927b9b300 .functor BUFT 1, C4<1>, C4<0>, C4<0>, C4<0>;
v000001a927b66f80_0 .net/2u *"_ivl_139", 0 0, L_000001a927b9b300;  1 drivers
v000001a927b68ec0_0 .net *"_ivl_14", 2 0, L_000001a927bf80f0;  1 drivers
L_000001a927b9b348 .functor BUFT 1, C4<0>, C4<0>, C4<0>, C4<0>;
v000001a927b68f60_0 .net/2u *"_ivl_141", 0 0, L_000001a927b9b348;  1 drivers
v000001a927b66a80_0 .net *"_ivl_146", 1 0, L_000001a927bfb2f0;  1 drivers
L_000001a927b9b390 .functor BUFT 1, C4<01>, C4<0>, C4<0>, C4<0>;
v000001a927b66b20_0 .net/2u *"_ivl_147", 1 0, L_000001a927b9b390;  1 drivers
v000001a927b67020_0 .net *"_ivl_149", 0 0, L_000001a927bfa030;  1 drivers
v000001a927b6c290_0 .net *"_ivl_15", 3 0, L_000001a927bf71f0;  1 drivers
L_000001a927b9b3d8 .functor BUFT 1, C4<1>, C4<0>, C4<0>, C4<0>;
v000001a927b6d550_0 .net/2u *"_ivl_151", 0 0, L_000001a927b9b3d8;  1 drivers
L_000001a927b9b420 .functor BUFT 1, C4<0>, C4<0>, C4<0>, C4<0>;
v000001a927b6cf10_0 .net/2u *"_ivl_153", 0 0, L_000001a927b9b420;  1 drivers
v000001a927b6dc30_0 .net *"_ivl_155", 0 0, L_000001a927bfbd90;  1 drivers
v000001a927b6d2d0_0 .net *"_ivl_158", 1 0, L_000001a927bfae90;  1 drivers
L_000001a927b9b468 .functor BUFT 1, C4<00>, C4<0>, C4<0>, C4<0>;
v000001a927b6d050_0 .net/2u *"_ivl_159", 1 0, L_000001a927b9b468;  1 drivers
v000001a927b6c6f0_0 .net *"_ivl_161", 0 0, L_000001a927bfb4d0;  1 drivers
L_000001a927b9b4b0 .functor BUFT 1, C4<1>, C4<0>, C4<0>, C4<0>;
v000001a927b6cfb0_0 .net/2u *"_ivl_163", 0 0, L_000001a927b9b4b0;  1 drivers
L_000001a927b9b4f8 .functor BUFT 1, C4<0>, C4<0>, C4<0>, C4<0>;
v000001a927b6d870_0 .net/2u *"_ivl_165", 0 0, L_000001a927b9b4f8;  1 drivers
v000001a927b6c510_0 .net *"_ivl_167", 0 0, L_000001a927bfab70;  1 drivers
L_000001a927b9ac40 .functor BUFT 1, C4<0100>, C4<0>, C4<0>, C4<0>;
v000001a927b6d5f0_0 .net/2u *"_ivl_17", 3 0, L_000001a927b9ac40;  1 drivers
L_000001a927b9b540 .functor BUFT 1, C4<0>, C4<0>, C4<0>, C4<0>;
v000001a927b6d0f0_0 .net/2u *"_ivl_171", 0 0, L_000001a927b9b540;  1 drivers
v000001a927b6e450_0 .net *"_ivl_174", 0 0, L_000001a927bfaf30;  1 drivers
v000001a927b6cdd0_0 .net *"_ivl_176", 0 0, L_000001a927bfb930;  1 drivers
v000001a927b6d410_0 .net *"_ivl_177", 0 0, L_000001a927c047c0;  1 drivers
v000001a927b6c970_0 .net *"_ivl_179", 0 0, L_000001a927c03d40;  1 drivers
v000001a927b6d190_0 .net *"_ivl_19", 0 0, L_000001a927bf7bf0;  1 drivers
v000001a927b6c470_0 .net *"_ivl_22", 1 0, L_000001a927bf8190;  1 drivers
L_000001a927b9ac88 .functor BUFT 1, C4<01>, C4<0>, C4<0>, C4<0>;
v000001a927b6c650_0 .net/2u *"_ivl_23", 1 0, L_000001a927b9ac88;  1 drivers
v000001a927b6dcd0_0 .net *"_ivl_25", 0 0, L_000001a927bf7290;  1 drivers
v000001a927b6d370_0 .net *"_ivl_28", 0 0, L_000001a927c03f70;  1 drivers
v000001a927b6d9b0_0 .net *"_ivl_30", 0 0, L_000001a927bf7330;  1 drivers
v000001a927b6d230_0 .net *"_ivl_32", 0 0, L_000001a927c040c0;  1 drivers
L_000001a927b9acd0 .functor BUFT 1, C4<1>, C4<0>, C4<0>, C4<0>;
v000001a927b6ca10_0 .net/2u *"_ivl_33", 0 0, L_000001a927b9acd0;  1 drivers
L_000001a927b9ad18 .functor BUFT 1, C4<0>, C4<0>, C4<0>, C4<0>;
v000001a927b6d910_0 .net/2u *"_ivl_35", 0 0, L_000001a927b9ad18;  1 drivers
v000001a927b6daf0_0 .net *"_ivl_40", 0 0, L_000001a927bf7d30;  1 drivers
v000001a927b6cb50_0 .net *"_ivl_41", 0 0, L_000001a927c03fe0;  1 drivers
L_000001a927b9ad60 .functor BUFT 1, C4<1>, C4<0>, C4<0>, C4<0>;
v000001a927b6d4b0_0 .net/2u *"_ivl_43", 0 0, L_000001a927b9ad60;  1 drivers
L_000001a927b9ada8 .functor BUFT 1, C4<0>, C4<0>, C4<0>, C4<0>;
v000001a927b6dd70_0 .net/2u *"_ivl_45", 0 0, L_000001a927b9ada8;  1 drivers
v000001a927b6db90_0 .net *"_ivl_50", 0 0, L_000001a927bf7fb0;  1 drivers
v000001a927b6da50_0 .net *"_ivl_51", 0 0, L_000001a927c05470;  1 drivers
v000001a927b6c5b0_0 .net *"_ivl_53", 0 0, L_000001a927c044b0;  1 drivers
L_000001a927b9adf0 .functor BUFT 1, C4<1>, C4<0>, C4<0>, C4<0>;
v000001a927b6d690_0 .net/2u *"_ivl_55", 0 0, L_000001a927b9adf0;  1 drivers
L_000001a927b9ae38 .functor BUFT 1, C4<0>, C4<0>, C4<0>, C4<0>;
v000001a927b6d730_0 .net/2u *"_ivl_57", 0 0, L_000001a927b9ae38;  1 drivers
v000001a927b6e4f0_0 .net *"_ivl_62", 4 0, L_000001a927bf87d0;  1 drivers
L_000001a927b9ae80 .functor BUFT 1, C4<11001>, C4<0>, C4<0>, C4<0>;
v000001a927b6ce70_0 .net/2u *"_ivl_63", 4 0, L_000001a927b9ae80;  1 drivers
v000001a927b6d7d0_0 .net *"_ivl_65", 0 0, L_000001a927bf8230;  1 drivers
v000001a927b6c830_0 .net *"_ivl_68", 0 0, L_000001a927c04fa0;  1 drivers
L_000001a927b9aec8 .functor BUFT 1, C4<1>, C4<0>, C4<0>, C4<0>;
v000001a927b6e130_0 .net/2u *"_ivl_69", 0 0, L_000001a927b9aec8;  1 drivers
L_000001a927b9af10 .functor BUFT 1, C4<0>, C4<0>, C4<0>, C4<0>;
v000001a927b6c150_0 .net/2u *"_ivl_71", 0 0, L_000001a927b9af10;  1 drivers
v000001a927b6de10_0 .net *"_ivl_75", 0 0, L_000001a927c04590;  1 drivers
v000001a927b6deb0_0 .net *"_ivl_77", 0 0, L_000001a927c055c0;  1 drivers
v000001a927b6df50_0 .net/2u *"_ivl_79", 0 0, L_000001a927b9af58;  1 drivers
v000001a927b6dff0_0 .net *"_ivl_8", 5 0, v000001a927b70cf0_0;  1 drivers
v000001a927b6cab0_0 .net *"_ivl_81", 0 0, L_000001a927c05550;  1 drivers
v000001a927b6e090_0 .net *"_ivl_84", 4 0, L_000001a927bfb070;  1 drivers
L_000001a927b9afa0 .functor BUFT 1, C4<00101>, C4<0>, C4<0>, C4<0>;
v000001a927b6e1d0_0 .net/2u *"_ivl_85", 4 0, L_000001a927b9afa0;  1 drivers
v000001a927b6e270_0 .net *"_ivl_87", 0 0, L_000001a927bfa670;  1 drivers
v000001a927b6e310_0 .net *"_ivl_92", 4 0, L_000001a927bfa5d0;  1 drivers
L_000001a927b9afe8 .functor BUFT 1, C4<00000>, C4<0>, C4<0>, C4<0>;
v000001a927b6e3b0_0 .net/2u *"_ivl_93", 4 0, L_000001a927b9afe8;  1 drivers
v000001a927b6c0b0_0 .net *"_ivl_95", 0 0, L_000001a927bfaad0;  1 drivers
L_000001a927b9b030 .functor BUFT 1, C4<1>, C4<0>, C4<0>, C4<0>;
v000001a927b6e590_0 .net/2u *"_ivl_97", 0 0, L_000001a927b9b030;  1 drivers
L_000001a927b9b078 .functor BUFT 1, C4<0>, C4<0>, C4<0>, C4<0>;
v000001a927b6e630_0 .net/2u *"_ivl_99", 0 0, L_000001a927b9b078;  1 drivers
v000001a927b6c8d0_0 .net "b", 0 0, L_000001a927bf7150;  1 drivers
v000001a927b6e6d0_0 .net "clk", 0 0, v000001a927b92420_0;  alias, 1 drivers
v000001a927b6e770_0 .var "counter", 0 0;
v000001a927b6cbf0_0 .net "func3", 2 0, L_000001a927b951c0;  alias, 1 drivers
v000001a927b6e810_0 .net "func7", 6 0, L_000001a927b96660;  alias, 1 drivers
v000001a927b6c1f0_0 .net "i", 0 0, L_000001a927bf98b0;  1 drivers
v000001a927b6c330_0 .net "inst_div", 0 0, L_000001a927bfc010;  alias, 1 drivers
v000001a927b6c3d0_0 .net "j", 0 0, L_000001a927bf84b0;  1 drivers
v000001a927b6c790_0 .net "opecode", 6 0, L_000001a927b94cc0;  alias, 1 drivers
v000001a927b6cc90_0 .net "r", 0 0, L_000001a927bf94f0;  1 drivers
v000001a927b6cd30_0 .net "rst_n", 0 0, v000001a927b95800_0;  alias, 1 drivers
v000001a927b6e8b0_0 .net "s", 0 0, L_000001a927bf8eb0;  1 drivers
v000001a927b70cf0_0 .var "type_reg", 5 0;
v000001a927b6ef90_0 .net "u", 0 0, L_000001a927bf9130;  1 drivers
E_000001a927a71a20 .event anyedge, v000001a927b66da0_0, v000001a927b6c8d0_0, v000001a927b68d80_0;
E_000001a927a715e0 .event anyedge, v000001a927b6e8b0_0;
E_000001a927a71760 .event anyedge, v000001a927b677a0_0, v000001a927b67480_0, v000001a927b67520_0, v000001a927b66da0_0;
E_000001a927a715a0 .event anyedge, v000001a927b6cc90_0, v000001a927b67de0_0, v000001a927b68240_0;
E_000001a927a71520 .event anyedge, v000001a927b67980_0;
E_000001a927a71a60 .event anyedge, v000001a927b6e8b0_0, v000001a927b6c8d0_0, v000001a927b677a0_0;
E_000001a927a713e0 .event anyedge, v000001a927b69000_0;
L_000001a927bf94f0 .part v000001a927b70cf0_0, 5, 1;
L_000001a927bf98b0 .part v000001a927b70cf0_0, 4, 1;
L_000001a927bf8eb0 .part v000001a927b70cf0_0, 3, 1;
L_000001a927bf7150 .part v000001a927b70cf0_0, 2, 1;
L_000001a927bf9130 .part v000001a927b70cf0_0, 1, 1;
L_000001a927bf84b0 .part v000001a927b70cf0_0, 0, 1;
LS_000001a927bf7b50_0_0 .concat [ 1 1 1 1], L_000001a927bf9130, L_000001a927bf84b0, L_000001a927bf7150, L_000001a927bf8eb0;
LS_000001a927bf7b50_0_4 .concat [ 1 0 0 0], L_000001a927bf98b0;
L_000001a927bf7b50 .concat [ 4 1 0 0], LS_000001a927bf7b50_0_0, LS_000001a927bf7b50_0_4;
L_000001a927bf9630 .part L_000001a927b94cc0, 6, 1;
L_000001a927bf80f0 .part L_000001a927b94cc0, 2, 3;
L_000001a927bf71f0 .concat [ 3 1 0 0], L_000001a927bf80f0, L_000001a927bf9630;
L_000001a927bf7bf0 .cmp/eq 4, L_000001a927bf71f0, L_000001a927b9ac40;
L_000001a927bf8190 .part L_000001a927b951c0, 1, 2;
L_000001a927bf7290 .cmp/eq 2, L_000001a927bf8190, L_000001a927b9ac88;
L_000001a927bf7330 .reduce/nor L_000001a927bfa0d0;
L_000001a927bf73d0 .functor MUXZ 1, L_000001a927b9ad18, L_000001a927b9acd0, L_000001a927c040c0, C4<>;
L_000001a927bf7d30 .part L_000001a927b94cc0, 5, 1;
L_000001a927bf7e70 .functor MUXZ 1, L_000001a927b9ada8, L_000001a927b9ad60, L_000001a927c03fe0, C4<>;
L_000001a927bf7fb0 .part L_000001a927b94cc0, 5, 1;
L_000001a927bf8050 .functor MUXZ 1, L_000001a927b9ae38, L_000001a927b9adf0, L_000001a927c044b0, C4<>;
L_000001a927bf87d0 .part L_000001a927b94cc0, 2, 5;
L_000001a927bf8230 .cmp/eq 5, L_000001a927bf87d0, L_000001a927b9ae80;
L_000001a927bf9bd0 .functor MUXZ 1, L_000001a927b9af10, L_000001a927b9aec8, L_000001a927c04fa0, C4<>;
L_000001a927bfb070 .part L_000001a927b94cc0, 2, 5;
L_000001a927bfa670 .cmp/eq 5, L_000001a927bfb070, L_000001a927b9afa0;
L_000001a927bfa5d0 .part L_000001a927b94cc0, 2, 5;
L_000001a927bfaad0 .cmp/eq 5, L_000001a927bfa5d0, L_000001a927b9afe8;
L_000001a927bfbf70 .functor MUXZ 1, L_000001a927b9b078, L_000001a927b9b030, L_000001a927bfaad0, C4<>;
L_000001a927bfa530 .cmp/eq 7, L_000001a927b94cc0, L_000001a927b9b0c0;
L_000001a927bfa710 .cmp/eq 7, L_000001a927b96660, L_000001a927b9b108;
L_000001a927bfa0d0 .functor MUXZ 1, L_000001a927b9b198, L_000001a927b9b150, L_000001a927c04bb0, C4<>;
L_000001a927bfadf0 .cmp/eq 7, L_000001a927b94cc0, L_000001a927b9b1e0;
L_000001a927bf9e50 .functor MUXZ 1, L_000001a927b9b270, L_000001a927b9b228, L_000001a927bfadf0, C4<>;
L_000001a927bf9ef0 .part L_000001a927b94cc0, 0, 2;
L_000001a927bf9f90 .cmp/eq 2, L_000001a927bf9ef0, L_000001a927b9b2b8;
L_000001a927bfa490 .functor MUXZ 1, L_000001a927b9b348, L_000001a927b9b300, L_000001a927c04de0, C4<>;
L_000001a927bfb2f0 .part L_000001a927b951c0, 0, 2;
L_000001a927bfa030 .cmp/eq 2, L_000001a927bfb2f0, L_000001a927b9b390;
L_000001a927bfbd90 .functor MUXZ 1, L_000001a927b9b420, L_000001a927b9b3d8, L_000001a927bfa030, C4<>;
L_000001a927bfae90 .part L_000001a927b951c0, 0, 2;
L_000001a927bfb4d0 .cmp/eq 2, L_000001a927bfae90, L_000001a927b9b468;
L_000001a927bfab70 .functor MUXZ 1, L_000001a927b9b4f8, L_000001a927b9b4b0, L_000001a927bfb4d0, C4<>;
L_000001a927bfa170 .concat [ 1 1 0 0], L_000001a927bfab70, L_000001a927bfbd90;
L_000001a927bfaf30 .part L_000001a927bfa170, 0, 1;
L_000001a927bfb930 .part L_000001a927bfa170, 1, 1;
L_000001a927bfc010 .functor MUXZ 1, L_000001a927c03d40, L_000001a927b9b540, v000001a927b6e770_0, C4<>;
S_000001a927b63d00 .scope module, "aluOpe" "ALUope" 21 153, 22 7 0, S_000001a927b639e0;
 .timescale -9 -12;
    .port_info 0 /INPUT 7 "func7";
    .port_info 1 /INPUT 3 "func3";
    .port_info 2 /INPUT 7 "opecode";
    .port_info 3 /OUTPUT 3 "ALUop";
    .port_info 4 /OUTPUT 1 "Unsigned";
v000001a927b67200_0 .var "ALUop", 2 0;
v000001a927b672a0_0 .var "Unsigned", 0 0;
v000001a927b68d80_0 .net "func3", 2 0, L_000001a927b951c0;  alias, 1 drivers
v000001a927b681a0_0 .net "func7", 6 0, L_000001a927b96660;  alias, 1 drivers
v000001a927b69000_0 .net "opecode", 6 0, L_000001a927b94cc0;  alias, 1 drivers
E_000001a927a71620 .event anyedge, v000001a927b68d80_0, v000001a927b69000_0;
E_000001a927a70de0 .event anyedge, v000001a927b681a0_0, v000001a927b68d80_0, v000001a927b69000_0;
S_000001a927b63080 .scope module, "ctrl_INSTDIV" "CTRL" 4 181, 21 7 0, S_000001a927b113c0;
 .timescale -9 -12;
    .port_info 0 /INPUT 1 "clk";
    .port_info 1 /INPUT 1 "rst_n";
    .port_info 2 /INPUT 7 "func7";
    .port_info 3 /INPUT 3 "func3";
    .port_info 4 /INPUT 7 "opecode";
    .port_info 5 /OUTPUT 1 "RegWe";
    .port_info 6 /OUTPUT 1 "ASel";
    .port_info 7 /OUTPUT 1 "BSel";
    .port_info 8 /OUTPUT 1 "DRAMWE";
    .port_info 9 /OUTPUT 2 "RWSel";
    .port_info 10 /OUTPUT 5 "SextOpe";
    .port_info 11 /OUTPUT 2 "DRAM_EX_TYPE";
    .port_info 12 /OUTPUT 1 "TYPE_COMP";
    .port_info 13 /OUTPUT 1 "TYPE_LOAD";
    .port_info 14 /OUTPUT 1 "TYPE_M";
    .port_info 15 /OUTPUT 3 "M_FUNC3";
    .port_info 16 /OUTPUT 4 "PCCTRL";
    .port_info 17 /OUTPUT 1 "inst_div";
    .port_info 18 /OUTPUT 3 "ALUop";
    .port_info 19 /OUTPUT 1 "Unsigned";
L_000001a927c04050 .functor AND 1, L_000001a927bfa8f0, L_000001a927bfb390, C4<1>, C4<1>;
L_000001a927c05080 .functor AND 1, L_000001a927c04050, L_000001a927bfa350, C4<1>, C4<1>;
L_000001a927c049f0 .functor AND 1, L_000001a927bfb1b0, L_000001a927bfc0b0, C4<1>, C4<1>;
L_000001a927c03f00 .functor NOT 1, L_000001a927bfac10, C4<0>, C4<0>, C4<0>;
L_000001a927c050f0 .functor AND 1, L_000001a927bfb1b0, L_000001a927c03f00, C4<1>, C4<1>;
L_000001a927c04520 .functor OR 1, L_000001a927bfa2b0, L_000001a927bfacb0, C4<0>, C4<0>;
L_000001a927c05630 .functor OR 1, L_000001a927bfa2b0, L_000001a927bfa850, C4<0>, C4<0>;
L_000001a927c05160 .functor OR 1, L_000001a927c05630, L_000001a927bfb1b0, C4<0>, C4<0>;
L_000001a927b9b8a0 .functor BUFT 1, C4<1>, C4<0>, C4<0>, C4<0>;
L_000001a927c051d0 .functor XNOR 1, L_000001a927c05160, L_000001a927b9b8a0, C4<0>, C4<0>;
L_000001a927c03e20 .functor OR 1, L_000001a927c051d0, L_000001a927bf9c70, C4<0>, C4<0>;
L_000001a927c058d0 .functor AND 1, L_000001a927bfa3f0, L_000001a927bfb750, C4<1>, C4<1>;
L_000001a927c05710 .functor BUFZ 3, L_000001a927b95a80, C4<000>, C4<000>, C4<000>;
L_000001a927c03db0 .functor OR 1, L_000001a927bfbcf0, L_000001a927bfbbb0, C4<0>, C4<0>;
L_000001a927c04600 .functor OR 1, L_000001a927bfc830, L_000001a927bfc790, C4<0>, C4<0>;
L_000001a927c056a0 .functor AND 1, L_000001a927bfa210, L_000001a927c04600, C4<1>, C4<1>;
v000001a927b70b10_0 .net "ALUop", 2 0, v000001a927b6ee50_0;  alias, 1 drivers
v000001a927b70110_0 .var "ASel", 0 0;
v000001a927b6fdf0_0 .var "BSel", 0 0;
v000001a927b706b0_0 .var "DRAMWE", 0 0;
v000001a927b70570_0 .net "DRAM_EX_TYPE", 1 0, L_000001a927bfd870;  alias, 1 drivers
v000001a927b6fd50_0 .net "M_FUNC3", 2 0, L_000001a927c05710;  alias, 1 drivers
v000001a927b6fcb0_0 .var "PCCTRL", 3 0;
v000001a927b70750_0 .var "RWSel", 1 0;
v000001a927b707f0_0 .var "RegWe", 0 0;
v000001a927b6f670_0 .net "SextOpe", 4 0, L_000001a927bfa990;  alias, 1 drivers
v000001a927b6fad0_0 .net "TYPE_COMP", 0 0, L_000001a927bfb1b0;  alias, 1 drivers
v000001a927b70c50_0 .net "TYPE_COMP_I", 0 0, L_000001a927bfad50;  1 drivers
v000001a927b6f3f0_0 .net "TYPE_COMP_R", 0 0, L_000001a927bfba70;  1 drivers
v000001a927b702f0_0 .net "TYPE_FENCE", 0 0, L_000001a927bfbbb0;  1 drivers
v000001a927b70930_0 .net "TYPE_JUMP", 0 0, L_000001a927bfb430;  1 drivers
v000001a927b709d0_0 .net "TYPE_LOAD", 0 0, L_000001a927bfb6b0;  alias, 1 drivers
v000001a927b6fb70_0 .net "TYPE_M", 0 0, L_000001a927bfb7f0;  alias, 1 drivers
v000001a927b701b0_0 .net "TYPE_NOP", 0 0, L_000001a927bfbe30;  1 drivers
v000001a927b6f850_0 .net "TYPE_PC", 0 0, L_000001a927c03e20;  1 drivers
v000001a927b70250_0 .net "Unsigned", 0 0, v000001a927b6fa30_0;  alias, 1 drivers
L_000001a927b9ba08 .functor BUFT 1, C4<0110011>, C4<0>, C4<0>, C4<0>;
v000001a927b70d90_0 .net/2u *"_ivl_103", 6 0, L_000001a927b9ba08;  1 drivers
v000001a927b6f0d0_0 .net *"_ivl_105", 0 0, L_000001a927bfa3f0;  1 drivers
L_000001a927b9ba50 .functor BUFT 1, C4<0000001>, C4<0>, C4<0>, C4<0>;
v000001a927b70890_0 .net/2u *"_ivl_107", 6 0, L_000001a927b9ba50;  1 drivers
v000001a927b704d0_0 .net *"_ivl_109", 0 0, L_000001a927bfb750;  1 drivers
v000001a927b6f530_0 .net *"_ivl_112", 0 0, L_000001a927c058d0;  1 drivers
L_000001a927b9ba98 .functor BUFT 1, C4<1>, C4<0>, C4<0>, C4<0>;
v000001a927b6f710_0 .net/2u *"_ivl_113", 0 0, L_000001a927b9ba98;  1 drivers
L_000001a927b9bae0 .functor BUFT 1, C4<0>, C4<0>, C4<0>, C4<0>;
v000001a927b70430_0 .net/2u *"_ivl_115", 0 0, L_000001a927b9bae0;  1 drivers
L_000001a927b9bb28 .functor BUFT 1, C4<0001111>, C4<0>, C4<0>, C4<0>;
v000001a927b6fc10_0 .net/2u *"_ivl_119", 6 0, L_000001a927b9bb28;  1 drivers
v000001a927b6f8f0_0 .net *"_ivl_12", 0 0, L_000001a927bfb250;  1 drivers
v000001a927b6eef0_0 .net *"_ivl_121", 0 0, L_000001a927bfb890;  1 drivers
L_000001a927b9bb70 .functor BUFT 1, C4<1>, C4<0>, C4<0>, C4<0>;
v000001a927b6f7b0_0 .net/2u *"_ivl_123", 0 0, L_000001a927b9bb70;  1 drivers
L_000001a927b9bbb8 .functor BUFT 1, C4<0>, C4<0>, C4<0>, C4<0>;
v000001a927b6f5d0_0 .net/2u *"_ivl_125", 0 0, L_000001a927b9bbb8;  1 drivers
v000001a927b6f350_0 .net *"_ivl_132", 1 0, L_000001a927bf9950;  1 drivers
L_000001a927b9bc00 .functor BUFT 1, C4<00>, C4<0>, C4<0>, C4<0>;
v000001a927b6f990_0 .net/2u *"_ivl_133", 1 0, L_000001a927b9bc00;  1 drivers
v000001a927b6ebd0_0 .net *"_ivl_135", 0 0, L_000001a927bfbcf0;  1 drivers
v000001a927b6fe90_0 .net *"_ivl_138", 0 0, L_000001a927c03db0;  1 drivers
L_000001a927b9bc48 .functor BUFT 1, C4<1>, C4<0>, C4<0>, C4<0>;
v000001a927b70610_0 .net/2u *"_ivl_139", 0 0, L_000001a927b9bc48;  1 drivers
v000001a927b6ff30_0 .net *"_ivl_14", 2 0, L_000001a927bfb110;  1 drivers
L_000001a927b9bc90 .functor BUFT 1, C4<0>, C4<0>, C4<0>, C4<0>;
v000001a927b70390_0 .net/2u *"_ivl_141", 0 0, L_000001a927b9bc90;  1 drivers
v000001a927b6ed10_0 .net *"_ivl_146", 1 0, L_000001a927bf99f0;  1 drivers
L_000001a927b9bcd8 .functor BUFT 1, C4<01>, C4<0>, C4<0>, C4<0>;
v000001a927b70a70_0 .net/2u *"_ivl_147", 1 0, L_000001a927b9bcd8;  1 drivers
v000001a927b70bb0_0 .net *"_ivl_149", 0 0, L_000001a927bf9d10;  1 drivers
v000001a927b6e950_0 .net *"_ivl_15", 3 0, L_000001a927bfa7b0;  1 drivers
L_000001a927b9bd20 .functor BUFT 1, C4<1>, C4<0>, C4<0>, C4<0>;
v000001a927b70e30_0 .net/2u *"_ivl_151", 0 0, L_000001a927b9bd20;  1 drivers
L_000001a927b9bd68 .functor BUFT 1, C4<0>, C4<0>, C4<0>, C4<0>;
v000001a927b6f030_0 .net/2u *"_ivl_153", 0 0, L_000001a927b9bd68;  1 drivers
v000001a927b6f170_0 .net *"_ivl_155", 0 0, L_000001a927bf9db0;  1 drivers
v000001a927b70ed0_0 .net *"_ivl_158", 1 0, L_000001a927bf9a90;  1 drivers
L_000001a927b9bdb0 .functor BUFT 1, C4<00>, C4<0>, C4<0>, C4<0>;
v000001a927b6ec70_0 .net/2u *"_ivl_159", 1 0, L_000001a927b9bdb0;  1 drivers
v000001a927b6f210_0 .net *"_ivl_161", 0 0, L_000001a927bf9b30;  1 drivers
L_000001a927b9bdf8 .functor BUFT 1, C4<1>, C4<0>, C4<0>, C4<0>;
v000001a927b70f70_0 .net/2u *"_ivl_163", 0 0, L_000001a927b9bdf8;  1 drivers
L_000001a927b9be40 .functor BUFT 1, C4<0>, C4<0>, C4<0>, C4<0>;
v000001a927b71010_0 .net/2u *"_ivl_165", 0 0, L_000001a927b9be40;  1 drivers
v000001a927b6e9f0_0 .net *"_ivl_167", 0 0, L_000001a927bfcdd0;  1 drivers
L_000001a927b9b588 .functor BUFT 1, C4<0100>, C4<0>, C4<0>, C4<0>;
v000001a927b6f490_0 .net/2u *"_ivl_17", 3 0, L_000001a927b9b588;  1 drivers
L_000001a927b9be88 .functor BUFT 1, C4<0>, C4<0>, C4<0>, C4<0>;
v000001a927b6ea90_0 .net/2u *"_ivl_171", 0 0, L_000001a927b9be88;  1 drivers
v000001a927b6eb30_0 .net *"_ivl_174", 0 0, L_000001a927bfc830;  1 drivers
v000001a927b6edb0_0 .net *"_ivl_176", 0 0, L_000001a927bfc790;  1 drivers
v000001a927b72370_0 .net *"_ivl_177", 0 0, L_000001a927c04600;  1 drivers
v000001a927b72d70_0 .net *"_ivl_179", 0 0, L_000001a927c056a0;  1 drivers
v000001a927b72b90_0 .net *"_ivl_19", 0 0, L_000001a927bfa8f0;  1 drivers
v000001a927b710b0_0 .net *"_ivl_22", 1 0, L_000001a927bfbc50;  1 drivers
L_000001a927b9b5d0 .functor BUFT 1, C4<01>, C4<0>, C4<0>, C4<0>;
v000001a927b72690_0 .net/2u *"_ivl_23", 1 0, L_000001a927b9b5d0;  1 drivers
v000001a927b727d0_0 .net *"_ivl_25", 0 0, L_000001a927bfb390;  1 drivers
v000001a927b72cd0_0 .net *"_ivl_28", 0 0, L_000001a927c04050;  1 drivers
v000001a927b71a10_0 .net *"_ivl_30", 0 0, L_000001a927bfa350;  1 drivers
v000001a927b71dd0_0 .net *"_ivl_32", 0 0, L_000001a927c05080;  1 drivers
L_000001a927b9b618 .functor BUFT 1, C4<1>, C4<0>, C4<0>, C4<0>;
v000001a927b72c30_0 .net/2u *"_ivl_33", 0 0, L_000001a927b9b618;  1 drivers
L_000001a927b9b660 .functor BUFT 1, C4<0>, C4<0>, C4<0>, C4<0>;
v000001a927b72af0_0 .net/2u *"_ivl_35", 0 0, L_000001a927b9b660;  1 drivers
v000001a927b73770_0 .net *"_ivl_40", 0 0, L_000001a927bfc0b0;  1 drivers
v000001a927b72870_0 .net *"_ivl_41", 0 0, L_000001a927c049f0;  1 drivers
L_000001a927b9b6a8 .functor BUFT 1, C4<1>, C4<0>, C4<0>, C4<0>;
v000001a927b72e10_0 .net/2u *"_ivl_43", 0 0, L_000001a927b9b6a8;  1 drivers
L_000001a927b9b6f0 .functor BUFT 1, C4<0>, C4<0>, C4<0>, C4<0>;
v000001a927b72730_0 .net/2u *"_ivl_45", 0 0, L_000001a927b9b6f0;  1 drivers
v000001a927b71650_0 .net *"_ivl_50", 0 0, L_000001a927bfac10;  1 drivers
v000001a927b718d0_0 .net *"_ivl_51", 0 0, L_000001a927c03f00;  1 drivers
v000001a927b720f0_0 .net *"_ivl_53", 0 0, L_000001a927c050f0;  1 drivers
L_000001a927b9b738 .functor BUFT 1, C4<1>, C4<0>, C4<0>, C4<0>;
v000001a927b71970_0 .net/2u *"_ivl_55", 0 0, L_000001a927b9b738;  1 drivers
L_000001a927b9b780 .functor BUFT 1, C4<0>, C4<0>, C4<0>, C4<0>;
v000001a927b73590_0 .net/2u *"_ivl_57", 0 0, L_000001a927b9b780;  1 drivers
v000001a927b73810_0 .net *"_ivl_62", 4 0, L_000001a927bfbed0;  1 drivers
L_000001a927b9b7c8 .functor BUFT 1, C4<11001>, C4<0>, C4<0>, C4<0>;
v000001a927b72f50_0 .net/2u *"_ivl_63", 4 0, L_000001a927b9b7c8;  1 drivers
v000001a927b73310_0 .net *"_ivl_65", 0 0, L_000001a927bfacb0;  1 drivers
v000001a927b71e70_0 .net *"_ivl_68", 0 0, L_000001a927c04520;  1 drivers
L_000001a927b9b810 .functor BUFT 1, C4<1>, C4<0>, C4<0>, C4<0>;
v000001a927b71470_0 .net/2u *"_ivl_69", 0 0, L_000001a927b9b810;  1 drivers
L_000001a927b9b858 .functor BUFT 1, C4<0>, C4<0>, C4<0>, C4<0>;
v000001a927b73090_0 .net/2u *"_ivl_71", 0 0, L_000001a927b9b858;  1 drivers
v000001a927b733b0_0 .net *"_ivl_75", 0 0, L_000001a927c05630;  1 drivers
v000001a927b72eb0_0 .net *"_ivl_77", 0 0, L_000001a927c05160;  1 drivers
v000001a927b72190_0 .net/2u *"_ivl_79", 0 0, L_000001a927b9b8a0;  1 drivers
v000001a927b729b0_0 .net *"_ivl_8", 5 0, v000001a927b71bf0_0;  1 drivers
v000001a927b71510_0 .net *"_ivl_81", 0 0, L_000001a927c051d0;  1 drivers
v000001a927b713d0_0 .net *"_ivl_84", 4 0, L_000001a927bfb610;  1 drivers
L_000001a927b9b8e8 .functor BUFT 1, C4<00101>, C4<0>, C4<0>, C4<0>;
v000001a927b73450_0 .net/2u *"_ivl_85", 4 0, L_000001a927b9b8e8;  1 drivers
v000001a927b716f0_0 .net *"_ivl_87", 0 0, L_000001a927bf9c70;  1 drivers
v000001a927b71ab0_0 .net *"_ivl_92", 4 0, L_000001a927bfaa30;  1 drivers
L_000001a927b9b930 .functor BUFT 1, C4<00000>, C4<0>, C4<0>, C4<0>;
v000001a927b72ff0_0 .net/2u *"_ivl_93", 4 0, L_000001a927b9b930;  1 drivers
v000001a927b71790_0 .net *"_ivl_95", 0 0, L_000001a927bfbb10;  1 drivers
L_000001a927b9b978 .functor BUFT 1, C4<1>, C4<0>, C4<0>, C4<0>;
v000001a927b71c90_0 .net/2u *"_ivl_97", 0 0, L_000001a927b9b978;  1 drivers
L_000001a927b9b9c0 .functor BUFT 1, C4<0>, C4<0>, C4<0>, C4<0>;
v000001a927b725f0_0 .net/2u *"_ivl_99", 0 0, L_000001a927b9b9c0;  1 drivers
v000001a927b734f0_0 .net "b", 0 0, L_000001a927bfa850;  1 drivers
v000001a927b736d0_0 .net "clk", 0 0, v000001a927b92420_0;  alias, 1 drivers
v000001a927b71b50_0 .var "counter", 0 0;
v000001a927b722d0_0 .net "func3", 2 0, L_000001a927b95a80;  alias, 1 drivers
v000001a927b71fb0_0 .net "func7", 6 0, L_000001a927b95c60;  alias, 1 drivers
v000001a927b71830_0 .net "i", 0 0, L_000001a927bfafd0;  1 drivers
v000001a927b71d30_0 .net "inst_div", 0 0, L_000001a927bfdaf0;  1 drivers
v000001a927b72230_0 .net "j", 0 0, L_000001a927bfa2b0;  1 drivers
v000001a927b72410_0 .net "opecode", 6 0, L_000001a927b95b20;  alias, 1 drivers
v000001a927b72910_0 .net "r", 0 0, L_000001a927bfb9d0;  1 drivers
v000001a927b73630_0 .net "rst_n", 0 0, v000001a927b95800_0;  alias, 1 drivers
v000001a927b72a50_0 .net "s", 0 0, L_000001a927bfa210;  1 drivers
v000001a927b71bf0_0 .var "type_reg", 5 0;
v000001a927b73130_0 .net "u", 0 0, L_000001a927bfb570;  1 drivers
E_000001a927a70fa0 .event anyedge, v000001a927b70930_0, v000001a927b734f0_0, v000001a927b6ffd0_0;
E_000001a927a71420 .event anyedge, v000001a927b72a50_0;
E_000001a927a712e0 .event anyedge, v000001a927b701b0_0, v000001a927b709d0_0, v000001a927b6fad0_0, v000001a927b70930_0;
E_000001a927a711a0 .event anyedge, v000001a927b72910_0, v000001a927b6f3f0_0, v000001a927b70c50_0;
E_000001a927a70be0 .event anyedge, v000001a927b6f850_0;
E_000001a927a70da0 .event anyedge, v000001a927b72a50_0, v000001a927b734f0_0, v000001a927b701b0_0;
E_000001a927a70ca0 .event anyedge, v000001a927b70070_0;
L_000001a927bfb9d0 .part v000001a927b71bf0_0, 5, 1;
L_000001a927bfafd0 .part v000001a927b71bf0_0, 4, 1;
L_000001a927bfa210 .part v000001a927b71bf0_0, 3, 1;
L_000001a927bfa850 .part v000001a927b71bf0_0, 2, 1;
L_000001a927bfb570 .part v000001a927b71bf0_0, 1, 1;
L_000001a927bfa2b0 .part v000001a927b71bf0_0, 0, 1;
LS_000001a927bfa990_0_0 .concat [ 1 1 1 1], L_000001a927bfb570, L_000001a927bfa2b0, L_000001a927bfa850, L_000001a927bfa210;
LS_000001a927bfa990_0_4 .concat [ 1 0 0 0], L_000001a927bfafd0;
L_000001a927bfa990 .concat [ 4 1 0 0], LS_000001a927bfa990_0_0, LS_000001a927bfa990_0_4;
L_000001a927bfb250 .part L_000001a927b95b20, 6, 1;
L_000001a927bfb110 .part L_000001a927b95b20, 2, 3;
L_000001a927bfa7b0 .concat [ 3 1 0 0], L_000001a927bfb110, L_000001a927bfb250;
L_000001a927bfa8f0 .cmp/eq 4, L_000001a927bfa7b0, L_000001a927b9b588;
L_000001a927bfbc50 .part L_000001a927b95a80, 1, 2;
L_000001a927bfb390 .cmp/eq 2, L_000001a927bfbc50, L_000001a927b9b5d0;
L_000001a927bfa350 .reduce/nor L_000001a927bfb7f0;
L_000001a927bfb1b0 .functor MUXZ 1, L_000001a927b9b660, L_000001a927b9b618, L_000001a927c05080, C4<>;
L_000001a927bfc0b0 .part L_000001a927b95b20, 5, 1;
L_000001a927bfba70 .functor MUXZ 1, L_000001a927b9b6f0, L_000001a927b9b6a8, L_000001a927c049f0, C4<>;
L_000001a927bfac10 .part L_000001a927b95b20, 5, 1;
L_000001a927bfad50 .functor MUXZ 1, L_000001a927b9b780, L_000001a927b9b738, L_000001a927c050f0, C4<>;
L_000001a927bfbed0 .part L_000001a927b95b20, 2, 5;
L_000001a927bfacb0 .cmp/eq 5, L_000001a927bfbed0, L_000001a927b9b7c8;
L_000001a927bfb430 .functor MUXZ 1, L_000001a927b9b858, L_000001a927b9b810, L_000001a927c04520, C4<>;
L_000001a927bfb610 .part L_000001a927b95b20, 2, 5;
L_000001a927bf9c70 .cmp/eq 5, L_000001a927bfb610, L_000001a927b9b8e8;
L_000001a927bfaa30 .part L_000001a927b95b20, 2, 5;
L_000001a927bfbb10 .cmp/eq 5, L_000001a927bfaa30, L_000001a927b9b930;
L_000001a927bfb6b0 .functor MUXZ 1, L_000001a927b9b9c0, L_000001a927b9b978, L_000001a927bfbb10, C4<>;
L_000001a927bfa3f0 .cmp/eq 7, L_000001a927b95b20, L_000001a927b9ba08;
L_000001a927bfb750 .cmp/eq 7, L_000001a927b95c60, L_000001a927b9ba50;
L_000001a927bfb7f0 .functor MUXZ 1, L_000001a927b9bae0, L_000001a927b9ba98, L_000001a927c058d0, C4<>;
L_000001a927bfb890 .cmp/eq 7, L_000001a927b95b20, L_000001a927b9bb28;
L_000001a927bfbbb0 .functor MUXZ 1, L_000001a927b9bbb8, L_000001a927b9bb70, L_000001a927bfb890, C4<>;
L_000001a927bf9950 .part L_000001a927b95b20, 0, 2;
L_000001a927bfbcf0 .cmp/eq 2, L_000001a927bf9950, L_000001a927b9bc00;
L_000001a927bfbe30 .functor MUXZ 1, L_000001a927b9bc90, L_000001a927b9bc48, L_000001a927c03db0, C4<>;
L_000001a927bf99f0 .part L_000001a927b95a80, 0, 2;
L_000001a927bf9d10 .cmp/eq 2, L_000001a927bf99f0, L_000001a927b9bcd8;
L_000001a927bf9db0 .functor MUXZ 1, L_000001a927b9bd68, L_000001a927b9bd20, L_000001a927bf9d10, C4<>;
L_000001a927bf9a90 .part L_000001a927b95a80, 0, 2;
L_000001a927bf9b30 .cmp/eq 2, L_000001a927bf9a90, L_000001a927b9bdb0;
L_000001a927bfcdd0 .functor MUXZ 1, L_000001a927b9be40, L_000001a927b9bdf8, L_000001a927bf9b30, C4<>;
L_000001a927bfd870 .concat [ 1 1 0 0], L_000001a927bfcdd0, L_000001a927bf9db0;
L_000001a927bfc830 .part L_000001a927bfd870, 0, 1;
L_000001a927bfc790 .part L_000001a927bfd870, 1, 1;
L_000001a927bfdaf0 .functor MUXZ 1, L_000001a927c056a0, L_000001a927b9be88, v000001a927b71b50_0, C4<>;
S_000001a927b63e90 .scope module, "aluOpe" "ALUope" 21 153, 22 7 0, S_000001a927b63080;
 .timescale -9 -12;
    .port_info 0 /INPUT 7 "func7";
    .port_info 1 /INPUT 3 "func3";
    .port_info 2 /INPUT 7 "opecode";
    .port_info 3 /OUTPUT 3 "ALUop";
    .port_info 4 /OUTPUT 1 "Unsigned";
v000001a927b6ee50_0 .var "ALUop", 2 0;
v000001a927b6fa30_0 .var "Unsigned", 0 0;
v000001a927b6ffd0_0 .net "func3", 2 0, L_000001a927b95a80;  alias, 1 drivers
v000001a927b6f2b0_0 .net "func7", 6 0, L_000001a927b95c60;  alias, 1 drivers
v000001a927b70070_0 .net "opecode", 6 0, L_000001a927b95b20;  alias, 1 drivers
E_000001a927a70e60 .event anyedge, v000001a927b6ffd0_0, v000001a927b70070_0;
E_000001a927a71720 .event anyedge, v000001a927b6f2b0_0, v000001a927b6ffd0_0, v000001a927b70070_0;
S_000001a927b63530 .scope module, "ex_if" "EX_IF" 4 142, 23 7 0, S_000001a927b113c0;
 .timescale -9 -12;
    .port_info 0 /INPUT 1 "clk";
    .port_info 1 /INPUT 1 "rst_n";
    .port_info 2 /INPUT 32 "branch_pc";
    .port_info 3 /OUTPUT 32 "branch_pc_o";
v000001a927b731d0_0 .net "branch_pc", 31 0, L_000001a927bff2b0;  alias, 1 drivers
v000001a927b71f10_0 .var "branch_pc_o", 31 0;
v000001a927b73270_0 .net "clk", 0 0, v000001a927b92420_0;  alias, 1 drivers
v000001a927b72050_0 .net "rst_n", 0 0, v000001a927b95800_0;  alias, 1 drivers
S_000001a927b63210 .scope module, "ex_mem" "EX_MEM" 4 340, 24 7 0, S_000001a927b113c0;
 .timescale -9 -12;
    .port_info 0 /INPUT 1 "clk";
    .port_info 1 /INPUT 1 "rst_n";
    .port_info 2 /INPUT 1 "M_stall";
    .port_info 3 /INPUT 1 "hold_MEM";
    .port_info 4 /INPUT 1 "bubble_MEM";
    .port_info 5 /INPUT 32 "pc";
    .port_info 6 /INPUT 2 "DRAM_EX_TYPE";
    .port_info 7 /INPUT 1 "DRAMWE";
    .port_info 8 /INPUT 2 "RWSel";
    .port_info 9 /INPUT 5 "RegWr";
    .port_info 10 /INPUT 5 "Rs2";
    .port_info 11 /INPUT 1 "RegWe";
    .port_info 12 /INPUT 2 "COMPOut";
    .port_info 13 /INPUT 32 "ALUOut";
    .port_info 14 /INPUT 32 "DRAMIn";
    .port_info 15 /INPUT 1 "Unsigned";
    .port_info 16 /OUTPUT 32 "pc_o";
    .port_info 17 /OUTPUT 2 "DRAM_EX_TYPE_o";
    .port_info 18 /OUTPUT 1 "DRAMWE_o";
    .port_info 19 /OUTPUT 2 "RWSel_o";
    .port_info 20 /OUTPUT 5 "RegWr_o";
    .port_info 21 /OUTPUT 5 "Rs2_o";
    .port_info 22 /OUTPUT 1 "RegWe_o";
    .port_info 23 /OUTPUT 2 "COMPOut_o";
    .port_info 24 /OUTPUT 32 "ALUOut_o";
    .port_info 25 /OUTPUT 32 "ALUOut_mem_o";
    .port_info 26 /OUTPUT 32 "DRAMIn_o";
    .port_info 27 /OUTPUT 1 "Unsigned_o";
v000001a927b71150_0 .net "ALUOut", 31 0, L_000001a927bff2b0;  alias, 1 drivers
v000001a927b711f0_0 .var "ALUOut_mem_o", 31 0;
v000001a927b71290_0 .var "ALUOut_o", 31 0;
v000001a927b724b0_0 .net "COMPOut", 1 0, v000001a927aff1c0_0;  alias, 1 drivers
v000001a927b71330_0 .var "COMPOut_o", 1 0;
v000001a927b715b0_0 .net "DRAMIn", 31 0, v000001a927b97420_0;  alias, 1 drivers
v000001a927b72550_0 .var "DRAMIn_o", 31 0;
v000001a927b73bd0_0 .net "DRAMWE", 0 0, v000001a927b852f0_0;  alias, 1 drivers
v000001a927b739f0_0 .var "DRAMWE_o", 0 0;
v000001a927b73b30_0 .net "DRAM_EX_TYPE", 1 0, v000001a927b85750_0;  alias, 1 drivers
v000001a927b73a90_0 .var "DRAM_EX_TYPE_o", 1 0;
v000001a927b73c70_0 .net "M_stall", 0 0, L_000001a927c05a90;  alias, 1 drivers
v000001a927b73d10_0 .net "RWSel", 1 0, v000001a927b85b10_0;  alias, 1 drivers
v000001a927b73950_0 .var "RWSel_o", 1 0;
v000001a927b73db0_0 .net "RegWe", 0 0, v000001a927b845d0_0;  alias, 1 drivers
v000001a927b73e50_0 .var "RegWe_o", 0 0;
v000001a927b73ef0_0 .net "RegWr", 4 0, v000001a927b86510_0;  alias, 1 drivers
v000001a927b73f90_0 .var "RegWr_o", 4 0;
v000001a927b738b0_0 .net "Rs2", 4 0, v000001a927b861f0_0;  alias, 1 drivers
v000001a927b8a250_0 .var "Rs2_o", 4 0;
v000001a927b8a2f0_0 .net "Unsigned", 0 0, v000001a927b84990_0;  alias, 1 drivers
v000001a927b8aed0_0 .var "Unsigned_o", 0 0;
L_000001a927b9cae8 .functor BUFT 1, C4<0>, C4<0>, C4<0>, C4<0>;
v000001a927b8ae30_0 .net "bubble_MEM", 0 0, L_000001a927b9cae8;  1 drivers
v000001a927b89f30_0 .net "clk", 0 0, v000001a927b92420_0;  alias, 1 drivers
v000001a927b8a570_0 .net "hold_MEM", 0 0, L_000001a927c05a20;  alias, 1 drivers
v000001a927b89b70_0 .net "pc", 31 0, L_000001a927bff7b0;  alias, 1 drivers
v000001a927b895d0_0 .var "pc_o", 31 0;
v000001a927b8b3d0_0 .net "rst_n", 0 0, v000001a927b95800_0;  alias, 1 drivers
S_000001a927b633a0 .scope module, "exceptionCTRL" "ExceptionCTRL" 4 500, 25 15 0, S_000001a927b113c0;
 .timescale -9 -12;
    .port_info 0 /INPUT 5 "rs1_ID";
    .port_info 1 /INPUT 5 "rs2_ID";
    .port_info 2 /INPUT 5 "wr_EX";
    .port_info 3 /INPUT 1 "isLoad";
    .port_info 4 /INPUT 1 "inst_div";
    .port_info 5 /INPUT 1 "isRiskCtrl";
    .port_info 6 /INPUT 1 "cache_stall";
    .port_info 7 /OUTPUT 1 "stop_ID";
    .port_info 8 /OUTPUT 1 "stop_IF";
L_000001a927c03790 .functor OR 1, L_000001a927c01830, L_000001a927c01b50, C4<0>, C4<0>;
L_000001a927c033a0 .functor AND 1, L_000001a927c00ed0, L_000001a927c03790, C4<1>, C4<1>;
L_000001a927c02ed0 .functor AND 1, L_000001a927c033a0, L_000001a927c018d0, C4<1>, C4<1>;
L_000001a927c02760 .functor BUFZ 1, L_000001a927bf7a10, C4<0>, C4<0>, C4<0>;
L_000001a927c034f0 .functor OR 1, L_000001a927c01ab0, L_000001a927bfc010, C4<0>, C4<0>;
L_000001a927b9cff8 .functor BUFT 1, C4<0>, C4<0>, C4<0>, C4<0>;
L_000001a927c02140 .functor OR 1, L_000001a927c034f0, L_000001a927b9cff8, C4<0>, C4<0>;
L_000001a927c023e0 .functor OR 1, L_000001a927c01ab0, L_000001a927c02760, C4<0>, C4<0>;
L_000001a927c03560 .functor OR 1, L_000001a927c023e0, L_000001a927b9cff8, C4<0>, C4<0>;
v000001a927b892b0_0 .net *"_ivl_0", 0 0, L_000001a927c01830;  1 drivers
v000001a927b8a610_0 .net *"_ivl_10", 0 0, L_000001a927c018d0;  1 drivers
v000001a927b89fd0_0 .net *"_ivl_13", 0 0, L_000001a927c02ed0;  1 drivers
L_000001a927b9cf68 .functor BUFT 1, C4<1>, C4<0>, C4<0>, C4<0>;
v000001a927b8ac50_0 .net/2u *"_ivl_14", 0 0, L_000001a927b9cf68;  1 drivers
L_000001a927b9cfb0 .functor BUFT 1, C4<0>, C4<0>, C4<0>, C4<0>;
v000001a927b8a390_0 .net/2u *"_ivl_16", 0 0, L_000001a927b9cfb0;  1 drivers
v000001a927b89670_0 .net *"_ivl_2", 0 0, L_000001a927c01b50;  1 drivers
v000001a927b89710_0 .net *"_ivl_22", 0 0, L_000001a927c034f0;  1 drivers
v000001a927b8a110_0 .net *"_ivl_26", 0 0, L_000001a927c023e0;  1 drivers
v000001a927b8b150_0 .net *"_ivl_5", 0 0, L_000001a927c03790;  1 drivers
v000001a927b89e90_0 .net *"_ivl_7", 0 0, L_000001a927c033a0;  1 drivers
L_000001a927b9cf20 .functor BUFT 1, C4<00000>, C4<0>, C4<0>, C4<0>;
v000001a927b8a6b0_0 .net/2u *"_ivl_8", 4 0, L_000001a927b9cf20;  1 drivers
v000001a927b8a070_0 .net "cache_stall", 0 0, L_000001a927b9cff8;  1 drivers
v000001a927b890d0_0 .net "inst_div", 0 0, L_000001a927bfc010;  alias, 1 drivers
v000001a927b8acf0_0 .net "isLoad", 0 0, L_000001a927c00ed0;  alias, 1 drivers
v000001a927b89df0_0 .net "isRiskCtrl", 0 0, L_000001a927bf7a10;  alias, 1 drivers
v000001a927b897b0_0 .net "risk_Ctrl", 0 0, L_000001a927c02760;  1 drivers
v000001a927b893f0_0 .net "risk_LoadUse", 0 0, L_000001a927c01ab0;  1 drivers
v000001a927b8b1f0_0 .net8 "rs1_ID", 4 0, RS_000001a927b1bcf8;  alias, 2 drivers
v000001a927b89170_0 .net8 "rs2_ID", 4 0, RS_000001a927b1bd28;  alias, 2 drivers
v000001a927b8a1b0_0 .net "stop_ID", 0 0, L_000001a927c03560;  alias, 1 drivers
v000001a927b8b650_0 .net "stop_IF", 0 0, L_000001a927c02140;  alias, 1 drivers
v000001a927b8ad90_0 .net "wr_EX", 4 0, v000001a927b86510_0;  alias, 1 drivers
L_000001a927c01830 .cmp/eq 5, RS_000001a927b1bcf8, v000001a927b86510_0;
L_000001a927c01b50 .cmp/eq 5, RS_000001a927b1bd28, v000001a927b86510_0;
L_000001a927c018d0 .cmp/ne 5, v000001a927b86510_0, L_000001a927b9cf20;
L_000001a927c01ab0 .functor MUXZ 1, L_000001a927b9cfb0, L_000001a927b9cf68, L_000001a927c02ed0, C4<>;
S_000001a927b8cbc0 .scope module, "forwardingUnit" "ForwardingUnit" 4 482, 26 7 0, S_000001a927b113c0;
 .timescale -9 -12;
    .port_info 0 /INPUT 1 "clk";
    .port_info 1 /INPUT 1 "rst_n";
    .port_info 2 /INPUT 1 "risk_Ctrl";
    .port_info 3 /INPUT 5 "rs1_ID";
    .port_info 4 /INPUT 5 "rs2_ID";
    .port_info 5 /INPUT 5 "wr_EX";
    .port_info 6 /INPUT 5 "wr_MEM";
    .port_info 7 /INPUT 1 "we_EX";
    .port_info 8 /INPUT 1 "we_MEM";
    .port_info 9 /INPUT 32 "rd_EX";
    .port_info 10 /INPUT 32 "rd_MEM";
    .port_info 11 /OUTPUT 1 "MUX_A_forwarding";
    .port_info 12 /OUTPUT 1 "MUX_B_forwarding";
    .port_info 13 /OUTPUT 32 "forwardingA";
    .port_info 14 /OUTPUT 32 "forwardingB";
L_000001a927c02ae0 .functor AND 1, L_000001a927c01e70, L_000001a927c01c90, C4<1>, C4<1>;
L_000001a927c02920 .functor AND 1, L_000001a927c02ae0, v000001a927b73e50_0, C4<1>, C4<1>;
L_000001a927c03250 .functor AND 1, L_000001a927c02920, L_000001a927c01650, C4<1>, C4<1>;
L_000001a927c03b80 .functor AND 1, L_000001a927c01970, L_000001a927c01a10, C4<1>, C4<1>;
L_000001a927c02300 .functor AND 1, L_000001a927c03b80, v000001a927b73e50_0, C4<1>, C4<1>;
L_000001a927c025a0 .functor AND 1, L_000001a927c02300, L_000001a927c01470, C4<1>, C4<1>;
L_000001a927c03480 .functor AND 1, L_000001a927c01290, L_000001a927c01510, C4<1>, C4<1>;
L_000001a927c02370 .functor AND 1, L_000001a927c03480, v000001a927b86e70_0, C4<1>, C4<1>;
L_000001a927c02d80 .functor AND 1, L_000001a927c02370, L_000001a927c016f0, C4<1>, C4<1>;
L_000001a927c032c0 .functor AND 1, L_000001a927c01790, L_000001a927c01dd0, C4<1>, C4<1>;
L_000001a927c02fb0 .functor AND 1, L_000001a927c032c0, v000001a927b86e70_0, C4<1>, C4<1>;
L_000001a927c03410 .functor AND 1, L_000001a927c02fb0, L_000001a927c01bf0, C4<1>, C4<1>;
v000001a927b89210_0 .var "MUX_A_forwarding", 0 0;
v000001a927b8af70_0 .var "MUX_B_forwarding", 0 0;
L_000001a927b9cce0 .functor BUFT 1, C4<00000>, C4<0>, C4<0>, C4<0>;
v000001a927b89490_0 .net/2u *"_ivl_0", 4 0, L_000001a927b9cce0;  1 drivers
v000001a927b8a7f0_0 .net *"_ivl_11", 0 0, L_000001a927c02920;  1 drivers
v000001a927b8b010_0 .net *"_ivl_12", 0 0, L_000001a927c01650;  1 drivers
L_000001a927b9cd70 .functor BUFT 1, C4<00000>, C4<0>, C4<0>, C4<0>;
v000001a927b8b290_0 .net/2u *"_ivl_16", 4 0, L_000001a927b9cd70;  1 drivers
v000001a927b8abb0_0 .net *"_ivl_18", 0 0, L_000001a927c01970;  1 drivers
v000001a927b8a930_0 .net *"_ivl_2", 0 0, L_000001a927c01e70;  1 drivers
L_000001a927b9cdb8 .functor BUFT 1, C4<00000>, C4<0>, C4<0>, C4<0>;
v000001a927b8a4d0_0 .net/2u *"_ivl_20", 4 0, L_000001a927b9cdb8;  1 drivers
v000001a927b8b330_0 .net *"_ivl_22", 0 0, L_000001a927c01a10;  1 drivers
v000001a927b89c10_0 .net *"_ivl_25", 0 0, L_000001a927c03b80;  1 drivers
v000001a927b8b470_0 .net *"_ivl_27", 0 0, L_000001a927c02300;  1 drivers
v000001a927b89350_0 .net *"_ivl_28", 0 0, L_000001a927c01470;  1 drivers
L_000001a927b9ce00 .functor BUFT 1, C4<00000>, C4<0>, C4<0>, C4<0>;
v000001a927b8b510_0 .net/2u *"_ivl_32", 4 0, L_000001a927b9ce00;  1 drivers
v000001a927b89850_0 .net *"_ivl_34", 0 0, L_000001a927c01290;  1 drivers
L_000001a927b9ce48 .functor BUFT 1, C4<00000>, C4<0>, C4<0>, C4<0>;
v000001a927b898f0_0 .net/2u *"_ivl_36", 4 0, L_000001a927b9ce48;  1 drivers
v000001a927b8a430_0 .net *"_ivl_38", 0 0, L_000001a927c01510;  1 drivers
L_000001a927b9cd28 .functor BUFT 1, C4<00000>, C4<0>, C4<0>, C4<0>;
v000001a927b89990_0 .net/2u *"_ivl_4", 4 0, L_000001a927b9cd28;  1 drivers
v000001a927b8b5b0_0 .net *"_ivl_41", 0 0, L_000001a927c03480;  1 drivers
v000001a927b8aa70_0 .net *"_ivl_43", 0 0, L_000001a927c02370;  1 drivers
v000001a927b8a9d0_0 .net *"_ivl_44", 0 0, L_000001a927c016f0;  1 drivers
L_000001a927b9ce90 .functor BUFT 1, C4<00000>, C4<0>, C4<0>, C4<0>;
v000001a927b8b6f0_0 .net/2u *"_ivl_48", 4 0, L_000001a927b9ce90;  1 drivers
v000001a927b8b790_0 .net *"_ivl_50", 0 0, L_000001a927c01790;  1 drivers
L_000001a927b9ced8 .functor BUFT 1, C4<00000>, C4<0>, C4<0>, C4<0>;
v000001a927b8a750_0 .net/2u *"_ivl_52", 4 0, L_000001a927b9ced8;  1 drivers
v000001a927b8a890_0 .net *"_ivl_54", 0 0, L_000001a927c01dd0;  1 drivers
v000001a927b8b830_0 .net *"_ivl_57", 0 0, L_000001a927c032c0;  1 drivers
v000001a927b8ab10_0 .net *"_ivl_59", 0 0, L_000001a927c02fb0;  1 drivers
v000001a927b89530_0 .net *"_ivl_6", 0 0, L_000001a927c01c90;  1 drivers
v000001a927b89a30_0 .net *"_ivl_60", 0 0, L_000001a927c01bf0;  1 drivers
v000001a927b89ad0_0 .net *"_ivl_9", 0 0, L_000001a927c02ae0;  1 drivers
v000001a927b89cb0_0 .net "clk", 0 0, v000001a927b92420_0;  alias, 1 drivers
v000001a927b89d50_0 .var "forwardingA", 31 0;
v000001a927b8b970_0 .var "forwardingB", 31 0;
v000001a927b8b8d0_0 .net "rd_EX", 31 0, L_000001a927c01330;  alias, 1 drivers
v000001a927b8bfb0_0 .net "rd_MEM", 31 0, L_000001a927c03c60;  alias, 1 drivers
v000001a927b8bab0_0 .net "risk_Ctrl", 0 0, L_000001a927bf7a10;  alias, 1 drivers
v000001a927b8bdd0_0 .net "risk_EX_A", 0 0, L_000001a927c03250;  1 drivers
v000001a927b8ba10_0 .net "risk_EX_B", 0 0, L_000001a927c025a0;  1 drivers
v000001a927b8bf10_0 .net "risk_MEM_A", 0 0, L_000001a927c02d80;  1 drivers
v000001a927b8bc90_0 .net "risk_MEM_B", 0 0, L_000001a927c03410;  1 drivers
v000001a927b8bb50_0 .net "rs1_ID", 4 0, v000001a927b842b0_0;  alias, 1 drivers
v000001a927b8bbf0_0 .net "rs2_ID", 4 0, v000001a927b861f0_0;  alias, 1 drivers
v000001a927b8bd30_0 .net "rst_n", 0 0, v000001a927b95800_0;  alias, 1 drivers
v000001a927b8be70_0 .net "we_EX", 0 0, v000001a927b73e50_0;  alias, 1 drivers
v000001a927b86790_0 .net "we_MEM", 0 0, v000001a927b86e70_0;  alias, 1 drivers
v000001a927b86290_0 .net "wr_EX", 4 0, v000001a927b73f90_0;  alias, 1 drivers
v000001a927b84210_0 .net "wr_MEM", 4 0, v000001a927b88090_0;  alias, 1 drivers
E_000001a927a716e0 .event anyedge, v000001a927b8ba10_0, v000001a927b8b8d0_0, v000001a927b8bc90_0, v000001a927b8bfb0_0;
E_000001a927a70c60 .event anyedge, v000001a927b8bdd0_0, v000001a927b8b8d0_0, v000001a927b8bf10_0, v000001a927b8bfb0_0;
L_000001a927c01e70 .cmp/ne 5, v000001a927b842b0_0, L_000001a927b9cce0;
L_000001a927c01c90 .cmp/ne 5, v000001a927b73f90_0, L_000001a927b9cd28;
L_000001a927c01650 .cmp/eq 5, v000001a927b842b0_0, v000001a927b73f90_0;
L_000001a927c01970 .cmp/ne 5, v000001a927b861f0_0, L_000001a927b9cd70;
L_000001a927c01a10 .cmp/ne 5, v000001a927b73f90_0, L_000001a927b9cdb8;
L_000001a927c01470 .cmp/eq 5, v000001a927b861f0_0, v000001a927b73f90_0;
L_000001a927c01290 .cmp/ne 5, v000001a927b842b0_0, L_000001a927b9ce00;
L_000001a927c01510 .cmp/ne 5, v000001a927b88090_0, L_000001a927b9ce48;
L_000001a927c016f0 .cmp/eq 5, v000001a927b842b0_0, v000001a927b88090_0;
L_000001a927c01790 .cmp/ne 5, v000001a927b861f0_0, L_000001a927b9ce90;
L_000001a927c01dd0 .cmp/ne 5, v000001a927b88090_0, L_000001a927b9ced8;
L_000001a927c01bf0 .cmp/eq 5, v000001a927b861f0_0, v000001a927b88090_0;
S_000001a927b8dcf0 .scope module, "id_ex" "ID_EX" 4 216, 27 7 0, S_000001a927b113c0;
 .timescale -9 -12;
    .port_info 0 /INPUT 1 "clk";
    .port_info 1 /INPUT 1 "rst_n";
    .port_info 2 /INPUT 1 "stop_ID";
    .port_info 3 /INPUT 1 "flush";
    .port_info 4 /INPUT 1 "inst_div";
    .port_info 5 /INPUT 32 "pc";
    .port_info 6 /INPUT 1 "ASel";
    .port_info 7 /INPUT 1 "BSel";
    .port_info 8 /INPUT 32 "Anum";
    .port_info 9 /INPUT 32 "Bnum";
    .port_info 10 /INPUT 32 "Anum2";
    .port_info 11 /INPUT 32 "Bnum2";
    .port_info 12 /INPUT 3 "ALUop";
    .port_info 13 /INPUT 1 "Unsigned";
    .port_info 14 /INPUT 2 "DRAM_EX_TYPE";
    .port_info 15 /INPUT 1 "DRAMWE";
    .port_info 16 /INPUT 2 "RWSel";
    .port_info 17 /INPUT 5 "RegWr";
    .port_info 18 /INPUT 5 "Rs1";
    .port_info 19 /INPUT 5 "Rs2";
    .port_info 20 /INPUT 1 "RegWe";
    .port_info 21 /INPUT 4 "PCCTRL";
    .port_info 22 /INPUT 1 "M";
    .port_info 23 /INPUT 3 "M_FUNC3";
    .port_info 24 /INPUT 1 "ASel_div";
    .port_info 25 /INPUT 1 "BSel_div";
    .port_info 26 /INPUT 3 "ALUop_div";
    .port_info 27 /INPUT 1 "Unsigned_div";
    .port_info 28 /INPUT 2 "DRAM_EX_TYPE_div";
    .port_info 29 /INPUT 1 "DRAMWE_div";
    .port_info 30 /INPUT 2 "RWSel_div";
    .port_info 31 /INPUT 5 "RegWr_div";
    .port_info 32 /INPUT 5 "Rs1_div";
    .port_info 33 /INPUT 5 "Rs2_div";
    .port_info 34 /INPUT 1 "RegWe_div";
    .port_info 35 /INPUT 4 "PCCTRL_div";
    .port_info 36 /INPUT 1 "M_div";
    .port_info 37 /INPUT 3 "M_FUNC3_div";
    .port_info 38 /INPUT 1 "hold_EX";
    .port_info 39 /OUTPUT 32 "pc_o";
    .port_info 40 /OUTPUT 1 "ASel_o";
    .port_info 41 /OUTPUT 1 "BSel_o";
    .port_info 42 /OUTPUT 32 "Anum_o";
    .port_info 43 /OUTPUT 32 "Bnum_o";
    .port_info 44 /OUTPUT 32 "Anum2_o";
    .port_info 45 /OUTPUT 32 "Bnum2_o";
    .port_info 46 /OUTPUT 3 "ALUop_o";
    .port_info 47 /OUTPUT 1 "Unsigned_o";
    .port_info 48 /OUTPUT 2 "DRAM_EX_TYPE_o";
    .port_info 49 /OUTPUT 1 "DRAMWE_o";
    .port_info 50 /OUTPUT 2 "RWSel_o";
    .port_info 51 /OUTPUT 5 "RegWr_o";
    .port_info 52 /OUTPUT 5 "Rs1_o";
    .port_info 53 /OUTPUT 5 "Rs2_o";
    .port_info 54 /OUTPUT 1 "RegWe_o";
    .port_info 55 /OUTPUT 4 "PCCTRL_o";
    .port_info 56 /OUTPUT 1 "M_o";
    .port_info 57 /OUTPUT 3 "M_FUNC3_o";
v000001a927b85a70_0 .net "ALUop", 2 0, v000001a927b67200_0;  alias, 1 drivers
v000001a927b85f70_0 .net "ALUop_div", 2 0, v000001a927b6ee50_0;  alias, 1 drivers
v000001a927b84170_0 .var "ALUop_o", 2 0;
v000001a927b85070_0 .net "ASel", 0 0, v000001a927b67d40_0;  alias, 1 drivers
v000001a927b860b0_0 .net "ASel_div", 0 0, v000001a927b70110_0;  alias, 1 drivers
v000001a927b863d0_0 .var "ASel_o", 0 0;
v000001a927b85570_0 .net "Anum", 31 0, v000001a927b974c0_0;  1 drivers
v000001a927b85250_0 .net "Anum2", 31 0, v000001a927b98f00_0;  1 drivers
v000001a927b843f0_0 .var "Anum2_o", 31 0;
v000001a927b84490_0 .var "Anum_o", 31 0;
v000001a927b84670_0 .net "BSel", 0 0, v000001a927b67ac0_0;  alias, 1 drivers
v000001a927b86470_0 .net "BSel_div", 0 0, v000001a927b6fdf0_0;  alias, 1 drivers
v000001a927b85390_0 .var "BSel_o", 0 0;
v000001a927b84cb0_0 .net "Bnum", 31 0, v000001a927b994a0_0;  1 drivers
v000001a927b85430_0 .net "Bnum2", 31 0, v000001a927b981e0_0;  1 drivers
v000001a927b84710_0 .var "Bnum2_o", 31 0;
v000001a927b85930_0 .var "Bnum_o", 31 0;
v000001a927b857f0_0 .net "DRAMWE", 0 0, v000001a927b66c60_0;  alias, 1 drivers
v000001a927b866f0_0 .net "DRAMWE_div", 0 0, v000001a927b706b0_0;  alias, 1 drivers
v000001a927b852f0_0 .var "DRAMWE_o", 0 0;
v000001a927b84fd0_0 .net "DRAM_EX_TYPE", 1 0, L_000001a927bfa170;  alias, 1 drivers
v000001a927b847b0_0 .net "DRAM_EX_TYPE_div", 1 0, L_000001a927bfd870;  alias, 1 drivers
v000001a927b85750_0 .var "DRAM_EX_TYPE_o", 1 0;
v000001a927b85610_0 .net "M", 0 0, L_000001a927bfa0d0;  alias, 1 drivers
v000001a927b854d0_0 .net "M_FUNC3", 2 0, L_000001a927c04ad0;  alias, 1 drivers
v000001a927b84350_0 .net "M_FUNC3_div", 2 0, L_000001a927c05710;  alias, 1 drivers
v000001a927b84850_0 .var "M_FUNC3_o", 2 0;
v000001a927b85d90_0 .net "M_div", 0 0, L_000001a927bfb7f0;  alias, 1 drivers
v000001a927b856b0_0 .var "M_o", 0 0;
v000001a927b85890_0 .net "PCCTRL", 3 0, v000001a927b68c40_0;  alias, 1 drivers
v000001a927b859d0_0 .net "PCCTRL_div", 3 0, v000001a927b6fcb0_0;  alias, 1 drivers
v000001a927b85ed0_0 .var "PCCTRL_o", 3 0;
v000001a927b86010_0 .net "RWSel", 1 0, v000001a927b66e40_0;  alias, 1 drivers
v000001a927b84e90_0 .net "RWSel_div", 1 0, v000001a927b70750_0;  alias, 1 drivers
v000001a927b85b10_0 .var "RWSel_o", 1 0;
v000001a927b85bb0_0 .net "RegWe", 0 0, v000001a927b67840_0;  alias, 1 drivers
v000001a927b85c50_0 .net "RegWe_div", 0 0, v000001a927b707f0_0;  alias, 1 drivers
v000001a927b845d0_0 .var "RegWe_o", 0 0;
v000001a927b85cf0_0 .net "RegWr", 4 0, L_000001a927bfc3d0;  1 drivers
v000001a927b85e30_0 .net "RegWr_div", 4 0, L_000001a927bfc8d0;  1 drivers
v000001a927b86510_0 .var "RegWr_o", 4 0;
v000001a927b865b0_0 .net8 "Rs1", 4 0, RS_000001a927b1bcf8;  alias, 2 drivers
v000001a927b848f0_0 .net "Rs1_div", 4 0, L_000001a927bfde10;  1 drivers
v000001a927b842b0_0 .var "Rs1_o", 4 0;
v000001a927b86150_0 .net8 "Rs2", 4 0, RS_000001a927b1bd28;  alias, 2 drivers
v000001a927b84f30_0 .net "Rs2_div", 4 0, L_000001a927bfd410;  1 drivers
v000001a927b861f0_0 .var "Rs2_o", 4 0;
v000001a927b86330_0 .net "Unsigned", 0 0, v000001a927b672a0_0;  alias, 1 drivers
v000001a927b85110_0 .net "Unsigned_div", 0 0, v000001a927b6fa30_0;  alias, 1 drivers
v000001a927b84990_0 .var "Unsigned_o", 0 0;
v000001a927b851b0_0 .net "clk", 0 0, v000001a927b92420_0;  alias, 1 drivers
v000001a927b84530_0 .net "flush", 0 0, L_000001a927bf7a10;  alias, 1 drivers
v000001a927b86650_0 .net "hold_EX", 0 0, L_000001a927c04b40;  1 drivers
v000001a927b84a30_0 .net "inst_div", 0 0, L_000001a927bfc010;  alias, 1 drivers
v000001a927b86830_0 .net "pc", 31 0, v000001a927b874b0_0;  alias, 1 drivers
v000001a927b84c10_0 .var "pc_o", 31 0;
v000001a927b840d0_0 .net "rst_n", 0 0, v000001a927b95800_0;  alias, 1 drivers
v000001a927b84ad0_0 .net "stop_ID", 0 0, L_000001a927c03560;  alias, 1 drivers
S_000001a927b8cd50 .scope module, "if_id" "IF_ID" 4 131, 28 7 0, S_000001a927b113c0;
 .timescale -9 -12;
    .port_info 0 /INPUT 1 "clk";
    .port_info 1 /INPUT 1 "rst_n";
    .port_info 2 /INPUT 1 "stop_IF";
    .port_info 3 /INPUT 1 "flush";
    .port_info 4 /INPUT 32 "pc";
    .port_info 5 /INPUT 32 "inst";
    .port_info 6 /OUTPUT 32 "pc_o";
    .port_info 7 /OUTPUT 32 "inst_o";
v000001a927b84b70_0 .net "clk", 0 0, v000001a927b92420_0;  alias, 1 drivers
v000001a927b84d50_0 .net "flush", 0 0, L_000001a927bf7a10;  alias, 1 drivers
v000001a927b84df0_0 .net "inst", 31 0, L_000001a927b965c0;  alias, 1 drivers
v000001a927b872d0_0 .var "inst_o", 31 0;
v000001a927b87ff0_0 .net "pc", 31 0, L_000001a927b95e40;  alias, 1 drivers
v000001a927b874b0_0 .var "pc_o", 31 0;
v000001a927b889f0_0 .net "rst_n", 0 0, v000001a927b95800_0;  alias, 1 drivers
v000001a927b87550_0 .net "stop_IF", 0 0, L_000001a927a89d10;  alias, 1 drivers
S_000001a927b8cee0 .scope module, "instDivider" "InstDivider" 4 152, 29 7 0, S_000001a927b113c0;
 .timescale -9 -12;
    .port_info 0 /INPUT 32 "inst_in";
    .port_info 1 /OUTPUT 32 "inst_out";
v000001a927b88590_0 .net *"_ivl_1", 4 0, L_000001a927bf91d0;  1 drivers
L_000001a927b9ab68 .functor BUFT 1, C4<10>, C4<0>, C4<0>, C4<0>;
v000001a927b87d70_0 .net/2u *"_ivl_10", 1 0, L_000001a927b9ab68;  1 drivers
L_000001a927b9abb0 .functor BUFT 1, C4<00000>, C4<0>, C4<0>, C4<0>;
v000001a927b88d10_0 .net/2u *"_ivl_12", 4 0, L_000001a927b9abb0;  1 drivers
L_000001a927b9abf8 .functor BUFT 1, C4<0000011>, C4<0>, C4<0>, C4<0>;
v000001a927b88bd0_0 .net/2u *"_ivl_14", 6 0, L_000001a927b9abf8;  1 drivers
L_000001a927b9ab20 .functor BUFT 1, C4<00>, C4<0>, C4<0>, C4<0>;
v000001a927b87c30_0 .net/2u *"_ivl_2", 1 0, L_000001a927b9ab20;  1 drivers
v000001a927b87a50_0 .net *"_ivl_5", 4 0, L_000001a927bf9090;  1 drivers
v000001a927b88310_0 .net *"_ivl_7", 4 0, L_000001a927bf8410;  1 drivers
v000001a927b883b0_0 .net *"_ivl_9", 0 0, L_000001a927bf7c90;  1 drivers
v000001a927b86dd0_0 .net "inst_in", 31 0, v000001a927b872d0_0;  alias, 1 drivers
v000001a927b87b90_0 .net "inst_out", 31 0, L_000001a927bf9310;  alias, 1 drivers
L_000001a927bf91d0 .part v000001a927b872d0_0, 27, 5;
L_000001a927bf9090 .part v000001a927b872d0_0, 7, 5;
L_000001a927bf8410 .part v000001a927b872d0_0, 15, 5;
L_000001a927bf7c90 .part v000001a927b872d0_0, 14, 1;
LS_000001a927bf9310_0_0 .concat [ 7 5 2 1], L_000001a927b9abf8, L_000001a927b9abb0, L_000001a927b9ab68, L_000001a927bf7c90;
LS_000001a927bf9310_0_4 .concat [ 5 5 2 5], L_000001a927bf8410, L_000001a927bf9090, L_000001a927b9ab20, L_000001a927bf91d0;
L_000001a927bf9310 .concat [ 15 17 0 0], LS_000001a927bf9310_0_0, LS_000001a927bf9310_0_4;
S_000001a927b8db60 .scope module, "mem" "MEM" 4 406, 30 8 0, S_000001a927b113c0;
 .timescale -9 -12;
    .port_info 0 /INPUT 32 "addr";
    .port_info 1 /INPUT 1 "DRAMWE";
    .port_info 2 /INPUT 2 "DRAM_EX_TYPE";
    .port_info 3 /INPUT 1 "Unsigned";
    .port_info 4 /INPUT 32 "bus_rd";
    .port_info 5 /INPUT 32 "din";
    .port_info 6 /INPUT 32 "bus_rd_WB";
    .port_info 7 /OUTPUT 32 "bus_addr";
    .port_info 8 /OUTPUT 32 "bus_wd";
    .port_info 9 /OUTPUT 4 "bus_we";
    .port_info 10 /OUTPUT 1 "bus_ctrl";
    .port_info 11 /OUTPUT 32 "DRAMRd";
L_000001a927c05c50 .functor BUFZ 32, v000001a927b711f0_0, C4<00000000000000000000000000000000>, C4<00000000000000000000000000000000>, C4<00000000000000000000000000000000>;
L_000001a927c05cc0 .functor BUFZ 32, v000001a927b879b0_0, C4<00000000000000000000000000000000>, C4<00000000000000000000000000000000>, C4<00000000000000000000000000000000>;
L_000001a927c03170 .functor BUFZ 32, v000001a927b87370_0, C4<00000000000000000000000000000000>, C4<00000000000000000000000000000000>, C4<00000000000000000000000000000000>;
L_000001a927c02d10 .functor OR 1, L_000001a927c00d90, L_000001a927bff990, C4<0>, C4<0>;
L_000001a927c03330 .functor BUFZ 32, v000001a927b87370_0, C4<00000000000000000000000000000000>, C4<00000000000000000000000000000000>, C4<00000000000000000000000000000000>;
v000001a927b87e10_0 .net8 "DRAMRd", 31 0, RS_000001a927b1db28;  alias, 2 drivers
v000001a927b87370_0 .var "DRAMRd_reg", 31 0;
v000001a927b86b50_0 .net "DRAMWE", 0 0, L_000001a927c03cd0;  1 drivers
v000001a927b886d0_0 .net "DRAM_EX_TYPE", 1 0, v000001a927b73a90_0;  alias, 1 drivers
v000001a927b884f0_0 .net "TYPE_B", 0 0, L_000001a927bff990;  1 drivers
v000001a927b877d0_0 .net "TYPE_H", 0 0, L_000001a927c00d90;  1 drivers
v000001a927b86bf0_0 .net "TYPE_HB", 0 0, L_000001a927c02d10;  1 drivers
v000001a927b888b0_0 .net "Unsigned", 0 0, v000001a927b8aed0_0;  alias, 1 drivers
L_000001a927b9cbc0 .functor BUFT 1, C4<0000>, C4<0>, C4<0>, C4<0>;
v000001a927b86d30_0 .net/2u *"_ivl_2", 3 0, L_000001a927b9cbc0;  1 drivers
v000001a927b86a10_0 .net *"_ivl_7", 0 0, L_000001a927c00bb0;  1 drivers
v000001a927b87870_0 .net "addr", 31 0, v000001a927b711f0_0;  alias, 1 drivers
v000001a927b88c70_0 .net "bus_addr", 31 0, L_000001a927c05c50;  alias, 1 drivers
v000001a927b875f0_0 .net "bus_ctrl", 0 0, L_000001a927bfeb30;  alias, 1 drivers
v000001a927b87cd0_0 .net "bus_rd", 31 0, L_000001a927a897d0;  alias, 1 drivers
v000001a927b87190_0 .net "bus_rd_WB", 31 0, v000001a927b92b00_0;  1 drivers
v000001a927b87910_0 .net "bus_wd", 31 0, L_000001a927c05cc0;  alias, 1 drivers
v000001a927b87690_0 .net "bus_we", 3 0, L_000001a927c00a70;  alias, 1 drivers
v000001a927b87730_0 .var "byte_we_reg", 3 0;
v000001a927b87af0_0 .net "din", 31 0, L_000001a927c00890;  alias, 1 drivers
v000001a927b879b0_0 .var "din_reg", 31 0;
v000001a927b87230_0 .var "rd_reg", 31 0;
E_000001a927a718e0 .event anyedge, v000001a927b884f0_0, v000001a927b711f0_0, v000001a927b87af0_0, v000001a927b877d0_0;
E_000001a927a70e20 .event anyedge, v000001a927b87230_0, v000001a927b884f0_0, v000001a927b8aed0_0, v000001a927b877d0_0;
E_000001a927a70b60 .event anyedge, v000001a927b711f0_0, v000001a927b87cd0_0, v000001a927b86bf0_0, v000001a927b884f0_0;
L_000001a927c00a70 .functor MUXZ 4, L_000001a927b9cbc0, v000001a927b87730_0, L_000001a927c03cd0, C4<>;
L_000001a927c00bb0 .reduce/or L_000001a927c00a70;
L_000001a927bfeb30 .concat [ 1 0 0 0], L_000001a927c00bb0;
L_000001a927bff990 .part v000001a927b73a90_0, 0, 1;
L_000001a927c00d90 .part v000001a927b73a90_0, 1, 1;
S_000001a927b8c0d0 .scope module, "mem_wb" "MEM_WB" 4 421, 31 7 0, S_000001a927b113c0;
 .timescale -9 -12;
    .port_info 0 /INPUT 1 "clk";
    .port_info 1 /INPUT 1 "rst_n";
    .port_info 2 /INPUT 1 "hold";
    .port_info 3 /INPUT 32 "pc4";
    .port_info 4 /INPUT 2 "RWSel";
    .port_info 5 /INPUT 5 "RegWr";
    .port_info 6 /INPUT 1 "RegWe";
    .port_info 7 /INPUT 2 "COMPOut";
    .port_info 8 /INPUT 32 "ALUOut";
    .port_info 9 /INPUT 32 "DRAMRd";
    .port_info 10 /OUTPUT 32 "pc4_o";
    .port_info 11 /OUTPUT 2 "RWSel_o";
    .port_info 12 /OUTPUT 5 "RegWr_o";
    .port_info 13 /OUTPUT 1 "RegWe_o";
    .port_info 14 /OUTPUT 2 "COMPOut_o";
    .port_info 15 /OUTPUT 32 "ALUOut_o";
    .port_info 16 /OUTPUT 32 "DRAMRd_o";
v000001a927b868d0_0 .net "ALUOut", 31 0, v000001a927b71290_0;  alias, 1 drivers
v000001a927b870f0_0 .var "ALUOut_o", 31 0;
v000001a927b88630_0 .net "COMPOut", 1 0, v000001a927b71330_0;  alias, 1 drivers
v000001a927b87eb0_0 .var "COMPOut_o", 1 0;
v000001a927b87f50_0 .net8 "DRAMRd", 31 0, RS_000001a927b1db28;  alias, 2 drivers
v000001a927b88a90_0 .var "DRAMRd_o", 31 0;
v000001a927b88b30_0 .net "RWSel", 1 0, v000001a927b73950_0;  alias, 1 drivers
v000001a927b86ab0_0 .var "RWSel_o", 1 0;
v000001a927b86970_0 .net "RegWe", 0 0, v000001a927b73e50_0;  alias, 1 drivers
v000001a927b86e70_0 .var "RegWe_o", 0 0;
v000001a927b87410_0 .net "RegWr", 4 0, v000001a927b73f90_0;  alias, 1 drivers
v000001a927b88090_0 .var "RegWr_o", 4 0;
v000001a927b86c90_0 .net "clk", 0 0, v000001a927b92420_0;  alias, 1 drivers
v000001a927b88130_0 .net "hold", 0 0, L_000001a927c05a20;  alias, 1 drivers
v000001a927b881d0_0 .net "pc4", 31 0, v000001a927b895d0_0;  alias, 1 drivers
v000001a927b88270_0 .var "pc4_o", 31 0;
v000001a927b88450_0 .net "rst_n", 0 0, v000001a927b95800_0;  alias, 1 drivers
    .scope S_000001a927b63b70;
T_0 ;
    %wait E_000001a927a6d7e0;
    %load/vec4 v000001a927b61b00_0;
    %inv;
    %flag_set/vec4 8;
    %jmp/0xz  T_0.0, 8;
    %pushi/vec4 0, 0, 2;
    %assign/vec4 v000001a927b62d20_0, 0;
    %jmp T_0.1;
T_0.0 ;
    %load/vec4 v000001a927b62d20_0;
    %parti/s 1, 0, 2;
    %load/vec4 v000001a927b62640_0;
    %concat/vec4; draw_concat_vec4
    %assign/vec4 v000001a927b62d20_0, 0;
T_0.1 ;
    %jmp T_0;
    .thread T_0;
    .scope S_000001a927b63b70;
T_1 ;
    %wait E_000001a927a6d7e0;
    %load/vec4 v000001a927b61b00_0;
    %inv;
    %flag_set/vec4 8;
    %jmp/0xz  T_1.0, 8;
    %pushi/vec4 0, 0, 32;
    %store/vec4 v000001a927b621e0_0, 0, 32;
T_1.2 ;
    %load/vec4 v000001a927b621e0_0;
    %cmpi/s 128, 0, 32;
    %jmp/0xz T_1.3, 5;
    %pushi/vec4 0, 0, 1;
    %ix/getv/s 3, v000001a927b621e0_0;
    %ix/load 4, 39, 0; part off
    %ix/load 5, 0, 0; Constant delay
    %assign/vec4/a/d v000001a927b628c0, 4, 5;
    %pushi/vec4 3, 0, 2;
    %ix/getv/s 3, v000001a927b621e0_0;
    %ix/load 4, 37, 0; part off
    %ix/load 5, 0, 0; Constant delay
    %assign/vec4/a/d v000001a927b628c0, 4, 5;
    %load/vec4 v000001a927b621e0_0;
    %addi 1, 0, 32;
    %store/vec4 v000001a927b621e0_0, 0, 32;
    %jmp T_1.2;
T_1.3 ;
    %jmp T_1.1;
T_1.0 ;
    %load/vec4 v000001a927b62d20_0;
    %parti/s 1, 1, 2;
    %flag_set/vec4 8;
    %jmp/0xz  T_1.4, 8;
    %pushi/vec4 1, 0, 1;
    %load/vec4 v000001a927b626e0_0;
    %pad/u 9;
    %ix/vec4 3;
    %ix/load 4, 39, 0; part off
    %ix/load 5, 0, 0; Constant delay
    %assign/vec4/a/d v000001a927b628c0, 4, 5;
    %load/vec4 v000001a927b62460_0;
    %load/vec4 v000001a927b626e0_0;
    %pad/u 9;
    %ix/vec4 3;
    %ix/load 4, 30, 0; part off
    %ix/load 5, 0, 0; Constant delay
    %assign/vec4/a/d v000001a927b628c0, 4, 5;
    %load/vec4 v000001a927b61ec0_0;
    %parti/s 30, 2, 3;
    %load/vec4 v000001a927b626e0_0;
    %pad/u 9;
    %ix/vec4 3;
    %ix/load 4, 0, 0; Constant delay
    %assign/vec4/a/d v000001a927b628c0, 0, 4;
    %load/vec4 v000001a927b626e0_0;
    %pad/u 9;
    %ix/vec4 4;
    %load/vec4a v000001a927b628c0, 4;
    %parti/s 2, 37, 7;
    %dup/vec4;
    %pushi/vec4 0, 0, 2;
    %cmp/u;
    %jmp/1 T_1.6, 6;
    %dup/vec4;
    %pushi/vec4 1, 0, 2;
    %cmp/u;
    %jmp/1 T_1.7, 6;
    %dup/vec4;
    %pushi/vec4 3, 0, 2;
    %cmp/u;
    %jmp/1 T_1.8, 6;
    %dup/vec4;
    %pushi/vec4 2, 0, 2;
    %cmp/u;
    %jmp/1 T_1.9, 6;
    %jmp T_1.10;
T_1.6 ;
    %load/vec4 v000001a927b619c0_0;
    %flag_set/vec4 8;
    %jmp/0 T_1.11, 8;
    %pushi/vec4 1, 0, 2;
    %jmp/1 T_1.12, 8;
T_1.11 ; End of true expr.
    %pushi/vec4 0, 0, 2;
    %jmp/0 T_1.12, 8;
 ; End of false expr.
    %blend;
T_1.12;
    %load/vec4 v000001a927b626e0_0;
    %pad/u 9;
    %ix/vec4 3;
    %ix/load 4, 37, 0; part off
    %ix/load 5, 0, 0; Constant delay
    %assign/vec4/a/d v000001a927b628c0, 4, 5;
    %jmp T_1.10;
T_1.7 ;
    %load/vec4 v000001a927b619c0_0;
    %flag_set/vec4 8;
    %jmp/0 T_1.13, 8;
    %pushi/vec4 3, 0, 2;
    %jmp/1 T_1.14, 8;
T_1.13 ; End of true expr.
    %pushi/vec4 0, 0, 2;
    %jmp/0 T_1.14, 8;
 ; End of false expr.
    %blend;
T_1.14;
    %load/vec4 v000001a927b626e0_0;
    %pad/u 9;
    %ix/vec4 3;
    %ix/load 4, 37, 0; part off
    %ix/load 5, 0, 0; Constant delay
    %assign/vec4/a/d v000001a927b628c0, 4, 5;
    %jmp T_1.10;
T_1.8 ;
    %load/vec4 v000001a927b619c0_0;
    %flag_set/vec4 8;
    %jmp/0 T_1.15, 8;
    %pushi/vec4 1, 0, 2;
    %jmp/1 T_1.16, 8;
T_1.15 ; End of true expr.
    %pushi/vec4 2, 0, 2;
    %jmp/0 T_1.16, 8;
 ; End of false expr.
    %blend;
T_1.16;
    %load/vec4 v000001a927b626e0_0;
    %pad/u 9;
    %ix/vec4 3;
    %ix/load 4, 37, 0; part off
    %ix/load 5, 0, 0; Constant delay
    %assign/vec4/a/d v000001a927b628c0, 4, 5;
    %jmp T_1.10;
T_1.9 ;
    %load/vec4 v000001a927b619c0_0;
    %flag_set/vec4 8;
    %jmp/0 T_1.17, 8;
    %pushi/vec4 3, 0, 2;
    %jmp/1 T_1.18, 8;
T_1.17 ; End of true expr.
    %pushi/vec4 2, 0, 2;
    %jmp/0 T_1.18, 8;
 ; End of false expr.
    %blend;
T_1.18;
    %load/vec4 v000001a927b626e0_0;
    %pad/u 9;
    %ix/vec4 3;
    %ix/load 4, 37, 0; part off
    %ix/load 5, 0, 0; Constant delay
    %assign/vec4/a/d v000001a927b628c0, 4, 5;
    %jmp T_1.10;
T_1.10 ;
    %pop/vec4 1;
T_1.4 ;
T_1.1 ;
    %jmp T_1;
    .thread T_1;
    .scope S_000001a927b63b70;
T_2 ;
    %wait E_000001a927a70860;
    %load/vec4 v000001a927b62b40_0;
    %dup/vec4;
    %pushi/vec4 0, 0, 2;
    %cmp/u;
    %jmp/1 T_2.0, 6;
    %dup/vec4;
    %pushi/vec4 1, 0, 2;
    %cmp/u;
    %jmp/1 T_2.1, 6;
    %dup/vec4;
    %pushi/vec4 3, 0, 2;
    %cmp/u;
    %jmp/1 T_2.2, 6;
    %dup/vec4;
    %pushi/vec4 2, 0, 2;
    %cmp/u;
    %jmp/1 T_2.3, 6;
    %jmp T_2.4;
T_2.0 ;
    %pushi/vec4 1, 0, 1;
    %store/vec4 v000001a927b62780_0, 0, 1;
    %jmp T_2.4;
T_2.1 ;
    %pushi/vec4 1, 0, 1;
    %store/vec4 v000001a927b62780_0, 0, 1;
    %jmp T_2.4;
T_2.2 ;
    %pushi/vec4 0, 0, 1;
    %store/vec4 v000001a927b62780_0, 0, 1;
    %jmp T_2.4;
T_2.3 ;
    %pushi/vec4 0, 0, 1;
    %store/vec4 v000001a927b62780_0, 0, 1;
    %jmp T_2.4;
T_2.4 ;
    %pop/vec4 1;
    %jmp T_2;
    .thread T_2, $push;
    .scope S_000001a927b63850;
T_3 ;
    %wait E_000001a927a6d7e0;
    %load/vec4 v000001a927b6a220_0;
    %inv;
    %flag_set/vec4 8;
    %jmp/0xz  T_3.0, 8;
    %pushi/vec4 0, 0, 32;
    %ix/load 3, 0, 0;
    %flag_set/imm 4, 0;
    %ix/load 4, 0, 0; Constant delay
    %assign/vec4/a/d v000001a927b69d20, 0, 4;
    %pushi/vec4 0, 0, 32;
    %ix/load 3, 1, 0;
    %flag_set/imm 4, 0;
    %ix/load 4, 0, 0; Constant delay
    %assign/vec4/a/d v000001a927b69d20, 0, 4;
    %pushi/vec4 0, 0, 1;
    %ix/load 3, 0, 0;
    %flag_set/imm 4, 0;
    %ix/load 4, 0, 0; Constant delay
    %assign/vec4/a/d v000001a927b69820, 0, 4;
    %pushi/vec4 0, 0, 1;
    %ix/load 3, 1, 0;
    %flag_set/imm 4, 0;
    %ix/load 4, 0, 0; Constant delay
    %assign/vec4/a/d v000001a927b69820, 0, 4;
    %jmp T_3.1;
T_3.0 ;
    %load/vec4 v000001a927b69dc0_0;
    %ix/load 3, 0, 0;
    %flag_set/imm 4, 0;
    %ix/load 4, 0, 0; Constant delay
    %assign/vec4/a/d v000001a927b69d20, 0, 4;
    %ix/load 4, 0, 0;
    %flag_set/imm 4, 0;
    %load/vec4a v000001a927b69d20, 4;
    %ix/load 3, 1, 0;
    %flag_set/imm 4, 0;
    %ix/load 4, 0, 0; Constant delay
    %assign/vec4/a/d v000001a927b69d20, 0, 4;
    %load/vec4 v000001a927b6b300_0;
    %ix/load 3, 0, 0;
    %flag_set/imm 4, 0;
    %ix/load 4, 0, 0; Constant delay
    %assign/vec4/a/d v000001a927b69820, 0, 4;
    %ix/load 4, 0, 0;
    %flag_set/imm 4, 0;
    %load/vec4a v000001a927b69820, 4;
    %ix/load 3, 1, 0;
    %flag_set/imm 4, 0;
    %ix/load 4, 0, 0; Constant delay
    %assign/vec4/a/d v000001a927b69820, 0, 4;
T_3.1 ;
    %jmp T_3;
    .thread T_3;
    .scope S_000001a927b63850;
T_4 ;
    %wait E_000001a927a6d7e0;
    %load/vec4 v000001a927b6a220_0;
    %inv;
    %flag_set/vec4 8;
    %jmp/0xz  T_4.0, 8;
    %pushi/vec4 0, 0, 32;
    %store/vec4 v000001a927b69c80_0, 0, 32;
T_4.2 ;
    %load/vec4 v000001a927b69c80_0;
    %cmpi/s 16, 0, 32;
    %jmp/0xz T_4.3, 5;
    %pushi/vec4 0, 0, 1;
    %ix/getv/s 3, v000001a927b69c80_0;
    %ix/load 4, 0, 0; Constant delay
    %assign/vec4/a/d v000001a927b6b580, 0, 4;
    %load/vec4 v000001a927b69c80_0;
    %addi 1, 0, 32;
    %store/vec4 v000001a927b69c80_0, 0, 32;
    %jmp T_4.2;
T_4.3 ;
    %jmp T_4.1;
T_4.0 ;
    %ix/load 4, 1, 0;
    %flag_set/imm 4, 0;
    %load/vec4a v000001a927b69820, 4;
    %flag_set/vec4 8;
    %jmp/0xz  T_4.4, 8;
    %pushi/vec4 1, 0, 1;
    %ix/load 4, 1, 0;
    %flag_set/imm 4, 0;
    %load/vec4a v000001a927b69d20, 4;
    %parti/s 4, 2, 3;
    %pad/u 6;
    %ix/vec4 3;
    %ix/load 4, 0, 0; Constant delay
    %assign/vec4/a/d v000001a927b6b580, 0, 4;
    %ix/load 4, 1, 0;
    %flag_set/imm 4, 0;
    %load/vec4a v000001a927b69d20, 4;
    %parti/s 26, 6, 4;
    %ix/load 4, 1, 0;
    %flag_set/imm 4, 0;
    %load/vec4a v000001a927b69d20, 4;
    %parti/s 4, 2, 3;
    %pad/u 6;
    %ix/vec4 3;
    %ix/load 4, 0, 0; Constant delay
    %assign/vec4/a/d v000001a927b6aea0, 0, 4;
    %load/vec4 v000001a927b6a5e0_0;
    %ix/load 4, 1, 0;
    %flag_set/imm 4, 0;
    %load/vec4a v000001a927b69d20, 4;
    %parti/s 4, 2, 3;
    %pad/u 6;
    %ix/vec4 3;
    %ix/load 4, 0, 0; Constant delay
    %assign/vec4/a/d v000001a927b693c0, 0, 4;
T_4.4 ;
T_4.1 ;
    %jmp T_4;
    .thread T_4;
    .scope S_000001a927536220;
T_5 ;
    %wait E_000001a927a70820;
    %load/vec4 v000001a927b691e0_0;
    %flag_set/vec4 8;
    %jmp/0xz  T_5.0, 8;
    %load/vec4 v000001a927b6ab80_0;
    %store/vec4 v000001a927b6aae0_0, 0, 32;
    %pushi/vec4 1, 0, 1;
    %store/vec4 v000001a927b6b1c0_0, 0, 1;
    %jmp T_5.1;
T_5.0 ;
    %pushi/vec4 4, 0, 32;
    %store/vec4 v000001a927b6aae0_0, 0, 32;
    %pushi/vec4 0, 0, 1;
    %store/vec4 v000001a927b6b1c0_0, 0, 1;
T_5.1 ;
    %load/vec4 v000001a927b69280_0;
    %load/vec4 v000001a927b6aae0_0;
    %add;
    %store/vec4 v000001a927b69500_0, 0, 32;
    %load/vec4 v000001a927b69320_0;
    %flag_set/vec4 8;
    %jmp/0xz  T_5.2, 8;
    %load/vec4 v000001a927b69aa0_0;
    %flag_set/vec4 8;
    %jmp/0xz  T_5.4, 8;
    %load/vec4 v000001a927b6b120_0;
    %load/vec4 v000001a927b69460_0;
    %and;
    %flag_set/vec4 8;
    %jmp/0xz  T_5.6, 8;
    %load/vec4 v000001a927b69f00_0;
    %store/vec4 v000001a927b69500_0, 0, 32;
    %pushi/vec4 1, 0, 1;
    %store/vec4 v000001a927b6b1c0_0, 0, 1;
T_5.6 ;
    %jmp T_5.5;
T_5.4 ;
    %load/vec4 v000001a927b691e0_0;
    %load/vec4 v000001a927b6ad60_0;
    %or;
    %flag_set/vec4 8;
    %jmp/0xz  T_5.8, 8;
    %load/vec4 v000001a927b69f00_0;
    %store/vec4 v000001a927b69500_0, 0, 32;
    %pushi/vec4 1, 0, 1;
    %store/vec4 v000001a927b6b1c0_0, 0, 1;
T_5.8 ;
T_5.5 ;
    %jmp T_5.3;
T_5.2 ;
    %load/vec4 v000001a927b6b120_0;
    %load/vec4 v000001a927b69460_0;
    %and;
    %flag_set/vec4 8;
    %jmp/0xz  T_5.10, 8;
    %load/vec4 v000001a927b6b080_0;
    %store/vec4 v000001a927b69500_0, 0, 32;
    %pushi/vec4 1, 0, 1;
    %store/vec4 v000001a927b6b1c0_0, 0, 1;
T_5.10 ;
T_5.3 ;
    %jmp T_5;
    .thread T_5, $push;
    .scope S_000001a927543870;
T_6 ;
    %wait E_000001a927a6d7e0;
    %load/vec4 v000001a927b64dc0_0;
    %inv;
    %flag_set/vec4 8;
    %jmp/0xz  T_6.0, 8;
    %pushi/vec4 0, 0, 2;
    %assign/vec4 v000001a927b64280_0, 0;
    %jmp T_6.1;
T_6.0 ;
    %load/vec4 v000001a927b66800_0;
    %flag_set/vec4 8;
    %jmp/0xz  T_6.2, 8;
    %pushi/vec4 0, 0, 2;
    %assign/vec4 v000001a927b64280_0, 0;
    %jmp T_6.3;
T_6.2 ;
    %load/vec4 v000001a927b64320_0;
    %flag_set/vec4 8;
    %jmp/0 T_6.4, 8;
    %load/vec4 v000001a927b64280_0;
    %jmp/1 T_6.5, 8;
T_6.4 ; End of true expr.
    %load/vec4 v000001a927b64c80_0;
    %load/vec4 v000001a927b64280_0;
    %parti/s 1, 1, 2;
    %concat/vec4; draw_concat_vec4
    %jmp/0 T_6.5, 8;
 ; End of false expr.
    %blend;
T_6.5;
    %assign/vec4 v000001a927b64280_0, 0;
T_6.3 ;
T_6.1 ;
    %jmp T_6;
    .thread T_6;
    .scope S_000001a927514b30;
T_7 ;
    %wait E_000001a927a6f3a0;
    %load/vec4 v000001a927b5fb20_0;
    %flag_set/vec4 8;
    %jmp/0xz  T_7.0, 8;
    %load/vec4 v000001a927b5f3a0_0;
    %parti/s 2, 0, 2;
    %dup/vec4;
    %pushi/vec4 0, 0, 2;
    %cmp/u;
    %jmp/1 T_7.2, 6;
    %dup/vec4;
    %pushi/vec4 1, 0, 2;
    %cmp/u;
    %jmp/1 T_7.3, 6;
    %dup/vec4;
    %pushi/vec4 2, 0, 2;
    %cmp/u;
    %jmp/1 T_7.4, 6;
    %load/vec4 v000001a927b616a0_0;
    %flag_set/vec4 8;
    %jmp/0 T_7.7, 8;
    %pushi/vec4 1, 0, 1;
    %jmp/1 T_7.8, 8;
T_7.7 ; End of true expr.
    %pushi/vec4 0, 0, 1;
    %jmp/0 T_7.8, 8;
 ; End of false expr.
    %blend;
T_7.8;
    %store/vec4 v000001a927b5f8a0_0, 0, 1;
    %jmp T_7.6;
T_7.2 ;
    %load/vec4 v000001a927b60c00_0;
    %flag_set/vec4 8;
    %jmp/0 T_7.9, 8;
    %pushi/vec4 1, 0, 1;
    %jmp/1 T_7.10, 8;
T_7.9 ; End of true expr.
    %pushi/vec4 0, 0, 1;
    %jmp/0 T_7.10, 8;
 ; End of false expr.
    %blend;
T_7.10;
    %store/vec4 v000001a927b5f8a0_0, 0, 1;
    %jmp T_7.6;
T_7.3 ;
    %load/vec4 v000001a927b602a0_0;
    %flag_set/vec4 8;
    %jmp/0 T_7.11, 8;
    %pushi/vec4 1, 0, 1;
    %jmp/1 T_7.12, 8;
T_7.11 ; End of true expr.
    %pushi/vec4 0, 0, 1;
    %jmp/0 T_7.12, 8;
 ; End of false expr.
    %blend;
T_7.12;
    %store/vec4 v000001a927b5f8a0_0, 0, 1;
    %jmp T_7.6;
T_7.4 ;
    %load/vec4 v000001a927b60b60_0;
    %flag_set/vec4 8;
    %jmp/0 T_7.13, 8;
    %pushi/vec4 1, 0, 1;
    %jmp/1 T_7.14, 8;
T_7.13 ; End of true expr.
    %pushi/vec4 0, 0, 1;
    %jmp/0 T_7.14, 8;
 ; End of false expr.
    %blend;
T_7.14;
    %store/vec4 v000001a927b5f8a0_0, 0, 1;
    %jmp T_7.6;
T_7.6 ;
    %pop/vec4 1;
    %jmp T_7.1;
T_7.0 ;
    %load/vec4 v000001a927b60340_0;
    %flag_set/vec4 8;
    %jmp/0xz  T_7.15, 8;
    %pushi/vec4 1, 0, 1;
    %store/vec4 v000001a927b5f8a0_0, 0, 1;
    %jmp T_7.16;
T_7.15 ;
    %pushi/vec4 0, 0, 1;
    %store/vec4 v000001a927b5f8a0_0, 0, 1;
T_7.16 ;
T_7.1 ;
    %jmp T_7;
    .thread T_7, $push;
    .scope S_000001a9275436e0;
T_8 ;
    %vpi_call/w 3 11 "$readmemh", "test_current.mem", v000001a927b5f300 {0 0 0};
    %end;
    .thread T_8;
    .scope S_000001a9275436e0;
T_9 ;
    %wait E_000001a927a6e860;
    %load/vec4 v000001a927b61420_0;
    %pad/u 16;
    %ix/vec4 4;
    %load/vec4a v000001a927b5f300, 4;
    %assign/vec4 v000001a927b5f260_0, 0;
    %jmp T_9;
    .thread T_9;
    .scope S_000001a927894220;
T_10 ;
    %wait E_000001a927a6d7e0;
    %load/vec4 v000001a927b678e0_0;
    %inv;
    %flag_set/vec4 8;
    %jmp/0xz  T_10.0, 8;
    %pushi/vec4 0, 0, 32;
    %assign/vec4 v000001a927b68420_0, 0;
    %pushi/vec4 0, 0, 32;
    %assign/vec4 v000001a927b68600_0, 0;
    %pushi/vec4 0, 0, 1;
    %assign/vec4 v000001a927b66260_0, 0;
    %jmp T_10.1;
T_10.0 ;
    %load/vec4 v000001a927b657c0_0;
    %flag_set/vec4 8;
    %jmp/0xz  T_10.2, 8;
    %load/vec4 v000001a927b68060_0;
    %assign/vec4 v000001a927b68420_0, 0;
    %load/vec4 v000001a927b68060_0;
    %assign/vec4 v000001a927b68600_0, 0;
    %pushi/vec4 0, 0, 1;
    %assign/vec4 v000001a927b66260_0, 0;
    %jmp T_10.3;
T_10.2 ;
    %load/vec4 v000001a927b65720_0;
    %flag_set/vec4 8;
    %jmp/0xz  T_10.4, 8;
    %load/vec4 v000001a927b68420_0;
    %assign/vec4 v000001a927b68600_0, 0;
    %pushi/vec4 1, 0, 1;
    %assign/vec4 v000001a927b66260_0, 0;
    %load/vec4 v000001a927b68420_0;
    %addi 4, 0, 32;
    %assign/vec4 v000001a927b68420_0, 0;
    %jmp T_10.5;
T_10.4 ;
    %pushi/vec4 0, 0, 1;
    %assign/vec4 v000001a927b66260_0, 0;
T_10.5 ;
T_10.3 ;
T_10.1 ;
    %jmp T_10;
    .thread T_10;
    .scope S_000001a927894220;
T_11 ;
    %wait E_000001a927a6d7e0;
    %load/vec4 v000001a927b678e0_0;
    %inv;
    %flag_set/vec4 8;
    %jmp/0xz  T_11.0, 8;
    %pushi/vec4 0, 0, 3;
    %assign/vec4 v000001a927b64b40_0, 0;
    %pushi/vec4 0, 0, 3;
    %assign/vec4 v000001a927b65680_0, 0;
    %pushi/vec4 0, 0, 4;
    %assign/vec4 v000001a927b65d60_0, 0;
    %pushi/vec4 0, 0, 1;
    %assign/vec4 v000001a927b68920_0, 0;
    %jmp T_11.1;
T_11.0 ;
    %load/vec4 v000001a927b657c0_0;
    %flag_set/vec4 8;
    %jmp/0xz  T_11.2, 8;
    %pushi/vec4 0, 0, 3;
    %assign/vec4 v000001a927b64b40_0, 0;
    %pushi/vec4 0, 0, 3;
    %assign/vec4 v000001a927b65680_0, 0;
    %pushi/vec4 0, 0, 4;
    %assign/vec4 v000001a927b65d60_0, 0;
    %load/vec4 v000001a927b67160_0;
    %assign/vec4 v000001a927b68920_0, 0;
    %jmp T_11.3;
T_11.2 ;
    %load/vec4 v000001a927b66bc0_0;
    %flag_set/vec4 8;
    %jmp/0xz  T_11.4, 8;
    %load/vec4 v000001a927b65b80_0;
    %load/vec4 v000001a927b65680_0;
    %pad/u 5;
    %ix/vec4 3;
    %ix/load 4, 0, 0; Constant delay
    %assign/vec4/a/d v000001a927b66080, 0, 4;
    %load/vec4 v000001a927b68600_0;
    %load/vec4 v000001a927b65680_0;
    %pad/u 5;
    %ix/vec4 3;
    %ix/load 4, 0, 0; Constant delay
    %assign/vec4/a/d v000001a927b65860, 0, 4;
    %load/vec4 v000001a927b65680_0;
    %addi 1, 0, 3;
    %assign/vec4 v000001a927b65680_0, 0;
T_11.4 ;
    %load/vec4 v000001a927b668a0_0;
    %flag_set/vec4 8;
    %jmp/0xz  T_11.6, 8;
    %load/vec4 v000001a927b64b40_0;
    %addi 1, 0, 3;
    %assign/vec4 v000001a927b64b40_0, 0;
T_11.6 ;
    %load/vec4 v000001a927b66bc0_0;
    %load/vec4 v000001a927b668a0_0;
    %concat/vec4; draw_concat_vec4
    %dup/vec4;
    %pushi/vec4 2, 0, 2;
    %cmp/u;
    %jmp/1 T_11.8, 6;
    %dup/vec4;
    %pushi/vec4 1, 0, 2;
    %cmp/u;
    %jmp/1 T_11.9, 6;
    %load/vec4 v000001a927b65d60_0;
    %assign/vec4 v000001a927b65d60_0, 0;
    %jmp T_11.11;
T_11.8 ;
    %load/vec4 v000001a927b65d60_0;
    %addi 1, 0, 4;
    %assign/vec4 v000001a927b65d60_0, 0;
    %jmp T_11.11;
T_11.9 ;
    %load/vec4 v000001a927b65d60_0;
    %subi 1, 0, 4;
    %assign/vec4 v000001a927b65d60_0, 0;
    %jmp T_11.11;
T_11.11 ;
    %pop/vec4 1;
    %load/vec4 v000001a927b67160_0;
    %assign/vec4 v000001a927b68920_0, 0;
T_11.3 ;
T_11.1 ;
    %jmp T_11;
    .thread T_11;
    .scope S_000001a927b8cd50;
T_12 ;
    %wait E_000001a927a6d7e0;
    %load/vec4 v000001a927b889f0_0;
    %inv;
    %flag_set/vec4 8;
    %jmp/0xz  T_12.0, 8;
    %pushi/vec4 0, 0, 32;
    %assign/vec4 v000001a927b874b0_0, 0;
    %pushi/vec4 0, 0, 32;
    %assign/vec4 v000001a927b872d0_0, 0;
    %jmp T_12.1;
T_12.0 ;
    %load/vec4 v000001a927b84d50_0;
    %flag_set/vec4 8;
    %jmp/0xz  T_12.2, 8;
    %pushi/vec4 0, 0, 32;
    %assign/vec4 v000001a927b874b0_0, 0;
    %pushi/vec4 19, 0, 32;
    %assign/vec4 v000001a927b872d0_0, 0;
    %jmp T_12.3;
T_12.2 ;
    %load/vec4 v000001a927b87550_0;
    %flag_set/vec4 8;
    %jmp/0xz  T_12.4, 8;
    %load/vec4 v000001a927b874b0_0;
    %assign/vec4 v000001a927b874b0_0, 0;
    %load/vec4 v000001a927b872d0_0;
    %assign/vec4 v000001a927b872d0_0, 0;
    %jmp T_12.5;
T_12.4 ;
    %load/vec4 v000001a927b87ff0_0;
    %assign/vec4 v000001a927b874b0_0, 0;
    %load/vec4 v000001a927b84df0_0;
    %assign/vec4 v000001a927b872d0_0, 0;
T_12.5 ;
T_12.3 ;
T_12.1 ;
    %jmp T_12;
    .thread T_12;
    .scope S_000001a927b63530;
T_13 ;
    %wait E_000001a927a6d7e0;
    %load/vec4 v000001a927b72050_0;
    %inv;
    %flag_set/vec4 8;
    %jmp/0xz  T_13.0, 8;
    %pushi/vec4 0, 0, 32;
    %assign/vec4 v000001a927b71f10_0, 0;
    %jmp T_13.1;
T_13.0 ;
    %load/vec4 v000001a927b731d0_0;
    %assign/vec4 v000001a927b71f10_0, 0;
T_13.1 ;
    %jmp T_13;
    .thread T_13;
    .scope S_000001a927b63d00;
T_14 ;
    %wait E_000001a927a70de0;
    %load/vec4 v000001a927b681a0_0;
    %parti/s 1, 5, 4;
    %load/vec4 v000001a927b68d80_0;
    %concat/vec4; draw_concat_vec4
    %load/vec4 v000001a927b69000_0;
    %parti/s 5, 2, 3;
    %concat/vec4; draw_concat_vec4
    %dup/vec4;
    %pushi/vec4 420, 8, 9;
    %cmp/z;
    %jmp/1 T_14.0, 4;
    %dup/vec4;
    %pushi/vec4 164, 8, 9;
    %cmp/z;
    %jmp/1 T_14.1, 4;
    %dup/vec4;
    %pushi/vec4 36, 8, 9;
    %cmp/z;
    %jmp/1 T_14.2, 4;
    %dup/vec4;
    %pushi/vec4 132, 256, 9;
    %cmp/z;
    %jmp/1 T_14.3, 4;
    %dup/vec4;
    %pushi/vec4 140, 0, 9;
    %cmp/z;
    %jmp/1 T_14.4, 4;
    %dup/vec4;
    %pushi/vec4 196, 256, 9;
    %cmp/z;
    %jmp/1 T_14.5, 4;
    %dup/vec4;
    %pushi/vec4 204, 0, 9;
    %cmp/z;
    %jmp/1 T_14.6, 4;
    %dup/vec4;
    %pushi/vec4 228, 256, 9;
    %cmp/z;
    %jmp/1 T_14.7, 4;
    %dup/vec4;
    %pushi/vec4 236, 0, 9;
    %cmp/z;
    %jmp/1 T_14.8, 4;
    %dup/vec4;
    %pushi/vec4 13, 480, 9;
    %cmp/z;
    %jmp/1 T_14.9, 4;
    %dup/vec4;
    %pushi/vec4 268, 0, 9;
    %cmp/z;
    %jmp/1 T_14.10, 4;
    %pushi/vec4 0, 0, 3;
    %store/vec4 v000001a927b67200_0, 0, 3;
    %jmp T_14.12;
T_14.0 ;
    %pushi/vec4 7, 0, 3;
    %store/vec4 v000001a927b67200_0, 0, 3;
    %jmp T_14.12;
T_14.1 ;
    %pushi/vec4 3, 0, 3;
    %store/vec4 v000001a927b67200_0, 0, 3;
    %jmp T_14.12;
T_14.2 ;
    %pushi/vec4 1, 0, 3;
    %store/vec4 v000001a927b67200_0, 0, 3;
    %jmp T_14.12;
T_14.3 ;
    %pushi/vec4 5, 0, 3;
    %store/vec4 v000001a927b67200_0, 0, 3;
    %jmp T_14.12;
T_14.4 ;
    %pushi/vec4 5, 0, 3;
    %store/vec4 v000001a927b67200_0, 0, 3;
    %jmp T_14.12;
T_14.5 ;
    %pushi/vec4 4, 0, 3;
    %store/vec4 v000001a927b67200_0, 0, 3;
    %jmp T_14.12;
T_14.6 ;
    %pushi/vec4 4, 0, 3;
    %store/vec4 v000001a927b67200_0, 0, 3;
    %jmp T_14.12;
T_14.7 ;
    %pushi/vec4 6, 0, 3;
    %store/vec4 v000001a927b67200_0, 0, 3;
    %jmp T_14.12;
T_14.8 ;
    %pushi/vec4 6, 0, 3;
    %store/vec4 v000001a927b67200_0, 0, 3;
    %jmp T_14.12;
T_14.9 ;
    %pushi/vec4 1, 0, 3;
    %store/vec4 v000001a927b67200_0, 0, 3;
    %jmp T_14.12;
T_14.10 ;
    %pushi/vec4 2, 0, 3;
    %store/vec4 v000001a927b67200_0, 0, 3;
    %jmp T_14.12;
T_14.12 ;
    %pop/vec4 1;
    %jmp T_14;
    .thread T_14, $push;
    .scope S_000001a927b63d00;
T_15 ;
    %wait E_000001a927a71620;
    %load/vec4 v000001a927b68d80_0;
    %load/vec4 v000001a927b69000_0;
    %parti/s 5, 2, 3;
    %concat/vec4; draw_concat_vec4
    %dup/vec4;
    %pushi/vec4 216, 32, 8;
    %cmp/z;
    %jmp/1 T_15.0, 4;
    %dup/vec4;
    %pushi/vec4 100, 8, 8;
    %cmp/z;
    %jmp/1 T_15.1, 4;
    %dup/vec4;
    %pushi/vec4 128, 96, 8;
    %cmp/z;
    %jmp/1 T_15.2, 4;
    %dup/vec4;
    %pushi/vec4 13, 224, 8;
    %cmp/z;
    %jmp/1 T_15.3, 4;
    %pushi/vec4 0, 0, 1;
    %store/vec4 v000001a927b672a0_0, 0, 1;
    %jmp T_15.5;
T_15.0 ;
    %pushi/vec4 1, 0, 1;
    %store/vec4 v000001a927b672a0_0, 0, 1;
    %jmp T_15.5;
T_15.1 ;
    %pushi/vec4 1, 0, 1;
    %store/vec4 v000001a927b672a0_0, 0, 1;
    %jmp T_15.5;
T_15.2 ;
    %pushi/vec4 1, 0, 1;
    %store/vec4 v000001a927b672a0_0, 0, 1;
    %jmp T_15.5;
T_15.3 ;
    %pushi/vec4 1, 0, 1;
    %store/vec4 v000001a927b672a0_0, 0, 1;
    %jmp T_15.5;
T_15.5 ;
    %pop/vec4 1;
    %jmp T_15;
    .thread T_15, $push;
    .scope S_000001a927b639e0;
T_16 ;
    %wait E_000001a927a713e0;
    %load/vec4 v000001a927b6c790_0;
    %parti/s 5, 2, 3;
    %dup/vec4;
    %pushi/vec4 12, 0, 5;
    %cmp/u;
    %jmp/1 T_16.0, 6;
    %dup/vec4;
    %pushi/vec4 13, 0, 5;
    %cmp/u;
    %jmp/1 T_16.1, 6;
    %dup/vec4;
    %pushi/vec4 5, 0, 5;
    %cmp/u;
    %jmp/1 T_16.2, 6;
    %dup/vec4;
    %pushi/vec4 27, 0, 5;
    %cmp/u;
    %jmp/1 T_16.3, 6;
    %dup/vec4;
    %pushi/vec4 8, 0, 5;
    %cmp/u;
    %jmp/1 T_16.4, 6;
    %dup/vec4;
    %pushi/vec4 24, 0, 5;
    %cmp/u;
    %jmp/1 T_16.5, 6;
    %pushi/vec4 16, 0, 6;
    %store/vec4 v000001a927b70cf0_0, 0, 6;
    %jmp T_16.7;
T_16.0 ;
    %pushi/vec4 32, 0, 6;
    %store/vec4 v000001a927b70cf0_0, 0, 6;
    %jmp T_16.7;
T_16.1 ;
    %pushi/vec4 2, 0, 6;
    %store/vec4 v000001a927b70cf0_0, 0, 6;
    %jmp T_16.7;
T_16.2 ;
    %pushi/vec4 2, 0, 6;
    %store/vec4 v000001a927b70cf0_0, 0, 6;
    %jmp T_16.7;
T_16.3 ;
    %pushi/vec4 1, 0, 6;
    %store/vec4 v000001a927b70cf0_0, 0, 6;
    %jmp T_16.7;
T_16.4 ;
    %pushi/vec4 8, 0, 6;
    %store/vec4 v000001a927b70cf0_0, 0, 6;
    %jmp T_16.7;
T_16.5 ;
    %pushi/vec4 4, 0, 6;
    %store/vec4 v000001a927b70cf0_0, 0, 6;
    %jmp T_16.7;
T_16.7 ;
    %pop/vec4 1;
    %jmp T_16;
    .thread T_16, $push;
    .scope S_000001a927b639e0;
T_17 ;
    %wait E_000001a927a71a60;
    %load/vec4 v000001a927b6e8b0_0;
    %load/vec4 v000001a927b6c8d0_0;
    %or;
    %load/vec4 v000001a927b677a0_0;
    %or;
    %flag_set/vec4 8;
    %jmp/0xz  T_17.0, 8;
    %pushi/vec4 0, 0, 1;
    %store/vec4 v000001a927b67840_0, 0, 1;
    %jmp T_17.1;
T_17.0 ;
    %pushi/vec4 1, 0, 1;
    %store/vec4 v000001a927b67840_0, 0, 1;
T_17.1 ;
    %jmp T_17;
    .thread T_17, $push;
    .scope S_000001a927b639e0;
T_18 ;
    %wait E_000001a927a71520;
    %load/vec4 v000001a927b67980_0;
    %flag_set/vec4 8;
    %jmp/0xz  T_18.0, 8;
    %pushi/vec4 1, 0, 1;
    %store/vec4 v000001a927b67d40_0, 0, 1;
    %jmp T_18.1;
T_18.0 ;
    %pushi/vec4 0, 0, 1;
    %store/vec4 v000001a927b67d40_0, 0, 1;
T_18.1 ;
    %jmp T_18;
    .thread T_18, $push;
    .scope S_000001a927b639e0;
T_19 ;
    %wait E_000001a927a715a0;
    %load/vec4 v000001a927b6cc90_0;
    %cmpi/e 1, 0, 1;
    %flag_get/vec4 4;
    %jmp/0 T_19.3, 4;
    %load/vec4 v000001a927b67de0_0;
    %pushi/vec4 0, 0, 1;
    %cmp/e;
    %flag_get/vec4 4;
    %and;
T_19.3;
    %flag_set/vec4 8;
    %jmp/1 T_19.2, 8;
    %load/vec4 v000001a927b68240_0;
    %cmpi/e 1, 0, 1;
    %flag_or 8, 4;
T_19.2;
    %jmp/0xz  T_19.0, 8;
    %pushi/vec4 0, 0, 1;
    %store/vec4 v000001a927b67ac0_0, 0, 1;
    %jmp T_19.1;
T_19.0 ;
    %pushi/vec4 1, 0, 1;
    %store/vec4 v000001a927b67ac0_0, 0, 1;
T_19.1 ;
    %jmp T_19;
    .thread T_19, $push;
    .scope S_000001a927b639e0;
T_20 ;
    %wait E_000001a927a71760;
    %load/vec4 v000001a927b677a0_0;
    %flag_set/vec4 8;
    %jmp/0xz  T_20.0, 8;
    %pushi/vec4 3, 0, 2;
    %store/vec4 v000001a927b66e40_0, 0, 2;
    %jmp T_20.1;
T_20.0 ;
    %load/vec4 v000001a927b67480_0;
    %flag_set/vec4 8;
    %jmp/0xz  T_20.2, 8;
    %pushi/vec4 2, 0, 2;
    %store/vec4 v000001a927b66e40_0, 0, 2;
    %jmp T_20.3;
T_20.2 ;
    %load/vec4 v000001a927b67520_0;
    %flag_set/vec4 8;
    %jmp/0xz  T_20.4, 8;
    %pushi/vec4 1, 0, 2;
    %store/vec4 v000001a927b66e40_0, 0, 2;
    %jmp T_20.5;
T_20.4 ;
    %load/vec4 v000001a927b66da0_0;
    %flag_set/vec4 8;
    %jmp/0xz  T_20.6, 8;
    %pushi/vec4 0, 0, 2;
    %store/vec4 v000001a927b66e40_0, 0, 2;
    %jmp T_20.7;
T_20.6 ;
    %pushi/vec4 3, 0, 2;
    %store/vec4 v000001a927b66e40_0, 0, 2;
T_20.7 ;
T_20.5 ;
T_20.3 ;
T_20.1 ;
    %jmp T_20;
    .thread T_20, $push;
    .scope S_000001a927b639e0;
T_21 ;
    %wait E_000001a927a715e0;
    %load/vec4 v000001a927b6e8b0_0;
    %flag_set/vec4 8;
    %jmp/0xz  T_21.0, 8;
    %pushi/vec4 1, 0, 1;
    %store/vec4 v000001a927b66c60_0, 0, 1;
    %jmp T_21.1;
T_21.0 ;
    %pushi/vec4 0, 0, 1;
    %store/vec4 v000001a927b66c60_0, 0, 1;
T_21.1 ;
    %jmp T_21;
    .thread T_21, $push;
    .scope S_000001a927b639e0;
T_22 ;
    %wait E_000001a927a71a20;
    %load/vec4 v000001a927b66da0_0;
    %ix/load 4, 3, 0;
    %flag_set/imm 4, 0;
    %store/vec4 v000001a927b68c40_0, 4, 1;
    %load/vec4 v000001a927b6c8d0_0;
    %ix/load 4, 2, 0;
    %flag_set/imm 4, 0;
    %store/vec4 v000001a927b68c40_0, 4, 1;
    %load/vec4 v000001a927b6cbf0_0;
    %dup/vec4;
    %pushi/vec4 0, 0, 3;
    %cmp/u;
    %jmp/1 T_22.0, 6;
    %dup/vec4;
    %pushi/vec4 1, 0, 3;
    %cmp/u;
    %jmp/1 T_22.1, 6;
    %dup/vec4;
    %pushi/vec4 4, 0, 3;
    %cmp/u;
    %jmp/1 T_22.2, 6;
    %dup/vec4;
    %pushi/vec4 6, 0, 3;
    %cmp/u;
    %jmp/1 T_22.3, 6;
    %pushi/vec4 3, 0, 2;
    %ix/load 4, 0, 0;
    %flag_set/imm 4, 0;
    %store/vec4 v000001a927b68c40_0, 4, 2;
    %jmp T_22.5;
T_22.0 ;
    %pushi/vec4 0, 0, 2;
    %ix/load 4, 0, 0;
    %flag_set/imm 4, 0;
    %store/vec4 v000001a927b68c40_0, 4, 2;
    %jmp T_22.5;
T_22.1 ;
    %pushi/vec4 1, 0, 2;
    %ix/load 4, 0, 0;
    %flag_set/imm 4, 0;
    %store/vec4 v000001a927b68c40_0, 4, 2;
    %jmp T_22.5;
T_22.2 ;
    %pushi/vec4 2, 0, 2;
    %ix/load 4, 0, 0;
    %flag_set/imm 4, 0;
    %store/vec4 v000001a927b68c40_0, 4, 2;
    %jmp T_22.5;
T_22.3 ;
    %pushi/vec4 2, 0, 2;
    %ix/load 4, 0, 0;
    %flag_set/imm 4, 0;
    %store/vec4 v000001a927b68c40_0, 4, 2;
    %jmp T_22.5;
T_22.5 ;
    %pop/vec4 1;
    %jmp T_22;
    .thread T_22, $push;
    .scope S_000001a927b639e0;
T_23 ;
    %wait E_000001a927a6d7e0;
    %load/vec4 v000001a927b6cd30_0;
    %inv;
    %flag_set/vec4 8;
    %jmp/0xz  T_23.0, 8;
    %pushi/vec4 0, 0, 1;
    %assign/vec4 v000001a927b6e770_0, 0;
    %jmp T_23.1;
T_23.0 ;
    %load/vec4 v000001a927b6e770_0;
    %cmpi/e 1, 0, 1;
    %jmp/0xz  T_23.2, 4;
    %load/vec4 v000001a927b6e770_0;
    %inv;
    %assign/vec4 v000001a927b6e770_0, 0;
    %jmp T_23.3;
T_23.2 ;
    %load/vec4 v000001a927b6c330_0;
    %assign/vec4 v000001a927b6e770_0, 0;
T_23.3 ;
T_23.1 ;
    %jmp T_23;
    .thread T_23;
    .scope S_000001a927b63e90;
T_24 ;
    %wait E_000001a927a71720;
    %load/vec4 v000001a927b6f2b0_0;
    %parti/s 1, 5, 4;
    %load/vec4 v000001a927b6ffd0_0;
    %concat/vec4; draw_concat_vec4
    %load/vec4 v000001a927b70070_0;
    %parti/s 5, 2, 3;
    %concat/vec4; draw_concat_vec4
    %dup/vec4;
    %pushi/vec4 420, 8, 9;
    %cmp/z;
    %jmp/1 T_24.0, 4;
    %dup/vec4;
    %pushi/vec4 164, 8, 9;
    %cmp/z;
    %jmp/1 T_24.1, 4;
    %dup/vec4;
    %pushi/vec4 36, 8, 9;
    %cmp/z;
    %jmp/1 T_24.2, 4;
    %dup/vec4;
    %pushi/vec4 132, 256, 9;
    %cmp/z;
    %jmp/1 T_24.3, 4;
    %dup/vec4;
    %pushi/vec4 140, 0, 9;
    %cmp/z;
    %jmp/1 T_24.4, 4;
    %dup/vec4;
    %pushi/vec4 196, 256, 9;
    %cmp/z;
    %jmp/1 T_24.5, 4;
    %dup/vec4;
    %pushi/vec4 204, 0, 9;
    %cmp/z;
    %jmp/1 T_24.6, 4;
    %dup/vec4;
    %pushi/vec4 228, 256, 9;
    %cmp/z;
    %jmp/1 T_24.7, 4;
    %dup/vec4;
    %pushi/vec4 236, 0, 9;
    %cmp/z;
    %jmp/1 T_24.8, 4;
    %dup/vec4;
    %pushi/vec4 13, 480, 9;
    %cmp/z;
    %jmp/1 T_24.9, 4;
    %dup/vec4;
    %pushi/vec4 268, 0, 9;
    %cmp/z;
    %jmp/1 T_24.10, 4;
    %pushi/vec4 0, 0, 3;
    %store/vec4 v000001a927b6ee50_0, 0, 3;
    %jmp T_24.12;
T_24.0 ;
    %pushi/vec4 7, 0, 3;
    %store/vec4 v000001a927b6ee50_0, 0, 3;
    %jmp T_24.12;
T_24.1 ;
    %pushi/vec4 3, 0, 3;
    %store/vec4 v000001a927b6ee50_0, 0, 3;
    %jmp T_24.12;
T_24.2 ;
    %pushi/vec4 1, 0, 3;
    %store/vec4 v000001a927b6ee50_0, 0, 3;
    %jmp T_24.12;
T_24.3 ;
    %pushi/vec4 5, 0, 3;
    %store/vec4 v000001a927b6ee50_0, 0, 3;
    %jmp T_24.12;
T_24.4 ;
    %pushi/vec4 5, 0, 3;
    %store/vec4 v000001a927b6ee50_0, 0, 3;
    %jmp T_24.12;
T_24.5 ;
    %pushi/vec4 4, 0, 3;
    %store/vec4 v000001a927b6ee50_0, 0, 3;
    %jmp T_24.12;
T_24.6 ;
    %pushi/vec4 4, 0, 3;
    %store/vec4 v000001a927b6ee50_0, 0, 3;
    %jmp T_24.12;
T_24.7 ;
    %pushi/vec4 6, 0, 3;
    %store/vec4 v000001a927b6ee50_0, 0, 3;
    %jmp T_24.12;
T_24.8 ;
    %pushi/vec4 6, 0, 3;
    %store/vec4 v000001a927b6ee50_0, 0, 3;
    %jmp T_24.12;
T_24.9 ;
    %pushi/vec4 1, 0, 3;
    %store/vec4 v000001a927b6ee50_0, 0, 3;
    %jmp T_24.12;
T_24.10 ;
    %pushi/vec4 2, 0, 3;
    %store/vec4 v000001a927b6ee50_0, 0, 3;
    %jmp T_24.12;
T_24.12 ;
    %pop/vec4 1;
    %jmp T_24;
    .thread T_24, $push;
    .scope S_000001a927b63e90;
T_25 ;
    %wait E_000001a927a70e60;
    %load/vec4 v000001a927b6ffd0_0;
    %load/vec4 v000001a927b70070_0;
    %parti/s 5, 2, 3;
    %concat/vec4; draw_concat_vec4
    %dup/vec4;
    %pushi/vec4 216, 32, 8;
    %cmp/z;
    %jmp/1 T_25.0, 4;
    %dup/vec4;
    %pushi/vec4 100, 8, 8;
    %cmp/z;
    %jmp/1 T_25.1, 4;
    %dup/vec4;
    %pushi/vec4 128, 96, 8;
    %cmp/z;
    %jmp/1 T_25.2, 4;
    %dup/vec4;
    %pushi/vec4 13, 224, 8;
    %cmp/z;
    %jmp/1 T_25.3, 4;
    %pushi/vec4 0, 0, 1;
    %store/vec4 v000001a927b6fa30_0, 0, 1;
    %jmp T_25.5;
T_25.0 ;
    %pushi/vec4 1, 0, 1;
    %store/vec4 v000001a927b6fa30_0, 0, 1;
    %jmp T_25.5;
T_25.1 ;
    %pushi/vec4 1, 0, 1;
    %store/vec4 v000001a927b6fa30_0, 0, 1;
    %jmp T_25.5;
T_25.2 ;
    %pushi/vec4 1, 0, 1;
    %store/vec4 v000001a927b6fa30_0, 0, 1;
    %jmp T_25.5;
T_25.3 ;
    %pushi/vec4 1, 0, 1;
    %store/vec4 v000001a927b6fa30_0, 0, 1;
    %jmp T_25.5;
T_25.5 ;
    %pop/vec4 1;
    %jmp T_25;
    .thread T_25, $push;
    .scope S_000001a927b63080;
T_26 ;
    %wait E_000001a927a70ca0;
    %load/vec4 v000001a927b72410_0;
    %parti/s 5, 2, 3;
    %dup/vec4;
    %pushi/vec4 12, 0, 5;
    %cmp/u;
    %jmp/1 T_26.0, 6;
    %dup/vec4;
    %pushi/vec4 13, 0, 5;
    %cmp/u;
    %jmp/1 T_26.1, 6;
    %dup/vec4;
    %pushi/vec4 5, 0, 5;
    %cmp/u;
    %jmp/1 T_26.2, 6;
    %dup/vec4;
    %pushi/vec4 27, 0, 5;
    %cmp/u;
    %jmp/1 T_26.3, 6;
    %dup/vec4;
    %pushi/vec4 8, 0, 5;
    %cmp/u;
    %jmp/1 T_26.4, 6;
    %dup/vec4;
    %pushi/vec4 24, 0, 5;
    %cmp/u;
    %jmp/1 T_26.5, 6;
    %pushi/vec4 16, 0, 6;
    %store/vec4 v000001a927b71bf0_0, 0, 6;
    %jmp T_26.7;
T_26.0 ;
    %pushi/vec4 32, 0, 6;
    %store/vec4 v000001a927b71bf0_0, 0, 6;
    %jmp T_26.7;
T_26.1 ;
    %pushi/vec4 2, 0, 6;
    %store/vec4 v000001a927b71bf0_0, 0, 6;
    %jmp T_26.7;
T_26.2 ;
    %pushi/vec4 2, 0, 6;
    %store/vec4 v000001a927b71bf0_0, 0, 6;
    %jmp T_26.7;
T_26.3 ;
    %pushi/vec4 1, 0, 6;
    %store/vec4 v000001a927b71bf0_0, 0, 6;
    %jmp T_26.7;
T_26.4 ;
    %pushi/vec4 8, 0, 6;
    %store/vec4 v000001a927b71bf0_0, 0, 6;
    %jmp T_26.7;
T_26.5 ;
    %pushi/vec4 4, 0, 6;
    %store/vec4 v000001a927b71bf0_0, 0, 6;
    %jmp T_26.7;
T_26.7 ;
    %pop/vec4 1;
    %jmp T_26;
    .thread T_26, $push;
    .scope S_000001a927b63080;
T_27 ;
    %wait E_000001a927a70da0;
    %load/vec4 v000001a927b72a50_0;
    %load/vec4 v000001a927b734f0_0;
    %or;
    %load/vec4 v000001a927b701b0_0;
    %or;
    %flag_set/vec4 8;
    %jmp/0xz  T_27.0, 8;
    %pushi/vec4 0, 0, 1;
    %store/vec4 v000001a927b707f0_0, 0, 1;
    %jmp T_27.1;
T_27.0 ;
    %pushi/vec4 1, 0, 1;
    %store/vec4 v000001a927b707f0_0, 0, 1;
T_27.1 ;
    %jmp T_27;
    .thread T_27, $push;
    .scope S_000001a927b63080;
T_28 ;
    %wait E_000001a927a70be0;
    %load/vec4 v000001a927b6f850_0;
    %flag_set/vec4 8;
    %jmp/0xz  T_28.0, 8;
    %pushi/vec4 1, 0, 1;
    %store/vec4 v000001a927b70110_0, 0, 1;
    %jmp T_28.1;
T_28.0 ;
    %pushi/vec4 0, 0, 1;
    %store/vec4 v000001a927b70110_0, 0, 1;
T_28.1 ;
    %jmp T_28;
    .thread T_28, $push;
    .scope S_000001a927b63080;
T_29 ;
    %wait E_000001a927a711a0;
    %load/vec4 v000001a927b72910_0;
    %cmpi/e 1, 0, 1;
    %flag_get/vec4 4;
    %jmp/0 T_29.3, 4;
    %load/vec4 v000001a927b6f3f0_0;
    %pushi/vec4 0, 0, 1;
    %cmp/e;
    %flag_get/vec4 4;
    %and;
T_29.3;
    %flag_set/vec4 8;
    %jmp/1 T_29.2, 8;
    %load/vec4 v000001a927b70c50_0;
    %cmpi/e 1, 0, 1;
    %flag_or 8, 4;
T_29.2;
    %jmp/0xz  T_29.0, 8;
    %pushi/vec4 0, 0, 1;
    %store/vec4 v000001a927b6fdf0_0, 0, 1;
    %jmp T_29.1;
T_29.0 ;
    %pushi/vec4 1, 0, 1;
    %store/vec4 v000001a927b6fdf0_0, 0, 1;
T_29.1 ;
    %jmp T_29;
    .thread T_29, $push;
    .scope S_000001a927b63080;
T_30 ;
    %wait E_000001a927a712e0;
    %load/vec4 v000001a927b701b0_0;
    %flag_set/vec4 8;
    %jmp/0xz  T_30.0, 8;
    %pushi/vec4 3, 0, 2;
    %store/vec4 v000001a927b70750_0, 0, 2;
    %jmp T_30.1;
T_30.0 ;
    %load/vec4 v000001a927b709d0_0;
    %flag_set/vec4 8;
    %jmp/0xz  T_30.2, 8;
    %pushi/vec4 2, 0, 2;
    %store/vec4 v000001a927b70750_0, 0, 2;
    %jmp T_30.3;
T_30.2 ;
    %load/vec4 v000001a927b6fad0_0;
    %flag_set/vec4 8;
    %jmp/0xz  T_30.4, 8;
    %pushi/vec4 1, 0, 2;
    %store/vec4 v000001a927b70750_0, 0, 2;
    %jmp T_30.5;
T_30.4 ;
    %load/vec4 v000001a927b70930_0;
    %flag_set/vec4 8;
    %jmp/0xz  T_30.6, 8;
    %pushi/vec4 0, 0, 2;
    %store/vec4 v000001a927b70750_0, 0, 2;
    %jmp T_30.7;
T_30.6 ;
    %pushi/vec4 3, 0, 2;
    %store/vec4 v000001a927b70750_0, 0, 2;
T_30.7 ;
T_30.5 ;
T_30.3 ;
T_30.1 ;
    %jmp T_30;
    .thread T_30, $push;
    .scope S_000001a927b63080;
T_31 ;
    %wait E_000001a927a71420;
    %load/vec4 v000001a927b72a50_0;
    %flag_set/vec4 8;
    %jmp/0xz  T_31.0, 8;
    %pushi/vec4 1, 0, 1;
    %store/vec4 v000001a927b706b0_0, 0, 1;
    %jmp T_31.1;
T_31.0 ;
    %pushi/vec4 0, 0, 1;
    %store/vec4 v000001a927b706b0_0, 0, 1;
T_31.1 ;
    %jmp T_31;
    .thread T_31, $push;
    .scope S_000001a927b63080;
T_32 ;
    %wait E_000001a927a70fa0;
    %load/vec4 v000001a927b70930_0;
    %ix/load 4, 3, 0;
    %flag_set/imm 4, 0;
    %store/vec4 v000001a927b6fcb0_0, 4, 1;
    %load/vec4 v000001a927b734f0_0;
    %ix/load 4, 2, 0;
    %flag_set/imm 4, 0;
    %store/vec4 v000001a927b6fcb0_0, 4, 1;
    %load/vec4 v000001a927b722d0_0;
    %dup/vec4;
    %pushi/vec4 0, 0, 3;
    %cmp/u;
    %jmp/1 T_32.0, 6;
    %dup/vec4;
    %pushi/vec4 1, 0, 3;
    %cmp/u;
    %jmp/1 T_32.1, 6;
    %dup/vec4;
    %pushi/vec4 4, 0, 3;
    %cmp/u;
    %jmp/1 T_32.2, 6;
    %dup/vec4;
    %pushi/vec4 6, 0, 3;
    %cmp/u;
    %jmp/1 T_32.3, 6;
    %pushi/vec4 3, 0, 2;
    %ix/load 4, 0, 0;
    %flag_set/imm 4, 0;
    %store/vec4 v000001a927b6fcb0_0, 4, 2;
    %jmp T_32.5;
T_32.0 ;
    %pushi/vec4 0, 0, 2;
    %ix/load 4, 0, 0;
    %flag_set/imm 4, 0;
    %store/vec4 v000001a927b6fcb0_0, 4, 2;
    %jmp T_32.5;
T_32.1 ;
    %pushi/vec4 1, 0, 2;
    %ix/load 4, 0, 0;
    %flag_set/imm 4, 0;
    %store/vec4 v000001a927b6fcb0_0, 4, 2;
    %jmp T_32.5;
T_32.2 ;
    %pushi/vec4 2, 0, 2;
    %ix/load 4, 0, 0;
    %flag_set/imm 4, 0;
    %store/vec4 v000001a927b6fcb0_0, 4, 2;
    %jmp T_32.5;
T_32.3 ;
    %pushi/vec4 2, 0, 2;
    %ix/load 4, 0, 0;
    %flag_set/imm 4, 0;
    %store/vec4 v000001a927b6fcb0_0, 4, 2;
    %jmp T_32.5;
T_32.5 ;
    %pop/vec4 1;
    %jmp T_32;
    .thread T_32, $push;
    .scope S_000001a927b63080;
T_33 ;
    %wait E_000001a927a6d7e0;
    %load/vec4 v000001a927b73630_0;
    %inv;
    %flag_set/vec4 8;
    %jmp/0xz  T_33.0, 8;
    %pushi/vec4 0, 0, 1;
    %assign/vec4 v000001a927b71b50_0, 0;
    %jmp T_33.1;
T_33.0 ;
    %load/vec4 v000001a927b71b50_0;
    %cmpi/e 1, 0, 1;
    %jmp/0xz  T_33.2, 4;
    %load/vec4 v000001a927b71b50_0;
    %inv;
    %assign/vec4 v000001a927b71b50_0, 0;
    %jmp T_33.3;
T_33.2 ;
    %load/vec4 v000001a927b71d30_0;
    %assign/vec4 v000001a927b71b50_0, 0;
T_33.3 ;
T_33.1 ;
    %jmp T_33;
    .thread T_33;
    .scope S_000001a927894090;
T_34 ;
    %wait E_000001a927a6eae0;
    %load/vec4 v000001a927b611a0_0;
    %inv;
    %flag_set/vec4 8;
    %jmp/0xz  T_34.0, 8;
    %pushi/vec4 0, 0, 32;
    %ix/load 3, 0, 0;
    %flag_set/imm 4, 0;
    %ix/load 4, 0, 0; Constant delay
    %assign/vec4/a/d v000001a927b5f760, 0, 4;
    %pushi/vec4 0, 0, 32;
    %ix/load 3, 1, 0;
    %flag_set/imm 4, 0;
    %ix/load 4, 0, 0; Constant delay
    %assign/vec4/a/d v000001a927b5f760, 0, 4;
    %pushi/vec4 0, 0, 32;
    %ix/load 3, 2, 0;
    %flag_set/imm 4, 0;
    %ix/load 4, 0, 0; Constant delay
    %assign/vec4/a/d v000001a927b5f760, 0, 4;
    %pushi/vec4 0, 0, 32;
    %ix/load 3, 3, 0;
    %flag_set/imm 4, 0;
    %ix/load 4, 0, 0; Constant delay
    %assign/vec4/a/d v000001a927b5f760, 0, 4;
    %pushi/vec4 0, 0, 32;
    %ix/load 3, 4, 0;
    %flag_set/imm 4, 0;
    %ix/load 4, 0, 0; Constant delay
    %assign/vec4/a/d v000001a927b5f760, 0, 4;
    %pushi/vec4 0, 0, 32;
    %ix/load 3, 5, 0;
    %flag_set/imm 4, 0;
    %ix/load 4, 0, 0; Constant delay
    %assign/vec4/a/d v000001a927b5f760, 0, 4;
    %pushi/vec4 0, 0, 32;
    %ix/load 3, 6, 0;
    %flag_set/imm 4, 0;
    %ix/load 4, 0, 0; Constant delay
    %assign/vec4/a/d v000001a927b5f760, 0, 4;
    %pushi/vec4 0, 0, 32;
    %ix/load 3, 7, 0;
    %flag_set/imm 4, 0;
    %ix/load 4, 0, 0; Constant delay
    %assign/vec4/a/d v000001a927b5f760, 0, 4;
    %pushi/vec4 0, 0, 32;
    %ix/load 3, 8, 0;
    %flag_set/imm 4, 0;
    %ix/load 4, 0, 0; Constant delay
    %assign/vec4/a/d v000001a927b5f760, 0, 4;
    %pushi/vec4 0, 0, 32;
    %ix/load 3, 9, 0;
    %flag_set/imm 4, 0;
    %ix/load 4, 0, 0; Constant delay
    %assign/vec4/a/d v000001a927b5f760, 0, 4;
    %pushi/vec4 0, 0, 32;
    %ix/load 3, 10, 0;
    %flag_set/imm 4, 0;
    %ix/load 4, 0, 0; Constant delay
    %assign/vec4/a/d v000001a927b5f760, 0, 4;
    %pushi/vec4 0, 0, 32;
    %ix/load 3, 11, 0;
    %flag_set/imm 4, 0;
    %ix/load 4, 0, 0; Constant delay
    %assign/vec4/a/d v000001a927b5f760, 0, 4;
    %pushi/vec4 0, 0, 32;
    %ix/load 3, 12, 0;
    %flag_set/imm 4, 0;
    %ix/load 4, 0, 0; Constant delay
    %assign/vec4/a/d v000001a927b5f760, 0, 4;
    %pushi/vec4 0, 0, 32;
    %ix/load 3, 13, 0;
    %flag_set/imm 4, 0;
    %ix/load 4, 0, 0; Constant delay
    %assign/vec4/a/d v000001a927b5f760, 0, 4;
    %pushi/vec4 0, 0, 32;
    %ix/load 3, 14, 0;
    %flag_set/imm 4, 0;
    %ix/load 4, 0, 0; Constant delay
    %assign/vec4/a/d v000001a927b5f760, 0, 4;
    %pushi/vec4 0, 0, 32;
    %ix/load 3, 15, 0;
    %flag_set/imm 4, 0;
    %ix/load 4, 0, 0; Constant delay
    %assign/vec4/a/d v000001a927b5f760, 0, 4;
    %pushi/vec4 0, 0, 32;
    %ix/load 3, 16, 0;
    %flag_set/imm 4, 0;
    %ix/load 4, 0, 0; Constant delay
    %assign/vec4/a/d v000001a927b5f760, 0, 4;
    %pushi/vec4 0, 0, 32;
    %ix/load 3, 17, 0;
    %flag_set/imm 4, 0;
    %ix/load 4, 0, 0; Constant delay
    %assign/vec4/a/d v000001a927b5f760, 0, 4;
    %pushi/vec4 0, 0, 32;
    %ix/load 3, 18, 0;
    %flag_set/imm 4, 0;
    %ix/load 4, 0, 0; Constant delay
    %assign/vec4/a/d v000001a927b5f760, 0, 4;
    %pushi/vec4 0, 0, 32;
    %ix/load 3, 19, 0;
    %flag_set/imm 4, 0;
    %ix/load 4, 0, 0; Constant delay
    %assign/vec4/a/d v000001a927b5f760, 0, 4;
    %pushi/vec4 0, 0, 32;
    %ix/load 3, 20, 0;
    %flag_set/imm 4, 0;
    %ix/load 4, 0, 0; Constant delay
    %assign/vec4/a/d v000001a927b5f760, 0, 4;
    %pushi/vec4 0, 0, 32;
    %ix/load 3, 21, 0;
    %flag_set/imm 4, 0;
    %ix/load 4, 0, 0; Constant delay
    %assign/vec4/a/d v000001a927b5f760, 0, 4;
    %pushi/vec4 0, 0, 32;
    %ix/load 3, 22, 0;
    %flag_set/imm 4, 0;
    %ix/load 4, 0, 0; Constant delay
    %assign/vec4/a/d v000001a927b5f760, 0, 4;
    %pushi/vec4 0, 0, 32;
    %ix/load 3, 23, 0;
    %flag_set/imm 4, 0;
    %ix/load 4, 0, 0; Constant delay
    %assign/vec4/a/d v000001a927b5f760, 0, 4;
    %pushi/vec4 0, 0, 32;
    %ix/load 3, 24, 0;
    %flag_set/imm 4, 0;
    %ix/load 4, 0, 0; Constant delay
    %assign/vec4/a/d v000001a927b5f760, 0, 4;
    %pushi/vec4 0, 0, 32;
    %ix/load 3, 25, 0;
    %flag_set/imm 4, 0;
    %ix/load 4, 0, 0; Constant delay
    %assign/vec4/a/d v000001a927b5f760, 0, 4;
    %pushi/vec4 0, 0, 32;
    %ix/load 3, 26, 0;
    %flag_set/imm 4, 0;
    %ix/load 4, 0, 0; Constant delay
    %assign/vec4/a/d v000001a927b5f760, 0, 4;
    %pushi/vec4 0, 0, 32;
    %ix/load 3, 27, 0;
    %flag_set/imm 4, 0;
    %ix/load 4, 0, 0; Constant delay
    %assign/vec4/a/d v000001a927b5f760, 0, 4;
    %pushi/vec4 0, 0, 32;
    %ix/load 3, 28, 0;
    %flag_set/imm 4, 0;
    %ix/load 4, 0, 0; Constant delay
    %assign/vec4/a/d v000001a927b5f760, 0, 4;
    %pushi/vec4 0, 0, 32;
    %ix/load 3, 29, 0;
    %flag_set/imm 4, 0;
    %ix/load 4, 0, 0; Constant delay
    %assign/vec4/a/d v000001a927b5f760, 0, 4;
    %pushi/vec4 0, 0, 32;
    %ix/load 3, 30, 0;
    %flag_set/imm 4, 0;
    %ix/load 4, 0, 0; Constant delay
    %assign/vec4/a/d v000001a927b5f760, 0, 4;
    %jmp T_34.1;
T_34.0 ;
    %load/vec4 v000001a927b60480_0;
    %cmpi/e 1, 0, 1;
    %flag_get/vec4 4;
    %jmp/0 T_34.4, 4;
    %load/vec4 v000001a927b5fe40_0;
    %pushi/vec4 0, 0, 5;
    %cmp/ne;
    %flag_get/vec4 4;
    %and;
T_34.4;
    %flag_set/vec4 8;
    %jmp/0xz  T_34.2, 8;
    %load/vec4 v000001a927b60700_0;
    %load/vec4 v000001a927b5fe40_0;
    %pad/u 7;
    %subi 1, 0, 7;
    %ix/vec4 3;
    %ix/load 4, 0, 0; Constant delay
    %assign/vec4/a/d v000001a927b5f760, 0, 4;
T_34.2 ;
T_34.1 ;
    %jmp T_34;
    .thread T_34;
    .scope S_000001a9274aa3b0;
T_35 ;
    %wait E_000001a927a6f020;
    %load/vec4 v000001a927b5d870_0;
    %dup/vec4;
    %pushi/vec4 16, 0, 5;
    %cmp/u;
    %jmp/1 T_35.0, 6;
    %dup/vec4;
    %pushi/vec4 8, 0, 5;
    %cmp/u;
    %jmp/1 T_35.1, 6;
    %dup/vec4;
    %pushi/vec4 4, 0, 5;
    %cmp/u;
    %jmp/1 T_35.2, 6;
    %dup/vec4;
    %pushi/vec4 2, 0, 5;
    %cmp/u;
    %jmp/1 T_35.3, 6;
    %dup/vec4;
    %pushi/vec4 1, 0, 5;
    %cmp/u;
    %jmp/1 T_35.4, 6;
    %pushi/vec4 0, 0, 32;
    %store/vec4 v000001a927b5deb0_0, 0, 32;
    %jmp T_35.6;
T_35.0 ;
    %load/vec4 v000001a927b5e8b0_0;
    %store/vec4 v000001a927b5deb0_0, 0, 32;
    %jmp T_35.6;
T_35.1 ;
    %load/vec4 v000001a927b5e950_0;
    %store/vec4 v000001a927b5deb0_0, 0, 32;
    %jmp T_35.6;
T_35.2 ;
    %load/vec4 v000001a927b5e590_0;
    %store/vec4 v000001a927b5deb0_0, 0, 32;
    %jmp T_35.6;
T_35.3 ;
    %load/vec4 v000001a927b5d9b0_0;
    %store/vec4 v000001a927b5deb0_0, 0, 32;
    %jmp T_35.6;
T_35.4 ;
    %load/vec4 v000001a927b5ea90_0;
    %store/vec4 v000001a927b5deb0_0, 0, 32;
    %jmp T_35.6;
T_35.6 ;
    %pop/vec4 1;
    %jmp T_35;
    .thread T_35, $push;
    .scope S_000001a927b8dcf0;
T_36 ;
    %wait E_000001a927a6d7e0;
    %load/vec4 v000001a927b840d0_0;
    %inv;
    %flag_set/vec4 8;
    %jmp/0xz  T_36.0, 8;
    %pushi/vec4 0, 0, 32;
    %assign/vec4 v000001a927b84c10_0, 0;
    %pushi/vec4 0, 0, 1;
    %assign/vec4 v000001a927b863d0_0, 0;
    %pushi/vec4 0, 0, 1;
    %assign/vec4 v000001a927b85390_0, 0;
    %pushi/vec4 0, 0, 32;
    %assign/vec4 v000001a927b84490_0, 0;
    %pushi/vec4 0, 0, 32;
    %assign/vec4 v000001a927b85930_0, 0;
    %pushi/vec4 0, 0, 32;
    %assign/vec4 v000001a927b843f0_0, 0;
    %pushi/vec4 0, 0, 32;
    %assign/vec4 v000001a927b84710_0, 0;
    %pushi/vec4 0, 0, 3;
    %assign/vec4 v000001a927b84170_0, 0;
    %pushi/vec4 0, 0, 1;
    %assign/vec4 v000001a927b84990_0, 0;
    %pushi/vec4 0, 0, 2;
    %assign/vec4 v000001a927b85750_0, 0;
    %pushi/vec4 0, 0, 1;
    %assign/vec4 v000001a927b852f0_0, 0;
    %pushi/vec4 0, 0, 2;
    %assign/vec4 v000001a927b85b10_0, 0;
    %pushi/vec4 0, 0, 5;
    %assign/vec4 v000001a927b86510_0, 0;
    %pushi/vec4 0, 0, 5;
    %assign/vec4 v000001a927b842b0_0, 0;
    %pushi/vec4 0, 0, 5;
    %assign/vec4 v000001a927b861f0_0, 0;
    %pushi/vec4 0, 0, 1;
    %assign/vec4 v000001a927b845d0_0, 0;
    %pushi/vec4 0, 0, 4;
    %assign/vec4 v000001a927b85ed0_0, 0;
    %pushi/vec4 0, 0, 1;
    %assign/vec4 v000001a927b856b0_0, 0;
    %pushi/vec4 0, 0, 3;
    %assign/vec4 v000001a927b84850_0, 0;
    %jmp T_36.1;
T_36.0 ;
    %load/vec4 v000001a927b86650_0;
    %flag_set/vec4 8;
    %jmp/0xz  T_36.2, 8;
    %load/vec4 v000001a927b84c10_0;
    %assign/vec4 v000001a927b84c10_0, 0;
    %load/vec4 v000001a927b863d0_0;
    %assign/vec4 v000001a927b863d0_0, 0;
    %load/vec4 v000001a927b85390_0;
    %assign/vec4 v000001a927b85390_0, 0;
    %load/vec4 v000001a927b84490_0;
    %assign/vec4 v000001a927b84490_0, 0;
    %load/vec4 v000001a927b85930_0;
    %assign/vec4 v000001a927b85930_0, 0;
    %load/vec4 v000001a927b843f0_0;
    %assign/vec4 v000001a927b843f0_0, 0;
    %load/vec4 v000001a927b84710_0;
    %assign/vec4 v000001a927b84710_0, 0;
    %load/vec4 v000001a927b84170_0;
    %assign/vec4 v000001a927b84170_0, 0;
    %load/vec4 v000001a927b84990_0;
    %assign/vec4 v000001a927b84990_0, 0;
    %load/vec4 v000001a927b85750_0;
    %assign/vec4 v000001a927b85750_0, 0;
    %load/vec4 v000001a927b852f0_0;
    %assign/vec4 v000001a927b852f0_0, 0;
    %load/vec4 v000001a927b85b10_0;
    %assign/vec4 v000001a927b85b10_0, 0;
    %load/vec4 v000001a927b86510_0;
    %assign/vec4 v000001a927b86510_0, 0;
    %load/vec4 v000001a927b842b0_0;
    %assign/vec4 v000001a927b842b0_0, 0;
    %load/vec4 v000001a927b861f0_0;
    %assign/vec4 v000001a927b861f0_0, 0;
    %load/vec4 v000001a927b845d0_0;
    %assign/vec4 v000001a927b845d0_0, 0;
    %load/vec4 v000001a927b85ed0_0;
    %assign/vec4 v000001a927b85ed0_0, 0;
    %load/vec4 v000001a927b856b0_0;
    %assign/vec4 v000001a927b856b0_0, 0;
    %load/vec4 v000001a927b84850_0;
    %assign/vec4 v000001a927b84850_0, 0;
    %jmp T_36.3;
T_36.2 ;
    %load/vec4 v000001a927b84530_0;
    %flag_set/vec4 8;
    %jmp/1 T_36.6, 8;
    %load/vec4 v000001a927b84ad0_0;
    %flag_set/vec4 9;
    %flag_or 8, 9;
T_36.6;
    %jmp/0xz  T_36.4, 8;
    %pushi/vec4 0, 0, 32;
    %assign/vec4 v000001a927b84c10_0, 0;
    %pushi/vec4 0, 0, 1;
    %assign/vec4 v000001a927b863d0_0, 0;
    %pushi/vec4 0, 0, 1;
    %assign/vec4 v000001a927b85390_0, 0;
    %pushi/vec4 0, 0, 32;
    %assign/vec4 v000001a927b84490_0, 0;
    %pushi/vec4 0, 0, 32;
    %assign/vec4 v000001a927b85930_0, 0;
    %pushi/vec4 0, 0, 32;
    %assign/vec4 v000001a927b843f0_0, 0;
    %pushi/vec4 0, 0, 32;
    %assign/vec4 v000001a927b84710_0, 0;
    %pushi/vec4 0, 0, 3;
    %assign/vec4 v000001a927b84170_0, 0;
    %pushi/vec4 0, 0, 1;
    %assign/vec4 v000001a927b84990_0, 0;
    %pushi/vec4 0, 0, 2;
    %assign/vec4 v000001a927b85750_0, 0;
    %pushi/vec4 0, 0, 1;
    %assign/vec4 v000001a927b852f0_0, 0;
    %pushi/vec4 0, 0, 2;
    %assign/vec4 v000001a927b85b10_0, 0;
    %pushi/vec4 0, 0, 5;
    %assign/vec4 v000001a927b86510_0, 0;
    %pushi/vec4 0, 0, 5;
    %assign/vec4 v000001a927b842b0_0, 0;
    %pushi/vec4 0, 0, 5;
    %assign/vec4 v000001a927b861f0_0, 0;
    %pushi/vec4 0, 0, 1;
    %assign/vec4 v000001a927b845d0_0, 0;
    %pushi/vec4 0, 0, 4;
    %assign/vec4 v000001a927b85ed0_0, 0;
    %pushi/vec4 0, 0, 1;
    %assign/vec4 v000001a927b856b0_0, 0;
    %pushi/vec4 0, 0, 3;
    %assign/vec4 v000001a927b84850_0, 0;
    %jmp T_36.5;
T_36.4 ;
    %load/vec4 v000001a927b84a30_0;
    %flag_set/vec4 8;
    %jmp/0xz  T_36.7, 8;
    %load/vec4 v000001a927b86830_0;
    %assign/vec4 v000001a927b84c10_0, 0;
    %load/vec4 v000001a927b860b0_0;
    %assign/vec4 v000001a927b863d0_0, 0;
    %load/vec4 v000001a927b86470_0;
    %assign/vec4 v000001a927b85390_0, 0;
    %load/vec4 v000001a927b85570_0;
    %assign/vec4 v000001a927b84490_0, 0;
    %load/vec4 v000001a927b84cb0_0;
    %assign/vec4 v000001a927b85930_0, 0;
    %load/vec4 v000001a927b85250_0;
    %assign/vec4 v000001a927b843f0_0, 0;
    %load/vec4 v000001a927b85430_0;
    %assign/vec4 v000001a927b84710_0, 0;
    %load/vec4 v000001a927b85f70_0;
    %assign/vec4 v000001a927b84170_0, 0;
    %load/vec4 v000001a927b85110_0;
    %assign/vec4 v000001a927b84990_0, 0;
    %load/vec4 v000001a927b859d0_0;
    %assign/vec4 v000001a927b85ed0_0, 0;
    %load/vec4 v000001a927b84e90_0;
    %assign/vec4 v000001a927b85b10_0, 0;
    %load/vec4 v000001a927b847b0_0;
    %assign/vec4 v000001a927b85750_0, 0;
    %load/vec4 v000001a927b866f0_0;
    %assign/vec4 v000001a927b852f0_0, 0;
    %load/vec4 v000001a927b85e30_0;
    %assign/vec4 v000001a927b86510_0, 0;
    %load/vec4 v000001a927b848f0_0;
    %assign/vec4 v000001a927b842b0_0, 0;
    %load/vec4 v000001a927b84f30_0;
    %assign/vec4 v000001a927b861f0_0, 0;
    %load/vec4 v000001a927b85c50_0;
    %assign/vec4 v000001a927b845d0_0, 0;
    %load/vec4 v000001a927b85d90_0;
    %assign/vec4 v000001a927b856b0_0, 0;
    %load/vec4 v000001a927b84350_0;
    %assign/vec4 v000001a927b84850_0, 0;
    %jmp T_36.8;
T_36.7 ;
    %load/vec4 v000001a927b86830_0;
    %assign/vec4 v000001a927b84c10_0, 0;
    %load/vec4 v000001a927b85070_0;
    %assign/vec4 v000001a927b863d0_0, 0;
    %load/vec4 v000001a927b84670_0;
    %assign/vec4 v000001a927b85390_0, 0;
    %load/vec4 v000001a927b85570_0;
    %assign/vec4 v000001a927b84490_0, 0;
    %load/vec4 v000001a927b84cb0_0;
    %assign/vec4 v000001a927b85930_0, 0;
    %load/vec4 v000001a927b85250_0;
    %assign/vec4 v000001a927b843f0_0, 0;
    %load/vec4 v000001a927b85430_0;
    %assign/vec4 v000001a927b84710_0, 0;
    %load/vec4 v000001a927b85a70_0;
    %assign/vec4 v000001a927b84170_0, 0;
    %load/vec4 v000001a927b86330_0;
    %assign/vec4 v000001a927b84990_0, 0;
    %load/vec4 v000001a927b85890_0;
    %assign/vec4 v000001a927b85ed0_0, 0;
    %load/vec4 v000001a927b86010_0;
    %assign/vec4 v000001a927b85b10_0, 0;
    %load/vec4 v000001a927b84fd0_0;
    %assign/vec4 v000001a927b85750_0, 0;
    %load/vec4 v000001a927b857f0_0;
    %assign/vec4 v000001a927b852f0_0, 0;
    %load/vec4 v000001a927b85cf0_0;
    %assign/vec4 v000001a927b86510_0, 0;
    %load/vec4 v000001a927b865b0_0;
    %assign/vec4 v000001a927b842b0_0, 0;
    %load/vec4 v000001a927b86150_0;
    %assign/vec4 v000001a927b861f0_0, 0;
    %load/vec4 v000001a927b85bb0_0;
    %assign/vec4 v000001a927b845d0_0, 0;
    %load/vec4 v000001a927b85610_0;
    %assign/vec4 v000001a927b856b0_0, 0;
    %load/vec4 v000001a927b854d0_0;
    %assign/vec4 v000001a927b84850_0, 0;
T_36.8 ;
T_36.5 ;
T_36.3 ;
T_36.1 ;
    %jmp T_36;
    .thread T_36;
    .scope S_000001a9274b5ee0;
T_37 ;
    %wait E_000001a927a6cfe0;
    %load/vec4 v000001a927aff8a0_0;
    %dup/vec4;
    %pushi/vec4 6, 0, 3;
    %cmp/u;
    %jmp/1 T_37.0, 6;
    %dup/vec4;
    %pushi/vec4 4, 0, 3;
    %cmp/u;
    %jmp/1 T_37.1, 6;
    %dup/vec4;
    %pushi/vec4 5, 0, 3;
    %cmp/u;
    %jmp/1 T_37.2, 6;
    %dup/vec4;
    %pushi/vec4 1, 0, 3;
    %cmp/u;
    %jmp/1 T_37.3, 6;
    %dup/vec4;
    %pushi/vec4 3, 0, 3;
    %cmp/u;
    %jmp/1 T_37.4, 6;
    %dup/vec4;
    %pushi/vec4 7, 0, 3;
    %cmp/u;
    %jmp/1 T_37.5, 6;
    %load/vec4 v000001a927b00b60_0;
    %store/vec4 v000001a927affee0_0, 0, 32;
    %jmp T_37.7;
T_37.0 ;
    %load/vec4 v000001a927aff620_0;
    %store/vec4 v000001a927affee0_0, 0, 32;
    %jmp T_37.7;
T_37.1 ;
    %load/vec4 v000001a927aff760_0;
    %store/vec4 v000001a927affee0_0, 0, 32;
    %jmp T_37.7;
T_37.2 ;
    %load/vec4 v000001a927afdbe0_0;
    %store/vec4 v000001a927affee0_0, 0, 32;
    %jmp T_37.7;
T_37.3 ;
    %load/vec4 v000001a927b00160_0;
    %store/vec4 v000001a927affee0_0, 0, 32;
    %jmp T_37.7;
T_37.4 ;
    %load/vec4 v000001a927afe360_0;
    %store/vec4 v000001a927affee0_0, 0, 32;
    %jmp T_37.7;
T_37.5 ;
    %load/vec4 v000001a927afe900_0;
    %store/vec4 v000001a927affee0_0, 0, 32;
    %jmp T_37.7;
T_37.7 ;
    %pop/vec4 1;
    %jmp T_37;
    .thread T_37, $push;
    .scope S_000001a9274949d0;
T_38 ;
    %wait E_000001a927a6d820;
    %load/vec4 v000001a927afea40_0;
    %flag_set/vec4 8;
    %jmp/0xz  T_38.0, 8;
    %pushi/vec4 0, 0, 2;
    %store/vec4 v000001a927aff1c0_0, 0, 2;
    %jmp T_38.1;
T_38.0 ;
    %load/vec4 v000001a927afdfa0_0;
    %flag_set/vec4 8;
    %jmp/0xz  T_38.2, 8;
    %pushi/vec4 1, 0, 2;
    %store/vec4 v000001a927aff1c0_0, 0, 2;
    %jmp T_38.3;
T_38.2 ;
    %pushi/vec4 2, 0, 2;
    %store/vec4 v000001a927aff1c0_0, 0, 2;
T_38.3 ;
T_38.1 ;
    %jmp T_38;
    .thread T_38, $push;
    .scope S_000001a9274c08d0;
T_39 ;
    %wait E_000001a927a6de60;
    %load/vec4 v000001a927b5b890_0;
    %parti/s 2, 0, 2;
    %dup/vec4;
    %pushi/vec4 1, 0, 2;
    %cmp/u;
    %jmp/1 T_39.0, 6;
    %dup/vec4;
    %pushi/vec4 2, 0, 2;
    %cmp/u;
    %jmp/1 T_39.1, 6;
    %dup/vec4;
    %pushi/vec4 3, 0, 2;
    %cmp/u;
    %jmp/1 T_39.2, 6;
    %load/vec4 v000001a927b5c8d0_0;
    %store/vec4 v000001a927b5c150_0, 0, 34;
    %jmp T_39.4;
T_39.0 ;
    %load/vec4 v000001a927b5c8d0_0;
    %load/vec4 v000001a927b5d190_0;
    %add;
    %store/vec4 v000001a927b5c150_0, 0, 34;
    %jmp T_39.4;
T_39.1 ;
    %load/vec4 v000001a927b5c8d0_0;
    %load/vec4 v000001a927b5d190_0;
    %ix/load 4, 1, 0;
    %flag_set/imm 4, 0;
    %shiftl 4;
    %add;
    %store/vec4 v000001a927b5c150_0, 0, 34;
    %jmp T_39.4;
T_39.2 ;
    %load/vec4 v000001a927b5c8d0_0;
    %load/vec4 v000001a927b5d190_0;
    %add;
    %load/vec4 v000001a927b5d190_0;
    %ix/load 4, 1, 0;
    %flag_set/imm 4, 0;
    %shiftl 4;
    %add;
    %store/vec4 v000001a927b5c150_0, 0, 34;
    %jmp T_39.4;
T_39.4 ;
    %pop/vec4 1;
    %jmp T_39;
    .thread T_39, $push;
    .scope S_000001a9274c08d0;
T_40 ;
    %wait E_000001a927a6e860;
    %load/vec4 v000001a927b5cf10_0;
    %flag_set/vec4 8;
    %jmp/0xz  T_40.0, 8;
    %pushi/vec4 0, 0, 1;
    %assign/vec4 v000001a927b5c3d0_0, 0;
    %pushi/vec4 0, 0, 1;
    %assign/vec4 v000001a927b5c290_0, 0;
    %pushi/vec4 0, 0, 64;
    %assign/vec4 v000001a927b5c330_0, 0;
    %pushi/vec4 0, 0, 5;
    %assign/vec4 v000001a927b5d690_0, 0;
    %pushi/vec4 0, 0, 32;
    %assign/vec4 v000001a927b5b6b0_0, 0;
    %pushi/vec4 0, 0, 32;
    %assign/vec4 v000001a927b5b890_0, 0;
    %pushi/vec4 0, 0, 32;
    %assign/vec4 v000001a927b5bc50_0, 0;
    %pushi/vec4 0, 0, 1;
    %assign/vec4 v000001a927b5d5f0_0, 0;
    %jmp T_40.1;
T_40.0 ;
    %pushi/vec4 0, 0, 1;
    %assign/vec4 v000001a927b5c290_0, 0;
    %load/vec4 v000001a927b5c3d0_0;
    %nor/r;
    %flag_set/vec4 8;
    %jmp/0xz  T_40.2, 8;
    %load/vec4 v000001a927b5b750_0;
    %flag_set/vec4 8;
    %jmp/0xz  T_40.4, 8;
    %pushi/vec4 1, 0, 1;
    %assign/vec4 v000001a927b5c3d0_0, 0;
    %pushi/vec4 16, 0, 5;
    %assign/vec4 v000001a927b5d690_0, 0;
    %load/vec4 v000001a927b5c5b0_0;
    %assign/vec4 v000001a927b5bc50_0, 0;
    %load/vec4 v000001a927b5cd30_0;
    %assign/vec4 v000001a927b5b890_0, 0;
    %pushi/vec4 0, 0, 32;
    %assign/vec4 v000001a927b5b6b0_0, 0;
    %load/vec4 v000001a927b5d550_0;
    %assign/vec4 v000001a927b5d5f0_0, 0;
T_40.4 ;
    %jmp T_40.3;
T_40.2 ;
    %load/vec4 v000001a927b5d690_0;
    %pad/u 32;
    %cmpi/u 0, 0, 32;
    %flag_or 5, 4; GT is !LE
    %flag_inv 5;
    %jmp/0xz  T_40.6, 5;
    %load/vec4 v000001a927b5c150_0;
    %load/vec4 v000001a927b5b890_0;
    %concat/vec4; draw_concat_vec4
    %ix/load 4, 2, 0;
    %flag_set/imm 4, 0;
    %shiftr 4;
    %pad/u 64;
    %split/vec4 32;
    %assign/vec4 v000001a927b5b890_0, 0;
    %assign/vec4 v000001a927b5b6b0_0, 0;
    %load/vec4 v000001a927b5d690_0;
    %subi 1, 0, 5;
    %assign/vec4 v000001a927b5d690_0, 0;
    %jmp T_40.7;
T_40.6 ;
    %pushi/vec4 0, 0, 1;
    %assign/vec4 v000001a927b5c3d0_0, 0;
    %pushi/vec4 1, 0, 1;
    %assign/vec4 v000001a927b5c290_0, 0;
    %load/vec4 v000001a927b5d5f0_0;
    %flag_set/vec4 8;
    %jmp/0 T_40.8, 8;
    %load/vec4 v000001a927b5b6b0_0;
    %load/vec4 v000001a927b5b890_0;
    %concat/vec4; draw_concat_vec4
    %inv;
    %addi 1, 0, 64;
    %jmp/1 T_40.9, 8;
T_40.8 ; End of true expr.
    %load/vec4 v000001a927b5b6b0_0;
    %load/vec4 v000001a927b5b890_0;
    %concat/vec4; draw_concat_vec4
    %jmp/0 T_40.9, 8;
 ; End of false expr.
    %blend;
T_40.9;
    %assign/vec4 v000001a927b5c330_0, 0;
T_40.7 ;
T_40.3 ;
T_40.1 ;
    %jmp T_40;
    .thread T_40;
    .scope S_000001a927494b60;
T_41 ;
    %wait E_000001a927a6e860;
    %load/vec4 v000001a927a29c20_0;
    %flag_set/vec4 8;
    %jmp/0xz  T_41.0, 8;
    %pushi/vec4 0, 0, 2;
    %assign/vec4 v000001a927a28e60_0, 0;
    %pushi/vec4 0, 0, 1;
    %assign/vec4 v000001a927afce20_0, 0;
    %pushi/vec4 0, 0, 1;
    %assign/vec4 v000001a927a36b90_0, 0;
    %jmp T_41.1;
T_41.0 ;
    %pushi/vec4 0, 0, 1;
    %assign/vec4 v000001a927a36b90_0, 0;
    %load/vec4 v000001a927a28e60_0;
    %dup/vec4;
    %pushi/vec4 0, 0, 2;
    %cmp/u;
    %jmp/1 T_41.2, 6;
    %dup/vec4;
    %pushi/vec4 1, 0, 2;
    %cmp/u;
    %jmp/1 T_41.3, 6;
    %dup/vec4;
    %pushi/vec4 2, 0, 2;
    %cmp/u;
    %jmp/1 T_41.4, 6;
    %jmp T_41.5;
T_41.2 ;
    %load/vec4 v000001a927a36c30_0;
    %flag_set/vec4 8;
    %jmp/0xz  T_41.6, 8;
    %pushi/vec4 1, 0, 2;
    %assign/vec4 v000001a927a28e60_0, 0;
    %pushi/vec4 1, 0, 1;
    %assign/vec4 v000001a927afce20_0, 0;
    %pushi/vec4 32, 0, 6;
    %assign/vec4 v000001a927a376d0_0, 0;
    %load/vec4 v000001a927afeea0_0;
    %assign/vec4 v000001a927afd1e0_0, 0;
    %load/vec4 v000001a927afee00_0;
    %assign/vec4 v000001a927afd780_0, 0;
    %load/vec4 v000001a927a36e10_0;
    %assign/vec4 v000001a927a36f50_0, 0;
    %pushi/vec4 0, 0, 33;
    %assign/vec4 v000001a927a37770_0, 0;
    %pushi/vec4 0, 0, 32;
    %assign/vec4 v000001a927a379f0_0, 0;
    %load/vec4 v000001a927a28140_0;
    %pad/u 32;
    %cmpi/e 0, 0, 32;
    %flag_mov 8, 4;
    %jmp/0 T_41.8, 8;
    %load/vec4 v000001a927a36e10_0;
    %parti/s 1, 31, 6;
    %load/vec4 v000001a927a365f0_0;
    %parti/s 1, 31, 6;
    %xor;
    %jmp/1 T_41.9, 8;
T_41.8 ; End of true expr.
    %pushi/vec4 0, 0, 1;
    %jmp/0 T_41.9, 8;
 ; End of false expr.
    %blend;
T_41.9;
    %assign/vec4 v000001a927a28f00_0, 0;
    %load/vec4 v000001a927a28140_0;
    %pad/u 32;
    %cmpi/e 0, 0, 32;
    %flag_mov 8, 4;
    %jmp/0 T_41.10, 8;
    %load/vec4 v000001a927a36e10_0;
    %parti/s 1, 31, 6;
    %jmp/1 T_41.11, 8;
T_41.10 ; End of true expr.
    %pushi/vec4 0, 0, 1;
    %jmp/0 T_41.11, 8;
 ; End of false expr.
    %blend;
T_41.11;
    %assign/vec4 v000001a927a29540_0, 0;
    %load/vec4 v000001a927a365f0_0;
    %pushi/vec4 0, 0, 32;
    %cmp/e;
    %flag_get/vec4 4;
    %assign/vec4 v000001a927a36410_0, 0;
T_41.6 ;
    %jmp T_41.5;
T_41.3 ;
    %load/vec4 v000001a927a36410_0;
    %flag_set/vec4 8;
    %jmp/0xz  T_41.12, 8;
    %pushi/vec4 2, 0, 2;
    %assign/vec4 v000001a927a28e60_0, 0;
    %jmp T_41.13;
T_41.12 ;
    %load/vec4 v000001a927a376d0_0;
    %pad/u 32;
    %cmpi/u 0, 0, 32;
    %flag_or 5, 4; GT is !LE
    %flag_inv 5;
    %jmp/0xz  T_41.14, 5;
    %load/vec4 v000001a927ad8820_0;
    %parti/s 1, 32, 7;
    %nor/r;
    %flag_set/vec4 8;
    %jmp/0xz  T_41.16, 8;
    %load/vec4 v000001a927ad8820_0;
    %assign/vec4 v000001a927a37770_0, 0;
    %load/vec4 v000001a927a379f0_0;
    %parti/s 31, 0, 2;
    %concati/vec4 1, 0, 1;
    %assign/vec4 v000001a927a379f0_0, 0;
    %jmp T_41.17;
T_41.16 ;
    %load/vec4 v000001a927a37770_0;
    %parti/s 32, 0, 2;
    %load/vec4 v000001a927afd1e0_0;
    %parti/s 1, 31, 6;
    %concat/vec4; draw_concat_vec4
    %assign/vec4 v000001a927a37770_0, 0;
    %load/vec4 v000001a927a379f0_0;
    %parti/s 31, 0, 2;
    %concati/vec4 0, 0, 1;
    %assign/vec4 v000001a927a379f0_0, 0;
T_41.17 ;
    %load/vec4 v000001a927afd1e0_0;
    %parti/s 31, 0, 2;
    %concati/vec4 0, 0, 1;
    %assign/vec4 v000001a927afd1e0_0, 0;
    %load/vec4 v000001a927a376d0_0;
    %subi 1, 0, 6;
    %assign/vec4 v000001a927a376d0_0, 0;
    %jmp T_41.15;
T_41.14 ;
    %pushi/vec4 2, 0, 2;
    %assign/vec4 v000001a927a28e60_0, 0;
T_41.15 ;
T_41.13 ;
    %jmp T_41.5;
T_41.4 ;
    %pushi/vec4 0, 0, 1;
    %assign/vec4 v000001a927afce20_0, 0;
    %pushi/vec4 1, 0, 1;
    %assign/vec4 v000001a927a36b90_0, 0;
    %pushi/vec4 0, 0, 2;
    %assign/vec4 v000001a927a28e60_0, 0;
    %load/vec4 v000001a927a36410_0;
    %flag_set/vec4 8;
    %jmp/0 T_41.18, 8;
    %pushi/vec4 4294967295, 0, 32;
    %jmp/1 T_41.19, 8;
T_41.18 ; End of true expr.
    %load/vec4 v000001a927a28f00_0;
    %flag_set/vec4 9;
    %jmp/0 T_41.20, 9;
    %load/vec4 v000001a927a379f0_0;
    %inv;
    %addi 1, 0, 32;
    %jmp/1 T_41.21, 9;
T_41.20 ; End of true expr.
    %load/vec4 v000001a927a379f0_0;
    %jmp/0 T_41.21, 9;
 ; End of false expr.
    %blend;
T_41.21;
    %jmp/0 T_41.19, 8;
 ; End of false expr.
    %blend;
T_41.19;
    %assign/vec4 v000001a927a37310_0, 0;
    %load/vec4 v000001a927a36410_0;
    %flag_set/vec4 8;
    %jmp/0 T_41.22, 8;
    %load/vec4 v000001a927a36f50_0;
    %jmp/1 T_41.23, 8;
T_41.22 ; End of true expr.
    %load/vec4 v000001a927a29540_0;
    %flag_set/vec4 9;
    %jmp/0 T_41.24, 9;
    %load/vec4 v000001a927a37770_0;
    %parti/s 32, 0, 2;
    %inv;
    %addi 1, 0, 32;
    %jmp/1 T_41.25, 9;
T_41.24 ; End of true expr.
    %load/vec4 v000001a927a37770_0;
    %parti/s 32, 0, 2;
    %jmp/0 T_41.25, 9;
 ; End of false expr.
    %blend;
T_41.25;
    %jmp/0 T_41.23, 8;
 ; End of false expr.
    %blend;
T_41.23;
    %assign/vec4 v000001a927a288c0_0, 0;
    %jmp T_41.5;
T_41.5 ;
    %pop/vec4 1;
T_41.1 ;
    %jmp T_41;
    .thread T_41;
    .scope S_000001a9274b5d50;
T_42 ;
    %wait E_000001a927a6d9e0;
    %load/vec4 v000001a927b5b2f0_0;
    %dup/vec4;
    %pushi/vec4 2, 0, 3;
    %cmp/u;
    %jmp/1 T_42.0, 6;
    %dup/vec4;
    %pushi/vec4 3, 0, 3;
    %cmp/u;
    %jmp/1 T_42.1, 6;
    %pushi/vec4 0, 0, 2;
    %store/vec4 v000001a927b5e810_0, 0, 2;
    %jmp T_42.3;
T_42.0 ;
    %pushi/vec4 1, 0, 2;
    %store/vec4 v000001a927b5e810_0, 0, 2;
    %jmp T_42.3;
T_42.1 ;
    %pushi/vec4 2, 0, 2;
    %store/vec4 v000001a927b5e810_0, 0, 2;
    %jmp T_42.3;
T_42.3 ;
    %pop/vec4 1;
    %jmp T_42;
    .thread T_42, $push;
    .scope S_000001a9274b5d50;
T_43 ;
    %wait E_000001a927a6d7e0;
    %load/vec4 v000001a927b5eef0_0;
    %inv;
    %flag_set/vec4 8;
    %jmp/0xz  T_43.0, 8;
    %pushi/vec4 0, 0, 1;
    %assign/vec4 v000001a927b5df50_0, 0;
    %pushi/vec4 0, 0, 1;
    %assign/vec4 v000001a927b5eb30_0, 0;
    %jmp T_43.1;
T_43.0 ;
    %load/vec4 v000001a927b5b9d0_0;
    %nor/r;
    %flag_set/vec4 8;
    %jmp/0xz  T_43.2, 8;
    %pushi/vec4 0, 0, 1;
    %assign/vec4 v000001a927b5df50_0, 0;
    %pushi/vec4 0, 0, 1;
    %assign/vec4 v000001a927b5eb30_0, 0;
    %jmp T_43.3;
T_43.2 ;
    %load/vec4 v000001a927b5e630_0;
    %flag_set/vec4 8;
    %jmp/0xz  T_43.4, 8;
    %pushi/vec4 0, 0, 1;
    %assign/vec4 v000001a927b5df50_0, 0;
    %pushi/vec4 0, 0, 1;
    %assign/vec4 v000001a927b5eb30_0, 0;
    %jmp T_43.5;
T_43.4 ;
    %load/vec4 v000001a927b5ee50_0;
    %flag_set/vec4 8;
    %jmp/0xz  T_43.6, 8;
    %pushi/vec4 1, 0, 1;
    %assign/vec4 v000001a927b5df50_0, 0;
    %pushi/vec4 0, 0, 1;
    %assign/vec4 v000001a927b5eb30_0, 0;
    %jmp T_43.7;
T_43.6 ;
    %load/vec4 v000001a927b5df50_0;
    %flag_set/vec4 9;
    %flag_get/vec4 9;
    %jmp/0 T_43.10, 9;
    %load/vec4 v000001a927b5de10_0;
    %nor/r;
    %and;
T_43.10;
    %flag_set/vec4 8;
    %jmp/0xz  T_43.8, 8;
    %pushi/vec4 1, 0, 1;
    %assign/vec4 v000001a927b5eb30_0, 0;
T_43.8 ;
T_43.7 ;
T_43.5 ;
T_43.3 ;
T_43.1 ;
    %jmp T_43;
    .thread T_43;
    .scope S_000001a9274b5d50;
T_44 ;
    %wait E_000001a927a6d2e0;
    %load/vec4 v000001a927b5b2f0_0;
    %dup/vec4;
    %pushi/vec4 0, 0, 3;
    %cmp/u;
    %jmp/1 T_44.0, 6;
    %dup/vec4;
    %pushi/vec4 1, 0, 3;
    %cmp/u;
    %jmp/1 T_44.1, 6;
    %dup/vec4;
    %pushi/vec4 2, 0, 3;
    %cmp/u;
    %jmp/1 T_44.2, 6;
    %dup/vec4;
    %pushi/vec4 3, 0, 3;
    %cmp/u;
    %jmp/1 T_44.3, 6;
    %dup/vec4;
    %pushi/vec4 4, 0, 3;
    %cmp/u;
    %jmp/1 T_44.4, 6;
    %dup/vec4;
    %pushi/vec4 5, 0, 3;
    %cmp/u;
    %jmp/1 T_44.5, 6;
    %dup/vec4;
    %pushi/vec4 6, 0, 3;
    %cmp/u;
    %jmp/1 T_44.6, 6;
    %dup/vec4;
    %pushi/vec4 7, 0, 3;
    %cmp/u;
    %jmp/1 T_44.7, 6;
    %pushi/vec4 0, 0, 32;
    %store/vec4 v000001a927b5e130_0, 0, 32;
    %jmp T_44.9;
T_44.0 ;
    %load/vec4 v000001a927b5edb0_0;
    %parti/s 32, 0, 2;
    %store/vec4 v000001a927b5e130_0, 0, 32;
    %jmp T_44.9;
T_44.1 ;
    %load/vec4 v000001a927b5edb0_0;
    %parti/s 32, 32, 7;
    %store/vec4 v000001a927b5e130_0, 0, 32;
    %jmp T_44.9;
T_44.2 ;
    %load/vec4 v000001a927b5edb0_0;
    %parti/s 32, 32, 7;
    %store/vec4 v000001a927b5e130_0, 0, 32;
    %jmp T_44.9;
T_44.3 ;
    %load/vec4 v000001a927b5edb0_0;
    %parti/s 32, 32, 7;
    %store/vec4 v000001a927b5e130_0, 0, 32;
    %jmp T_44.9;
T_44.4 ;
    %load/vec4 v000001a927b5d0f0_0;
    %store/vec4 v000001a927b5e130_0, 0, 32;
    %jmp T_44.9;
T_44.5 ;
    %load/vec4 v000001a927b5d0f0_0;
    %store/vec4 v000001a927b5e130_0, 0, 32;
    %jmp T_44.9;
T_44.6 ;
    %load/vec4 v000001a927b5d230_0;
    %store/vec4 v000001a927b5e130_0, 0, 32;
    %jmp T_44.9;
T_44.7 ;
    %load/vec4 v000001a927b5d230_0;
    %store/vec4 v000001a927b5e130_0, 0, 32;
    %jmp T_44.9;
T_44.9 ;
    %pop/vec4 1;
    %jmp T_44;
    .thread T_44, $push;
    .scope S_000001a927b63210;
T_45 ;
    %wait E_000001a927a6d7e0;
    %load/vec4 v000001a927b8b3d0_0;
    %inv;
    %flag_set/vec4 8;
    %jmp/0xz  T_45.0, 8;
    %pushi/vec4 0, 0, 32;
    %assign/vec4 v000001a927b895d0_0, 0;
    %pushi/vec4 0, 0, 2;
    %assign/vec4 v000001a927b73a90_0, 0;
    %pushi/vec4 0, 0, 1;
    %assign/vec4 v000001a927b739f0_0, 0;
    %pushi/vec4 0, 0, 2;
    %assign/vec4 v000001a927b73950_0, 0;
    %pushi/vec4 0, 0, 5;
    %assign/vec4 v000001a927b73f90_0, 0;
    %pushi/vec4 0, 0, 5;
    %assign/vec4 v000001a927b8a250_0, 0;
    %pushi/vec4 0, 0, 1;
    %assign/vec4 v000001a927b73e50_0, 0;
    %pushi/vec4 0, 0, 2;
    %assign/vec4 v000001a927b71330_0, 0;
    %pushi/vec4 0, 0, 32;
    %assign/vec4 v000001a927b71290_0, 0;
    %pushi/vec4 0, 0, 32;
    %assign/vec4 v000001a927b711f0_0, 0;
    %pushi/vec4 0, 0, 32;
    %assign/vec4 v000001a927b72550_0, 0;
    %pushi/vec4 0, 0, 1;
    %assign/vec4 v000001a927b8aed0_0, 0;
    %jmp T_45.1;
T_45.0 ;
    %load/vec4 v000001a927b73c70_0;
    %flag_set/vec4 8;
    %jmp/1 T_45.4, 8;
    %load/vec4 v000001a927b8ae30_0;
    %flag_set/vec4 9;
    %flag_or 8, 9;
T_45.4;
    %jmp/0xz  T_45.2, 8;
    %pushi/vec4 0, 0, 32;
    %assign/vec4 v000001a927b895d0_0, 0;
    %pushi/vec4 0, 0, 2;
    %assign/vec4 v000001a927b73a90_0, 0;
    %pushi/vec4 0, 0, 1;
    %assign/vec4 v000001a927b739f0_0, 0;
    %pushi/vec4 0, 0, 2;
    %assign/vec4 v000001a927b73950_0, 0;
    %pushi/vec4 0, 0, 5;
    %assign/vec4 v000001a927b73f90_0, 0;
    %pushi/vec4 0, 0, 5;
    %assign/vec4 v000001a927b8a250_0, 0;
    %pushi/vec4 0, 0, 1;
    %assign/vec4 v000001a927b73e50_0, 0;
    %pushi/vec4 0, 0, 2;
    %assign/vec4 v000001a927b71330_0, 0;
    %pushi/vec4 0, 0, 32;
    %assign/vec4 v000001a927b71290_0, 0;
    %pushi/vec4 0, 0, 32;
    %assign/vec4 v000001a927b711f0_0, 0;
    %pushi/vec4 0, 0, 32;
    %assign/vec4 v000001a927b72550_0, 0;
    %pushi/vec4 0, 0, 1;
    %assign/vec4 v000001a927b8aed0_0, 0;
    %jmp T_45.3;
T_45.2 ;
    %load/vec4 v000001a927b8a570_0;
    %flag_set/vec4 8;
    %jmp/0xz  T_45.5, 8;
    %load/vec4 v000001a927b895d0_0;
    %assign/vec4 v000001a927b895d0_0, 0;
    %load/vec4 v000001a927b73a90_0;
    %assign/vec4 v000001a927b73a90_0, 0;
    %load/vec4 v000001a927b739f0_0;
    %assign/vec4 v000001a927b739f0_0, 0;
    %load/vec4 v000001a927b73950_0;
    %assign/vec4 v000001a927b73950_0, 0;
    %load/vec4 v000001a927b73f90_0;
    %assign/vec4 v000001a927b73f90_0, 0;
    %load/vec4 v000001a927b8a250_0;
    %assign/vec4 v000001a927b8a250_0, 0;
    %load/vec4 v000001a927b73e50_0;
    %assign/vec4 v000001a927b73e50_0, 0;
    %load/vec4 v000001a927b71330_0;
    %assign/vec4 v000001a927b71330_0, 0;
    %load/vec4 v000001a927b71290_0;
    %assign/vec4 v000001a927b71290_0, 0;
    %load/vec4 v000001a927b711f0_0;
    %assign/vec4 v000001a927b711f0_0, 0;
    %load/vec4 v000001a927b72550_0;
    %assign/vec4 v000001a927b72550_0, 0;
    %load/vec4 v000001a927b8aed0_0;
    %assign/vec4 v000001a927b8aed0_0, 0;
    %jmp T_45.6;
T_45.5 ;
    %load/vec4 v000001a927b89b70_0;
    %assign/vec4 v000001a927b895d0_0, 0;
    %load/vec4 v000001a927b73b30_0;
    %assign/vec4 v000001a927b73a90_0, 0;
    %load/vec4 v000001a927b73bd0_0;
    %assign/vec4 v000001a927b739f0_0, 0;
    %load/vec4 v000001a927b73d10_0;
    %assign/vec4 v000001a927b73950_0, 0;
    %load/vec4 v000001a927b73ef0_0;
    %assign/vec4 v000001a927b73f90_0, 0;
    %load/vec4 v000001a927b738b0_0;
    %assign/vec4 v000001a927b8a250_0, 0;
    %load/vec4 v000001a927b73db0_0;
    %assign/vec4 v000001a927b73e50_0, 0;
    %load/vec4 v000001a927b724b0_0;
    %assign/vec4 v000001a927b71330_0, 0;
    %load/vec4 v000001a927b71150_0;
    %assign/vec4 v000001a927b71290_0, 0;
    %load/vec4 v000001a927b71150_0;
    %assign/vec4 v000001a927b711f0_0, 0;
    %load/vec4 v000001a927b715b0_0;
    %assign/vec4 v000001a927b72550_0, 0;
    %load/vec4 v000001a927b8a2f0_0;
    %assign/vec4 v000001a927b8aed0_0, 0;
T_45.6 ;
T_45.3 ;
T_45.1 ;
    %jmp T_45;
    .thread T_45;
    .scope S_000001a927b8db60;
T_46 ;
    %wait E_000001a927a70b60;
    %load/vec4 v000001a927b87870_0;
    %parti/s 2, 0, 2;
    %dup/vec4;
    %pushi/vec4 0, 0, 2;
    %cmp/u;
    %jmp/1 T_46.0, 6;
    %dup/vec4;
    %pushi/vec4 1, 0, 2;
    %cmp/u;
    %jmp/1 T_46.1, 6;
    %dup/vec4;
    %pushi/vec4 2, 0, 2;
    %cmp/u;
    %jmp/1 T_46.2, 6;
    %load/vec4 v000001a927b884f0_0;
    %flag_set/vec4 8;
    %jmp/0 T_46.5, 8;
    %pushi/vec4 0, 0, 24;
    %load/vec4 v000001a927b87cd0_0;
    %parti/s 8, 24, 6;
    %concat/vec4; draw_concat_vec4
    %jmp/1 T_46.6, 8;
T_46.5 ; End of true expr.
    %load/vec4 v000001a927b87cd0_0;
    %jmp/0 T_46.6, 8;
 ; End of false expr.
    %blend;
T_46.6;
    %store/vec4 v000001a927b87230_0, 0, 32;
    %jmp T_46.4;
T_46.0 ;
    %load/vec4 v000001a927b87cd0_0;
    %store/vec4 v000001a927b87230_0, 0, 32;
    %jmp T_46.4;
T_46.1 ;
    %load/vec4 v000001a927b86bf0_0;
    %flag_set/vec4 8;
    %jmp/0 T_46.7, 8;
    %pushi/vec4 0, 0, 8;
    %load/vec4 v000001a927b87cd0_0;
    %parti/s 24, 8, 5;
    %concat/vec4; draw_concat_vec4
    %jmp/1 T_46.8, 8;
T_46.7 ; End of true expr.
    %load/vec4 v000001a927b87cd0_0;
    %jmp/0 T_46.8, 8;
 ; End of false expr.
    %blend;
T_46.8;
    %store/vec4 v000001a927b87230_0, 0, 32;
    %jmp T_46.4;
T_46.2 ;
    %load/vec4 v000001a927b86bf0_0;
    %flag_set/vec4 8;
    %jmp/0 T_46.9, 8;
    %pushi/vec4 0, 0, 16;
    %load/vec4 v000001a927b87cd0_0;
    %parti/s 16, 16, 6;
    %concat/vec4; draw_concat_vec4
    %jmp/1 T_46.10, 8;
T_46.9 ; End of true expr.
    %load/vec4 v000001a927b87cd0_0;
    %jmp/0 T_46.10, 8;
 ; End of false expr.
    %blend;
T_46.10;
    %store/vec4 v000001a927b87230_0, 0, 32;
    %jmp T_46.4;
T_46.4 ;
    %pop/vec4 1;
    %jmp T_46;
    .thread T_46, $push;
    .scope S_000001a927b8db60;
T_47 ;
    %wait E_000001a927a70e20;
    %load/vec4 v000001a927b87230_0;
    %parti/s 8, 0, 2;
    %ix/load 4, 0, 0;
    %flag_set/imm 4, 0;
    %store/vec4 v000001a927b87370_0, 4, 8;
    %load/vec4 v000001a927b884f0_0;
    %flag_set/vec4 8;
    %jmp/0xz  T_47.0, 8;
    %load/vec4 v000001a927b888b0_0;
    %flag_set/vec4 8;
    %jmp/0 T_47.2, 8;
    %pushi/vec4 0, 0, 24;
    %jmp/1 T_47.3, 8;
T_47.2 ; End of true expr.
    %load/vec4 v000001a927b87230_0;
    %parti/s 1, 7, 4;
    %replicate 24;
    %jmp/0 T_47.3, 8;
 ; End of false expr.
    %blend;
T_47.3;
    %ix/load 4, 8, 0;
    %flag_set/imm 4, 0;
    %store/vec4 v000001a927b87370_0, 4, 24;
    %jmp T_47.1;
T_47.0 ;
    %load/vec4 v000001a927b877d0_0;
    %flag_set/vec4 8;
    %jmp/0xz  T_47.4, 8;
    %load/vec4 v000001a927b888b0_0;
    %flag_set/vec4 8;
    %jmp/0 T_47.6, 8;
    %pushi/vec4 0, 0, 16;
    %load/vec4 v000001a927b87230_0;
    %parti/s 8, 8, 5;
    %concat/vec4; draw_concat_vec4
    %jmp/1 T_47.7, 8;
T_47.6 ; End of true expr.
    %load/vec4 v000001a927b87230_0;
    %parti/s 1, 15, 5;
    %replicate 16;
    %load/vec4 v000001a927b87230_0;
    %parti/s 8, 8, 5;
    %concat/vec4; draw_concat_vec4
    %jmp/0 T_47.7, 8;
 ; End of false expr.
    %blend;
T_47.7;
    %ix/load 4, 8, 0;
    %flag_set/imm 4, 0;
    %store/vec4 v000001a927b87370_0, 4, 24;
    %jmp T_47.5;
T_47.4 ;
    %load/vec4 v000001a927b87230_0;
    %parti/s 24, 8, 5;
    %ix/load 4, 8, 0;
    %flag_set/imm 4, 0;
    %store/vec4 v000001a927b87370_0, 4, 24;
T_47.5 ;
T_47.1 ;
    %jmp T_47;
    .thread T_47, $push;
    .scope S_000001a927b8db60;
T_48 ;
    %wait E_000001a927a718e0;
    %pushi/vec4 0, 0, 32;
    %store/vec4 v000001a927b879b0_0, 0, 32;
    %pushi/vec4 0, 0, 4;
    %store/vec4 v000001a927b87730_0, 0, 4;
    %load/vec4 v000001a927b884f0_0;
    %flag_set/vec4 8;
    %jmp/0xz  T_48.0, 8;
    %load/vec4 v000001a927b87870_0;
    %parti/s 2, 0, 2;
    %dup/vec4;
    %pushi/vec4 0, 0, 2;
    %cmp/u;
    %jmp/1 T_48.2, 6;
    %dup/vec4;
    %pushi/vec4 1, 0, 2;
    %cmp/u;
    %jmp/1 T_48.3, 6;
    %dup/vec4;
    %pushi/vec4 2, 0, 2;
    %cmp/u;
    %jmp/1 T_48.4, 6;
    %load/vec4 v000001a927b87af0_0;
    %parti/s 8, 0, 2;
    %concati/vec4 0, 0, 24;
    %store/vec4 v000001a927b879b0_0, 0, 32;
    %pushi/vec4 8, 0, 4;
    %store/vec4 v000001a927b87730_0, 0, 4;
    %jmp T_48.6;
T_48.2 ;
    %pushi/vec4 0, 0, 24;
    %load/vec4 v000001a927b87af0_0;
    %parti/s 8, 0, 2;
    %concat/vec4; draw_concat_vec4
    %store/vec4 v000001a927b879b0_0, 0, 32;
    %pushi/vec4 1, 0, 4;
    %store/vec4 v000001a927b87730_0, 0, 4;
    %jmp T_48.6;
T_48.3 ;
    %pushi/vec4 0, 0, 16;
    %load/vec4 v000001a927b87af0_0;
    %parti/s 8, 0, 2;
    %concat/vec4; draw_concat_vec4
    %concati/vec4 0, 0, 8;
    %store/vec4 v000001a927b879b0_0, 0, 32;
    %pushi/vec4 2, 0, 4;
    %store/vec4 v000001a927b87730_0, 0, 4;
    %jmp T_48.6;
T_48.4 ;
    %pushi/vec4 0, 0, 8;
    %load/vec4 v000001a927b87af0_0;
    %parti/s 8, 0, 2;
    %concat/vec4; draw_concat_vec4
    %concati/vec4 0, 0, 16;
    %store/vec4 v000001a927b879b0_0, 0, 32;
    %pushi/vec4 4, 0, 4;
    %store/vec4 v000001a927b87730_0, 0, 4;
    %jmp T_48.6;
T_48.6 ;
    %pop/vec4 1;
    %jmp T_48.1;
T_48.0 ;
    %load/vec4 v000001a927b877d0_0;
    %flag_set/vec4 8;
    %jmp/0xz  T_48.7, 8;
    %load/vec4 v000001a927b87870_0;
    %parti/s 1, 1, 2;
    %dup/vec4;
    %pushi/vec4 0, 0, 1;
    %cmp/u;
    %jmp/1 T_48.9, 6;
    %dup/vec4;
    %pushi/vec4 1, 0, 1;
    %cmp/u;
    %jmp/1 T_48.10, 6;
    %jmp T_48.11;
T_48.9 ;
    %pushi/vec4 0, 0, 16;
    %load/vec4 v000001a927b87af0_0;
    %parti/s 16, 0, 2;
    %concat/vec4; draw_concat_vec4
    %store/vec4 v000001a927b879b0_0, 0, 32;
    %pushi/vec4 3, 0, 4;
    %store/vec4 v000001a927b87730_0, 0, 4;
    %jmp T_48.11;
T_48.10 ;
    %load/vec4 v000001a927b87af0_0;
    %parti/s 16, 0, 2;
    %concati/vec4 0, 0, 16;
    %store/vec4 v000001a927b879b0_0, 0, 32;
    %pushi/vec4 12, 0, 4;
    %store/vec4 v000001a927b87730_0, 0, 4;
    %jmp T_48.11;
T_48.11 ;
    %pop/vec4 1;
    %jmp T_48.8;
T_48.7 ;
    %load/vec4 v000001a927b87af0_0;
    %store/vec4 v000001a927b879b0_0, 0, 32;
    %pushi/vec4 15, 0, 4;
    %store/vec4 v000001a927b87730_0, 0, 4;
T_48.8 ;
T_48.1 ;
    %jmp T_48;
    .thread T_48, $push;
    .scope S_000001a927b8c0d0;
T_49 ;
    %wait E_000001a927a6d7e0;
    %load/vec4 v000001a927b88450_0;
    %inv;
    %flag_set/vec4 8;
    %jmp/0xz  T_49.0, 8;
    %pushi/vec4 0, 0, 32;
    %assign/vec4 v000001a927b88270_0, 0;
    %pushi/vec4 0, 0, 32;
    %assign/vec4 v000001a927b88a90_0, 0;
    %pushi/vec4 0, 0, 2;
    %assign/vec4 v000001a927b86ab0_0, 0;
    %pushi/vec4 0, 0, 5;
    %assign/vec4 v000001a927b88090_0, 0;
    %pushi/vec4 0, 0, 1;
    %assign/vec4 v000001a927b86e70_0, 0;
    %pushi/vec4 0, 0, 2;
    %assign/vec4 v000001a927b87eb0_0, 0;
    %pushi/vec4 0, 0, 32;
    %assign/vec4 v000001a927b870f0_0, 0;
    %jmp T_49.1;
T_49.0 ;
    %load/vec4 v000001a927b88130_0;
    %flag_set/vec4 8;
    %jmp/0xz  T_49.2, 8;
    %load/vec4 v000001a927b88270_0;
    %assign/vec4 v000001a927b88270_0, 0;
    %load/vec4 v000001a927b88a90_0;
    %assign/vec4 v000001a927b88a90_0, 0;
    %load/vec4 v000001a927b86ab0_0;
    %assign/vec4 v000001a927b86ab0_0, 0;
    %load/vec4 v000001a927b88090_0;
    %assign/vec4 v000001a927b88090_0, 0;
    %load/vec4 v000001a927b86e70_0;
    %assign/vec4 v000001a927b86e70_0, 0;
    %load/vec4 v000001a927b87eb0_0;
    %assign/vec4 v000001a927b87eb0_0, 0;
    %load/vec4 v000001a927b870f0_0;
    %assign/vec4 v000001a927b870f0_0, 0;
    %jmp T_49.3;
T_49.2 ;
    %load/vec4 v000001a927b881d0_0;
    %assign/vec4 v000001a927b88270_0, 0;
    %load/vec4 v000001a927b87f50_0;
    %assign/vec4 v000001a927b88a90_0, 0;
    %load/vec4 v000001a927b88b30_0;
    %assign/vec4 v000001a927b86ab0_0, 0;
    %load/vec4 v000001a927b87410_0;
    %assign/vec4 v000001a927b88090_0, 0;
    %load/vec4 v000001a927b86970_0;
    %assign/vec4 v000001a927b86e70_0, 0;
    %load/vec4 v000001a927b88630_0;
    %assign/vec4 v000001a927b87eb0_0, 0;
    %load/vec4 v000001a927b868d0_0;
    %assign/vec4 v000001a927b870f0_0, 0;
T_49.3 ;
T_49.1 ;
    %jmp T_49;
    .thread T_49;
    .scope S_000001a927b636c0;
T_50 ;
    %wait E_000001a927a71560;
    %load/vec4 v000001a927b689c0_0;
    %dup/vec4;
    %pushi/vec4 0, 0, 2;
    %cmp/u;
    %jmp/1 T_50.0, 6;
    %dup/vec4;
    %pushi/vec4 1, 0, 2;
    %cmp/u;
    %jmp/1 T_50.1, 6;
    %dup/vec4;
    %pushi/vec4 3, 0, 2;
    %cmp/u;
    %jmp/1 T_50.2, 6;
    %load/vec4 v000001a927b68100_0;
    %store/vec4 v000001a927b67f20_0, 0, 32;
    %jmp T_50.4;
T_50.0 ;
    %load/vec4 v000001a927b670c0_0;
    %store/vec4 v000001a927b67f20_0, 0, 32;
    %jmp T_50.4;
T_50.1 ;
    %load/vec4 v000001a927b67340_0;
    %store/vec4 v000001a927b67f20_0, 0, 32;
    %jmp T_50.4;
T_50.2 ;
    %load/vec4 v000001a927b67660_0;
    %store/vec4 v000001a927b67f20_0, 0, 32;
    %jmp T_50.4;
T_50.4 ;
    %pop/vec4 1;
    %jmp T_50;
    .thread T_50, $push;
    .scope S_000001a927b8cbc0;
T_51 ;
    %wait E_000001a927a70c60;
    %load/vec4 v000001a927b8bdd0_0;
    %flag_set/vec4 8;
    %jmp/0xz  T_51.0, 8;
    %pushi/vec4 1, 0, 1;
    %store/vec4 v000001a927b89210_0, 0, 1;
    %load/vec4 v000001a927b8b8d0_0;
    %store/vec4 v000001a927b89d50_0, 0, 32;
    %jmp T_51.1;
T_51.0 ;
    %load/vec4 v000001a927b8bf10_0;
    %flag_set/vec4 8;
    %jmp/0xz  T_51.2, 8;
    %pushi/vec4 1, 0, 1;
    %store/vec4 v000001a927b89210_0, 0, 1;
    %load/vec4 v000001a927b8bfb0_0;
    %store/vec4 v000001a927b89d50_0, 0, 32;
    %jmp T_51.3;
T_51.2 ;
    %pushi/vec4 0, 0, 1;
    %store/vec4 v000001a927b89210_0, 0, 1;
    %pushi/vec4 0, 0, 32;
    %store/vec4 v000001a927b89d50_0, 0, 32;
T_51.3 ;
T_51.1 ;
    %jmp T_51;
    .thread T_51, $push;
    .scope S_000001a927b8cbc0;
T_52 ;
    %wait E_000001a927a716e0;
    %load/vec4 v000001a927b8ba10_0;
    %flag_set/vec4 8;
    %jmp/0xz  T_52.0, 8;
    %pushi/vec4 1, 0, 1;
    %store/vec4 v000001a927b8af70_0, 0, 1;
    %load/vec4 v000001a927b8b8d0_0;
    %store/vec4 v000001a927b8b970_0, 0, 32;
    %jmp T_52.1;
T_52.0 ;
    %load/vec4 v000001a927b8bc90_0;
    %flag_set/vec4 8;
    %jmp/0xz  T_52.2, 8;
    %pushi/vec4 1, 0, 1;
    %store/vec4 v000001a927b8af70_0, 0, 1;
    %load/vec4 v000001a927b8bfb0_0;
    %store/vec4 v000001a927b8b970_0, 0, 32;
    %jmp T_52.3;
T_52.2 ;
    %pushi/vec4 0, 0, 1;
    %store/vec4 v000001a927b8af70_0, 0, 1;
    %pushi/vec4 0, 0, 32;
    %store/vec4 v000001a927b8b970_0, 0, 32;
T_52.3 ;
T_52.1 ;
    %jmp T_52;
    .thread T_52, $push;
    .scope S_000001a927b113c0;
T_53 ;
    %wait E_000001a927a6d7e0;
    %load/vec4 v000001a927b935a0_0;
    %inv;
    %flag_set/vec4 8;
    %jmp/0xz  T_53.0, 8;
    %pushi/vec4 0, 0, 5;
    %assign/vec4 v000001a927b94540_0, 0;
    %jmp T_53.1;
T_53.0 ;
    %load/vec4 v000001a927b94360_0;
    %flag_set/vec4 8;
    %jmp/0xz  T_53.2, 8;
    %load/vec4 v000001a927b94540_0;
    %parti/s 2, 2, 3;
    %concati/vec4 0, 0, 1;
    %load/vec4 v000001a927b94540_0;
    %parti/s 2, 0, 2;
    %concat/vec4; draw_concat_vec4
    %assign/vec4 v000001a927b94540_0, 0;
    %jmp T_53.3;
T_53.2 ;
    %load/vec4 v000001a927b942c0_0;
    %flag_set/vec4 8;
    %jmp/0xz  T_53.4, 8;
    %load/vec4 v000001a927b94540_0;
    %parti/s 2, 2, 3;
    %concati/vec4 0, 0, 2;
    %load/vec4 v000001a927b94540_0;
    %parti/s 1, 0, 2;
    %concat/vec4; draw_concat_vec4
    %assign/vec4 v000001a927b94540_0, 0;
    %jmp T_53.5;
T_53.4 ;
    %load/vec4 v000001a927b94540_0;
    %parti/s 4, 0, 2;
    %concati/vec4 1, 0, 1;
    %assign/vec4 v000001a927b94540_0, 0;
T_53.5 ;
T_53.3 ;
T_53.1 ;
    %jmp T_53;
    .thread T_53;
    .scope S_000001a927b113c0;
T_54 ;
    %wait E_000001a927a6cba0;
    %load/vec4 v000001a927b86f10_0;
    %cmpi/e 0, 0, 1;
    %flag_mov 8, 4;
    %jmp/0 T_54.0, 8;
    %load/vec4 v000001a927b92ec0_0;
    %jmp/1 T_54.1, 8;
T_54.0 ; End of true expr.
    %load/vec4 v000001a927b94180_0;
    %jmp/0 T_54.1, 8;
 ; End of false expr.
    %blend;
T_54.1;
    %store/vec4 v000001a927b974c0_0, 0, 32;
    %load/vec4 v000001a927b86f10_0;
    %cmpi/e 0, 0, 1;
    %flag_mov 8, 4;
    %jmp/0 T_54.2, 8;
    %load/vec4 v000001a927b94180_0;
    %jmp/1 T_54.3, 8;
T_54.2 ; End of true expr.
    %load/vec4 v000001a927b92ec0_0;
    %jmp/0 T_54.3, 8;
 ; End of false expr.
    %blend;
T_54.3;
    %store/vec4 v000001a927b98f00_0, 0, 32;
    %jmp T_54;
    .thread T_54, $push;
    .scope S_000001a927b113c0;
T_55 ;
    %wait E_000001a927a6da60;
    %load/vec4 v000001a927b98640_0;
    %cmpi/e 0, 0, 1;
    %flag_mov 8, 4;
    %jmp/0 T_55.0, 8;
    %load/vec4 v000001a927b93280_0;
    %jmp/1 T_55.1, 8;
T_55.0 ; End of true expr.
    %load/vec4 v000001a927b92740_0;
    %jmp/0 T_55.1, 8;
 ; End of false expr.
    %blend;
T_55.1;
    %store/vec4 v000001a927b994a0_0, 0, 32;
    %load/vec4 v000001a927b98640_0;
    %cmpi/e 0, 0, 1;
    %flag_mov 8, 4;
    %jmp/0 T_55.2, 8;
    %load/vec4 v000001a927b92740_0;
    %jmp/1 T_55.3, 8;
T_55.2 ; End of true expr.
    %load/vec4 v000001a927b93280_0;
    %jmp/0 T_55.3, 8;
 ; End of false expr.
    %blend;
T_55.3;
    %store/vec4 v000001a927b981e0_0, 0, 32;
    %jmp T_55;
    .thread T_55, $push;
    .scope S_000001a927b113c0;
T_56 ;
    %wait E_000001a927a6cd60;
    %load/vec4 v000001a927b97ec0_0;
    %cmpi/e 1, 0, 1;
    %jmp/0xz  T_56.0, 4;
    %load/vec4 v000001a927b89030_0;
    %cmpi/e 0, 0, 1;
    %flag_mov 8, 4;
    %jmp/0 T_56.2, 8;
    %load/vec4 v000001a927b93c80_0;
    %jmp/1 T_56.3, 8;
T_56.2 ; End of true expr.
    %load/vec4 v000001a927b98140_0;
    %jmp/0 T_56.3, 8;
 ; End of false expr.
    %blend;
T_56.3;
    %store/vec4 v000001a927b98a00_0, 0, 32;
    %load/vec4 v000001a927b89030_0;
    %cmpi/e 0, 0, 1;
    %flag_mov 8, 4;
    %jmp/0 T_56.4, 8;
    %load/vec4 v000001a927b87050_0;
    %jmp/1 T_56.5, 8;
T_56.4 ; End of true expr.
    %load/vec4 v000001a927b93c80_0;
    %jmp/0 T_56.5, 8;
 ; End of false expr.
    %blend;
T_56.5;
    %store/vec4 v000001a927b97d80_0, 0, 32;
    %jmp T_56.1;
T_56.0 ;
    %load/vec4 v000001a927b98140_0;
    %store/vec4 v000001a927b98a00_0, 0, 32;
    %load/vec4 v000001a927b87050_0;
    %store/vec4 v000001a927b97d80_0, 0, 32;
T_56.1 ;
    %jmp T_56;
    .thread T_56, $push;
    .scope S_000001a927b113c0;
T_57 ;
    %wait E_000001a927a6d5a0;
    %load/vec4 v000001a927b98320_0;
    %cmpi/e 1, 0, 1;
    %jmp/0xz  T_57.0, 4;
    %load/vec4 v000001a927b976a0_0;
    %cmpi/e 0, 0, 1;
    %flag_mov 8, 4;
    %jmp/0 T_57.2, 8;
    %load/vec4 v000001a927b93b40_0;
    %jmp/1 T_57.3, 8;
T_57.2 ; End of true expr.
    %load/vec4 v000001a927b97ce0_0;
    %jmp/0 T_57.3, 8;
 ; End of false expr.
    %blend;
T_57.3;
    %store/vec4 v000001a927b986e0_0, 0, 32;
    %load/vec4 v000001a927b976a0_0;
    %cmpi/e 0, 0, 1;
    %flag_mov 8, 4;
    %jmp/0 T_57.4, 8;
    %load/vec4 v000001a927b988c0_0;
    %jmp/1 T_57.5, 8;
T_57.4 ; End of true expr.
    %load/vec4 v000001a927b93b40_0;
    %jmp/0 T_57.5, 8;
 ; End of false expr.
    %blend;
T_57.5;
    %store/vec4 v000001a927b97420_0, 0, 32;
    %jmp T_57.1;
T_57.0 ;
    %load/vec4 v000001a927b97ce0_0;
    %store/vec4 v000001a927b986e0_0, 0, 32;
    %load/vec4 v000001a927b988c0_0;
    %store/vec4 v000001a927b97420_0, 0, 32;
T_57.1 ;
    %jmp T_57;
    .thread T_57, $push;
    .scope S_000001a927b113c0;
T_58 ;
    %wait E_000001a927a6d7e0;
    %load/vec4 v000001a927b935a0_0;
    %inv;
    %flag_set/vec4 8;
    %jmp/0xz  T_58.0, 8;
    %pushi/vec4 0, 0, 1;
    %assign/vec4 v000001a927b93fa0_0, 0;
    %jmp T_58.1;
T_58.0 ;
    %load/vec4 v000001a927b93e60_0;
    %flag_set/vec4 8;
    %jmp/0xz  T_58.2, 8;
    %pushi/vec4 1, 0, 1;
    %assign/vec4 v000001a927b93fa0_0, 0;
    %jmp T_58.3;
T_58.2 ;
    %pushi/vec4 0, 0, 1;
    %assign/vec4 v000001a927b93fa0_0, 0;
T_58.3 ;
T_58.1 ;
    %jmp T_58;
    .thread T_58;
    .scope S_000001a927b113c0;
T_59 ;
    %wait E_000001a927a6e860;
    %load/vec4 v000001a927b98aa0_0;
    %assign/vec4 v000001a927b92b00_0, 0;
    %jmp T_59;
    .thread T_59;
    .scope S_000001a927b113c0;
T_60 ;
    %wait E_000001a927a6d7e0;
    %load/vec4 v000001a927b935a0_0;
    %inv;
    %flag_set/vec4 8;
    %jmp/0xz  T_60.0, 8;
    %pushi/vec4 0, 0, 1;
    %assign/vec4 v000001a927b93320_0, 0;
    %pushi/vec4 0, 0, 1;
    %assign/vec4 v000001a927b92880_0, 0;
    %jmp T_60.1;
T_60.0 ;
    %load/vec4 v000001a927b97f60_0;
    %assign/vec4 v000001a927b93320_0, 0;
    %load/vec4 v000001a927b93320_0;
    %assign/vec4 v000001a927b92880_0, 0;
T_60.1 ;
    %jmp T_60;
    .thread T_60;
    .scope S_000001a927b00d60;
T_61 ;
    %delay 5000, 0;
    %load/vec4 v000001a927b92420_0;
    %inv;
    %store/vec4 v000001a927b92420_0, 0, 1;
    %jmp T_61;
    .thread T_61;
    .scope S_000001a927b00d60;
T_62 ;
    %wait E_000001a927a6e860;
    %load/vec4 v000001a927b95580_0;
    %cmpi/u 65536, 0, 32;
    %jmp/0xz  T_62.0, 5;
    %load/vec4 v000001a927b95580_0;
    %parti/s 14, 2, 3;
    %pad/u 16;
    %ix/vec4 4;
    %load/vec4a v000001a927b92560, 4;
    %store/vec4 v000001a927b958a0_0, 0, 32;
    %load/vec4 v000001a927b96520_0;
    %parti/s 1, 0, 2;
    %flag_set/vec4 8;
    %jmp/0xz  T_62.2, 8;
    %load/vec4 v000001a927b96700_0;
    %parti/s 8, 0, 2;
    %ix/load 4, 0, 0;
    %flag_set/imm 4, 0;
    %store/vec4 v000001a927b958a0_0, 4, 8;
T_62.2 ;
    %load/vec4 v000001a927b96520_0;
    %parti/s 1, 1, 2;
    %flag_set/vec4 8;
    %jmp/0xz  T_62.4, 8;
    %load/vec4 v000001a927b96700_0;
    %parti/s 8, 8, 5;
    %ix/load 4, 8, 0;
    %flag_set/imm 4, 0;
    %store/vec4 v000001a927b958a0_0, 4, 8;
T_62.4 ;
    %load/vec4 v000001a927b96520_0;
    %parti/s 1, 2, 3;
    %flag_set/vec4 8;
    %jmp/0xz  T_62.6, 8;
    %load/vec4 v000001a927b96700_0;
    %parti/s 8, 16, 6;
    %ix/load 4, 16, 0;
    %flag_set/imm 4, 0;
    %store/vec4 v000001a927b958a0_0, 4, 8;
T_62.6 ;
    %load/vec4 v000001a927b96520_0;
    %parti/s 1, 3, 3;
    %flag_set/vec4 8;
    %jmp/0xz  T_62.8, 8;
    %load/vec4 v000001a927b96700_0;
    %parti/s 8, 24, 6;
    %ix/load 4, 24, 0;
    %flag_set/imm 4, 0;
    %store/vec4 v000001a927b958a0_0, 4, 8;
T_62.8 ;
    %load/vec4 v000001a927b958a0_0;
    %assign/vec4 v000001a927b96ca0_0, 0;
    %load/vec4 v000001a927b96520_0;
    %or/r;
    %flag_set/vec4 8;
    %jmp/0xz  T_62.10, 8;
    %load/vec4 v000001a927b958a0_0;
    %load/vec4 v000001a927b95580_0;
    %parti/s 14, 2, 3;
    %pad/u 16;
    %ix/vec4 3;
    %ix/load 4, 0, 0; Constant delay
    %assign/vec4/a/d v000001a927b92560, 0, 4;
T_62.10 ;
    %jmp T_62.1;
T_62.0 ;
    %pushi/vec4 0, 0, 32;
    %assign/vec4 v000001a927b96ca0_0, 0;
T_62.1 ;
    %jmp T_62;
    .thread T_62;
    .scope S_000001a927b00d60;
T_63 ;
    %pushi/vec4 0, 0, 1;
    %store/vec4 v000001a927b92420_0, 0, 1;
    %pushi/vec4 1, 0, 1;
    %store/vec4 v000001a927b95800_0, 0, 1;
    %pushi/vec4 0, 0, 32;
    %store/vec4 v000001a927b96ca0_0, 0, 32;
    %vpi_func 3 91 "$fopen" 32, "bram_batch_detail.log", "w" {0 0 0};
    %store/vec4 v000001a927b96160_0, 0, 32;
    %pushi/vec4 0, 0, 32;
    %store/vec4 v000001a927b95120_0, 0, 32;
T_63.0 ;
    %load/vec4 v000001a927b95120_0;
    %cmpi/s 16384, 0, 32;
    %jmp/0xz T_63.1, 5;
    %pushi/vec4 0, 0, 32;
    %ix/getv/s 4, v000001a927b95120_0;
    %store/vec4a v000001a927b92560, 4, 0;
    %load/vec4 v000001a927b95120_0;
    %addi 1, 0, 32;
    %store/vec4 v000001a927b95120_0, 0, 32;
    %jmp T_63.0;
T_63.1 ;
    %vpi_call/w 3 97 "$readmemh", "test_current.mem", v000001a927b92560 {0 0 0};
    %delay 10000, 0;
    %pushi/vec4 0, 0, 1;
    %store/vec4 v000001a927b95800_0, 0, 1;
    %delay 100000, 0;
    %pushi/vec4 1, 0, 1;
    %store/vec4 v000001a927b95800_0, 0, 1;
    %vpi_call/w 3 103 "$display", "START test_current.mem" {0 0 0};
    %vpi_call/w 3 104 "$fdisplay", v000001a927b96160_0, "START test_current.mem" {0 0 0};
    %end;
    .thread T_63;
    .scope S_000001a927b00d60;
T_64 ;
    %wait E_000001a927a6e860;
    %load/vec4 v000001a927b95800_0;
    %flag_set/vec4 9;
    %flag_get/vec4 9;
    %jmp/0 T_64.2, 9;
    %vpi_func 3 108 "$time" 64 {0 0 0};
    %cmpi/u 2000, 0, 64;
    %flag_get/vec4 5;
    %and;
T_64.2;
    %flag_set/vec4 8;
    %jmp/0xz  T_64.0, 8;
    %vpi_call/w 3 109 "$fdisplay", v000001a927b96160_0, "TRACE t=%0t wb_have=%b pcIF=%h instIF=%h pcID=%h instID=%h pcEX=%h aluMEM=%h mem_stall=%b mem_waited=%b mem_addr=%h mem_we=%b mem_rd=%h", $time, v000001a927b960c0_0, v000001a927b931e0_0, v000001a927b93640_0, v000001a927b94180_0, v000001a927b929c0_0, v000001a927b940e0_0, v000001a927b88810_0, v000001a927b93e60_0, v000001a927b93fa0_0, v000001a927b95580_0, v000001a927b96520_0, v000001a927b95940_0 {0 0 0};
T_64.0 ;
    %load/vec4 v000001a927b95800_0;
    %flag_set/vec4 9;
    %flag_get/vec4 9;
    %jmp/0 T_64.5, 9;
    %load/vec4 v000001a927b960c0_0;
    %and;
T_64.5;
    %flag_set/vec4 8;
    %jmp/0xz  T_64.3, 8;
    %vpi_call/w 3 118 "$fdisplay", v000001a927b96160_0, "COMMIT t=%0t wb_pc=%h wb_we=%b wb_rd=x%0d wb_val=%h IF_pc=%h IF_inst=%h ID_pc=%h ID_inst=%h EX_pc=%h EX_alu=%h mem_stall=%b mem_commit=%b mem_we=%b mem_addr=%h mem_wd=%h mem_rd=%h", $time, v000001a927b94c20_0, v000001a927b959e0_0, v000001a927b96200_0, v000001a927b95440_0, v000001a927b931e0_0, v000001a927b93640_0, v000001a927b94180_0, v000001a927b929c0_0, v000001a927b940e0_0, v000001a927b88db0_0, v000001a927b93e60_0, v000001a927b93a00_0, v000001a927b96520_0, v000001a927b95580_0, v000001a927b96700_0, v000001a927b95940_0 {0 0 0};
T_64.3 ;
    %load/vec4 v000001a927b95800_0;
    %flag_set/vec4 9;
    %flag_get/vec4 9;
    %jmp/0 T_64.8, 9;
    %load/vec4 v000001a927b96520_0;
    %or/r;
    %and;
T_64.8;
    %flag_set/vec4 8;
    %jmp/0xz  T_64.6, 8;
    %vpi_call/w 3 128 "$fdisplay", v000001a927b96160_0, "MEM_WRITE t=%0t pc=%h addr=%h wd=%h ctrl=%b", $time, v000001a927b94c20_0, v000001a927b95580_0, v000001a927b96700_0, v000001a927b95300_0 {0 0 0};
T_64.6 ;
    %load/vec4 v000001a927b95800_0;
    %flag_set/vec4 10;
    %flag_get/vec4 10;
    %jmp/0 T_64.12, 10;
    %load/vec4 v000001a927b96520_0;
    %or/r;
    %and;
T_64.12;
    %flag_set/vec4 9;
    %flag_get/vec4 9;
    %jmp/0 T_64.11, 9;
    %load/vec4 v000001a927b95580_0;
    %pushi/vec4 2147483648, 0, 32;
    %cmp/e;
    %flag_get/vec4 4;
    %and;
T_64.11;
    %flag_set/vec4 8;
    %jmp/0xz  T_64.9, 8;
    %load/vec4 v000001a927b96700_0;
    %cmpi/e 1, 0, 32;
    %jmp/0xz  T_64.13, 4;
    %vpi_call/w 3 134 "$display", "RESULT PASS test_current.mem pc=%h time=%0t", v000001a927b94c20_0, $time {0 0 0};
    %vpi_call/w 3 135 "$fdisplay", v000001a927b96160_0, "RESULT PASS pc=%h time=%0t", v000001a927b94c20_0, $time {0 0 0};
    %jmp T_64.14;
T_64.13 ;
    %vpi_call/w 3 137 "$display", "RESULT FAIL test_current.mem code=%h pc=%h wb_reg=%0d wb_value=%h time=%0t", v000001a927b96700_0, v000001a927b94c20_0, v000001a927b96200_0, v000001a927b95440_0, $time {0 0 0};
    %vpi_call/w 3 139 "$fdisplay", v000001a927b96160_0, "RESULT FAIL code=%h pc=%h wb_reg=%0d wb_value=%h time=%0t", v000001a927b96700_0, v000001a927b94c20_0, v000001a927b96200_0, v000001a927b95440_0, $time {0 0 0};
T_64.14 ;
    %vpi_call/w 3 142 "$finish" {0 0 0};
T_64.9 ;
    %jmp T_64;
    .thread T_64;
    .scope S_000001a927b00d60;
T_65 ;
    %delay 2000000000, 0;
    %vpi_call/w 3 148 "$display", "RESULT TIMEOUT test_current.mem pc=%h mem_addr=%h mem_we=%b mem_wd=%h", v000001a927b94c20_0, v000001a927b95580_0, v000001a927b96520_0, v000001a927b96700_0 {0 0 0};
    %vpi_call/w 3 150 "$fdisplay", v000001a927b96160_0, "RESULT TIMEOUT pc=%h mem_addr=%h mem_we=%b mem_wd=%h", v000001a927b94c20_0, v000001a927b95580_0, v000001a927b96520_0, v000001a927b96700_0 {0 0 0};
    %vpi_call/w 3 152 "$finish" {0 0 0};
    %end;
    .thread T_65;
# The file index is used to find the file name in the following table.
:file_names 32;
    "N/A";
    "<interactive>";
    "-";
    "D:\riscv32_pipeline\riscv32_pipeline.srcs\sim_1\new\tb_bram_batch.v";
    "D:\riscv32_pipeline\riscv32_pipeline.srcs\sources_1\new\miniRV.v";
    "D:\riscv32_pipeline\riscv32_pipeline.srcs\sources_1\new\combine\EX.v";
    "D:\riscv32_pipeline\riscv32_pipeline.srcs\sources_1\new\basic\alu\ALU.v";
    "D:\riscv32_pipeline\riscv32_pipeline.srcs\sources_1\new\basic\alu\COMP.v";
    "D:\riscv32_pipeline\riscv32_pipeline.srcs\sources_1\new\M extension\divider.v";
    "D:\riscv32_pipeline\riscv32_pipeline.srcs\sources_1\new\M extension\multiplier.v";
    "D:\riscv32_pipeline\riscv32_pipeline.srcs\sources_1\new\combine\ID.v";
    "D:\riscv32_pipeline\riscv32_pipeline.srcs\sources_1\new\basic\alu\immGen.v";
    "D:\riscv32_pipeline\riscv32_pipeline.srcs\sources_1\new\basic\mem\regFIle.v";
    "D:\riscv32_pipeline\riscv32_pipeline.srcs\sources_1\new\combine\IF.v";
    "D:\riscv32_pipeline\riscv32_pipeline.srcs\sources_1\new\basic\ctrl\BranchCTRL.v";
    "D:\riscv32_pipeline\riscv32_pipeline.srcs\sources_1\new\basic\mem\instMem.v";
    "D:\riscv32_pipeline\riscv32_pipeline.srcs\sources_1\new\basic\pc\NPC.v";
    "D:\riscv32_pipeline\riscv32_pipeline.srcs\sources_1\new\basic\pc\BranchPredictor.v";
    "D:\riscv32_pipeline\riscv32_pipeline.srcs\sources_1\new\basic\pc\BHT.v";
    "D:\riscv32_pipeline\riscv32_pipeline.srcs\sources_1\new\basic\pc\BTB.v";
    "D:\riscv32_pipeline\riscv32_pipeline.srcs\sources_1\new\combine\WB.v";
    "D:\riscv32_pipeline\riscv32_pipeline.srcs\sources_1\new\basic\ctrl\CTRL.v";
    "D:\riscv32_pipeline\riscv32_pipeline.srcs\sources_1\new\basic\ctrl\ALUope.v";
    "D:\riscv32_pipeline\riscv32_pipeline.srcs\sources_1\new\combine\EX_IF.v";
    "D:\riscv32_pipeline\riscv32_pipeline.srcs\sources_1\new\combine\EX_MEM.v";
    "D:\riscv32_pipeline\riscv32_pipeline.srcs\sources_1\new\basic\ctrl\ExceptionCTRL.v";
    "D:\riscv32_pipeline\riscv32_pipeline.srcs\sources_1\new\basic\ctrl\ForwardingUnit.v";
    "D:\riscv32_pipeline\riscv32_pipeline.srcs\sources_1\new\combine\ID_EX.v";
    "D:\riscv32_pipeline\riscv32_pipeline.srcs\sources_1\new\combine\IF_ID.v";
    "D:\riscv32_pipeline\riscv32_pipeline.srcs\sources_1\new\basic\ctrl\InstDivider.v";
    "D:\riscv32_pipeline\riscv32_pipeline.srcs\sources_1\new\combine\MEM.v";
    "D:\riscv32_pipeline\riscv32_pipeline.srcs\sources_1\new\combine\MEM_WB.v";
