TRACE t=5000 wb_have=x pcIF=xxxxxxxx instIF=xxxxxxxx pcID=xxxxxxxx instID=xxxxxxxx pcEX=xxxxxxxx aluMEM=xxxxxxxx mem_stall=x mem_waited=x mem_addr=xxxxxxxx mem_we=xxxx mem_rd=00000000
START test_current.mem
TRACE t=115000 wb_have=0 pcIF=00000000 instIF=00000013 pcID=00000000 instID=00000000 pcEX=00000000 aluMEM=00000000 mem_stall=0 mem_waited=0 mem_addr=00000000 mem_we=0000 mem_rd=0540006f
TRACE t=125000 wb_have=0 pcIF=00000000 instIF=00000013 pcID=00000000 instID=00000013 pcEX=00000000 aluMEM=00000000 mem_stall=0 mem_waited=0 mem_addr=00000000 mem_we=0000 mem_rd=0540006f
TRACE t=135000 wb_have=0 pcIF=00000000 instIF=0540006f pcID=00000000 instID=00000013 pcEX=00000000 aluMEM=00000000 mem_stall=0 mem_waited=0 mem_addr=00000000 mem_we=0000 mem_rd=0540006f
TRACE t=145000 wb_have=0 pcIF=00000004 instIF=34202f73 pcID=00000000 instID=0540006f pcEX=00000000 aluMEM=00000000 mem_stall=0 mem_waited=0 mem_addr=00000000 mem_we=0000 mem_rd=0540006f
TRACE t=155000 wb_have=0 pcIF=00000008 instIF=00800f93 pcID=00000004 instID=34202f73 pcEX=00000000 aluMEM=00000000 mem_stall=0 mem_waited=0 mem_addr=00000000 mem_we=0000 mem_rd=0540006f
TRACE t=165000 wb_have=1 pcIF=00000000 instIF=00000013 pcID=00000000 instID=00000013 pcEX=00000000 aluMEM=00000054 mem_stall=0 mem_waited=0 mem_addr=00000054 mem_we=0000 mem_rd=0540006f
COMMIT t=165000 wb_pc=00000000 wb_we=1 wb_rd=x0 wb_val=00000000 IF_pc=00000000 IF_inst=00000013 ID_pc=00000000 ID_inst=00000013 EX_pc=00000000 EX_alu=00000000 mem_stall=0 mem_commit=0 mem_we=0000 mem_addr=00000054 mem_wd=00000000 mem_rd=0540006f
TRACE t=175000 wb_have=1 pcIF=00000000 instIF=00000013 pcID=00000000 instID=00000013 pcEX=00000000 aluMEM=00000000 mem_stall=0 mem_waited=0 mem_addr=00000000 mem_we=0000 mem_rd=00000093
COMMIT t=175000 wb_pc=00000000 wb_we=1 wb_rd=x0 wb_val=00000004 IF_pc=00000000 IF_inst=00000013 ID_pc=00000000 ID_inst=00000013 EX_pc=00000000 EX_alu=00000000 mem_stall=0 mem_commit=0 mem_we=0000 mem_addr=00000000 mem_wd=00000000 mem_rd=00000093
TRACE t=185000 wb_have=0 pcIF=00000054 instIF=00000093 pcID=00000000 instID=00000013 pcEX=00000000 aluMEM=00000000 mem_stall=0 mem_waited=0 mem_addr=00000000 mem_we=0000 mem_rd=0540006f
TRACE t=195000 wb_have=0 pcIF=00000058 instIF=00000113 pcID=00000054 instID=00000093 pcEX=00000000 aluMEM=00000000 mem_stall=0 mem_waited=0 mem_addr=00000000 mem_we=0000 mem_rd=0540006f
TRACE t=205000 wb_have=1 pcIF=0000005c instIF=00000193 pcID=00000058 instID=00000113 pcEX=00000054 aluMEM=00000000 mem_stall=0 mem_waited=0 mem_addr=00000000 mem_we=0000 mem_rd=0540006f
COMMIT t=205000 wb_pc=00000000 wb_we=1 wb_rd=x0 wb_val=00000000 IF_pc=0000005c IF_inst=00000193 ID_pc=00000058 ID_inst=00000113 EX_pc=00000054 EX_alu=00000000 mem_stall=0 mem_commit=0 mem_we=0000 mem_addr=00000000 mem_wd=00000000 mem_rd=0540006f
TRACE t=215000 wb_have=1 pcIF=00000060 instIF=00000213 pcID=0000005c instID=00000193 pcEX=00000058 aluMEM=00000000 mem_stall=0 mem_waited=0 mem_addr=00000000 mem_we=0000 mem_rd=0540006f
COMMIT t=215000 wb_pc=00000000 wb_we=1 wb_rd=x0 wb_val=00000000 IF_pc=00000060 IF_inst=00000213 ID_pc=0000005c ID_inst=00000193 EX_pc=00000058 EX_alu=00000000 mem_stall=0 mem_commit=0 mem_we=0000 mem_addr=00000000 mem_wd=00000000 mem_rd=0540006f
TRACE t=225000 wb_have=1 pcIF=00000064 instIF=00000293 pcID=00000060 instID=00000213 pcEX=0000005c aluMEM=00000000 mem_stall=0 mem_waited=0 mem_addr=00000000 mem_we=0000 mem_rd=0540006f
COMMIT t=225000 wb_pc=00000054 wb_we=1 wb_rd=x1 wb_val=00000000 IF_pc=00000064 IF_inst=00000293 ID_pc=00000060 ID_inst=00000213 EX_pc=0000005c EX_alu=00000000 mem_stall=0 mem_commit=0 mem_we=0000 mem_addr=00000000 mem_wd=00000000 mem_rd=0540006f
TRACE t=235000 wb_have=1 pcIF=00000068 instIF=00000313 pcID=00000064 instID=00000293 pcEX=00000060 aluMEM=00000000 mem_stall=0 mem_waited=0 mem_addr=00000000 mem_we=0000 mem_rd=0540006f
COMMIT t=235000 wb_pc=00000058 wb_we=1 wb_rd=x2 wb_val=00000000 IF_pc=00000068 IF_inst=00000313 ID_pc=00000064 ID_inst=00000293 EX_pc=00000060 EX_alu=00000000 mem_stall=0 mem_commit=0 mem_we=0000 mem_addr=00000000 mem_wd=00000000 mem_rd=0540006f
TRACE t=245000 wb_have=1 pcIF=0000006c instIF=00000393 pcID=00000068 instID=00000313 pcEX=00000064 aluMEM=00000000 mem_stall=0 mem_waited=0 mem_addr=00000000 mem_we=0000 mem_rd=0540006f
COMMIT t=245000 wb_pc=0000005c wb_we=1 wb_rd=x3 wb_val=00000000 IF_pc=0000006c IF_inst=00000393 ID_pc=00000068 ID_inst=00000313 EX_pc=00000064 EX_alu=00000000 mem_stall=0 mem_commit=0 mem_we=0000 mem_addr=00000000 mem_wd=00000000 mem_rd=0540006f
TRACE t=255000 wb_have=1 pcIF=00000070 instIF=00000413 pcID=0000006c instID=00000393 pcEX=00000068 aluMEM=00000000 mem_stall=0 mem_waited=0 mem_addr=00000000 mem_we=0000 mem_rd=0540006f
COMMIT t=255000 wb_pc=00000060 wb_we=1 wb_rd=x4 wb_val=00000000 IF_pc=00000070 IF_inst=00000413 ID_pc=0000006c ID_inst=00000393 EX_pc=00000068 EX_alu=00000000 mem_stall=0 mem_commit=0 mem_we=0000 mem_addr=00000000 mem_wd=00000000 mem_rd=0540006f
TRACE t=265000 wb_have=1 pcIF=00000074 instIF=00000493 pcID=00000070 instID=00000413 pcEX=0000006c aluMEM=00000000 mem_stall=0 mem_waited=0 mem_addr=00000000 mem_we=0000 mem_rd=0540006f
COMMIT t=265000 wb_pc=00000064 wb_we=1 wb_rd=x5 wb_val=00000000 IF_pc=00000074 IF_inst=00000493 ID_pc=00000070 ID_inst=00000413 EX_pc=0000006c EX_alu=00000000 mem_stall=0 mem_commit=0 mem_we=0000 mem_addr=00000000 mem_wd=00000000 mem_rd=0540006f
TRACE t=275000 wb_have=1 pcIF=00000078 instIF=00000513 pcID=00000074 instID=00000493 pcEX=00000070 aluMEM=00000000 mem_stall=0 mem_waited=0 mem_addr=00000000 mem_we=0000 mem_rd=0540006f
COMMIT t=275000 wb_pc=00000068 wb_we=1 wb_rd=x6 wb_val=00000000 IF_pc=00000078 IF_inst=00000513 ID_pc=00000074 ID_inst=00000493 EX_pc=00000070 EX_alu=00000000 mem_stall=0 mem_commit=0 mem_we=0000 mem_addr=00000000 mem_wd=00000000 mem_rd=0540006f
TRACE t=285000 wb_have=1 pcIF=0000007c instIF=00000593 pcID=00000078 instID=00000513 pcEX=00000074 aluMEM=00000000 mem_stall=0 mem_waited=0 mem_addr=00000000 mem_we=0000 mem_rd=0540006f
COMMIT t=285000 wb_pc=0000006c wb_we=1 wb_rd=x7 wb_val=00000000 IF_pc=0000007c IF_inst=00000593 ID_pc=00000078 ID_inst=00000513 EX_pc=00000074 EX_alu=00000000 mem_stall=0 mem_commit=0 mem_we=0000 mem_addr=00000000 mem_wd=00000000 mem_rd=0540006f
TRACE t=295000 wb_have=1 pcIF=00000080 instIF=00000613 pcID=0000007c instID=00000593 pcEX=00000078 aluMEM=00000000 mem_stall=0 mem_waited=0 mem_addr=00000000 mem_we=0000 mem_rd=0540006f
COMMIT t=295000 wb_pc=00000070 wb_we=1 wb_rd=x8 wb_val=00000000 IF_pc=00000080 IF_inst=00000613 ID_pc=0000007c ID_inst=00000593 EX_pc=00000078 EX_alu=00000000 mem_stall=0 mem_commit=0 mem_we=0000 mem_addr=00000000 mem_wd=00000000 mem_rd=0540006f
TRACE t=305000 wb_have=1 pcIF=00000084 instIF=00000693 pcID=00000080 instID=00000613 pcEX=0000007c aluMEM=00000000 mem_stall=0 mem_waited=0 mem_addr=00000000 mem_we=0000 mem_rd=0540006f
COMMIT t=305000 wb_pc=00000074 wb_we=1 wb_rd=x9 wb_val=00000000 IF_pc=00000084 IF_inst=00000693 ID_pc=00000080 ID_inst=00000613 EX_pc=0000007c EX_alu=00000000 mem_stall=0 mem_commit=0 mem_we=0000 mem_addr=00000000 mem_wd=00000000 mem_rd=0540006f
TRACE t=315000 wb_have=1 pcIF=00000088 instIF=00000713 pcID=00000084 instID=00000693 pcEX=00000080 aluMEM=00000000 mem_stall=0 mem_waited=0 mem_addr=00000000 mem_we=0000 mem_rd=0540006f
COMMIT t=315000 wb_pc=00000078 wb_we=1 wb_rd=x10 wb_val=00000000 IF_pc=00000088 IF_inst=00000713 ID_pc=00000084 ID_inst=00000693 EX_pc=00000080 EX_alu=00000000 mem_stall=0 mem_commit=0 mem_we=0000 mem_addr=00000000 mem_wd=00000000 mem_rd=0540006f
TRACE t=325000 wb_have=1 pcIF=0000008c instIF=00000793 pcID=00000088 instID=00000713 pcEX=00000084 aluMEM=00000000 mem_stall=0 mem_waited=0 mem_addr=00000000 mem_we=0000 mem_rd=0540006f
COMMIT t=325000 wb_pc=0000007c wb_we=1 wb_rd=x11 wb_val=00000000 IF_pc=0000008c IF_inst=00000793 ID_pc=00000088 ID_inst=00000713 EX_pc=00000084 EX_alu=00000000 mem_stall=0 mem_commit=0 mem_we=0000 mem_addr=00000000 mem_wd=00000000 mem_rd=0540006f
TRACE t=335000 wb_have=1 pcIF=00000090 instIF=00000813 pcID=0000008c instID=00000793 pcEX=00000088 aluMEM=00000000 mem_stall=0 mem_waited=0 mem_addr=00000000 mem_we=0000 mem_rd=0540006f
COMMIT t=335000 wb_pc=00000080 wb_we=1 wb_rd=x12 wb_val=00000000 IF_pc=00000090 IF_inst=00000813 ID_pc=0000008c ID_inst=00000793 EX_pc=00000088 EX_alu=00000000 mem_stall=0 mem_commit=0 mem_we=0000 mem_addr=00000000 mem_wd=00000000 mem_rd=0540006f
TRACE t=345000 wb_have=1 pcIF=00000094 instIF=00000893 pcID=00000090 instID=00000813 pcEX=0000008c aluMEM=00000000 mem_stall=0 mem_waited=0 mem_addr=00000000 mem_we=0000 mem_rd=0540006f
COMMIT t=345000 wb_pc=00000084 wb_we=1 wb_rd=x13 wb_val=00000000 IF_pc=00000094 IF_inst=00000893 ID_pc=00000090 ID_inst=00000813 EX_pc=0000008c EX_alu=00000000 mem_stall=0 mem_commit=0 mem_we=0000 mem_addr=00000000 mem_wd=00000000 mem_rd=0540006f
TRACE t=355000 wb_have=1 pcIF=00000098 instIF=00000913 pcID=00000094 instID=00000893 pcEX=00000090 aluMEM=00000000 mem_stall=0 mem_waited=0 mem_addr=00000000 mem_we=0000 mem_rd=0540006f
COMMIT t=355000 wb_pc=00000088 wb_we=1 wb_rd=x14 wb_val=00000000 IF_pc=00000098 IF_inst=00000913 ID_pc=00000094 ID_inst=00000893 EX_pc=00000090 EX_alu=00000000 mem_stall=0 mem_commit=0 mem_we=0000 mem_addr=00000000 mem_wd=00000000 mem_rd=0540006f
TRACE t=365000 wb_have=1 pcIF=0000009c instIF=00000993 pcID=00000098 instID=00000913 pcEX=00000094 aluMEM=00000000 mem_stall=0 mem_waited=0 mem_addr=00000000 mem_we=0000 mem_rd=0540006f
COMMIT t=365000 wb_pc=0000008c wb_we=1 wb_rd=x15 wb_val=00000000 IF_pc=0000009c IF_inst=00000993 ID_pc=00000098 ID_inst=00000913 EX_pc=00000094 EX_alu=00000000 mem_stall=0 mem_commit=0 mem_we=0000 mem_addr=00000000 mem_wd=00000000 mem_rd=0540006f
TRACE t=375000 wb_have=1 pcIF=000000a0 instIF=00000a13 pcID=0000009c instID=00000993 pcEX=00000098 aluMEM=00000000 mem_stall=0 mem_waited=0 mem_addr=00000000 mem_we=0000 mem_rd=0540006f
COMMIT t=375000 wb_pc=00000090 wb_we=1 wb_rd=x16 wb_val=00000000 IF_pc=000000a0 IF_inst=00000a13 ID_pc=0000009c ID_inst=00000993 EX_pc=00000098 EX_alu=00000000 mem_stall=0 mem_commit=0 mem_we=0000 mem_addr=00000000 mem_wd=00000000 mem_rd=0540006f
TRACE t=385000 wb_have=1 pcIF=000000a4 instIF=00000a93 pcID=000000a0 instID=00000a13 pcEX=0000009c aluMEM=00000000 mem_stall=0 mem_waited=0 mem_addr=00000000 mem_we=0000 mem_rd=0540006f
COMMIT t=385000 wb_pc=00000094 wb_we=1 wb_rd=x17 wb_val=00000000 IF_pc=000000a4 IF_inst=00000a93 ID_pc=000000a0 ID_inst=00000a13 EX_pc=0000009c EX_alu=00000000 mem_stall=0 mem_commit=0 mem_we=0000 mem_addr=00000000 mem_wd=00000000 mem_rd=0540006f
TRACE t=395000 wb_have=1 pcIF=000000a8 instIF=00000b13 pcID=000000a4 instID=00000a93 pcEX=000000a0 aluMEM=00000000 mem_stall=0 mem_waited=0 mem_addr=00000000 mem_we=0000 mem_rd=0540006f
COMMIT t=395000 wb_pc=00000098 wb_we=1 wb_rd=x18 wb_val=00000000 IF_pc=000000a8 IF_inst=00000b13 ID_pc=000000a4 ID_inst=00000a93 EX_pc=000000a0 EX_alu=00000000 mem_stall=0 mem_commit=0 mem_we=0000 mem_addr=00000000 mem_wd=00000000 mem_rd=0540006f
TRACE t=405000 wb_have=1 pcIF=000000ac instIF=00000b93 pcID=000000a8 instID=00000b13 pcEX=000000a4 aluMEM=00000000 mem_stall=0 mem_waited=0 mem_addr=00000000 mem_we=0000 mem_rd=0540006f
COMMIT t=405000 wb_pc=0000009c wb_we=1 wb_rd=x19 wb_val=00000000 IF_pc=000000ac IF_inst=00000b93 ID_pc=000000a8 ID_inst=00000b13 EX_pc=000000a4 EX_alu=00000000 mem_stall=0 mem_commit=0 mem_we=0000 mem_addr=00000000 mem_wd=00000000 mem_rd=0540006f
TRACE t=415000 wb_have=1 pcIF=000000b0 instIF=00000c13 pcID=000000ac instID=00000b93 pcEX=000000a8 aluMEM=00000000 mem_stall=0 mem_waited=0 mem_addr=00000000 mem_we=0000 mem_rd=0540006f
COMMIT t=415000 wb_pc=000000a0 wb_we=1 wb_rd=x20 wb_val=00000000 IF_pc=000000b0 IF_inst=00000c13 ID_pc=000000ac ID_inst=00000b93 EX_pc=000000a8 EX_alu=00000000 mem_stall=0 mem_commit=0 mem_we=0000 mem_addr=00000000 mem_wd=00000000 mem_rd=0540006f
TRACE t=425000 wb_have=1 pcIF=000000b4 instIF=00000c93 pcID=000000b0 instID=00000c13 pcEX=000000ac aluMEM=00000000 mem_stall=0 mem_waited=0 mem_addr=00000000 mem_we=0000 mem_rd=0540006f
COMMIT t=425000 wb_pc=000000a4 wb_we=1 wb_rd=x21 wb_val=00000000 IF_pc=000000b4 IF_inst=00000c93 ID_pc=000000b0 ID_inst=00000c13 EX_pc=000000ac EX_alu=00000000 mem_stall=0 mem_commit=0 mem_we=0000 mem_addr=00000000 mem_wd=00000000 mem_rd=0540006f
TRACE t=435000 wb_have=1 pcIF=000000b8 instIF=00000d13 pcID=000000b4 instID=00000c93 pcEX=000000b0 aluMEM=00000000 mem_stall=0 mem_waited=0 mem_addr=00000000 mem_we=0000 mem_rd=0540006f
COMMIT t=435000 wb_pc=000000a8 wb_we=1 wb_rd=x22 wb_val=00000000 IF_pc=000000b8 IF_inst=00000d13 ID_pc=000000b4 ID_inst=00000c93 EX_pc=000000b0 EX_alu=00000000 mem_stall=0 mem_commit=0 mem_we=0000 mem_addr=00000000 mem_wd=00000000 mem_rd=0540006f
TRACE t=445000 wb_have=1 pcIF=000000bc instIF=00000d93 pcID=000000b8 instID=00000d13 pcEX=000000b4 aluMEM=00000000 mem_stall=0 mem_waited=0 mem_addr=00000000 mem_we=0000 mem_rd=0540006f
COMMIT t=445000 wb_pc=000000ac wb_we=1 wb_rd=x23 wb_val=00000000 IF_pc=000000bc IF_inst=00000d93 ID_pc=000000b8 ID_inst=00000d13 EX_pc=000000b4 EX_alu=00000000 mem_stall=0 mem_commit=0 mem_we=0000 mem_addr=00000000 mem_wd=00000000 mem_rd=0540006f
TRACE t=455000 wb_have=1 pcIF=000000c0 instIF=00000e13 pcID=000000bc instID=00000d93 pcEX=000000b8 aluMEM=00000000 mem_stall=0 mem_waited=0 mem_addr=00000000 mem_we=0000 mem_rd=0540006f
COMMIT t=455000 wb_pc=000000b0 wb_we=1 wb_rd=x24 wb_val=00000000 IF_pc=000000c0 IF_inst=00000e13 ID_pc=000000bc ID_inst=00000d93 EX_pc=000000b8 EX_alu=00000000 mem_stall=0 mem_commit=0 mem_we=0000 mem_addr=00000000 mem_wd=00000000 mem_rd=0540006f
TRACE t=465000 wb_have=1 pcIF=000000c4 instIF=00000e93 pcID=000000c0 instID=00000e13 pcEX=000000bc aluMEM=00000000 mem_stall=0 mem_waited=0 mem_addr=00000000 mem_we=0000 mem_rd=0540006f
COMMIT t=465000 wb_pc=000000b4 wb_we=1 wb_rd=x25 wb_val=00000000 IF_pc=000000c4 IF_inst=00000e93 ID_pc=000000c0 ID_inst=00000e13 EX_pc=000000bc EX_alu=00000000 mem_stall=0 mem_commit=0 mem_we=0000 mem_addr=00000000 mem_wd=00000000 mem_rd=0540006f
TRACE t=475000 wb_have=1 pcIF=000000c8 instIF=00000f13 pcID=000000c4 instID=00000e93 pcEX=000000c0 aluMEM=00000000 mem_stall=0 mem_waited=0 mem_addr=00000000 mem_we=0000 mem_rd=0540006f
COMMIT t=475000 wb_pc=000000b8 wb_we=1 wb_rd=x26 wb_val=00000000 IF_pc=000000c8 IF_inst=00000f13 ID_pc=000000c4 ID_inst=00000e93 EX_pc=000000c0 EX_alu=00000000 mem_stall=0 mem_commit=0 mem_we=0000 mem_addr=00000000 mem_wd=00000000 mem_rd=0540006f
TRACE t=485000 wb_have=1 pcIF=000000cc instIF=00000f93 pcID=000000c8 instID=00000f13 pcEX=000000c4 aluMEM=00000000 mem_stall=0 mem_waited=0 mem_addr=00000000 mem_we=0000 mem_rd=0540006f
COMMIT t=485000 wb_pc=000000bc wb_we=1 wb_rd=x27 wb_val=00000000 IF_pc=000000cc IF_inst=00000f93 ID_pc=000000c8 ID_inst=00000f13 EX_pc=000000c4 EX_alu=00000000 mem_stall=0 mem_commit=0 mem_we=0000 mem_addr=00000000 mem_wd=00000000 mem_rd=0540006f
TRACE t=495000 wb_have=1 pcIF=000000d0 instIF=00200193 pcID=000000cc instID=00000f93 pcEX=000000c8 aluMEM=00000000 mem_stall=0 mem_waited=0 mem_addr=00000000 mem_we=0000 mem_rd=0540006f
COMMIT t=495000 wb_pc=000000c0 wb_we=1 wb_rd=x28 wb_val=00000000 IF_pc=000000d0 IF_inst=00200193 ID_pc=000000cc ID_inst=00000f93 EX_pc=000000c8 EX_alu=00000000 mem_stall=0 mem_commit=0 mem_we=0000 mem_addr=00000000 mem_wd=00000000 mem_rd=0540006f
TRACE t=505000 wb_have=1 pcIF=000000d4 instIF=00002117 pcID=000000d0 instID=00200193 pcEX=000000cc aluMEM=00000000 mem_stall=0 mem_waited=0 mem_addr=00000000 mem_we=0000 mem_rd=0540006f
COMMIT t=505000 wb_pc=000000c4 wb_we=1 wb_rd=x29 wb_val=00000000 IF_pc=000000d4 IF_inst=00002117 ID_pc=000000d0 ID_inst=00200193 EX_pc=000000cc EX_alu=00000000 mem_stall=0 mem_commit=0 mem_we=0000 mem_addr=00000000 mem_wd=00000000 mem_rd=0540006f
TRACE t=515000 wb_have=1 pcIF=000000d8 instIF=e6810113 pcID=000000d4 instID=00002117 pcEX=000000d0 aluMEM=00000000 mem_stall=0 mem_waited=0 mem_addr=00000000 mem_we=0000 mem_rd=0540006f
COMMIT t=515000 wb_pc=000000c8 wb_we=1 wb_rd=x30 wb_val=00000000 IF_pc=000000d8 IF_inst=e6810113 ID_pc=000000d4 ID_inst=00002117 EX_pc=000000d0 EX_alu=00000002 mem_stall=0 mem_commit=0 mem_we=0000 mem_addr=00000000 mem_wd=00000000 mem_rd=0540006f
TRACE t=525000 wb_have=1 pcIF=000000dc instIF=fdd00093 pcID=000000d8 instID=e6810113 pcEX=000000d4 aluMEM=00000002 mem_stall=0 mem_waited=0 mem_addr=00000002 mem_we=0000 mem_rd=0540006f
COMMIT t=525000 wb_pc=000000cc wb_we=1 wb_rd=x31 wb_val=00000000 IF_pc=000000dc IF_inst=fdd00093 ID_pc=000000d8 ID_inst=e6810113 EX_pc=000000d4 EX_alu=000020d4 mem_stall=0 mem_commit=0 mem_we=0000 mem_addr=00000002 mem_wd=00000000 mem_rd=0540006f
TRACE t=535000 wb_have=1 pcIF=000000e0 instIF=00110023 pcID=000000dc instID=fdd00093 pcEX=000000d8 aluMEM=000020d4 mem_stall=0 mem_waited=0 mem_addr=000020d4 mem_we=0000 mem_rd=0540006f
COMMIT t=535000 wb_pc=000000d0 wb_we=1 wb_rd=x3 wb_val=00000002 IF_pc=000000e0 IF_inst=00110023 ID_pc=000000dc ID_inst=fdd00093 EX_pc=000000d8 EX_alu=00001f3c mem_stall=0 mem_commit=0 mem_we=0000 mem_addr=000020d4 mem_wd=00000000 mem_rd=0540006f
TRACE t=545000 wb_have=1 pcIF=000000e4 instIF=00010703 pcID=000000e0 instID=00110023 pcEX=000000dc aluMEM=00001f3c mem_stall=0 mem_waited=0 mem_addr=00001f3c mem_we=0000 mem_rd=00000000
COMMIT t=545000 wb_pc=000000d4 wb_we=1 wb_rd=x2 wb_val=000020d4 IF_pc=000000e4 IF_inst=00010703 ID_pc=000000e0 ID_inst=00110023 EX_pc=000000dc EX_alu=ffffffdd mem_stall=0 mem_commit=0 mem_we=0000 mem_addr=00001f3c mem_wd=00000000 mem_rd=00000000
TRACE t=555000 wb_have=1 pcIF=000000e4 instIF=00010703 pcID=000000e0 instID=00110023 pcEX=000000e0 aluMEM=ffffffdd mem_stall=0 mem_waited=0 mem_addr=ffffffdd mem_we=0000 mem_rd=deadbeef
COMMIT t=555000 wb_pc=000000d8 wb_we=1 wb_rd=x2 wb_val=00001f3c IF_pc=000000e4 IF_inst=00010703 ID_pc=000000e0 ID_inst=00110023 EX_pc=000000e0 EX_alu=00001f3c mem_stall=0 mem_commit=0 mem_we=0000 mem_addr=ffffffdd mem_wd=00000000 mem_rd=deadbeef
TRACE t=565000 wb_have=1 pcIF=000000e8 instIF=fdd00393 pcID=000000e4 instID=00010703 pcEX=000000e0 aluMEM=00001f3c mem_stall=1 mem_waited=0 mem_addr=00001f3c mem_we=0000 mem_rd=00000000
COMMIT t=565000 wb_pc=000000dc wb_we=1 wb_rd=x1 wb_val=ffffffdd IF_pc=000000e8 IF_inst=fdd00393 ID_pc=000000e4 ID_inst=00010703 EX_pc=000000e0 EX_alu=00001f3c mem_stall=1 mem_commit=0 mem_we=0000 mem_addr=00001f3c mem_wd=00000000 mem_rd=00000000
TRACE t=575000 wb_have=0 pcIF=000000e8 instIF=fdd00393 pcID=000000e4 instID=00010703 pcEX=000000e0 aluMEM=00001f3c mem_stall=0 mem_waited=1 mem_addr=00001f3c mem_we=0000 mem_rd=deadbeef
TRACE t=585000 wb_have=1 pcIF=000000ec instIF=6c771663 pcID=000000e8 instID=fdd00393 pcEX=000000e4 aluMEM=00001f3c mem_stall=1 mem_waited=0 mem_addr=00001f3c mem_we=0000 mem_rd=deadbeef
COMMIT t=585000 wb_pc=000000e0 wb_we=1 wb_rd=x0 wb_val=deadbeef IF_pc=000000ec IF_inst=6c771663 ID_pc=000000e8 ID_inst=fdd00393 EX_pc=000000e4 EX_alu=00001f3c mem_stall=1 mem_commit=0 mem_we=0000 mem_addr=00001f3c mem_wd=000000dd mem_rd=deadbeef
TRACE t=595000 wb_have=0 pcIF=000000ec instIF=6c771663 pcID=000000e8 instID=fdd00393 pcEX=000000e4 aluMEM=00001f3c mem_stall=0 mem_waited=1 mem_addr=00001f3c mem_we=0001 mem_rd=deadbeef
MEM_WRITE t=595000 pc=000000e0 addr=00001f3c wd=000000dd ctrl=1
TRACE t=605000 wb_have=1 pcIF=000000f0 instIF=00300193 pcID=000000ec instID=6c771663 pcEX=000000e8 aluMEM=00001f3c mem_stall=1 mem_waited=0 mem_addr=00001f3c mem_we=0000 mem_rd=deadbedd
COMMIT t=605000 wb_pc=000000e0 wb_we=0 wb_rd=x0 wb_val=00001f3c IF_pc=000000f0 IF_inst=00300193 ID_pc=000000ec ID_inst=6c771663 EX_pc=000000e8 EX_alu=ffffffdd mem_stall=1 mem_commit=0 mem_we=0000 mem_addr=00001f3c mem_wd=00000000 mem_rd=deadbedd
TRACE t=615000 wb_have=0 pcIF=000000f0 instIF=00300193 pcID=000000ec instID=6c771663 pcEX=000000e8 aluMEM=00001f3c mem_stall=0 mem_waited=1 mem_addr=00001f3c mem_we=0000 mem_rd=deadbedd
TRACE t=625000 wb_have=1 pcIF=000000f4 instIF=00002117 pcID=000000f0 instID=00300193 pcEX=000000ec aluMEM=ffffffdd mem_stall=0 mem_waited=0 mem_addr=ffffffdd mem_we=0000 mem_rd=deadbedd
COMMIT t=625000 wb_pc=000000e4 wb_we=1 wb_rd=x14 wb_val=ffffffdd IF_pc=000000f4 IF_inst=00002117 ID_pc=000000f0 ID_inst=00300193 EX_pc=000000ec EX_alu=000007b8 mem_stall=0 mem_commit=0 mem_we=0000 mem_addr=ffffffdd mem_wd=00000000 mem_rd=deadbedd
TRACE t=635000 wb_have=0 pcIF=000000f8 instIF=e4810113 pcID=000000f4 instID=00002117 pcEX=000000f0 aluMEM=000007b8 mem_stall=0 mem_waited=0 mem_addr=000007b8 mem_we=0000 mem_rd=00000000
TRACE t=645000 wb_have=1 pcIF=000000fc instIF=fcd00093 pcID=000000f8 instID=e4810113 pcEX=000000f4 aluMEM=00000003 mem_stall=0 mem_waited=0 mem_addr=00000003 mem_we=0000 mem_rd=0ff0000f
COMMIT t=645000 wb_pc=000000ec wb_we=0 wb_rd=x12 wb_val=000007b8 IF_pc=000000fc IF_inst=fcd00093 ID_pc=000000f8 ID_inst=e4810113 EX_pc=000000f4 EX_alu=000020f4 mem_stall=0 mem_commit=0 mem_we=0000 mem_addr=00000003 mem_wd=02000000 mem_rd=0ff0000f
TRACE t=655000 wb_have=1 pcIF=00000100 instIF=001100a3 pcID=000000fc instID=fcd00093 pcEX=000000f8 aluMEM=000020f4 mem_stall=0 mem_waited=0 mem_addr=000020f4 mem_we=0000 mem_rd=0540006f
COMMIT t=655000 wb_pc=000000f0 wb_we=1 wb_rd=x3 wb_val=00000003 IF_pc=00000100 IF_inst=001100a3 ID_pc=000000fc ID_inst=fcd00093 EX_pc=000000f8 EX_alu=00001f3c mem_stall=0 mem_commit=0 mem_we=0000 mem_addr=000020f4 mem_wd=00000000 mem_rd=0540006f
TRACE t=665000 wb_have=1 pcIF=00000104 instIF=00110703 pcID=00000100 instID=001100a3 pcEX=000000fc aluMEM=00001f3c mem_stall=0 mem_waited=0 mem_addr=00001f3c mem_we=0000 mem_rd=00000000
COMMIT t=665000 wb_pc=000000f4 wb_we=1 wb_rd=x2 wb_val=000020f4 IF_pc=00000104 IF_inst=00110703 ID_pc=00000100 ID_inst=001100a3 EX_pc=000000fc EX_alu=ffffffcd mem_stall=0 mem_commit=0 mem_we=0000 mem_addr=00001f3c mem_wd=00000000 mem_rd=00000000
TRACE t=675000 wb_have=1 pcIF=00000104 instIF=00110703 pcID=00000100 instID=001100a3 pcEX=00000100 aluMEM=ffffffcd mem_stall=0 mem_waited=0 mem_addr=ffffffcd mem_we=0000 mem_rd=deadbedd
COMMIT t=675000 wb_pc=000000f8 wb_we=1 wb_rd=x2 wb_val=00001f3c IF_pc=00000104 IF_inst=00110703 ID_pc=00000100 ID_inst=001100a3 EX_pc=00000100 EX_alu=00001f3d mem_stall=0 mem_commit=0 mem_we=0000 mem_addr=ffffffcd mem_wd=00000000 mem_rd=deadbedd
TRACE t=685000 wb_have=1 pcIF=00000108 instIF=fcd00393 pcID=00000104 instID=00110703 pcEX=00000100 aluMEM=00001f3d mem_stall=1 mem_waited=0 mem_addr=00001f3d mem_we=0000 mem_rd=00000000
COMMIT t=685000 wb_pc=000000fc wb_we=1 wb_rd=x1 wb_val=ffffffcd IF_pc=00000108 IF_inst=fcd00393 ID_pc=00000104 ID_inst=00110703 EX_pc=00000100 EX_alu=00001f3d mem_stall=1 mem_commit=0 mem_we=0000 mem_addr=00001f3d mem_wd=ffffffcd mem_rd=00000000
TRACE t=695000 wb_have=0 pcIF=00000108 instIF=fcd00393 pcID=00000104 instID=00110703 pcEX=00000100 aluMEM=00001f3d mem_stall=0 mem_waited=1 mem_addr=00001f3d mem_we=0000 mem_rd=deadbedd
TRACE t=705000 wb_have=1 pcIF=0000010c instIF=6a771663 pcID=00000108 instID=fcd00393 pcEX=00000104 aluMEM=00001f3d mem_stall=1 mem_waited=0 mem_addr=00001f3d mem_we=0000 mem_rd=deadbedd
COMMIT t=705000 wb_pc=00000100 wb_we=1 wb_rd=x0 wb_val=deadbedd IF_pc=0000010c IF_inst=6a771663 ID_pc=00000108 ID_inst=fcd00393 EX_pc=00000104 EX_alu=00001f3d mem_stall=1 mem_commit=0 mem_we=0000 mem_addr=00001f3d mem_wd=0000cd00 mem_rd=deadbedd
TRACE t=715000 wb_have=0 pcIF=0000010c instIF=6a771663 pcID=00000108 instID=fcd00393 pcEX=00000104 aluMEM=00001f3d mem_stall=0 mem_waited=1 mem_addr=00001f3d mem_we=0010 mem_rd=deadbedd
MEM_WRITE t=715000 pc=00000100 addr=00001f3d wd=0000cd00 ctrl=1
TRACE t=725000 wb_have=1 pcIF=00000110 instIF=00400193 pcID=0000010c instID=6a771663 pcEX=00000108 aluMEM=00001f3d mem_stall=1 mem_waited=0 mem_addr=00001f3d mem_we=0000 mem_rd=deadcddd
COMMIT t=725000 wb_pc=00000100 wb_we=0 wb_rd=x1 wb_val=00001f3d IF_pc=00000110 IF_inst=00400193 ID_pc=0000010c ID_inst=6a771663 EX_pc=00000108 EX_alu=ffffffcd mem_stall=1 mem_commit=0 mem_we=0000 mem_addr=00001f3d mem_wd=0000cd00 mem_rd=deadcddd
TRACE t=735000 wb_have=0 pcIF=00000110 instIF=00400193 pcID=0000010c instID=6a771663 pcEX=00000108 aluMEM=00001f3d mem_stall=0 mem_waited=1 mem_addr=00001f3d mem_we=0000 mem_rd=deadcddd
TRACE t=745000 wb_have=1 pcIF=00000114 instIF=00002117 pcID=00000110 instID=00400193 pcEX=0000010c aluMEM=ffffffcd mem_stall=0 mem_waited=0 mem_addr=ffffffcd mem_we=0000 mem_rd=deadcddd
COMMIT t=745000 wb_pc=00000104 wb_we=1 wb_rd=x14 wb_val=ffffffcd IF_pc=00000114 IF_inst=00002117 ID_pc=00000110 ID_inst=00400193 EX_pc=0000010c EX_alu=000007b8 mem_stall=0 mem_commit=0 mem_we=0000 mem_addr=ffffffcd mem_wd=00000000 mem_rd=deadcddd
TRACE t=755000 wb_have=0 pcIF=00000118 instIF=e2810113 pcID=00000114 instID=00002117 pcEX=00000110 aluMEM=000007b8 mem_stall=0 mem_waited=0 mem_addr=000007b8 mem_we=0000 mem_rd=00000000
TRACE t=765000 wb_have=1 pcIF=0000011c instIF=fcc00093 pcID=00000118 instID=e2810113 pcEX=00000114 aluMEM=00000004 mem_stall=0 mem_waited=0 mem_addr=00000004 mem_we=0000 mem_rd=0ff0000f
COMMIT t=765000 wb_pc=0000010c wb_we=0 wb_rd=x12 wb_val=000007b8 IF_pc=0000011c IF_inst=fcc00093 ID_pc=00000118 ID_inst=e2810113 EX_pc=00000114 EX_alu=00002114 mem_stall=0 mem_commit=0 mem_we=0000 mem_addr=00000004 mem_wd=00000000 mem_rd=0ff0000f
TRACE t=775000 wb_have=1 pcIF=00000120 instIF=00110123 pcID=0000011c instID=fcc00093 pcEX=00000118 aluMEM=00002114 mem_stall=0 mem_waited=0 mem_addr=00002114 mem_we=0000 mem_rd=34202f73
COMMIT t=775000 wb_pc=00000110 wb_we=1 wb_rd=x3 wb_val=00000004 IF_pc=00000120 IF_inst=00110123 ID_pc=0000011c ID_inst=fcc00093 EX_pc=00000118 EX_alu=00001f3c mem_stall=0 mem_commit=0 mem_we=0000 mem_addr=00002114 mem_wd=00000000 mem_rd=34202f73
TRACE t=785000 wb_have=1 pcIF=00000124 instIF=00210703 pcID=00000120 instID=00110123 pcEX=0000011c aluMEM=00001f3c mem_stall=0 mem_waited=0 mem_addr=00001f3c mem_we=0000 mem_rd=00000000
COMMIT t=785000 wb_pc=00000114 wb_we=1 wb_rd=x2 wb_val=00002114 IF_pc=00000124 IF_inst=00210703 ID_pc=00000120 ID_inst=00110123 EX_pc=0000011c EX_alu=ffffffcc mem_stall=0 mem_commit=0 mem_we=0000 mem_addr=00001f3c mem_wd=00000000 mem_rd=00000000
TRACE t=795000 wb_have=1 pcIF=00000124 instIF=00210703 pcID=00000120 instID=00110123 pcEX=00000120 aluMEM=ffffffcc mem_stall=0 mem_waited=0 mem_addr=ffffffcc mem_we=0000 mem_rd=deadcddd
COMMIT t=795000 wb_pc=00000118 wb_we=1 wb_rd=x2 wb_val=00001f3c IF_pc=00000124 IF_inst=00210703 ID_pc=00000120 ID_inst=00110123 EX_pc=00000120 EX_alu=00001f3e mem_stall=0 mem_commit=0 mem_we=0000 mem_addr=ffffffcc mem_wd=00000000 mem_rd=deadcddd
TRACE t=805000 wb_have=1 pcIF=00000128 instIF=fcc00393 pcID=00000124 instID=00210703 pcEX=00000120 aluMEM=00001f3e mem_stall=1 mem_waited=0 mem_addr=00001f3e mem_we=0000 mem_rd=00000000
COMMIT t=805000 wb_pc=0000011c wb_we=1 wb_rd=x1 wb_val=ffffffcc IF_pc=00000128 IF_inst=fcc00393 ID_pc=00000124 ID_inst=00210703 EX_pc=00000120 EX_alu=00001f3e mem_stall=1 mem_commit=0 mem_we=0000 mem_addr=00001f3e mem_wd=00001f3c mem_rd=00000000
TRACE t=815000 wb_have=0 pcIF=00000128 instIF=fcc00393 pcID=00000124 instID=00210703 pcEX=00000120 aluMEM=00001f3e mem_stall=0 mem_waited=1 mem_addr=00001f3e mem_we=0000 mem_rd=deadcddd
TRACE t=825000 wb_have=1 pcIF=0000012c instIF=68771663 pcID=00000128 instID=fcc00393 pcEX=00000124 aluMEM=00001f3e mem_stall=1 mem_waited=0 mem_addr=00001f3e mem_we=0000 mem_rd=deadcddd
COMMIT t=825000 wb_pc=00000120 wb_we=1 wb_rd=x0 wb_val=deadcddd IF_pc=0000012c IF_inst=68771663 ID_pc=00000128 ID_inst=fcc00393 EX_pc=00000124 EX_alu=00001f3e mem_stall=1 mem_commit=0 mem_we=0000 mem_addr=00001f3e mem_wd=00cc0000 mem_rd=deadcddd
TRACE t=835000 wb_have=0 pcIF=0000012c instIF=68771663 pcID=00000128 instID=fcc00393 pcEX=00000124 aluMEM=00001f3e mem_stall=0 mem_waited=1 mem_addr=00001f3e mem_we=0100 mem_rd=deadcddd
MEM_WRITE t=835000 pc=00000120 addr=00001f3e wd=00cc0000 ctrl=1
TRACE t=845000 wb_have=1 pcIF=00000130 instIF=00500193 pcID=0000012c instID=68771663 pcEX=00000128 aluMEM=00001f3e mem_stall=1 mem_waited=0 mem_addr=00001f3e mem_we=0000 mem_rd=decccddd
COMMIT t=845000 wb_pc=00000120 wb_we=0 wb_rd=x2 wb_val=00001f3e IF_pc=00000130 IF_inst=00500193 ID_pc=0000012c ID_inst=68771663 EX_pc=00000128 EX_alu=ffffffcc mem_stall=1 mem_commit=0 mem_we=0000 mem_addr=00001f3e mem_wd=003c0000 mem_rd=decccddd
TRACE t=855000 wb_have=0 pcIF=00000130 instIF=00500193 pcID=0000012c instID=68771663 pcEX=00000128 aluMEM=00001f3e mem_stall=0 mem_waited=1 mem_addr=00001f3e mem_we=0000 mem_rd=decccddd
TRACE t=865000 wb_have=1 pcIF=00000134 instIF=00002117 pcID=00000130 instID=00500193 pcEX=0000012c aluMEM=ffffffcc mem_stall=0 mem_waited=0 mem_addr=ffffffcc mem_we=0000 mem_rd=decccddd
COMMIT t=865000 wb_pc=00000124 wb_we=1 wb_rd=x14 wb_val=ffffffcc IF_pc=00000134 IF_inst=00002117 ID_pc=00000130 ID_inst=00500193 EX_pc=0000012c EX_alu=000007b8 mem_stall=0 mem_commit=0 mem_we=0000 mem_addr=ffffffcc mem_wd=00000000 mem_rd=decccddd
TRACE t=875000 wb_have=0 pcIF=00000138 instIF=e0810113 pcID=00000134 instID=00002117 pcEX=00000130 aluMEM=000007b8 mem_stall=0 mem_waited=0 mem_addr=000007b8 mem_we=0000 mem_rd=00000000
TRACE t=885000 wb_have=1 pcIF=0000013c instIF=fbc00093 pcID=00000138 instID=e0810113 pcEX=00000134 aluMEM=00000005 mem_stall=0 mem_waited=0 mem_addr=00000005 mem_we=0000 mem_rd=0ff0000f
COMMIT t=885000 wb_pc=0000012c wb_we=0 wb_rd=x12 wb_val=000007b8 IF_pc=0000013c IF_inst=fbc00093 ID_pc=00000138 ID_inst=e0810113 EX_pc=00000134 EX_alu=00002134 mem_stall=0 mem_commit=0 mem_we=0000 mem_addr=00000005 mem_wd=00000000 mem_rd=0ff0000f
TRACE t=895000 wb_have=1 pcIF=00000140 instIF=001101a3 pcID=0000013c instID=fbc00093 pcEX=00000138 aluMEM=00002134 mem_stall=0 mem_waited=0 mem_addr=00002134 mem_we=0000 mem_rd=34202f73
COMMIT t=895000 wb_pc=00000130 wb_we=1 wb_rd=x3 wb_val=00000005 IF_pc=00000140 IF_inst=001101a3 ID_pc=0000013c ID_inst=fbc00093 EX_pc=00000138 EX_alu=00001f3c mem_stall=0 mem_commit=0 mem_we=0000 mem_addr=00002134 mem_wd=00000000 mem_rd=34202f73
TRACE t=905000 wb_have=1 pcIF=00000144 instIF=00310703 pcID=00000140 instID=001101a3 pcEX=0000013c aluMEM=00001f3c mem_stall=0 mem_waited=0 mem_addr=00001f3c mem_we=0000 mem_rd=00000000
COMMIT t=905000 wb_pc=00000134 wb_we=1 wb_rd=x2 wb_val=00002134 IF_pc=00000144 IF_inst=00310703 ID_pc=00000140 ID_inst=001101a3 EX_pc=0000013c EX_alu=ffffffbc mem_stall=0 mem_commit=0 mem_we=0000 mem_addr=00001f3c mem_wd=00000000 mem_rd=00000000
TRACE t=915000 wb_have=1 pcIF=00000144 instIF=00310703 pcID=00000140 instID=001101a3 pcEX=00000140 aluMEM=ffffffbc mem_stall=0 mem_waited=0 mem_addr=ffffffbc mem_we=0000 mem_rd=decccddd
COMMIT t=915000 wb_pc=00000138 wb_we=1 wb_rd=x2 wb_val=00001f3c IF_pc=00000144 IF_inst=00310703 ID_pc=00000140 ID_inst=001101a3 EX_pc=00000140 EX_alu=00001f3f mem_stall=0 mem_commit=0 mem_we=0000 mem_addr=ffffffbc mem_wd=00000000 mem_rd=decccddd
TRACE t=925000 wb_have=1 pcIF=00000148 instIF=fbc00393 pcID=00000144 instID=00310703 pcEX=00000140 aluMEM=00001f3f mem_stall=1 mem_waited=0 mem_addr=00001f3f mem_we=0000 mem_rd=00000000
COMMIT t=925000 wb_pc=0000013c wb_we=1 wb_rd=x1 wb_val=ffffffbc IF_pc=00000148 IF_inst=fbc00393 ID_pc=00000144 ID_inst=00310703 EX_pc=00000140 EX_alu=00001f3f mem_stall=1 mem_commit=0 mem_we=0000 mem_addr=00001f3f mem_wd=ffffffcc mem_rd=00000000
TRACE t=935000 wb_have=0 pcIF=00000148 instIF=fbc00393 pcID=00000144 instID=00310703 pcEX=00000140 aluMEM=00001f3f mem_stall=0 mem_waited=1 mem_addr=00001f3f mem_we=0000 mem_rd=decccddd
TRACE t=945000 wb_have=1 pcIF=0000014c instIF=66771663 pcID=00000148 instID=fbc00393 pcEX=00000144 aluMEM=00001f3f mem_stall=1 mem_waited=0 mem_addr=00001f3f mem_we=0000 mem_rd=decccddd
COMMIT t=945000 wb_pc=00000140 wb_we=1 wb_rd=x0 wb_val=decccddd IF_pc=0000014c IF_inst=66771663 ID_pc=00000148 ID_inst=fbc00393 EX_pc=00000144 EX_alu=00001f3f mem_stall=1 mem_commit=0 mem_we=0000 mem_addr=00001f3f mem_wd=bc000000 mem_rd=decccddd
TRACE t=955000 wb_have=0 pcIF=0000014c instIF=66771663 pcID=00000148 instID=fbc00393 pcEX=00000144 aluMEM=00001f3f mem_stall=0 mem_waited=1 mem_addr=00001f3f mem_we=1000 mem_rd=decccddd
MEM_WRITE t=955000 pc=00000140 addr=00001f3f wd=bc000000 ctrl=1
TRACE t=965000 wb_have=1 pcIF=00000150 instIF=00600193 pcID=0000014c instID=66771663 pcEX=00000148 aluMEM=00001f3f mem_stall=1 mem_waited=0 mem_addr=00001f3f mem_we=0000 mem_rd=bccccddd
COMMIT t=965000 wb_pc=00000140 wb_we=0 wb_rd=x3 wb_val=00001f3f IF_pc=00000150 IF_inst=00600193 ID_pc=0000014c ID_inst=66771663 EX_pc=00000148 EX_alu=ffffffbc mem_stall=1 mem_commit=0 mem_we=0000 mem_addr=00001f3f mem_wd=05000000 mem_rd=bccccddd
TRACE t=975000 wb_have=0 pcIF=00000150 instIF=00600193 pcID=0000014c instID=66771663 pcEX=00000148 aluMEM=00001f3f mem_stall=0 mem_waited=1 mem_addr=00001f3f mem_we=0000 mem_rd=bccccddd
TRACE t=985000 wb_have=1 pcIF=00000154 instIF=00002117 pcID=00000150 instID=00600193 pcEX=0000014c aluMEM=ffffffbc mem_stall=0 mem_waited=0 mem_addr=ffffffbc mem_we=0000 mem_rd=bccccddd
COMMIT t=985000 wb_pc=00000144 wb_we=1 wb_rd=x14 wb_val=ffffffbc IF_pc=00000154 IF_inst=00002117 ID_pc=00000150 ID_inst=00600193 EX_pc=0000014c EX_alu=000007b8 mem_stall=0 mem_commit=0 mem_we=0000 mem_addr=ffffffbc mem_wd=00000000 mem_rd=bccccddd
TRACE t=995000 wb_have=0 pcIF=00000158 instIF=de810113 pcID=00000154 instID=00002117 pcEX=00000150 aluMEM=000007b8 mem_stall=0 mem_waited=0 mem_addr=000007b8 mem_we=0000 mem_rd=00000000
TRACE t=1005000 wb_have=1 pcIF=0000015c instIF=fbb00093 pcID=00000158 instID=de810113 pcEX=00000154 aluMEM=00000006 mem_stall=0 mem_waited=0 mem_addr=00000006 mem_we=0000 mem_rd=0ff0000f
COMMIT t=1005000 wb_pc=0000014c wb_we=0 wb_rd=x12 wb_val=000007b8 IF_pc=0000015c IF_inst=fbb00093 ID_pc=00000158 ID_inst=de810113 EX_pc=00000154 EX_alu=00002154 mem_stall=0 mem_commit=0 mem_we=0000 mem_addr=00000006 mem_wd=00000000 mem_rd=0ff0000f
TRACE t=1015000 wb_have=1 pcIF=00000160 instIF=00110223 pcID=0000015c instID=fbb00093 pcEX=00000158 aluMEM=00002154 mem_stall=0 mem_waited=0 mem_addr=00002154 mem_we=0000 mem_rd=34202f73
COMMIT t=1015000 wb_pc=00000150 wb_we=1 wb_rd=x3 wb_val=00000006 IF_pc=00000160 IF_inst=00110223 ID_pc=0000015c ID_inst=fbb00093 EX_pc=00000158 EX_alu=00001f3c mem_stall=0 mem_commit=0 mem_we=0000 mem_addr=00002154 mem_wd=00000000 mem_rd=34202f73
TRACE t=1025000 wb_have=1 pcIF=00000164 instIF=00410703 pcID=00000160 instID=00110223 pcEX=0000015c aluMEM=00001f3c mem_stall=0 mem_waited=0 mem_addr=00001f3c mem_we=0000 mem_rd=00000000
COMMIT t=1025000 wb_pc=00000154 wb_we=1 wb_rd=x2 wb_val=00002154 IF_pc=00000164 IF_inst=00410703 ID_pc=00000160 ID_inst=00110223 EX_pc=0000015c EX_alu=ffffffbb mem_stall=0 mem_commit=0 mem_we=0000 mem_addr=00001f3c mem_wd=00000000 mem_rd=00000000
TRACE t=1035000 wb_have=1 pcIF=00000164 instIF=00410703 pcID=00000160 instID=00110223 pcEX=00000160 aluMEM=ffffffbb mem_stall=0 mem_waited=0 mem_addr=ffffffbb mem_we=0000 mem_rd=bccccddd
COMMIT t=1035000 wb_pc=00000158 wb_we=1 wb_rd=x2 wb_val=00001f3c IF_pc=00000164 IF_inst=00410703 ID_pc=00000160 ID_inst=00110223 EX_pc=00000160 EX_alu=00001f40 mem_stall=0 mem_commit=0 mem_we=0000 mem_addr=ffffffbb mem_wd=00000000 mem_rd=bccccddd
TRACE t=1045000 wb_have=1 pcIF=00000168 instIF=fbb00393 pcID=00000164 instID=00410703 pcEX=00000160 aluMEM=00001f40 mem_stall=1 mem_waited=0 mem_addr=00001f40 mem_we=0000 mem_rd=00000000
COMMIT t=1045000 wb_pc=0000015c wb_we=1 wb_rd=x1 wb_val=ffffffbb IF_pc=00000168 IF_inst=fbb00393 ID_pc=00000164 ID_inst=00410703 EX_pc=00000160 EX_alu=00001f40 mem_stall=1 mem_commit=0 mem_we=0000 mem_addr=00001f40 mem_wd=ffffffbc mem_rd=00000000
TRACE t=1055000 wb_have=0 pcIF=00000168 instIF=fbb00393 pcID=00000164 instID=00410703 pcEX=00000160 aluMEM=00001f40 mem_stall=0 mem_waited=1 mem_addr=00001f40 mem_we=0000 mem_rd=deadbeef
TRACE t=1065000 wb_have=1 pcIF=0000016c instIF=64771663 pcID=00000168 instID=fbb00393 pcEX=00000164 aluMEM=00001f40 mem_stall=1 mem_waited=0 mem_addr=00001f40 mem_we=0000 mem_rd=deadbeef
COMMIT t=1065000 wb_pc=00000160 wb_we=1 wb_rd=x0 wb_val=deadbeef IF_pc=0000016c IF_inst=64771663 ID_pc=00000168 ID_inst=fbb00393 EX_pc=00000164 EX_alu=00001f40 mem_stall=1 mem_commit=0 mem_we=0000 mem_addr=00001f40 mem_wd=000000bb mem_rd=deadbeef
TRACE t=1075000 wb_have=0 pcIF=0000016c instIF=64771663 pcID=00000168 instID=fbb00393 pcEX=00000164 aluMEM=00001f40 mem_stall=0 mem_waited=1 mem_addr=00001f40 mem_we=0001 mem_rd=deadbeef
MEM_WRITE t=1075000 pc=00000160 addr=00001f40 wd=000000bb ctrl=1
TRACE t=1085000 wb_have=1 pcIF=00000170 instIF=00700193 pcID=0000016c instID=64771663 pcEX=00000168 aluMEM=00001f40 mem_stall=1 mem_waited=0 mem_addr=00001f40 mem_we=0000 mem_rd=deadbebb
COMMIT t=1085000 wb_pc=00000160 wb_we=0 wb_rd=x4 wb_val=00001f40 IF_pc=00000170 IF_inst=00700193 ID_pc=0000016c ID_inst=64771663 EX_pc=00000168 EX_alu=ffffffbb mem_stall=1 mem_commit=0 mem_we=0000 mem_addr=00001f40 mem_wd=00000000 mem_rd=deadbebb
TRACE t=1095000 wb_have=0 pcIF=00000170 instIF=00700193 pcID=0000016c instID=64771663 pcEX=00000168 aluMEM=00001f40 mem_stall=0 mem_waited=1 mem_addr=00001f40 mem_we=0000 mem_rd=deadbebb
TRACE t=1105000 wb_have=1 pcIF=00000174 instIF=00002117 pcID=00000170 instID=00700193 pcEX=0000016c aluMEM=ffffffbb mem_stall=0 mem_waited=0 mem_addr=ffffffbb mem_we=0000 mem_rd=deadbebb
COMMIT t=1105000 wb_pc=00000164 wb_we=1 wb_rd=x14 wb_val=ffffffbb IF_pc=00000174 IF_inst=00002117 ID_pc=00000170 ID_inst=00700193 EX_pc=0000016c EX_alu=000007b8 mem_stall=0 mem_commit=0 mem_we=0000 mem_addr=ffffffbb mem_wd=00000000 mem_rd=deadbebb
TRACE t=1115000 wb_have=0 pcIF=00000178 instIF=dc810113 pcID=00000174 instID=00002117 pcEX=00000170 aluMEM=000007b8 mem_stall=0 mem_waited=0 mem_addr=000007b8 mem_we=0000 mem_rd=00000000
TRACE t=1125000 wb_have=1 pcIF=0000017c instIF=fab00093 pcID=00000178 instID=dc810113 pcEX=00000174 aluMEM=00000007 mem_stall=0 mem_waited=0 mem_addr=00000007 mem_we=0000 mem_rd=0ff0000f
COMMIT t=1125000 wb_pc=0000016c wb_we=0 wb_rd=x12 wb_val=000007b8 IF_pc=0000017c IF_inst=fab00093 ID_pc=00000178 ID_inst=dc810113 EX_pc=00000174 EX_alu=00002174 mem_stall=0 mem_commit=0 mem_we=0000 mem_addr=00000007 mem_wd=bb000000 mem_rd=0ff0000f
TRACE t=1135000 wb_have=1 pcIF=00000180 instIF=001102a3 pcID=0000017c instID=fab00093 pcEX=00000178 aluMEM=00002174 mem_stall=0 mem_waited=0 mem_addr=00002174 mem_we=0000 mem_rd=34202f73
COMMIT t=1135000 wb_pc=00000170 wb_we=1 wb_rd=x3 wb_val=00000007 IF_pc=00000180 IF_inst=001102a3 ID_pc=0000017c ID_inst=fab00093 EX_pc=00000178 EX_alu=00001f3c mem_stall=0 mem_commit=0 mem_we=0000 mem_addr=00002174 mem_wd=00000000 mem_rd=34202f73
TRACE t=1145000 wb_have=1 pcIF=00000184 instIF=00510703 pcID=00000180 instID=001102a3 pcEX=0000017c aluMEM=00001f3c mem_stall=0 mem_waited=0 mem_addr=00001f3c mem_we=0000 mem_rd=00000000
COMMIT t=1145000 wb_pc=00000174 wb_we=1 wb_rd=x2 wb_val=00002174 IF_pc=00000184 IF_inst=00510703 ID_pc=00000180 ID_inst=001102a3 EX_pc=0000017c EX_alu=ffffffab mem_stall=0 mem_commit=0 mem_we=0000 mem_addr=00001f3c mem_wd=00000000 mem_rd=00000000
TRACE t=1155000 wb_have=1 pcIF=00000184 instIF=00510703 pcID=00000180 instID=001102a3 pcEX=00000180 aluMEM=ffffffab mem_stall=0 mem_waited=0 mem_addr=ffffffab mem_we=0000 mem_rd=bccccddd
COMMIT t=1155000 wb_pc=00000178 wb_we=1 wb_rd=x2 wb_val=00001f3c IF_pc=00000184 IF_inst=00510703 ID_pc=00000180 ID_inst=001102a3 EX_pc=00000180 EX_alu=00001f41 mem_stall=0 mem_commit=0 mem_we=0000 mem_addr=ffffffab mem_wd=00000000 mem_rd=bccccddd
TRACE t=1165000 wb_have=1 pcIF=00000188 instIF=fab00393 pcID=00000184 instID=00510703 pcEX=00000180 aluMEM=00001f41 mem_stall=1 mem_waited=0 mem_addr=00001f41 mem_we=0000 mem_rd=00000000
COMMIT t=1165000 wb_pc=0000017c wb_we=1 wb_rd=x1 wb_val=ffffffab IF_pc=00000188 IF_inst=fab00393 ID_pc=00000184 ID_inst=00510703 EX_pc=00000180 EX_alu=00001f41 mem_stall=1 mem_commit=0 mem_we=0000 mem_addr=00001f41 mem_wd=ffffffbb mem_rd=00000000
TRACE t=1175000 wb_have=0 pcIF=00000188 instIF=fab00393 pcID=00000184 instID=00510703 pcEX=00000180 aluMEM=00001f41 mem_stall=0 mem_waited=1 mem_addr=00001f41 mem_we=0000 mem_rd=deadbebb
TRACE t=1185000 wb_have=1 pcIF=0000018c instIF=62771663 pcID=00000188 instID=fab00393 pcEX=00000184 aluMEM=00001f41 mem_stall=1 mem_waited=0 mem_addr=00001f41 mem_we=0000 mem_rd=deadbebb
COMMIT t=1185000 wb_pc=00000180 wb_we=1 wb_rd=x0 wb_val=deadbebb IF_pc=0000018c IF_inst=62771663 ID_pc=00000188 ID_inst=fab00393 EX_pc=00000184 EX_alu=00001f41 mem_stall=1 mem_commit=0 mem_we=0000 mem_addr=00001f41 mem_wd=0000ab00 mem_rd=deadbebb
TRACE t=1195000 wb_have=0 pcIF=0000018c instIF=62771663 pcID=00000188 instID=fab00393 pcEX=00000184 aluMEM=00001f41 mem_stall=0 mem_waited=1 mem_addr=00001f41 mem_we=0010 mem_rd=deadbebb
MEM_WRITE t=1195000 pc=00000180 addr=00001f41 wd=0000ab00 ctrl=1
TRACE t=1205000 wb_have=1 pcIF=00000190 instIF=00800193 pcID=0000018c instID=62771663 pcEX=00000188 aluMEM=00001f41 mem_stall=1 mem_waited=0 mem_addr=00001f41 mem_we=0000 mem_rd=deadabbb
COMMIT t=1205000 wb_pc=00000180 wb_we=0 wb_rd=x5 wb_val=00001f41 IF_pc=00000190 IF_inst=00800193 ID_pc=0000018c ID_inst=62771663 EX_pc=00000188 EX_alu=ffffffab mem_stall=1 mem_commit=0 mem_we=0000 mem_addr=00001f41 mem_wd=00000000 mem_rd=deadabbb
TRACE t=1215000 wb_have=0 pcIF=00000190 instIF=00800193 pcID=0000018c instID=62771663 pcEX=00000188 aluMEM=00001f41 mem_stall=0 mem_waited=1 mem_addr=00001f41 mem_we=0000 mem_rd=deadabbb
TRACE t=1225000 wb_have=1 pcIF=00000194 instIF=00002117 pcID=00000190 instID=00800193 pcEX=0000018c aluMEM=ffffffab mem_stall=0 mem_waited=0 mem_addr=ffffffab mem_we=0000 mem_rd=deadabbb
COMMIT t=1225000 wb_pc=00000184 wb_we=1 wb_rd=x14 wb_val=ffffffab IF_pc=00000194 IF_inst=00002117 ID_pc=00000190 ID_inst=00800193 EX_pc=0000018c EX_alu=000007b8 mem_stall=0 mem_commit=0 mem_we=0000 mem_addr=ffffffab mem_wd=00000000 mem_rd=deadabbb
TRACE t=1235000 wb_have=0 pcIF=00000198 instIF=da810113 pcID=00000194 instID=00002117 pcEX=00000190 aluMEM=000007b8 mem_stall=0 mem_waited=0 mem_addr=000007b8 mem_we=0000 mem_rd=00000000
TRACE t=1245000 wb_have=1 pcIF=0000019c instIF=03300093 pcID=00000198 instID=da810113 pcEX=00000194 aluMEM=00000008 mem_stall=0 mem_waited=0 mem_addr=00000008 mem_we=0000 mem_rd=0ff0000f
COMMIT t=1245000 wb_pc=0000018c wb_we=0 wb_rd=x12 wb_val=000007b8 IF_pc=0000019c IF_inst=03300093 ID_pc=00000198 ID_inst=da810113 EX_pc=00000194 EX_alu=00002194 mem_stall=0 mem_commit=0 mem_we=0000 mem_addr=00000008 mem_wd=00000000 mem_rd=0ff0000f
TRACE t=1255000 wb_have=1 pcIF=000001a0 instIF=00110023 pcID=0000019c instID=03300093 pcEX=00000198 aluMEM=00002194 mem_stall=0 mem_waited=0 mem_addr=00002194 mem_we=0000 mem_rd=00800f93
COMMIT t=1255000 wb_pc=00000190 wb_we=1 wb_rd=x3 wb_val=00000008 IF_pc=000001a0 IF_inst=00110023 ID_pc=0000019c ID_inst=03300093 EX_pc=00000198 EX_alu=00001f3c mem_stall=0 mem_commit=0 mem_we=0000 mem_addr=00002194 mem_wd=00000000 mem_rd=00800f93
TRACE t=1265000 wb_have=1 pcIF=000001a4 instIF=00010703 pcID=000001a0 instID=00110023 pcEX=0000019c aluMEM=00001f3c mem_stall=0 mem_waited=0 mem_addr=00001f3c mem_we=0000 mem_rd=00000000
COMMIT t=1265000 wb_pc=00000194 wb_we=1 wb_rd=x2 wb_val=00002194 IF_pc=000001a4 IF_inst=00010703 ID_pc=000001a0 ID_inst=00110023 EX_pc=0000019c EX_alu=00000033 mem_stall=0 mem_commit=0 mem_we=0000 mem_addr=00001f3c mem_wd=00000000 mem_rd=00000000
TRACE t=1275000 wb_have=1 pcIF=000001a4 instIF=00010703 pcID=000001a0 instID=00110023 pcEX=000001a0 aluMEM=00000033 mem_stall=0 mem_waited=0 mem_addr=00000033 mem_we=0000 mem_rd=bccccddd
COMMIT t=1275000 wb_pc=00000198 wb_we=1 wb_rd=x2 wb_val=00001f3c IF_pc=000001a4 IF_inst=00010703 ID_pc=000001a0 ID_inst=00110023 EX_pc=000001a0 EX_alu=00001f3c mem_stall=0 mem_commit=0 mem_we=0000 mem_addr=00000033 mem_wd=00000000 mem_rd=bccccddd
TRACE t=1285000 wb_have=1 pcIF=000001a8 instIF=03300393 pcID=000001a4 instID=00010703 pcEX=000001a0 aluMEM=00001f3c mem_stall=1 mem_waited=0 mem_addr=00001f3c mem_we=0000 mem_rd=34202f73
COMMIT t=1285000 wb_pc=0000019c wb_we=1 wb_rd=x1 wb_val=00000033 IF_pc=000001a8 IF_inst=03300393 ID_pc=000001a4 ID_inst=00010703 EX_pc=000001a0 EX_alu=00001f3c mem_stall=1 mem_commit=0 mem_we=0000 mem_addr=00001f3c mem_wd=ffffffab mem_rd=34202f73
TRACE t=1295000 wb_have=0 pcIF=000001a8 instIF=03300393 pcID=000001a4 instID=00010703 pcEX=000001a0 aluMEM=00001f3c mem_stall=0 mem_waited=1 mem_addr=00001f3c mem_we=0000 mem_rd=bccccddd
TRACE t=1305000 wb_have=1 pcIF=000001ac instIF=60771663 pcID=000001a8 instID=03300393 pcEX=000001a4 aluMEM=00001f3c mem_stall=1 mem_waited=0 mem_addr=00001f3c mem_we=0000 mem_rd=bccccddd
COMMIT t=1305000 wb_pc=000001a0 wb_we=1 wb_rd=x0 wb_val=bccccddd IF_pc=000001ac IF_inst=60771663 ID_pc=000001a8 ID_inst=03300393 EX_pc=000001a4 EX_alu=00001f3c mem_stall=1 mem_commit=0 mem_we=0000 mem_addr=00001f3c mem_wd=00000033 mem_rd=bccccddd
TRACE t=1315000 wb_have=0 pcIF=000001ac instIF=60771663 pcID=000001a8 instID=03300393 pcEX=000001a4 aluMEM=00001f3c mem_stall=0 mem_waited=1 mem_addr=00001f3c mem_we=0001 mem_rd=bccccddd
MEM_WRITE t=1315000 pc=000001a0 addr=00001f3c wd=00000033 ctrl=1
TRACE t=1325000 wb_have=1 pcIF=000001b0 instIF=00900193 pcID=000001ac instID=60771663 pcEX=000001a8 aluMEM=00001f3c mem_stall=1 mem_waited=0 mem_addr=00001f3c mem_we=0000 mem_rd=bccccd33
COMMIT t=1325000 wb_pc=000001a0 wb_we=0 wb_rd=x0 wb_val=00001f3c IF_pc=000001b0 IF_inst=00900193 ID_pc=000001ac ID_inst=60771663 EX_pc=000001a8 EX_alu=00000033 mem_stall=1 mem_commit=0 mem_we=0000 mem_addr=00001f3c mem_wd=00000000 mem_rd=bccccd33
TRACE t=1335000 wb_have=0 pcIF=000001b0 instIF=00900193 pcID=000001ac instID=60771663 pcEX=000001a8 aluMEM=00001f3c mem_stall=0 mem_waited=1 mem_addr=00001f3c mem_we=0000 mem_rd=bccccd33
TRACE t=1345000 wb_have=1 pcIF=000001b4 instIF=00002117 pcID=000001b0 instID=00900193 pcEX=000001ac aluMEM=00000033 mem_stall=0 mem_waited=0 mem_addr=00000033 mem_we=0000 mem_rd=bccccd33
COMMIT t=1345000 wb_pc=000001a4 wb_we=1 wb_rd=x14 wb_val=00000033 IF_pc=000001b4 IF_inst=00002117 ID_pc=000001b0 ID_inst=00900193 EX_pc=000001ac EX_alu=000007b8 mem_stall=0 mem_commit=0 mem_we=0000 mem_addr=00000033 mem_wd=00000000 mem_rd=bccccd33
TRACE t=1355000 wb_have=0 pcIF=000001b8 instIF=d8810113 pcID=000001b4 instID=00002117 pcEX=000001b0 aluMEM=000007b8 mem_stall=0 mem_waited=0 mem_addr=000007b8 mem_we=0000 mem_rd=34202f73
TRACE t=1365000 wb_have=1 pcIF=000001bc instIF=02300093 pcID=000001b8 instID=d8810113 pcEX=000001b4 aluMEM=00000009 mem_stall=0 mem_waited=0 mem_addr=00000009 mem_we=0000 mem_rd=0ff0000f
COMMIT t=1365000 wb_pc=000001ac wb_we=0 wb_rd=x12 wb_val=000007b8 IF_pc=000001bc IF_inst=02300093 ID_pc=000001b8 ID_inst=d8810113 EX_pc=000001b4 EX_alu=000021b4 mem_stall=0 mem_commit=0 mem_we=0000 mem_addr=00000009 mem_wd=00000000 mem_rd=0ff0000f
TRACE t=1375000 wb_have=1 pcIF=000001c0 instIF=001100a3 pcID=000001bc instID=02300093 pcEX=000001b8 aluMEM=000021b4 mem_stall=0 mem_waited=0 mem_addr=000021b4 mem_we=0000 mem_rd=00800f93
COMMIT t=1375000 wb_pc=000001b0 wb_we=1 wb_rd=x3 wb_val=00000009 IF_pc=000001c0 IF_inst=001100a3 ID_pc=000001bc ID_inst=02300093 EX_pc=000001b8 EX_alu=00001f3c mem_stall=0 mem_commit=0 mem_we=0000 mem_addr=000021b4 mem_wd=00000000 mem_rd=00800f93
TRACE t=1385000 wb_have=1 pcIF=000001c4 instIF=00110703 pcID=000001c0 instID=001100a3 pcEX=000001bc aluMEM=00001f3c mem_stall=0 mem_waited=0 mem_addr=00001f3c mem_we=0000 mem_rd=00000000
COMMIT t=1385000 wb_pc=000001b4 wb_we=1 wb_rd=x2 wb_val=000021b4 IF_pc=000001c4 IF_inst=00110703 ID_pc=000001c0 ID_inst=001100a3 EX_pc=000001bc EX_alu=00000023 mem_stall=0 mem_commit=0 mem_we=0000 mem_addr=00001f3c mem_wd=00000000 mem_rd=00000000
TRACE t=1395000 wb_have=1 pcIF=000001c4 instIF=00110703 pcID=000001c0 instID=001100a3 pcEX=000001c0 aluMEM=00000023 mem_stall=0 mem_waited=0 mem_addr=00000023 mem_we=0000 mem_rd=bccccd33
COMMIT t=1395000 wb_pc=000001b8 wb_we=1 wb_rd=x2 wb_val=00001f3c IF_pc=000001c4 IF_inst=00110703 ID_pc=000001c0 ID_inst=001100a3 EX_pc=000001c0 EX_alu=00001f3d mem_stall=0 mem_commit=0 mem_we=0000 mem_addr=00000023 mem_wd=09000000 mem_rd=bccccd33
TRACE t=1405000 wb_have=1 pcIF=000001c8 instIF=02300393 pcID=000001c4 instID=00110703 pcEX=000001c0 aluMEM=00001f3d mem_stall=1 mem_waited=0 mem_addr=00001f3d mem_we=0000 mem_rd=00000f17
COMMIT t=1405000 wb_pc=000001bc wb_we=1 wb_rd=x1 wb_val=00000023 IF_pc=000001c8 IF_inst=02300393 ID_pc=000001c4 ID_inst=00110703 EX_pc=000001c0 EX_alu=00001f3d mem_stall=1 mem_commit=0 mem_we=0000 mem_addr=00001f3d mem_wd=00000023 mem_rd=00000f17
TRACE t=1415000 wb_have=0 pcIF=000001c8 instIF=02300393 pcID=000001c4 instID=00110703 pcEX=000001c0 aluMEM=00001f3d mem_stall=0 mem_waited=1 mem_addr=00001f3d mem_we=0000 mem_rd=bccccd33
TRACE t=1425000 wb_have=1 pcIF=000001cc instIF=5e771663 pcID=000001c8 instID=02300393 pcEX=000001c4 aluMEM=00001f3d mem_stall=1 mem_waited=0 mem_addr=00001f3d mem_we=0000 mem_rd=bccccd33
COMMIT t=1425000 wb_pc=000001c0 wb_we=1 wb_rd=x0 wb_val=bccccd33 IF_pc=000001cc IF_inst=5e771663 ID_pc=000001c8 ID_inst=02300393 EX_pc=000001c4 EX_alu=00001f3d mem_stall=1 mem_commit=0 mem_we=0000 mem_addr=00001f3d mem_wd=00002300 mem_rd=bccccd33
TRACE t=1435000 wb_have=0 pcIF=000001cc instIF=5e771663 pcID=000001c8 instID=02300393 pcEX=000001c4 aluMEM=00001f3d mem_stall=0 mem_waited=1 mem_addr=00001f3d mem_we=0010 mem_rd=bccccd33
MEM_WRITE t=1435000 pc=000001c0 addr=00001f3d wd=00002300 ctrl=1
TRACE t=1445000 wb_have=1 pcIF=000001d0 instIF=00a00193 pcID=000001cc instID=5e771663 pcEX=000001c8 aluMEM=00001f3d mem_stall=1 mem_waited=0 mem_addr=00001f3d mem_we=0000 mem_rd=bccc2333
COMMIT t=1445000 wb_pc=000001c0 wb_we=0 wb_rd=x1 wb_val=00001f3d IF_pc=000001d0 IF_inst=00a00193 ID_pc=000001cc ID_inst=5e771663 EX_pc=000001c8 EX_alu=00000023 mem_stall=1 mem_commit=0 mem_we=0000 mem_addr=00001f3d mem_wd=00002300 mem_rd=bccc2333
TRACE t=1455000 wb_have=0 pcIF=000001d0 instIF=00a00193 pcID=000001cc instID=5e771663 pcEX=000001c8 aluMEM=00001f3d mem_stall=0 mem_waited=1 mem_addr=00001f3d mem_we=0000 mem_rd=bccc2333
TRACE t=1465000 wb_have=1 pcIF=000001d4 instIF=00002117 pcID=000001d0 instID=00a00193 pcEX=000001cc aluMEM=00000023 mem_stall=0 mem_waited=0 mem_addr=00000023 mem_we=0000 mem_rd=bccc2333
COMMIT t=1465000 wb_pc=000001c4 wb_we=1 wb_rd=x14 wb_val=00000023 IF_pc=000001d4 IF_inst=00002117 ID_pc=000001d0 ID_inst=00a00193 EX_pc=000001cc EX_alu=000007b8 mem_stall=0 mem_commit=0 mem_we=0000 mem_addr=00000023 mem_wd=09000000 mem_rd=bccc2333
TRACE t=1475000 wb_have=0 pcIF=000001d8 instIF=d6810113 pcID=000001d4 instID=00002117 pcEX=000001d0 aluMEM=000007b8 mem_stall=0 mem_waited=0 mem_addr=000007b8 mem_we=0000 mem_rd=00000f17
TRACE t=1485000 wb_have=1 pcIF=000001dc instIF=02200093 pcID=000001d8 instID=d6810113 pcEX=000001d4 aluMEM=0000000a mem_stall=0 mem_waited=0 mem_addr=0000000a mem_we=0000 mem_rd=0ff0000f
COMMIT t=1485000 wb_pc=000001cc wb_we=0 wb_rd=x12 wb_val=000007b8 IF_pc=000001dc IF_inst=02200093 ID_pc=000001d8 ID_inst=d6810113 EX_pc=000001d4 EX_alu=000021d4 mem_stall=0 mem_commit=0 mem_we=0000 mem_addr=0000000a mem_wd=00000000 mem_rd=0ff0000f
TRACE t=1495000 wb_have=1 pcIF=000001e0 instIF=00110123 pcID=000001dc instID=02200093 pcEX=000001d8 aluMEM=000021d4 mem_stall=0 mem_waited=0 mem_addr=000021d4 mem_we=0000 mem_rd=00800f93
COMMIT t=1495000 wb_pc=000001d0 wb_we=1 wb_rd=x3 wb_val=0000000a IF_pc=000001e0 IF_inst=00110123 ID_pc=000001dc ID_inst=02200093 EX_pc=000001d8 EX_alu=00001f3c mem_stall=0 mem_commit=0 mem_we=0000 mem_addr=000021d4 mem_wd=00000000 mem_rd=00800f93
TRACE t=1505000 wb_have=1 pcIF=000001e4 instIF=00210703 pcID=000001e0 instID=00110123 pcEX=000001dc aluMEM=00001f3c mem_stall=0 mem_waited=0 mem_addr=00001f3c mem_we=0000 mem_rd=00000000
COMMIT t=1505000 wb_pc=000001d4 wb_we=1 wb_rd=x2 wb_val=000021d4 IF_pc=000001e4 IF_inst=00210703 ID_pc=000001e0 ID_inst=00110123 EX_pc=000001dc EX_alu=00000022 mem_stall=0 mem_commit=0 mem_we=0000 mem_addr=00001f3c mem_wd=00000000 mem_rd=00000000
TRACE t=1515000 wb_have=1 pcIF=000001e4 instIF=00210703 pcID=000001e0 instID=00110123 pcEX=000001e0 aluMEM=00000022 mem_stall=0 mem_waited=0 mem_addr=00000022 mem_we=0000 mem_rd=bccc2333
COMMIT t=1515000 wb_pc=000001d8 wb_we=1 wb_rd=x2 wb_val=00001f3c IF_pc=000001e4 IF_inst=00210703 ID_pc=000001e0 ID_inst=00110123 EX_pc=000001e0 EX_alu=00001f3e mem_stall=0 mem_commit=0 mem_we=0000 mem_addr=00000022 mem_wd=003c0000 mem_rd=bccc2333
TRACE t=1525000 wb_have=1 pcIF=000001e8 instIF=02200393 pcID=000001e4 instID=00210703 pcEX=000001e0 aluMEM=00001f3e mem_stall=1 mem_waited=0 mem_addr=00001f3e mem_we=0000 mem_rd=00000f17
COMMIT t=1525000 wb_pc=000001dc wb_we=1 wb_rd=x1 wb_val=00000022 IF_pc=000001e8 IF_inst=02200393 ID_pc=000001e4 ID_inst=00210703 EX_pc=000001e0 EX_alu=00001f3e mem_stall=1 mem_commit=0 mem_we=0000 mem_addr=00001f3e mem_wd=00001f3c mem_rd=00000f17
TRACE t=1535000 wb_have=0 pcIF=000001e8 instIF=02200393 pcID=000001e4 instID=00210703 pcEX=000001e0 aluMEM=00001f3e mem_stall=0 mem_waited=1 mem_addr=00001f3e mem_we=0000 mem_rd=bccc2333
TRACE t=1545000 wb_have=1 pcIF=000001ec instIF=5c771663 pcID=000001e8 instID=02200393 pcEX=000001e4 aluMEM=00001f3e mem_stall=1 mem_waited=0 mem_addr=00001f3e mem_we=0000 mem_rd=bccc2333
COMMIT t=1545000 wb_pc=000001e0 wb_we=1 wb_rd=x0 wb_val=bccc2333 IF_pc=000001ec IF_inst=5c771663 ID_pc=000001e8 ID_inst=02200393 EX_pc=000001e4 EX_alu=00001f3e mem_stall=1 mem_commit=0 mem_we=0000 mem_addr=00001f3e mem_wd=00220000 mem_rd=bccc2333
TRACE t=1555000 wb_have=0 pcIF=000001ec instIF=5c771663 pcID=000001e8 instID=02200393 pcEX=000001e4 aluMEM=00001f3e mem_stall=0 mem_waited=1 mem_addr=00001f3e mem_we=0100 mem_rd=bccc2333
MEM_WRITE t=1555000 pc=000001e0 addr=00001f3e wd=00220000 ctrl=1
TRACE t=1565000 wb_have=1 pcIF=000001f0 instIF=00b00193 pcID=000001ec instID=5c771663 pcEX=000001e8 aluMEM=00001f3e mem_stall=1 mem_waited=0 mem_addr=00001f3e mem_we=0000 mem_rd=bc222333
COMMIT t=1565000 wb_pc=000001e0 wb_we=0 wb_rd=x2 wb_val=00001f3e IF_pc=000001f0 IF_inst=00b00193 ID_pc=000001ec ID_inst=5c771663 EX_pc=000001e8 EX_alu=00000022 mem_stall=1 mem_commit=0 mem_we=0000 mem_addr=00001f3e mem_wd=003c0000 mem_rd=bc222333
TRACE t=1575000 wb_have=0 pcIF=000001f0 instIF=00b00193 pcID=000001ec instID=5c771663 pcEX=000001e8 aluMEM=00001f3e mem_stall=0 mem_waited=1 mem_addr=00001f3e mem_we=0000 mem_rd=bc222333
TRACE t=1585000 wb_have=1 pcIF=000001f4 instIF=00002117 pcID=000001f0 instID=00b00193 pcEX=000001ec aluMEM=00000022 mem_stall=0 mem_waited=0 mem_addr=00000022 mem_we=0000 mem_rd=bc222333
COMMIT t=1585000 wb_pc=000001e4 wb_we=1 wb_rd=x14 wb_val=00000022 IF_pc=000001f4 IF_inst=00002117 ID_pc=000001f0 ID_inst=00b00193 EX_pc=000001ec EX_alu=000007b8 mem_stall=0 mem_commit=0 mem_we=0000 mem_addr=00000022 mem_wd=003c0000 mem_rd=bc222333
TRACE t=1595000 wb_have=0 pcIF=000001f8 instIF=d4810113 pcID=000001f4 instID=00002117 pcEX=000001f0 aluMEM=000007b8 mem_stall=0 mem_waited=0 mem_addr=000007b8 mem_we=0000 mem_rd=00000f17
TRACE t=1605000 wb_have=1 pcIF=000001fc instIF=01200093 pcID=000001f8 instID=d4810113 pcEX=000001f4 aluMEM=0000000b mem_stall=0 mem_waited=0 mem_addr=0000000b mem_we=0000 mem_rd=0ff0000f
COMMIT t=1605000 wb_pc=000001ec wb_we=0 wb_rd=x12 wb_val=000007b8 IF_pc=000001fc IF_inst=01200093 ID_pc=000001f8 ID_inst=d4810113 EX_pc=000001f4 EX_alu=000021f4 mem_stall=0 mem_commit=0 mem_we=0000 mem_addr=0000000b mem_wd=00000000 mem_rd=0ff0000f
TRACE t=1615000 wb_have=1 pcIF=00000200 instIF=001101a3 pcID=000001fc instID=01200093 pcEX=000001f8 aluMEM=000021f4 mem_stall=0 mem_waited=0 mem_addr=000021f4 mem_we=0000 mem_rd=00800f93
COMMIT t=1615000 wb_pc=000001f0 wb_we=1 wb_rd=x3 wb_val=0000000b IF_pc=00000200 IF_inst=001101a3 ID_pc=000001fc ID_inst=01200093 EX_pc=000001f8 EX_alu=00001f3c mem_stall=0 mem_commit=0 mem_we=0000 mem_addr=000021f4 mem_wd=00000000 mem_rd=00800f93
TRACE t=1625000 wb_have=1 pcIF=00000204 instIF=00310703 pcID=00000200 instID=001101a3 pcEX=000001fc aluMEM=00001f3c mem_stall=0 mem_waited=0 mem_addr=00001f3c mem_we=0000 mem_rd=00000000
COMMIT t=1625000 wb_pc=000001f4 wb_we=1 wb_rd=x2 wb_val=000021f4 IF_pc=00000204 IF_inst=00310703 ID_pc=00000200 ID_inst=001101a3 EX_pc=000001fc EX_alu=00000012 mem_stall=0 mem_commit=0 mem_we=0000 mem_addr=00001f3c mem_wd=00000000 mem_rd=00000000
TRACE t=1635000 wb_have=1 pcIF=00000204 instIF=00310703 pcID=00000200 instID=001101a3 pcEX=00000200 aluMEM=00000012 mem_stall=0 mem_waited=0 mem_addr=00000012 mem_we=0000 mem_rd=bc222333
COMMIT t=1635000 wb_pc=000001f8 wb_we=1 wb_rd=x2 wb_val=00001f3c IF_pc=00000204 IF_inst=00310703 ID_pc=00000200 ID_inst=001101a3 EX_pc=00000200 EX_alu=00001f3f mem_stall=0 mem_commit=0 mem_we=0000 mem_addr=00000012 mem_wd=00000000 mem_rd=bc222333
TRACE t=1645000 wb_have=1 pcIF=00000208 instIF=01200393 pcID=00000204 instID=00310703 pcEX=00000200 aluMEM=00001f3f mem_stall=1 mem_waited=0 mem_addr=00001f3f mem_we=0000 mem_rd=00900f93
COMMIT t=1645000 wb_pc=000001fc wb_we=1 wb_rd=x1 wb_val=00000012 IF_pc=00000208 IF_inst=01200393 ID_pc=00000204 ID_inst=00310703 EX_pc=00000200 EX_alu=00001f3f mem_stall=1 mem_commit=0 mem_we=0000 mem_addr=00001f3f mem_wd=00000022 mem_rd=00900f93
TRACE t=1655000 wb_have=0 pcIF=00000208 instIF=01200393 pcID=00000204 instID=00310703 pcEX=00000200 aluMEM=00001f3f mem_stall=0 mem_waited=1 mem_addr=00001f3f mem_we=0000 mem_rd=bc222333
TRACE t=1665000 wb_have=1 pcIF=0000020c instIF=5a771663 pcID=00000208 instID=01200393 pcEX=00000204 aluMEM=00001f3f mem_stall=1 mem_waited=0 mem_addr=00001f3f mem_we=0000 mem_rd=bc222333
COMMIT t=1665000 wb_pc=00000200 wb_we=1 wb_rd=x0 wb_val=bc222333 IF_pc=0000020c IF_inst=5a771663 ID_pc=00000208 ID_inst=01200393 EX_pc=00000204 EX_alu=00001f3f mem_stall=1 mem_commit=0 mem_we=0000 mem_addr=00001f3f mem_wd=12000000 mem_rd=bc222333
TRACE t=1675000 wb_have=0 pcIF=0000020c instIF=5a771663 pcID=00000208 instID=01200393 pcEX=00000204 aluMEM=00001f3f mem_stall=0 mem_waited=1 mem_addr=00001f3f mem_we=1000 mem_rd=bc222333
MEM_WRITE t=1675000 pc=00000200 addr=00001f3f wd=12000000 ctrl=1
TRACE t=1685000 wb_have=1 pcIF=00000210 instIF=00c00193 pcID=0000020c instID=5a771663 pcEX=00000208 aluMEM=00001f3f mem_stall=1 mem_waited=0 mem_addr=00001f3f mem_we=0000 mem_rd=12222333
COMMIT t=1685000 wb_pc=00000200 wb_we=0 wb_rd=x3 wb_val=00001f3f IF_pc=00000210 IF_inst=00c00193 ID_pc=0000020c ID_inst=5a771663 EX_pc=00000208 EX_alu=00000012 mem_stall=1 mem_commit=0 mem_we=0000 mem_addr=00001f3f mem_wd=0b000000 mem_rd=12222333
TRACE t=1695000 wb_have=0 pcIF=00000210 instIF=00c00193 pcID=0000020c instID=5a771663 pcEX=00000208 aluMEM=00001f3f mem_stall=0 mem_waited=1 mem_addr=00001f3f mem_we=0000 mem_rd=12222333
TRACE t=1705000 wb_have=1 pcIF=00000214 instIF=00002117 pcID=00000210 instID=00c00193 pcEX=0000020c aluMEM=00000012 mem_stall=0 mem_waited=0 mem_addr=00000012 mem_we=0000 mem_rd=12222333
COMMIT t=1705000 wb_pc=00000204 wb_we=1 wb_rd=x14 wb_val=00000012 IF_pc=00000214 IF_inst=00002117 ID_pc=00000210 ID_inst=00c00193 EX_pc=0000020c EX_alu=000007b8 mem_stall=0 mem_commit=0 mem_we=0000 mem_addr=00000012 mem_wd=00000000 mem_rd=12222333
TRACE t=1715000 wb_have=0 pcIF=00000218 instIF=d2810113 pcID=00000214 instID=00002117 pcEX=00000210 aluMEM=000007b8 mem_stall=0 mem_waited=0 mem_addr=000007b8 mem_we=0000 mem_rd=00900f93
TRACE t=1725000 wb_have=1 pcIF=0000021c instIF=01100093 pcID=00000218 instID=d2810113 pcEX=00000214 aluMEM=0000000c mem_stall=0 mem_waited=0 mem_addr=0000000c mem_we=0000 mem_rd=0ff0000f
COMMIT t=1725000 wb_pc=0000020c wb_we=0 wb_rd=x12 wb_val=000007b8 IF_pc=0000021c IF_inst=01100093 ID_pc=00000218 ID_inst=d2810113 EX_pc=00000214 EX_alu=00002214 mem_stall=0 mem_commit=0 mem_we=0000 mem_addr=0000000c mem_wd=00000000 mem_rd=0ff0000f
TRACE t=1735000 wb_have=1 pcIF=00000220 instIF=00110223 pcID=0000021c instID=01100093 pcEX=00000218 aluMEM=00002214 mem_stall=0 mem_waited=0 mem_addr=00002214 mem_we=0000 mem_rd=03ff0a63
COMMIT t=1735000 wb_pc=00000210 wb_we=1 wb_rd=x3 wb_val=0000000c IF_pc=00000220 IF_inst=00110223 ID_pc=0000021c ID_inst=01100093 EX_pc=00000218 EX_alu=00001f3c mem_stall=0 mem_commit=0 mem_we=0000 mem_addr=00002214 mem_wd=00000000 mem_rd=03ff0a63
TRACE t=1745000 wb_have=1 pcIF=00000224 instIF=00410703 pcID=00000220 instID=00110223 pcEX=0000021c aluMEM=00001f3c mem_stall=0 mem_waited=0 mem_addr=00001f3c mem_we=0000 mem_rd=00000000
COMMIT t=1745000 wb_pc=00000214 wb_we=1 wb_rd=x2 wb_val=00002214 IF_pc=00000224 IF_inst=00410703 ID_pc=00000220 ID_inst=00110223 EX_pc=0000021c EX_alu=00000011 mem_stall=0 mem_commit=0 mem_we=0000 mem_addr=00001f3c mem_wd=00000000 mem_rd=00000000
TRACE t=1755000 wb_have=1 pcIF=00000224 instIF=00410703 pcID=00000220 instID=00110223 pcEX=00000220 aluMEM=00000011 mem_stall=0 mem_waited=0 mem_addr=00000011 mem_we=0000 mem_rd=12222333
COMMIT t=1755000 wb_pc=00000218 wb_we=1 wb_rd=x2 wb_val=00001f3c IF_pc=00000224 IF_inst=00410703 ID_pc=00000220 ID_inst=00110223 EX_pc=00000220 EX_alu=00001f40 mem_stall=0 mem_commit=0 mem_we=0000 mem_addr=00000011 mem_wd=00000000 mem_rd=12222333
TRACE t=1765000 wb_have=1 pcIF=00000228 instIF=01100393 pcID=00000224 instID=00410703 pcEX=00000220 aluMEM=00001f40 mem_stall=1 mem_waited=0 mem_addr=00001f40 mem_we=0000 mem_rd=00900f93
COMMIT t=1765000 wb_pc=0000021c wb_we=1 wb_rd=x1 wb_val=00000011 IF_pc=00000228 IF_inst=01100393 ID_pc=00000224 ID_inst=00410703 EX_pc=00000220 EX_alu=00001f40 mem_stall=1 mem_commit=0 mem_we=0000 mem_addr=00001f40 mem_wd=00000012 mem_rd=00900f93
TRACE t=1775000 wb_have=0 pcIF=00000228 instIF=01100393 pcID=00000224 instID=00410703 pcEX=00000220 aluMEM=00001f40 mem_stall=0 mem_waited=1 mem_addr=00001f40 mem_we=0000 mem_rd=deadabbb
TRACE t=1785000 wb_have=1 pcIF=0000022c instIF=58771663 pcID=00000228 instID=01100393 pcEX=00000224 aluMEM=00001f40 mem_stall=1 mem_waited=0 mem_addr=00001f40 mem_we=0000 mem_rd=deadabbb
COMMIT t=1785000 wb_pc=00000220 wb_we=1 wb_rd=x0 wb_val=deadabbb IF_pc=0000022c IF_inst=58771663 ID_pc=00000228 ID_inst=01100393 EX_pc=00000224 EX_alu=00001f40 mem_stall=1 mem_commit=0 mem_we=0000 mem_addr=00001f40 mem_wd=00000011 mem_rd=deadabbb
TRACE t=1795000 wb_have=0 pcIF=0000022c instIF=58771663 pcID=00000228 instID=01100393 pcEX=00000224 aluMEM=00001f40 mem_stall=0 mem_waited=1 mem_addr=00001f40 mem_we=0001 mem_rd=deadabbb
MEM_WRITE t=1795000 pc=00000220 addr=00001f40 wd=00000011 ctrl=1
TRACE t=1805000 wb_have=1 pcIF=00000230 instIF=00d00193 pcID=0000022c instID=58771663 pcEX=00000228 aluMEM=00001f40 mem_stall=1 mem_waited=0 mem_addr=00001f40 mem_we=0000 mem_rd=deadab11
COMMIT t=1805000 wb_pc=00000220 wb_we=0 wb_rd=x4 wb_val=00001f40 IF_pc=00000230 IF_inst=00d00193 ID_pc=0000022c ID_inst=58771663 EX_pc=00000228 EX_alu=00000011 mem_stall=1 mem_commit=0 mem_we=0000 mem_addr=00001f40 mem_wd=00000000 mem_rd=deadab11
TRACE t=1815000 wb_have=0 pcIF=00000230 instIF=00d00193 pcID=0000022c instID=58771663 pcEX=00000228 aluMEM=00001f40 mem_stall=0 mem_waited=1 mem_addr=00001f40 mem_we=0000 mem_rd=deadab11
TRACE t=1825000 wb_have=1 pcIF=00000234 instIF=00002117 pcID=00000230 instID=00d00193 pcEX=0000022c aluMEM=00000011 mem_stall=0 mem_waited=0 mem_addr=00000011 mem_we=0000 mem_rd=deadab11
COMMIT t=1825000 wb_pc=00000224 wb_we=1 wb_rd=x14 wb_val=00000011 IF_pc=00000234 IF_inst=00002117 ID_pc=00000230 ID_inst=00d00193 EX_pc=0000022c EX_alu=000007b8 mem_stall=0 mem_commit=0 mem_we=0000 mem_addr=00000011 mem_wd=00000000 mem_rd=deadab11
TRACE t=1835000 wb_have=0 pcIF=00000238 instIF=d0810113 pcID=00000234 instID=00002117 pcEX=00000230 aluMEM=000007b8 mem_stall=0 mem_waited=0 mem_addr=000007b8 mem_we=0000 mem_rd=00900f93
TRACE t=1845000 wb_have=1 pcIF=0000023c instIF=00100093 pcID=00000238 instID=d0810113 pcEX=00000234 aluMEM=0000000d mem_stall=0 mem_waited=0 mem_addr=0000000d mem_we=0000 mem_rd=0ff0000f
COMMIT t=1845000 wb_pc=0000022c wb_we=0 wb_rd=x12 wb_val=000007b8 IF_pc=0000023c IF_inst=00100093 ID_pc=00000238 ID_inst=d0810113 EX_pc=00000234 EX_alu=00002234 mem_stall=0 mem_commit=0 mem_we=0000 mem_addr=0000000d mem_wd=00000000 mem_rd=0ff0000f
TRACE t=1855000 wb_have=1 pcIF=00000240 instIF=001102a3 pcID=0000023c instID=00100093 pcEX=00000238 aluMEM=00002234 mem_stall=0 mem_waited=0 mem_addr=00002234 mem_we=0000 mem_rd=03ff0a63
COMMIT t=1855000 wb_pc=00000230 wb_we=1 wb_rd=x3 wb_val=0000000d IF_pc=00000240 IF_inst=001102a3 ID_pc=0000023c ID_inst=00100093 EX_pc=00000238 EX_alu=00001f3c mem_stall=0 mem_commit=0 mem_we=0000 mem_addr=00002234 mem_wd=00000000 mem_rd=03ff0a63
TRACE t=1865000 wb_have=1 pcIF=00000244 instIF=00510703 pcID=00000240 instID=001102a3 pcEX=0000023c aluMEM=00001f3c mem_stall=0 mem_waited=0 mem_addr=00001f3c mem_we=0000 mem_rd=00000000
COMMIT t=1865000 wb_pc=00000234 wb_we=1 wb_rd=x2 wb_val=00002234 IF_pc=00000244 IF_inst=00510703 ID_pc=00000240 ID_inst=001102a3 EX_pc=0000023c EX_alu=00000001 mem_stall=0 mem_commit=0 mem_we=0000 mem_addr=00001f3c mem_wd=00000000 mem_rd=00000000
TRACE t=1875000 wb_have=1 pcIF=00000244 instIF=00510703 pcID=00000240 instID=001102a3 pcEX=00000240 aluMEM=00000001 mem_stall=0 mem_waited=0 mem_addr=00000001 mem_we=0000 mem_rd=12222333
COMMIT t=1875000 wb_pc=00000238 wb_we=1 wb_rd=x2 wb_val=00001f3c IF_pc=00000244 IF_inst=00510703 ID_pc=00000240 ID_inst=001102a3 EX_pc=00000240 EX_alu=00001f41 mem_stall=0 mem_commit=0 mem_we=0000 mem_addr=00000001 mem_wd=00001100 mem_rd=12222333
TRACE t=1885000 wb_have=1 pcIF=00000248 instIF=00100393 pcID=00000244 instID=00510703 pcEX=00000240 aluMEM=00001f41 mem_stall=1 mem_waited=0 mem_addr=00001f41 mem_we=0000 mem_rd=0540006f
COMMIT t=1885000 wb_pc=0000023c wb_we=1 wb_rd=x1 wb_val=00000001 IF_pc=00000248 IF_inst=00100393 ID_pc=00000244 ID_inst=00510703 EX_pc=00000240 EX_alu=00001f41 mem_stall=1 mem_commit=0 mem_we=0000 mem_addr=00001f41 mem_wd=00000011 mem_rd=0540006f
TRACE t=1895000 wb_have=0 pcIF=00000248 instIF=00100393 pcID=00000244 instID=00510703 pcEX=00000240 aluMEM=00001f41 mem_stall=0 mem_waited=1 mem_addr=00001f41 mem_we=0000 mem_rd=deadab11
TRACE t=1905000 wb_have=1 pcIF=0000024c instIF=56771663 pcID=00000248 instID=00100393 pcEX=00000244 aluMEM=00001f41 mem_stall=1 mem_waited=0 mem_addr=00001f41 mem_we=0000 mem_rd=deadab11
COMMIT t=1905000 wb_pc=00000240 wb_we=1 wb_rd=x0 wb_val=deadab11 IF_pc=0000024c IF_inst=56771663 ID_pc=00000248 ID_inst=00100393 EX_pc=00000244 EX_alu=00001f41 mem_stall=1 mem_commit=0 mem_we=0000 mem_addr=00001f41 mem_wd=00000100 mem_rd=deadab11
TRACE t=1915000 wb_have=0 pcIF=0000024c instIF=56771663 pcID=00000248 instID=00100393 pcEX=00000244 aluMEM=00001f41 mem_stall=0 mem_waited=1 mem_addr=00001f41 mem_we=0010 mem_rd=deadab11
MEM_WRITE t=1915000 pc=00000240 addr=00001f41 wd=00000100 ctrl=1
TRACE t=1925000 wb_have=1 pcIF=00000250 instIF=00e00193 pcID=0000024c instID=56771663 pcEX=00000248 aluMEM=00001f41 mem_stall=1 mem_waited=0 mem_addr=00001f41 mem_we=0000 mem_rd=dead0111
COMMIT t=1925000 wb_pc=00000240 wb_we=0 wb_rd=x5 wb_val=00001f41 IF_pc=00000250 IF_inst=00e00193 ID_pc=0000024c ID_inst=56771663 EX_pc=00000248 EX_alu=00000001 mem_stall=1 mem_commit=0 mem_we=0000 mem_addr=00001f41 mem_wd=00000000 mem_rd=dead0111
TRACE t=1935000 wb_have=0 pcIF=00000250 instIF=00e00193 pcID=0000024c instID=56771663 pcEX=00000248 aluMEM=00001f41 mem_stall=0 mem_waited=1 mem_addr=00001f41 mem_we=0000 mem_rd=dead0111
TRACE t=1945000 wb_have=1 pcIF=00000254 instIF=00002117 pcID=00000250 instID=00e00193 pcEX=0000024c aluMEM=00000001 mem_stall=0 mem_waited=0 mem_addr=00000001 mem_we=0000 mem_rd=dead0111
COMMIT t=1945000 wb_pc=00000244 wb_we=1 wb_rd=x14 wb_val=00000001 IF_pc=00000254 IF_inst=00002117 ID_pc=00000250 ID_inst=00e00193 EX_pc=0000024c EX_alu=000007b8 mem_stall=0 mem_commit=0 mem_we=0000 mem_addr=00000001 mem_wd=00000100 mem_rd=dead0111
TRACE t=1955000 wb_have=0 pcIF=00000258 instIF=ce810113 pcID=00000254 instID=00002117 pcEX=00000250 aluMEM=000007b8 mem_stall=0 mem_waited=0 mem_addr=000007b8 mem_we=0000 mem_rd=0540006f
TRACE t=1965000 wb_have=1 pcIF=0000025c instIF=03300093 pcID=00000258 instID=ce810113 pcEX=00000254 aluMEM=0000000e mem_stall=0 mem_waited=0 mem_addr=0000000e mem_we=0000 mem_rd=0ff0000f
COMMIT t=1965000 wb_pc=0000024c wb_we=0 wb_rd=x12 wb_val=000007b8 IF_pc=0000025c IF_inst=03300093 ID_pc=00000258 ID_inst=ce810113 EX_pc=00000254 EX_alu=00002254 mem_stall=0 mem_commit=0 mem_we=0000 mem_addr=0000000e mem_wd=00010000 mem_rd=0ff0000f
TRACE t=1975000 wb_have=1 pcIF=00000260 instIF=00110023 pcID=0000025c instID=03300093 pcEX=00000258 aluMEM=00002254 mem_stall=0 mem_waited=0 mem_addr=00002254 mem_we=0000 mem_rd=03ff0a63
COMMIT t=1975000 wb_pc=00000250 wb_we=1 wb_rd=x3 wb_val=0000000e IF_pc=00000260 IF_inst=00110023 ID_pc=0000025c ID_inst=03300093 EX_pc=00000258 EX_alu=00001f3c mem_stall=0 mem_commit=0 mem_we=0000 mem_addr=00002254 mem_wd=00000000 mem_rd=03ff0a63
TRACE t=1985000 wb_have=1 pcIF=00000264 instIF=00014703 pcID=00000260 instID=00110023 pcEX=0000025c aluMEM=00001f3c mem_stall=0 mem_waited=0 mem_addr=00001f3c mem_we=0000 mem_rd=00000000
COMMIT t=1985000 wb_pc=00000254 wb_we=1 wb_rd=x2 wb_val=00002254 IF_pc=00000264 IF_inst=00014703 ID_pc=00000260 ID_inst=00110023 EX_pc=0000025c EX_alu=00000033 mem_stall=0 mem_commit=0 mem_we=0000 mem_addr=00001f3c mem_wd=00000000 mem_rd=00000000
TRACE t=1995000 wb_have=1 pcIF=00000264 instIF=00014703 pcID=00000260 instID=00110023 pcEX=00000260 aluMEM=00000033 mem_stall=0 mem_waited=0 mem_addr=00000033 mem_we=0000 mem_rd=12222333
COMMIT t=1995000 wb_pc=00000258 wb_we=1 wb_rd=x2 wb_val=00001f3c IF_pc=00000264 IF_inst=00014703 ID_pc=00000260 ID_inst=00110023 EX_pc=00000260 EX_alu=00001f3c mem_stall=0 mem_commit=0 mem_we=0000 mem_addr=00000033 mem_wd=00000000 mem_rd=12222333
COMMIT t=2005000 wb_pc=0000025c wb_we=1 wb_rd=x1 wb_val=00000033 IF_pc=00000268 IF_inst=03300393 ID_pc=00000264 ID_inst=00014703 EX_pc=00000260 EX_alu=00001f3c mem_stall=1 mem_commit=0 mem_we=0000 mem_addr=00001f3c mem_wd=00000001 mem_rd=34202f73
COMMIT t=2025000 wb_pc=00000260 wb_we=1 wb_rd=x0 wb_val=12222333 IF_pc=0000026c IF_inst=54771663 ID_pc=00000268 ID_inst=03300393 EX_pc=00000264 EX_alu=00001f3c mem_stall=1 mem_commit=0 mem_we=0000 mem_addr=00001f3c mem_wd=00000033 mem_rd=12222333
MEM_WRITE t=2035000 pc=00000260 addr=00001f3c wd=00000033 ctrl=1
COMMIT t=2045000 wb_pc=00000260 wb_we=0 wb_rd=x0 wb_val=00001f3c IF_pc=00000270 IF_inst=00f00193 ID_pc=0000026c ID_inst=54771663 EX_pc=00000268 EX_alu=00000033 mem_stall=1 mem_commit=0 mem_we=0000 mem_addr=00001f3c mem_wd=00000000 mem_rd=12222333
COMMIT t=2065000 wb_pc=00000264 wb_we=1 wb_rd=x14 wb_val=00000033 IF_pc=00000274 IF_inst=00002117 ID_pc=00000270 ID_inst=00f00193 EX_pc=0000026c EX_alu=000007b8 mem_stall=0 mem_commit=0 mem_we=0000 mem_addr=00000033 mem_wd=00000000 mem_rd=12222333
COMMIT t=2085000 wb_pc=0000026c wb_we=0 wb_rd=x12 wb_val=000007b8 IF_pc=0000027c IF_inst=02300093 ID_pc=00000278 ID_inst=cc810113 EX_pc=00000274 EX_alu=00002274 mem_stall=0 mem_commit=0 mem_we=0000 mem_addr=0000000f mem_wd=00000000 mem_rd=0ff0000f
COMMIT t=2095000 wb_pc=00000270 wb_we=1 wb_rd=x3 wb_val=0000000f IF_pc=00000280 IF_inst=001100a3 ID_pc=0000027c ID_inst=02300093 EX_pc=00000278 EX_alu=00001f3c mem_stall=0 mem_commit=0 mem_we=0000 mem_addr=00002274 mem_wd=00000000 mem_rd=03ff0a63
COMMIT t=2105000 wb_pc=00000274 wb_we=1 wb_rd=x2 wb_val=00002274 IF_pc=00000284 IF_inst=00114703 ID_pc=00000280 ID_inst=001100a3 EX_pc=0000027c EX_alu=00000023 mem_stall=0 mem_commit=0 mem_we=0000 mem_addr=00001f3c mem_wd=00000000 mem_rd=00000000
COMMIT t=2115000 wb_pc=00000278 wb_we=1 wb_rd=x2 wb_val=00001f3c IF_pc=00000284 IF_inst=00114703 ID_pc=00000280 ID_inst=001100a3 EX_pc=00000280 EX_alu=00001f3d mem_stall=0 mem_commit=0 mem_we=0000 mem_addr=00000023 mem_wd=0f000000 mem_rd=12222333
COMMIT t=2125000 wb_pc=0000027c wb_we=1 wb_rd=x1 wb_val=00000023 IF_pc=00000288 IF_inst=02300393 ID_pc=00000284 ID_inst=00114703 EX_pc=00000280 EX_alu=00001f3d mem_stall=1 mem_commit=0 mem_we=0000 mem_addr=00001f3d mem_wd=00000023 mem_rd=00000f17
COMMIT t=2145000 wb_pc=00000280 wb_we=1 wb_rd=x0 wb_val=12222333 IF_pc=0000028c IF_inst=52771663 ID_pc=00000288 ID_inst=02300393 EX_pc=00000284 EX_alu=00001f3d mem_stall=1 mem_commit=0 mem_we=0000 mem_addr=00001f3d mem_wd=00002300 mem_rd=12222333
MEM_WRITE t=2155000 pc=00000280 addr=00001f3d wd=00002300 ctrl=1
COMMIT t=2165000 wb_pc=00000280 wb_we=0 wb_rd=x1 wb_val=00001f3d IF_pc=00000290 IF_inst=01000193 ID_pc=0000028c ID_inst=52771663 EX_pc=00000288 EX_alu=00000023 mem_stall=1 mem_commit=0 mem_we=0000 mem_addr=00001f3d mem_wd=00002300 mem_rd=12222333
COMMIT t=2185000 wb_pc=00000284 wb_we=1 wb_rd=x14 wb_val=00000023 IF_pc=00000294 IF_inst=00002117 ID_pc=00000290 ID_inst=01000193 EX_pc=0000028c EX_alu=000007b8 mem_stall=0 mem_commit=0 mem_we=0000 mem_addr=00000023 mem_wd=0f000000 mem_rd=12222333
COMMIT t=2205000 wb_pc=0000028c wb_we=0 wb_rd=x12 wb_val=000007b8 IF_pc=0000029c IF_inst=02200093 ID_pc=00000298 ID_inst=ca810113 EX_pc=00000294 EX_alu=00002294 mem_stall=0 mem_commit=0 mem_we=0000 mem_addr=00000010 mem_wd=00000000 mem_rd=0ff0000f
COMMIT t=2215000 wb_pc=00000290 wb_we=1 wb_rd=x3 wb_val=00000010 IF_pc=000002a0 IF_inst=00110123 ID_pc=0000029c ID_inst=02200093 EX_pc=00000298 EX_alu=00001f3c mem_stall=0 mem_commit=0 mem_we=0000 mem_addr=00002294 mem_wd=00000000 mem_rd=00900f93
COMMIT t=2225000 wb_pc=00000294 wb_we=1 wb_rd=x2 wb_val=00002294 IF_pc=000002a4 IF_inst=00214703 ID_pc=000002a0 ID_inst=00110123 EX_pc=0000029c EX_alu=00000022 mem_stall=0 mem_commit=0 mem_we=0000 mem_addr=00001f3c mem_wd=00000000 mem_rd=00000000
COMMIT t=2235000 wb_pc=00000298 wb_we=1 wb_rd=x2 wb_val=00001f3c IF_pc=000002a4 IF_inst=00214703 ID_pc=000002a0 ID_inst=00110123 EX_pc=000002a0 EX_alu=00001f3e mem_stall=0 mem_commit=0 mem_we=0000 mem_addr=00000022 mem_wd=003c0000 mem_rd=12222333
COMMIT t=2245000 wb_pc=0000029c wb_we=1 wb_rd=x1 wb_val=00000022 IF_pc=000002a8 IF_inst=02200393 ID_pc=000002a4 ID_inst=00214703 EX_pc=000002a0 EX_alu=00001f3e mem_stall=1 mem_commit=0 mem_we=0000 mem_addr=00001f3e mem_wd=00001f3c mem_rd=00000f17
COMMIT t=2265000 wb_pc=000002a0 wb_we=1 wb_rd=x0 wb_val=12222333 IF_pc=000002ac IF_inst=50771663 ID_pc=000002a8 ID_inst=02200393 EX_pc=000002a4 EX_alu=00001f3e mem_stall=1 mem_commit=0 mem_we=0000 mem_addr=00001f3e mem_wd=00220000 mem_rd=12222333
MEM_WRITE t=2275000 pc=000002a0 addr=00001f3e wd=00220000 ctrl=1
COMMIT t=2285000 wb_pc=000002a0 wb_we=0 wb_rd=x2 wb_val=00001f3e IF_pc=000002b0 IF_inst=01100193 ID_pc=000002ac ID_inst=50771663 EX_pc=000002a8 EX_alu=00000022 mem_stall=1 mem_commit=0 mem_we=0000 mem_addr=00001f3e mem_wd=003c0000 mem_rd=12222333
COMMIT t=2305000 wb_pc=000002a4 wb_we=1 wb_rd=x14 wb_val=00000022 IF_pc=000002b4 IF_inst=00002117 ID_pc=000002b0 ID_inst=01100193 EX_pc=000002ac EX_alu=000007b8 mem_stall=0 mem_commit=0 mem_we=0000 mem_addr=00000022 mem_wd=003c0000 mem_rd=12222333
COMMIT t=2325000 wb_pc=000002ac wb_we=0 wb_rd=x12 wb_val=000007b8 IF_pc=000002bc IF_inst=01200093 ID_pc=000002b8 ID_inst=c8810113 EX_pc=000002b4 EX_alu=000022b4 mem_stall=0 mem_commit=0 mem_we=0000 mem_addr=00000011 mem_wd=00000000 mem_rd=0ff0000f
COMMIT t=2335000 wb_pc=000002b0 wb_we=1 wb_rd=x3 wb_val=00000011 IF_pc=000002c0 IF_inst=001101a3 ID_pc=000002bc ID_inst=01200093 EX_pc=000002b8 EX_alu=00001f3c mem_stall=0 mem_commit=0 mem_we=0000 mem_addr=000022b4 mem_wd=00000000 mem_rd=00900f93
COMMIT t=2345000 wb_pc=000002b4 wb_we=1 wb_rd=x2 wb_val=000022b4 IF_pc=000002c4 IF_inst=00314703 ID_pc=000002c0 ID_inst=001101a3 EX_pc=000002bc EX_alu=00000012 mem_stall=0 mem_commit=0 mem_we=0000 mem_addr=00001f3c mem_wd=00000000 mem_rd=00000000
COMMIT t=2355000 wb_pc=000002b8 wb_we=1 wb_rd=x2 wb_val=00001f3c IF_pc=000002c4 IF_inst=00314703 ID_pc=000002c0 ID_inst=001101a3 EX_pc=000002c0 EX_alu=00001f3f mem_stall=0 mem_commit=0 mem_we=0000 mem_addr=00000012 mem_wd=00000000 mem_rd=12222333
COMMIT t=2365000 wb_pc=000002bc wb_we=1 wb_rd=x1 wb_val=00000012 IF_pc=000002c8 IF_inst=01200393 ID_pc=000002c4 ID_inst=00314703 EX_pc=000002c0 EX_alu=00001f3f mem_stall=1 mem_commit=0 mem_we=0000 mem_addr=00001f3f mem_wd=00000022 mem_rd=00900f93
COMMIT t=2385000 wb_pc=000002c0 wb_we=1 wb_rd=x0 wb_val=12222333 IF_pc=000002cc IF_inst=4e771663 ID_pc=000002c8 ID_inst=01200393 EX_pc=000002c4 EX_alu=00001f3f mem_stall=1 mem_commit=0 mem_we=0000 mem_addr=00001f3f mem_wd=12000000 mem_rd=12222333
MEM_WRITE t=2395000 pc=000002c0 addr=00001f3f wd=12000000 ctrl=1
COMMIT t=2405000 wb_pc=000002c0 wb_we=0 wb_rd=x3 wb_val=00001f3f IF_pc=000002d0 IF_inst=01200193 ID_pc=000002cc ID_inst=4e771663 EX_pc=000002c8 EX_alu=00000012 mem_stall=1 mem_commit=0 mem_we=0000 mem_addr=00001f3f mem_wd=11000000 mem_rd=12222333
COMMIT t=2425000 wb_pc=000002c4 wb_we=1 wb_rd=x14 wb_val=00000012 IF_pc=000002d4 IF_inst=00002117 ID_pc=000002d0 ID_inst=01200193 EX_pc=000002cc EX_alu=000007b8 mem_stall=0 mem_commit=0 mem_we=0000 mem_addr=00000012 mem_wd=00000000 mem_rd=12222333
COMMIT t=2445000 wb_pc=000002cc wb_we=0 wb_rd=x12 wb_val=000007b8 IF_pc=000002dc IF_inst=01100093 ID_pc=000002d8 ID_inst=c6810113 EX_pc=000002d4 EX_alu=000022d4 mem_stall=0 mem_commit=0 mem_we=0000 mem_addr=00000012 mem_wd=00000000 mem_rd=0ff0000f
COMMIT t=2455000 wb_pc=000002d0 wb_we=1 wb_rd=x3 wb_val=00000012 IF_pc=000002e0 IF_inst=00110223 ID_pc=000002dc ID_inst=01100093 EX_pc=000002d8 EX_alu=00001f3c mem_stall=0 mem_commit=0 mem_we=0000 mem_addr=000022d4 mem_wd=00000000 mem_rd=00900f93
COMMIT t=2465000 wb_pc=000002d4 wb_we=1 wb_rd=x2 wb_val=000022d4 IF_pc=000002e4 IF_inst=00414703 ID_pc=000002e0 ID_inst=00110223 EX_pc=000002dc EX_alu=00000011 mem_stall=0 mem_commit=0 mem_we=0000 mem_addr=00001f3c mem_wd=00000000 mem_rd=00000000
COMMIT t=2475000 wb_pc=000002d8 wb_we=1 wb_rd=x2 wb_val=00001f3c IF_pc=000002e4 IF_inst=00414703 ID_pc=000002e0 ID_inst=00110223 EX_pc=000002e0 EX_alu=00001f40 mem_stall=0 mem_commit=0 mem_we=0000 mem_addr=00000011 mem_wd=00000000 mem_rd=12222333
COMMIT t=2485000 wb_pc=000002dc wb_we=1 wb_rd=x1 wb_val=00000011 IF_pc=000002e8 IF_inst=01100393 ID_pc=000002e4 ID_inst=00414703 EX_pc=000002e0 EX_alu=00001f40 mem_stall=1 mem_commit=0 mem_we=0000 mem_addr=00001f40 mem_wd=00000012 mem_rd=00900f93
COMMIT t=2505000 wb_pc=000002e0 wb_we=1 wb_rd=x0 wb_val=dead0111 IF_pc=000002ec IF_inst=4c771663 ID_pc=000002e8 ID_inst=01100393 EX_pc=000002e4 EX_alu=00001f40 mem_stall=1 mem_commit=0 mem_we=0000 mem_addr=00001f40 mem_wd=00000011 mem_rd=dead0111
MEM_WRITE t=2515000 pc=000002e0 addr=00001f40 wd=00000011 ctrl=1
COMMIT t=2525000 wb_pc=000002e0 wb_we=0 wb_rd=x4 wb_val=00001f40 IF_pc=000002f0 IF_inst=01300193 ID_pc=000002ec ID_inst=4c771663 EX_pc=000002e8 EX_alu=00000011 mem_stall=1 mem_commit=0 mem_we=0000 mem_addr=00001f40 mem_wd=00000000 mem_rd=dead0111
COMMIT t=2545000 wb_pc=000002e4 wb_we=1 wb_rd=x14 wb_val=00000011 IF_pc=000002f4 IF_inst=00002117 ID_pc=000002f0 ID_inst=01300193 EX_pc=000002ec EX_alu=000007b8 mem_stall=0 mem_commit=0 mem_we=0000 mem_addr=00000011 mem_wd=00000000 mem_rd=dead0111
COMMIT t=2565000 wb_pc=000002ec wb_we=0 wb_rd=x12 wb_val=000007b8 IF_pc=000002fc IF_inst=00100093 ID_pc=000002f8 ID_inst=c4810113 EX_pc=000002f4 EX_alu=000022f4 mem_stall=0 mem_commit=0 mem_we=0000 mem_addr=00000013 mem_wd=00000000 mem_rd=0ff0000f
COMMIT t=2575000 wb_pc=000002f0 wb_we=1 wb_rd=x3 wb_val=00000013 IF_pc=00000300 IF_inst=001102a3 ID_pc=000002fc ID_inst=00100093 EX_pc=000002f8 EX_alu=00001f3c mem_stall=0 mem_commit=0 mem_we=0000 mem_addr=000022f4 mem_wd=00000000 mem_rd=00900f93
COMMIT t=2585000 wb_pc=000002f4 wb_we=1 wb_rd=x2 wb_val=000022f4 IF_pc=00000304 IF_inst=00514703 ID_pc=00000300 ID_inst=001102a3 EX_pc=000002fc EX_alu=00000001 mem_stall=0 mem_commit=0 mem_we=0000 mem_addr=00001f3c mem_wd=00000000 mem_rd=00000000
COMMIT t=2595000 wb_pc=000002f8 wb_we=1 wb_rd=x2 wb_val=00001f3c IF_pc=00000304 IF_inst=00514703 ID_pc=00000300 ID_inst=001102a3 EX_pc=00000300 EX_alu=00001f41 mem_stall=0 mem_commit=0 mem_we=0000 mem_addr=00000001 mem_wd=00001100 mem_rd=12222333
COMMIT t=2605000 wb_pc=000002fc wb_we=1 wb_rd=x1 wb_val=00000001 IF_pc=00000308 IF_inst=00100393 ID_pc=00000304 ID_inst=00514703 EX_pc=00000300 EX_alu=00001f41 mem_stall=1 mem_commit=0 mem_we=0000 mem_addr=00001f41 mem_wd=00000011 mem_rd=0540006f
COMMIT t=2625000 wb_pc=00000300 wb_we=1 wb_rd=x0 wb_val=dead0111 IF_pc=0000030c IF_inst=4a771663 ID_pc=00000308 ID_inst=00100393 EX_pc=00000304 EX_alu=00001f41 mem_stall=1 mem_commit=0 mem_we=0000 mem_addr=00001f41 mem_wd=00000100 mem_rd=dead0111
MEM_WRITE t=2635000 pc=00000300 addr=00001f41 wd=00000100 ctrl=1
COMMIT t=2645000 wb_pc=00000300 wb_we=0 wb_rd=x5 wb_val=00001f41 IF_pc=00000310 IF_inst=01400193 ID_pc=0000030c ID_inst=4a771663 EX_pc=00000308 EX_alu=00000001 mem_stall=1 mem_commit=0 mem_we=0000 mem_addr=00001f41 mem_wd=00000000 mem_rd=dead0111
COMMIT t=2665000 wb_pc=00000304 wb_we=1 wb_rd=x14 wb_val=00000001 IF_pc=00000314 IF_inst=00002117 ID_pc=00000310 ID_inst=01400193 EX_pc=0000030c EX_alu=000007b8 mem_stall=0 mem_commit=0 mem_we=0000 mem_addr=00000001 mem_wd=00000100 mem_rd=dead0111
COMMIT t=2685000 wb_pc=0000030c wb_we=0 wb_rd=x12 wb_val=000007b8 IF_pc=0000031c IF_inst=aabbd0b7 ID_pc=00000318 ID_inst=c2810113 EX_pc=00000314 EX_alu=00002314 mem_stall=0 mem_commit=0 mem_we=0000 mem_addr=00000014 mem_wd=00000000 mem_rd=0ff0000f
COMMIT t=2695000 wb_pc=00000310 wb_we=1 wb_rd=x3 wb_val=00000014 IF_pc=00000320 IF_inst=cdd08093 ID_pc=0000031c ID_inst=aabbd0b7 EX_pc=00000318 EX_alu=00001f3c mem_stall=0 mem_commit=0 mem_we=0000 mem_addr=00002314 mem_wd=00000000 mem_rd=03ff0663
COMMIT t=2705000 wb_pc=00000314 wb_we=1 wb_rd=x2 wb_val=00002314 IF_pc=00000324 IF_inst=00112023 ID_pc=00000320 ID_inst=cdd08093 EX_pc=0000031c EX_alu=aabbd000 mem_stall=0 mem_commit=0 mem_we=0000 mem_addr=00001f3c mem_wd=00000000 mem_rd=00000000
COMMIT t=2715000 wb_pc=00000318 wb_we=1 wb_rd=x2 wb_val=00001f3c IF_pc=00000328 IF_inst=00012703 ID_pc=00000324 ID_inst=00112023 EX_pc=00000320 EX_alu=aabbccdd mem_stall=0 mem_commit=0 mem_we=0000 mem_addr=aabbd000 mem_wd=00000000 mem_rd=12222333
COMMIT t=2725000 wb_pc=0000031c wb_we=1 wb_rd=x1 wb_val=aabbd000 IF_pc=0000032c IF_inst=aabbd3b7 ID_pc=00000328 ID_inst=00012703 EX_pc=00000324 EX_alu=00001f3c mem_stall=0 mem_commit=0 mem_we=0000 mem_addr=aabbccdd mem_wd=00000000 mem_rd=00000000
COMMIT t=2735000 wb_pc=00000320 wb_we=1 wb_rd=x1 wb_val=aabbccdd IF_pc=00000330 IF_inst=cdd38393 ID_pc=0000032c ID_inst=aabbd3b7 EX_pc=00000328 EX_alu=00001f3c mem_stall=1 mem_commit=0 mem_we=0000 mem_addr=00001f3c mem_wd=aabbccdd mem_rd=00000000
COMMIT t=2745000 wb_pc=00000320 wb_we=1 wb_rd=x1 wb_val=aabbccdd IF_pc=00000330 IF_inst=cdd38393 ID_pc=0000032c ID_inst=aabbd3b7 EX_pc=00000328 EX_alu=00001f3c mem_stall=0 mem_commit=1 mem_we=1111 mem_addr=00001f3c mem_wd=aabbccdd mem_rd=12222333
MEM_WRITE t=2745000 pc=00000320 addr=00001f3c wd=aabbccdd ctrl=1
COMMIT t=2755000 wb_pc=00000324 wb_we=0 wb_rd=x0 wb_val=00001f3c IF_pc=00000334 IF_inst=48771263 ID_pc=00000330 ID_inst=cdd38393 EX_pc=0000032c EX_alu=aabbd000 mem_stall=1 mem_commit=0 mem_we=0000 mem_addr=00001f3c mem_wd=00000000 mem_rd=aabbccdd
COMMIT t=2775000 wb_pc=00000328 wb_we=1 wb_rd=x14 wb_val=aabbccdd IF_pc=00000338 IF_inst=01500193 ID_pc=00000334 ID_inst=48771263 EX_pc=00000330 EX_alu=aabbccdd mem_stall=0 mem_commit=0 mem_we=0000 mem_addr=aabbd000 mem_wd=00000000 mem_rd=aabbccdd
COMMIT t=2795000 wb_pc=00000330 wb_we=1 wb_rd=x7 wb_val=aabbccdd IF_pc=00000340 IF_inst=c0010113 ID_pc=0000033c ID_inst=00002117 EX_pc=00000338 EX_alu=00000015 mem_stall=0 mem_commit=0 mem_we=0000 mem_addr=000007b8 mem_wd=0000ccdd mem_rd=00000000
COMMIT t=2805000 wb_pc=00000334 wb_we=0 wb_rd=x4 wb_val=000007b8 IF_pc=00000344 IF_inst=daabc0b7 ID_pc=00000340 ID_inst=c0010113 EX_pc=0000033c EX_alu=0000233c mem_stall=0 mem_commit=0 mem_we=0000 mem_addr=00000015 mem_wd=00000000 mem_rd=0ff0000f
COMMIT t=2815000 wb_pc=00000338 wb_we=1 wb_rd=x3 wb_val=00000015 IF_pc=00000348 IF_inst=ccd08093 ID_pc=00000344 ID_inst=daabc0b7 EX_pc=00000340 EX_alu=00001f3c mem_stall=0 mem_commit=0 mem_we=0000 mem_addr=0000233c mem_wd=00000000 mem_rd=03ff0663
COMMIT t=2825000 wb_pc=0000033c wb_we=1 wb_rd=x2 wb_val=0000233c IF_pc=0000034c IF_inst=00112223 ID_pc=00000348 ID_inst=ccd08093 EX_pc=00000344 EX_alu=daabc000 mem_stall=0 mem_commit=0 mem_we=0000 mem_addr=00001f3c mem_wd=00000000 mem_rd=00000000
COMMIT t=2835000 wb_pc=00000340 wb_we=1 wb_rd=x2 wb_val=00001f3c IF_pc=00000350 IF_inst=00412703 ID_pc=0000034c ID_inst=00112223 EX_pc=00000348 EX_alu=daabbccd mem_stall=0 mem_commit=0 mem_we=0000 mem_addr=daabc000 mem_wd=00000000 mem_rd=aabbccdd
COMMIT t=2845000 wb_pc=00000344 wb_we=1 wb_rd=x1 wb_val=daabc000 IF_pc=00000354 IF_inst=daabc3b7 ID_pc=00000350 ID_inst=00412703 EX_pc=0000034c EX_alu=00001f40 mem_stall=0 mem_commit=0 mem_we=0000 mem_addr=daabbccd mem_wd=00000000 mem_rd=00000000
COMMIT t=2855000 wb_pc=00000348 wb_we=1 wb_rd=x1 wb_val=daabbccd IF_pc=00000358 IF_inst=ccd38393 ID_pc=00000354 ID_inst=daabc3b7 EX_pc=00000350 EX_alu=00001f40 mem_stall=1 mem_commit=0 mem_we=0000 mem_addr=00001f40 mem_wd=daabbccd mem_rd=00000000
COMMIT t=2865000 wb_pc=00000348 wb_we=1 wb_rd=x1 wb_val=daabbccd IF_pc=00000358 IF_inst=ccd38393 ID_pc=00000354 ID_inst=daabc3b7 EX_pc=00000350 EX_alu=00001f40 mem_stall=0 mem_commit=1 mem_we=1111 mem_addr=00001f40 mem_wd=daabbccd mem_rd=dead0111
MEM_WRITE t=2865000 pc=00000348 addr=00001f40 wd=daabbccd ctrl=1
COMMIT t=2875000 wb_pc=0000034c wb_we=0 wb_rd=x4 wb_val=00001f40 IF_pc=0000035c IF_inst=44771e63 ID_pc=00000358 ID_inst=ccd38393 EX_pc=00000354 EX_alu=daabc000 mem_stall=1 mem_commit=0 mem_we=0000 mem_addr=00001f40 mem_wd=00000000 mem_rd=daabbccd
COMMIT t=2895000 wb_pc=00000350 wb_we=1 wb_rd=x14 wb_val=daabbccd IF_pc=00000360 IF_inst=01600193 ID_pc=0000035c ID_inst=44771e63 EX_pc=00000358 EX_alu=daabbccd mem_stall=0 mem_commit=0 mem_we=0000 mem_addr=daabc000 mem_wd=00000000 mem_rd=daabbccd
COMMIT t=2915000 wb_pc=00000358 wb_we=1 wb_rd=x7 wb_val=daabbccd IF_pc=00000368 IF_inst=bd810113 ID_pc=00000364 ID_inst=00002117 EX_pc=00000360 EX_alu=00000016 mem_stall=0 mem_commit=0 mem_we=0000 mem_addr=000007b8 mem_wd=0000bccd mem_rd=00000000
COMMIT t=2925000 wb_pc=0000035c wb_we=0 wb_rd=x28 wb_val=000007b8 IF_pc=0000036c IF_inst=ddaac0b7 ID_pc=00000368 ID_inst=bd810113 EX_pc=00000364 EX_alu=00002364 mem_stall=0 mem_commit=0 mem_we=0000 mem_addr=00000016 mem_wd=00000000 mem_rd=0ff0000f
COMMIT t=2935000 wb_pc=00000360 wb_we=1 wb_rd=x3 wb_val=00000016 IF_pc=00000370 IF_inst=bcc08093 ID_pc=0000036c ID_inst=ddaac0b7 EX_pc=00000368 EX_alu=00001f3c mem_stall=0 mem_commit=0 mem_we=0000 mem_addr=00002364 mem_wd=00000000 mem_rd=03ff0663
COMMIT t=2945000 wb_pc=00000364 wb_we=1 wb_rd=x2 wb_val=00002364 IF_pc=00000374 IF_inst=00112423 ID_pc=00000370 ID_inst=bcc08093 EX_pc=0000036c EX_alu=ddaac000 mem_stall=0 mem_commit=0 mem_we=0000 mem_addr=00001f3c mem_wd=00000000 mem_rd=00000000
COMMIT t=2955000 wb_pc=00000368 wb_we=1 wb_rd=x2 wb_val=00001f3c IF_pc=00000378 IF_inst=00812703 ID_pc=00000374 ID_inst=00112423 EX_pc=00000370 EX_alu=ddaabbcc mem_stall=0 mem_commit=0 mem_we=0000 mem_addr=ddaac000 mem_wd=00000000 mem_rd=aabbccdd
COMMIT t=2965000 wb_pc=0000036c wb_we=1 wb_rd=x1 wb_val=ddaac000 IF_pc=0000037c IF_inst=ddaac3b7 ID_pc=00000378 ID_inst=00812703 EX_pc=00000374 EX_alu=00001f44 mem_stall=0 mem_commit=0 mem_we=0000 mem_addr=ddaabbcc mem_wd=00000000 mem_rd=00000000
COMMIT t=2975000 wb_pc=00000370 wb_we=1 wb_rd=x1 wb_val=ddaabbcc IF_pc=00000380 IF_inst=bcc38393 ID_pc=0000037c ID_inst=ddaac3b7 EX_pc=00000378 EX_alu=00001f44 mem_stall=1 mem_commit=0 mem_we=0000 mem_addr=00001f44 mem_wd=ddaabbcc mem_rd=00000000
COMMIT t=2985000 wb_pc=00000370 wb_we=1 wb_rd=x1 wb_val=ddaabbcc IF_pc=00000380 IF_inst=bcc38393 ID_pc=0000037c ID_inst=ddaac3b7 EX_pc=00000378 EX_alu=00001f44 mem_stall=0 mem_commit=1 mem_we=1111 mem_addr=00001f44 mem_wd=ddaabbcc mem_rd=deadbeef
MEM_WRITE t=2985000 pc=00000370 addr=00001f44 wd=ddaabbcc ctrl=1
COMMIT t=2995000 wb_pc=00000374 wb_we=0 wb_rd=x8 wb_val=00001f44 IF_pc=00000384 IF_inst=42771a63 ID_pc=00000380 ID_inst=bcc38393 EX_pc=0000037c EX_alu=ddaac000 mem_stall=1 mem_commit=0 mem_we=0000 mem_addr=00001f44 mem_wd=00000000 mem_rd=ddaabbcc
COMMIT t=3015000 wb_pc=00000378 wb_we=1 wb_rd=x14 wb_val=ddaabbcc IF_pc=00000388 IF_inst=01700193 ID_pc=00000384 ID_inst=42771a63 EX_pc=00000380 EX_alu=ddaabbcc mem_stall=0 mem_commit=0 mem_we=0000 mem_addr=ddaac000 mem_wd=00000000 mem_rd=ddaabbcc
COMMIT t=3035000 wb_pc=00000380 wb_we=1 wb_rd=x7 wb_val=ddaabbcc IF_pc=00000390 IF_inst=bb010113 ID_pc=0000038c ID_inst=00002117 EX_pc=00000388 EX_alu=00000017 mem_stall=0 mem_commit=0 mem_we=0000 mem_addr=000007b8 mem_wd=0000bbcc mem_rd=00000000
COMMIT t=3045000 wb_pc=00000384 wb_we=0 wb_rd=x20 wb_val=000007b8 IF_pc=00000394 IF_inst=cddab0b7 ID_pc=00000390 ID_inst=bb010113 EX_pc=0000038c EX_alu=0000238c mem_stall=0 mem_commit=0 mem_we=0000 mem_addr=00000017 mem_wd=00000000 mem_rd=0ff0000f
COMMIT t=3055000 wb_pc=00000388 wb_we=1 wb_rd=x3 wb_val=00000017 IF_pc=00000398 IF_inst=bbc08093 ID_pc=00000394 ID_inst=cddab0b7 EX_pc=00000390 EX_alu=00001f3c mem_stall=0 mem_commit=0 mem_we=0000 mem_addr=0000238c mem_wd=00000000 mem_rd=03ff0663
COMMIT t=3065000 wb_pc=0000038c wb_we=1 wb_rd=x2 wb_val=0000238c IF_pc=0000039c IF_inst=00112623 ID_pc=00000398 ID_inst=bbc08093 EX_pc=00000394 EX_alu=cddab000 mem_stall=0 mem_commit=0 mem_we=0000 mem_addr=00001f3c mem_wd=00000000 mem_rd=00000000
COMMIT t=3075000 wb_pc=00000390 wb_we=1 wb_rd=x2 wb_val=00001f3c IF_pc=000003a0 IF_inst=00c12703 ID_pc=0000039c ID_inst=00112623 EX_pc=00000398 EX_alu=cddaabbc mem_stall=0 mem_commit=0 mem_we=0000 mem_addr=cddab000 mem_wd=00000000 mem_rd=aabbccdd
COMMIT t=3085000 wb_pc=00000394 wb_we=1 wb_rd=x1 wb_val=cddab000 IF_pc=000003a4 IF_inst=cddab3b7 ID_pc=000003a0 ID_inst=00c12703 EX_pc=0000039c EX_alu=00001f48 mem_stall=0 mem_commit=0 mem_we=0000 mem_addr=cddaabbc mem_wd=00000000 mem_rd=00000000
COMMIT t=3095000 wb_pc=00000398 wb_we=1 wb_rd=x1 wb_val=cddaabbc IF_pc=000003a8 IF_inst=bbc38393 ID_pc=000003a4 ID_inst=cddab3b7 EX_pc=000003a0 EX_alu=00001f48 mem_stall=1 mem_commit=0 mem_we=0000 mem_addr=00001f48 mem_wd=cddaabbc mem_rd=00000000
COMMIT t=3105000 wb_pc=00000398 wb_we=1 wb_rd=x1 wb_val=cddaabbc IF_pc=000003a8 IF_inst=bbc38393 ID_pc=000003a4 ID_inst=cddab3b7 EX_pc=000003a0 EX_alu=00001f48 mem_stall=0 mem_commit=1 mem_we=1111 mem_addr=00001f48 mem_wd=cddaabbc mem_rd=deadbeef
MEM_WRITE t=3105000 pc=00000398 addr=00001f48 wd=cddaabbc ctrl=1
COMMIT t=3115000 wb_pc=0000039c wb_we=0 wb_rd=x12 wb_val=00001f48 IF_pc=000003ac IF_inst=40771663 ID_pc=000003a8 ID_inst=bbc38393 EX_pc=000003a4 EX_alu=cddab000 mem_stall=1 mem_commit=0 mem_we=0000 mem_addr=00001f48 mem_wd=00000000 mem_rd=cddaabbc
COMMIT t=3135000 wb_pc=000003a0 wb_we=1 wb_rd=x14 wb_val=cddaabbc IF_pc=000003b0 IF_inst=01800193 ID_pc=000003ac ID_inst=40771663 EX_pc=000003a8 EX_alu=cddaabbc mem_stall=0 mem_commit=0 mem_we=0000 mem_addr=cddab000 mem_wd=00000000 mem_rd=cddaabbc
COMMIT t=3155000 wb_pc=000003a8 wb_we=1 wb_rd=x7 wb_val=cddaabbc IF_pc=000003b8 IF_inst=b8810113 ID_pc=000003b4 ID_inst=00002117 EX_pc=000003b0 EX_alu=00000018 mem_stall=0 mem_commit=0 mem_we=0000 mem_addr=000007b8 mem_wd=0000abbc mem_rd=00000000
COMMIT t=3165000 wb_pc=000003ac wb_we=0 wb_rd=x12 wb_val=000007b8 IF_pc=000003bc IF_inst=ccddb0b7 ID_pc=000003b8 ID_inst=b8810113 EX_pc=000003b4 EX_alu=000023b4 mem_stall=0 mem_commit=0 mem_we=0000 mem_addr=00000018 mem_wd=00000000 mem_rd=0ff0000f
COMMIT t=3175000 wb_pc=000003b0 wb_we=1 wb_rd=x3 wb_val=00000018 IF_pc=000003c0 IF_inst=abb08093 ID_pc=000003bc ID_inst=ccddb0b7 EX_pc=000003b8 EX_alu=00001f3c mem_stall=0 mem_commit=0 mem_we=0000 mem_addr=000023b4 mem_wd=00000000 mem_rd=00b00f93
COMMIT t=3185000 wb_pc=000003b4 wb_we=1 wb_rd=x2 wb_val=000023b4 IF_pc=000003c4 IF_inst=00112823 ID_pc=000003c0 ID_inst=abb08093 EX_pc=000003bc EX_alu=ccddb000 mem_stall=0 mem_commit=0 mem_we=0000 mem_addr=00001f3c mem_wd=00000000 mem_rd=00000000
COMMIT t=3195000 wb_pc=000003b8 wb_we=1 wb_rd=x2 wb_val=00001f3c IF_pc=000003c8 IF_inst=01012703 ID_pc=000003c4 ID_inst=00112823 EX_pc=000003c0 EX_alu=ccddaabb mem_stall=0 mem_commit=0 mem_we=0000 mem_addr=ccddb000 mem_wd=00000000 mem_rd=aabbccdd
COMMIT t=3205000 wb_pc=000003bc wb_we=1 wb_rd=x1 wb_val=ccddb000 IF_pc=000003cc IF_inst=ccddb3b7 ID_pc=000003c8 ID_inst=01012703 EX_pc=000003c4 EX_alu=00001f4c mem_stall=0 mem_commit=0 mem_we=0000 mem_addr=ccddaabb mem_wd=00000000 mem_rd=00000000
COMMIT t=3215000 wb_pc=000003c0 wb_we=1 wb_rd=x1 wb_val=ccddaabb IF_pc=000003d0 IF_inst=abb38393 ID_pc=000003cc ID_inst=ccddb3b7 EX_pc=000003c8 EX_alu=00001f4c mem_stall=1 mem_commit=0 mem_we=0000 mem_addr=00001f4c mem_wd=ccddaabb mem_rd=00000000
COMMIT t=3225000 wb_pc=000003c0 wb_we=1 wb_rd=x1 wb_val=ccddaabb IF_pc=000003d0 IF_inst=abb38393 ID_pc=000003cc ID_inst=ccddb3b7 EX_pc=000003c8 EX_alu=00001f4c mem_stall=0 mem_commit=1 mem_we=1111 mem_addr=00001f4c mem_wd=ccddaabb mem_rd=deadbeef
MEM_WRITE t=3225000 pc=000003c0 addr=00001f4c wd=ccddaabb ctrl=1
COMMIT t=3235000 wb_pc=000003c4 wb_we=0 wb_rd=x16 wb_val=00001f4c IF_pc=000003d4 IF_inst=3e771263 ID_pc=000003d0 ID_inst=abb38393 EX_pc=000003cc EX_alu=ccddb000 mem_stall=1 mem_commit=0 mem_we=0000 mem_addr=00001f4c mem_wd=00000000 mem_rd=ccddaabb
COMMIT t=3255000 wb_pc=000003c8 wb_we=1 wb_rd=x14 wb_val=ccddaabb IF_pc=000003d8 IF_inst=01900193 ID_pc=000003d4 ID_inst=3e771263 EX_pc=000003d0 EX_alu=ccddaabb mem_stall=0 mem_commit=0 mem_we=0000 mem_addr=ccddb000 mem_wd=00000000 mem_rd=ccddaabb
COMMIT t=3275000 wb_pc=000003d0 wb_we=1 wb_rd=x7 wb_val=ccddaabb IF_pc=000003e0 IF_inst=b6010113 ID_pc=000003dc ID_inst=00002117 EX_pc=000003d8 EX_alu=00000019 mem_stall=0 mem_commit=0 mem_we=0000 mem_addr=000007b8 mem_wd=0000aabb mem_rd=00000000
COMMIT t=3285000 wb_pc=000003d4 wb_we=0 wb_rd=x4 wb_val=000007b8 IF_pc=000003e4 IF_inst=bccde0b7 ID_pc=000003e0 ID_inst=b6010113 EX_pc=000003dc EX_alu=000023dc mem_stall=0 mem_commit=0 mem_we=0000 mem_addr=00000019 mem_wd=00000000 mem_rd=0ff0000f
COMMIT t=3295000 wb_pc=000003d8 wb_we=1 wb_rd=x3 wb_val=00000019 IF_pc=000003e8 IF_inst=aab08093 ID_pc=000003e4 ID_inst=bccde0b7 EX_pc=000003e0 EX_alu=00001f3c mem_stall=0 mem_commit=0 mem_we=0000 mem_addr=000023dc mem_wd=00000000 mem_rd=00b00f93
COMMIT t=3305000 wb_pc=000003dc wb_we=1 wb_rd=x2 wb_val=000023dc IF_pc=000003ec IF_inst=00112a23 ID_pc=000003e8 ID_inst=aab08093 EX_pc=000003e4 EX_alu=bccde000 mem_stall=0 mem_commit=0 mem_we=0000 mem_addr=00001f3c mem_wd=00000000 mem_rd=00000000
COMMIT t=3315000 wb_pc=000003e0 wb_we=1 wb_rd=x2 wb_val=00001f3c IF_pc=000003f0 IF_inst=01412703 ID_pc=000003ec ID_inst=00112a23 EX_pc=000003e8 EX_alu=bccddaab mem_stall=0 mem_commit=0 mem_we=0000 mem_addr=bccde000 mem_wd=00000000 mem_rd=aabbccdd
COMMIT t=3325000 wb_pc=000003e4 wb_we=1 wb_rd=x1 wb_val=bccde000 IF_pc=000003f4 IF_inst=bccde3b7 ID_pc=000003f0 ID_inst=01412703 EX_pc=000003ec EX_alu=00001f50 mem_stall=0 mem_commit=0 mem_we=0000 mem_addr=bccddaab mem_wd=00000000 mem_rd=00000000
COMMIT t=3335000 wb_pc=000003e8 wb_we=1 wb_rd=x1 wb_val=bccddaab IF_pc=000003f8 IF_inst=aab38393 ID_pc=000003f4 ID_inst=bccde3b7 EX_pc=000003f0 EX_alu=00001f50 mem_stall=1 mem_commit=0 mem_we=0000 mem_addr=00001f50 mem_wd=bccddaab mem_rd=00000000
COMMIT t=3345000 wb_pc=000003e8 wb_we=1 wb_rd=x1 wb_val=bccddaab IF_pc=000003f8 IF_inst=aab38393 ID_pc=000003f4 ID_inst=bccde3b7 EX_pc=000003f0 EX_alu=00001f50 mem_stall=0 mem_commit=1 mem_we=1111 mem_addr=00001f50 mem_wd=bccddaab mem_rd=deadbeef
MEM_WRITE t=3345000 pc=000003e8 addr=00001f50 wd=bccddaab ctrl=1
COMMIT t=3355000 wb_pc=000003ec wb_we=0 wb_rd=x20 wb_val=00001f50 IF_pc=000003fc IF_inst=3a771e63 ID_pc=000003f8 ID_inst=aab38393 EX_pc=000003f4 EX_alu=bccde000 mem_stall=1 mem_commit=0 mem_we=0000 mem_addr=00001f50 mem_wd=00000000 mem_rd=bccddaab
COMMIT t=3375000 wb_pc=000003f0 wb_we=1 wb_rd=x14 wb_val=bccddaab IF_pc=00000400 IF_inst=01a00193 ID_pc=000003fc ID_inst=3a771e63 EX_pc=000003f8 EX_alu=bccddaab mem_stall=0 mem_commit=0 mem_we=0000 mem_addr=bccde000 mem_wd=00000000 mem_rd=bccddaab
COMMIT t=3395000 wb_pc=000003f8 wb_we=1 wb_rd=x7 wb_val=bccddaab IF_pc=00000408 IF_inst=b3810113 ID_pc=00000404 ID_inst=00002117 EX_pc=00000400 EX_alu=0000001a mem_stall=0 mem_commit=0 mem_we=0000 mem_addr=000007b8 mem_wd=0000daab mem_rd=00000000
COMMIT t=3405000 wb_pc=000003fc wb_we=0 wb_rd=x28 wb_val=000007b8 IF_pc=0000040c IF_inst=001120b7 ID_pc=00000408 ID_inst=b3810113 EX_pc=00000404 EX_alu=00002404 mem_stall=0 mem_commit=0 mem_we=0000 mem_addr=0000001a mem_wd=00000000 mem_rd=0ff0000f
COMMIT t=3415000 wb_pc=00000400 wb_we=1 wb_rd=x3 wb_val=0000001a IF_pc=00000410 IF_inst=23308093 ID_pc=0000040c ID_inst=001120b7 EX_pc=00000408 EX_alu=00001f3c mem_stall=0 mem_commit=0 mem_we=0000 mem_addr=00002404 mem_wd=00000000 mem_rd=00b00f93
COMMIT t=3425000 wb_pc=00000404 wb_we=1 wb_rd=x2 wb_val=00002404 IF_pc=00000414 IF_inst=00112023 ID_pc=00000410 ID_inst=23308093 EX_pc=0000040c EX_alu=00112000 mem_stall=0 mem_commit=0 mem_we=0000 mem_addr=00001f3c mem_wd=00000000 mem_rd=00000000
COMMIT t=3435000 wb_pc=00000408 wb_we=1 wb_rd=x2 wb_val=00001f3c IF_pc=00000418 IF_inst=00012703 ID_pc=00000414 ID_inst=00112023 EX_pc=00000410 EX_alu=00112233 mem_stall=0 mem_commit=0 mem_we=0000 mem_addr=00112000 mem_wd=bccddaab mem_rd=aabbccdd
COMMIT t=3445000 wb_pc=0000040c wb_we=1 wb_rd=x1 wb_val=00112000 IF_pc=0000041c IF_inst=001123b7 ID_pc=00000418 ID_inst=00012703 EX_pc=00000414 EX_alu=00001f3c mem_stall=0 mem_commit=0 mem_we=0000 mem_addr=00112233 mem_wd=00000000 mem_rd=00000000
COMMIT t=3455000 wb_pc=00000410 wb_we=1 wb_rd=x1 wb_val=00112233 IF_pc=00000420 IF_inst=23338393 ID_pc=0000041c ID_inst=001123b7 EX_pc=00000418 EX_alu=00001f3c mem_stall=1 mem_commit=0 mem_we=0000 mem_addr=00001f3c mem_wd=00112233 mem_rd=00000000
COMMIT t=3465000 wb_pc=00000410 wb_we=1 wb_rd=x1 wb_val=00112233 IF_pc=00000420 IF_inst=23338393 ID_pc=0000041c ID_inst=001123b7 EX_pc=00000418 EX_alu=00001f3c mem_stall=0 mem_commit=1 mem_we=1111 mem_addr=00001f3c mem_wd=00112233 mem_rd=aabbccdd
MEM_WRITE t=3465000 pc=00000410 addr=00001f3c wd=00112233 ctrl=1
COMMIT t=3475000 wb_pc=00000414 wb_we=0 wb_rd=x0 wb_val=00001f3c IF_pc=00000424 IF_inst=38771a63 ID_pc=00000420 ID_inst=23338393 EX_pc=0000041c EX_alu=00112000 mem_stall=1 mem_commit=0 mem_we=0000 mem_addr=00001f3c mem_wd=00000000 mem_rd=00112233
COMMIT t=3495000 wb_pc=00000418 wb_we=1 wb_rd=x14 wb_val=00112233 IF_pc=00000428 IF_inst=01b00193 ID_pc=00000424 ID_inst=38771a63 EX_pc=00000420 EX_alu=00112233 mem_stall=0 mem_commit=0 mem_we=0000 mem_addr=00112000 mem_wd=00112233 mem_rd=00112233
COMMIT t=3515000 wb_pc=00000420 wb_we=1 wb_rd=x7 wb_val=00112233 IF_pc=00000430 IF_inst=b1010113 ID_pc=0000042c ID_inst=00002117 EX_pc=00000428 EX_alu=0000001b mem_stall=0 mem_commit=0 mem_we=0000 mem_addr=000007b8 mem_wd=00002233 mem_rd=00000000
COMMIT t=3525000 wb_pc=00000424 wb_we=0 wb_rd=x20 wb_val=000007b8 IF_pc=00000434 IF_inst=300110b7 ID_pc=00000430 ID_inst=b1010113 EX_pc=0000042c EX_alu=0000242c mem_stall=0 mem_commit=0 mem_we=0000 mem_addr=0000001b mem_wd=00000000 mem_rd=0ff0000f
COMMIT t=3535000 wb_pc=00000428 wb_we=1 wb_rd=x3 wb_val=0000001b IF_pc=00000438 IF_inst=22308093 ID_pc=00000434 ID_inst=300110b7 EX_pc=00000430 EX_alu=00001f3c mem_stall=0 mem_commit=0 mem_we=0000 mem_addr=0000242c mem_wd=00000000 mem_rd=00b00f93
COMMIT t=3545000 wb_pc=0000042c wb_we=1 wb_rd=x2 wb_val=0000242c IF_pc=0000043c IF_inst=00112223 ID_pc=00000438 ID_inst=22308093 EX_pc=00000434 EX_alu=30011000 mem_stall=0 mem_commit=0 mem_we=0000 mem_addr=00001f3c mem_wd=00000000 mem_rd=00000000
COMMIT t=3555000 wb_pc=00000430 wb_we=1 wb_rd=x2 wb_val=00001f3c IF_pc=00000440 IF_inst=00412703 ID_pc=0000043c ID_inst=00112223 EX_pc=00000438 EX_alu=30011223 mem_stall=0 mem_commit=0 mem_we=0000 mem_addr=30011000 mem_wd=00000000 mem_rd=00112233
COMMIT t=3565000 wb_pc=00000434 wb_we=1 wb_rd=x1 wb_val=30011000 IF_pc=00000444 IF_inst=300113b7 ID_pc=00000440 ID_inst=00412703 EX_pc=0000043c EX_alu=00001f40 mem_stall=0 mem_commit=0 mem_we=0000 mem_addr=30011223 mem_wd=1b000000 mem_rd=00000000
COMMIT t=3575000 wb_pc=00000438 wb_we=1 wb_rd=x1 wb_val=30011223 IF_pc=00000448 IF_inst=22338393 ID_pc=00000444 ID_inst=300113b7 EX_pc=00000440 EX_alu=00001f40 mem_stall=1 mem_commit=0 mem_we=0000 mem_addr=00001f40 mem_wd=30011223 mem_rd=00000000
COMMIT t=3585000 wb_pc=00000438 wb_we=1 wb_rd=x1 wb_val=30011223 IF_pc=00000448 IF_inst=22338393 ID_pc=00000444 ID_inst=300113b7 EX_pc=00000440 EX_alu=00001f40 mem_stall=0 mem_commit=1 mem_we=1111 mem_addr=00001f40 mem_wd=30011223 mem_rd=daabbccd
MEM_WRITE t=3585000 pc=00000438 addr=00001f40 wd=30011223 ctrl=1
COMMIT t=3595000 wb_pc=0000043c wb_we=0 wb_rd=x4 wb_val=00001f40 IF_pc=0000044c IF_inst=36771663 ID_pc=00000448 ID_inst=22338393 EX_pc=00000444 EX_alu=30011000 mem_stall=1 mem_commit=0 mem_we=0000 mem_addr=00001f40 mem_wd=00000000 mem_rd=30011223
COMMIT t=3615000 wb_pc=00000440 wb_we=1 wb_rd=x14 wb_val=30011223 IF_pc=00000450 IF_inst=01c00193 ID_pc=0000044c ID_inst=36771663 EX_pc=00000448 EX_alu=30011223 mem_stall=0 mem_commit=0 mem_we=0000 mem_addr=30011000 mem_wd=00000000 mem_rd=30011223
COMMIT t=3635000 wb_pc=00000448 wb_we=1 wb_rd=x7 wb_val=30011223 IF_pc=00000458 IF_inst=ae810113 ID_pc=00000454 ID_inst=00002117 EX_pc=00000450 EX_alu=0000001c mem_stall=0 mem_commit=0 mem_we=0000 mem_addr=000007b8 mem_wd=00001223 mem_rd=00000000
COMMIT t=3645000 wb_pc=0000044c wb_we=0 wb_rd=x12 wb_val=000007b8 IF_pc=0000045c IF_inst=330010b7 ID_pc=00000458 ID_inst=ae810113 EX_pc=00000454 EX_alu=00002454 mem_stall=0 mem_commit=0 mem_we=0000 mem_addr=0000001c mem_wd=00000000 mem_rd=0ff0000f
COMMIT t=3655000 wb_pc=00000450 wb_we=1 wb_rd=x3 wb_val=0000001c IF_pc=00000460 IF_inst=12208093 ID_pc=0000045c ID_inst=330010b7 EX_pc=00000458 EX_alu=00001f3c mem_stall=0 mem_commit=0 mem_we=0000 mem_addr=00002454 mem_wd=00000000 mem_rd=03ff0263
COMMIT t=3665000 wb_pc=00000454 wb_we=1 wb_rd=x2 wb_val=00002454 IF_pc=00000464 IF_inst=00112423 ID_pc=00000460 ID_inst=12208093 EX_pc=0000045c EX_alu=33001000 mem_stall=0 mem_commit=0 mem_we=0000 mem_addr=00001f3c mem_wd=00000000 mem_rd=00000000
COMMIT t=3675000 wb_pc=00000458 wb_we=1 wb_rd=x2 wb_val=00001f3c IF_pc=00000468 IF_inst=00812703 ID_pc=00000464 ID_inst=00112423 EX_pc=00000460 EX_alu=33001122 mem_stall=0 mem_commit=0 mem_we=0000 mem_addr=33001000 mem_wd=00000000 mem_rd=00112233
COMMIT t=3685000 wb_pc=0000045c wb_we=1 wb_rd=x1 wb_val=33001000 IF_pc=0000046c IF_inst=330013b7 ID_pc=00000468 ID_inst=00812703 EX_pc=00000464 EX_alu=00001f44 mem_stall=0 mem_commit=0 mem_we=0000 mem_addr=33001122 mem_wd=003c0000 mem_rd=00000000
COMMIT t=3695000 wb_pc=00000460 wb_we=1 wb_rd=x1 wb_val=33001122 IF_pc=00000470 IF_inst=12238393 ID_pc=0000046c ID_inst=330013b7 EX_pc=00000468 EX_alu=00001f44 mem_stall=1 mem_commit=0 mem_we=0000 mem_addr=00001f44 mem_wd=33001122 mem_rd=00000000
COMMIT t=3705000 wb_pc=00000460 wb_we=1 wb_rd=x1 wb_val=33001122 IF_pc=00000470 IF_inst=12238393 ID_pc=0000046c ID_inst=330013b7 EX_pc=00000468 EX_alu=00001f44 mem_stall=0 mem_commit=1 mem_we=1111 mem_addr=00001f44 mem_wd=33001122 mem_rd=ddaabbcc
MEM_WRITE t=3705000 pc=00000460 addr=00001f44 wd=33001122 ctrl=1
COMMIT t=3715000 wb_pc=00000464 wb_we=0 wb_rd=x8 wb_val=00001f44 IF_pc=00000474 IF_inst=34771263 ID_pc=00000470 ID_inst=12238393 EX_pc=0000046c EX_alu=33001000 mem_stall=1 mem_commit=0 mem_we=0000 mem_addr=00001f44 mem_wd=00000000 mem_rd=33001122
COMMIT t=3735000 wb_pc=00000468 wb_we=1 wb_rd=x14 wb_val=33001122 IF_pc=00000478 IF_inst=01d00193 ID_pc=00000474 ID_inst=34771263 EX_pc=00000470 EX_alu=33001122 mem_stall=0 mem_commit=0 mem_we=0000 mem_addr=33001000 mem_wd=00000000 mem_rd=33001122
COMMIT t=3755000 wb_pc=00000470 wb_we=1 wb_rd=x7 wb_val=33001122 IF_pc=00000480 IF_inst=ac010113 ID_pc=0000047c ID_inst=00002117 EX_pc=00000478 EX_alu=0000001d mem_stall=0 mem_commit=0 mem_we=0000 mem_addr=000007b8 mem_wd=00001122 mem_rd=00000000
COMMIT t=3765000 wb_pc=00000474 wb_we=0 wb_rd=x4 wb_val=000007b8 IF_pc=00000484 IF_inst=233000b7 ID_pc=00000480 ID_inst=ac010113 EX_pc=0000047c EX_alu=0000247c mem_stall=0 mem_commit=0 mem_we=0000 mem_addr=0000001d mem_wd=00000000 mem_rd=0ff0000f
COMMIT t=3775000 wb_pc=00000478 wb_we=1 wb_rd=x3 wb_val=0000001d IF_pc=00000488 IF_inst=11208093 ID_pc=00000484 ID_inst=233000b7 EX_pc=00000480 EX_alu=00001f3c mem_stall=0 mem_commit=0 mem_we=0000 mem_addr=0000247c mem_wd=00000000 mem_rd=03ff0263
COMMIT t=3785000 wb_pc=0000047c wb_we=1 wb_rd=x2 wb_val=0000247c IF_pc=0000048c IF_inst=00112623 ID_pc=00000488 ID_inst=11208093 EX_pc=00000484 EX_alu=23300000 mem_stall=0 mem_commit=0 mem_we=0000 mem_addr=00001f3c mem_wd=00000000 mem_rd=00000000
COMMIT t=3795000 wb_pc=00000480 wb_we=1 wb_rd=x2 wb_val=00001f3c IF_pc=00000490 IF_inst=00c12703 ID_pc=0000048c ID_inst=00112623 EX_pc=00000488 EX_alu=23300112 mem_stall=0 mem_commit=0 mem_we=0000 mem_addr=23300000 mem_wd=00000000 mem_rd=00112233
COMMIT t=3805000 wb_pc=00000484 wb_we=1 wb_rd=x1 wb_val=23300000 IF_pc=00000494 IF_inst=233003b7 ID_pc=00000490 ID_inst=00c12703 EX_pc=0000048c EX_alu=00001f48 mem_stall=0 mem_commit=0 mem_we=0000 mem_addr=23300112 mem_wd=00000000 mem_rd=00000000
COMMIT t=3815000 wb_pc=00000488 wb_we=1 wb_rd=x1 wb_val=23300112 IF_pc=00000498 IF_inst=11238393 ID_pc=00000494 ID_inst=233003b7 EX_pc=00000490 EX_alu=00001f48 mem_stall=1 mem_commit=0 mem_we=0000 mem_addr=00001f48 mem_wd=23300112 mem_rd=00000000
COMMIT t=3825000 wb_pc=00000488 wb_we=1 wb_rd=x1 wb_val=23300112 IF_pc=00000498 IF_inst=11238393 ID_pc=00000494 ID_inst=233003b7 EX_pc=00000490 EX_alu=00001f48 mem_stall=0 mem_commit=1 mem_we=1111 mem_addr=00001f48 mem_wd=23300112 mem_rd=cddaabbc
MEM_WRITE t=3825000 pc=00000488 addr=00001f48 wd=23300112 ctrl=1
COMMIT t=3835000 wb_pc=0000048c wb_we=0 wb_rd=x12 wb_val=00001f48 IF_pc=0000049c IF_inst=30771e63 ID_pc=00000498 ID_inst=11238393 EX_pc=00000494 EX_alu=23300000 mem_stall=1 mem_commit=0 mem_we=0000 mem_addr=00001f48 mem_wd=00000000 mem_rd=23300112
COMMIT t=3855000 wb_pc=00000490 wb_we=1 wb_rd=x14 wb_val=23300112 IF_pc=000004a0 IF_inst=01e00193 ID_pc=0000049c ID_inst=30771e63 EX_pc=00000498 EX_alu=23300112 mem_stall=0 mem_commit=0 mem_we=0000 mem_addr=23300000 mem_wd=00000000 mem_rd=23300112
COMMIT t=3875000 wb_pc=00000498 wb_we=1 wb_rd=x7 wb_val=23300112 IF_pc=000004a8 IF_inst=a9810113 ID_pc=000004a4 ID_inst=00002117 EX_pc=000004a0 EX_alu=0000001e mem_stall=0 mem_commit=0 mem_we=0000 mem_addr=000007b8 mem_wd=00000112 mem_rd=00000000
COMMIT t=3885000 wb_pc=0000049c wb_we=0 wb_rd=x28 wb_val=000007b8 IF_pc=000004ac IF_inst=223300b7 ID_pc=000004a8 ID_inst=a9810113 EX_pc=000004a4 EX_alu=000024a4 mem_stall=0 mem_commit=0 mem_we=0000 mem_addr=0000001e mem_wd=00000000 mem_rd=0ff0000f
COMMIT t=3895000 wb_pc=000004a0 wb_we=1 wb_rd=x3 wb_val=0000001e IF_pc=000004b0 IF_inst=01108093 ID_pc=000004ac ID_inst=223300b7 EX_pc=000004a8 EX_alu=00001f3c mem_stall=0 mem_commit=0 mem_we=0000 mem_addr=000024a4 mem_wd=00000000 mem_rd=03ff0263
COMMIT t=3905000 wb_pc=000004a4 wb_we=1 wb_rd=x2 wb_val=000024a4 IF_pc=000004b4 IF_inst=00112823 ID_pc=000004b0 ID_inst=01108093 EX_pc=000004ac EX_alu=22330000 mem_stall=0 mem_commit=0 mem_we=0000 mem_addr=00001f3c mem_wd=00000000 mem_rd=00000000
COMMIT t=3915000 wb_pc=000004a8 wb_we=1 wb_rd=x2 wb_val=00001f3c IF_pc=000004b8 IF_inst=01012703 ID_pc=000004b4 ID_inst=00112823 EX_pc=000004b0 EX_alu=22330011 mem_stall=0 mem_commit=0 mem_we=0000 mem_addr=22330000 mem_wd=0000001e mem_rd=00112233
COMMIT t=3925000 wb_pc=000004ac wb_we=1 wb_rd=x1 wb_val=22330000 IF_pc=000004bc IF_inst=223303b7 ID_pc=000004b8 ID_inst=01012703 EX_pc=000004b4 EX_alu=00001f4c mem_stall=0 mem_commit=0 mem_we=0000 mem_addr=22330011 mem_wd=00000000 mem_rd=00000000
COMMIT t=3935000 wb_pc=000004b0 wb_we=1 wb_rd=x1 wb_val=22330011 IF_pc=000004c0 IF_inst=01138393 ID_pc=000004bc ID_inst=223303b7 EX_pc=000004b8 EX_alu=00001f4c mem_stall=1 mem_commit=0 mem_we=0000 mem_addr=00001f4c mem_wd=22330011 mem_rd=00000000
COMMIT t=3945000 wb_pc=000004b0 wb_we=1 wb_rd=x1 wb_val=22330011 IF_pc=000004c0 IF_inst=01138393 ID_pc=000004bc ID_inst=223303b7 EX_pc=000004b8 EX_alu=00001f4c mem_stall=0 mem_commit=1 mem_we=1111 mem_addr=00001f4c mem_wd=22330011 mem_rd=ccddaabb
MEM_WRITE t=3945000 pc=000004b0 addr=00001f4c wd=22330011 ctrl=1
COMMIT t=3955000 wb_pc=000004b4 wb_we=0 wb_rd=x16 wb_val=00001f4c IF_pc=000004c4 IF_inst=2e771a63 ID_pc=000004c0 ID_inst=01138393 EX_pc=000004bc EX_alu=22330000 mem_stall=1 mem_commit=0 mem_we=0000 mem_addr=00001f4c mem_wd=00000000 mem_rd=22330011
COMMIT t=3975000 wb_pc=000004b8 wb_we=1 wb_rd=x14 wb_val=22330011 IF_pc=000004c8 IF_inst=01f00193 ID_pc=000004c4 ID_inst=2e771a63 EX_pc=000004c0 EX_alu=22330011 mem_stall=0 mem_commit=0 mem_we=0000 mem_addr=22330000 mem_wd=0000001e mem_rd=22330011
COMMIT t=3995000 wb_pc=000004c0 wb_we=1 wb_rd=x7 wb_val=22330011 IF_pc=000004d0 IF_inst=a7010113 ID_pc=000004cc ID_inst=00002117 EX_pc=000004c8 EX_alu=0000001f mem_stall=0 mem_commit=0 mem_we=0000 mem_addr=000007b8 mem_wd=00000011 mem_rd=00000000
COMMIT t=4005000 wb_pc=000004c4 wb_we=0 wb_rd=x20 wb_val=000007b8 IF_pc=000004d4 IF_inst=122330b7 ID_pc=000004d0 ID_inst=a7010113 EX_pc=000004cc EX_alu=000024cc mem_stall=0 mem_commit=0 mem_we=0000 mem_addr=0000001f mem_wd=00000000 mem_rd=0ff0000f
COMMIT t=4015000 wb_pc=000004c8 wb_we=1 wb_rd=x3 wb_val=0000001f IF_pc=000004d8 IF_inst=00108093 ID_pc=000004d4 ID_inst=122330b7 EX_pc=000004d0 EX_alu=00001f3c mem_stall=0 mem_commit=0 mem_we=0000 mem_addr=000024cc mem_wd=00000000 mem_rd=03ff0263
COMMIT t=4025000 wb_pc=000004cc wb_we=1 wb_rd=x2 wb_val=000024cc IF_pc=000004dc IF_inst=00112a23 ID_pc=000004d8 ID_inst=00108093 EX_pc=000004d4 EX_alu=12233000 mem_stall=0 mem_commit=0 mem_we=0000 mem_addr=00001f3c mem_wd=00000000 mem_rd=00000000
COMMIT t=4035000 wb_pc=000004d0 wb_we=1 wb_rd=x2 wb_val=00001f3c IF_pc=000004e0 IF_inst=01412703 ID_pc=000004dc ID_inst=00112a23 EX_pc=000004d8 EX_alu=12233001 mem_stall=0 mem_commit=0 mem_we=0000 mem_addr=12233000 mem_wd=00001f3c mem_rd=00112233
COMMIT t=4045000 wb_pc=000004d4 wb_we=1 wb_rd=x1 wb_val=12233000 IF_pc=000004e4 IF_inst=122333b7 ID_pc=000004e0 ID_inst=01412703 EX_pc=000004dc EX_alu=00001f50 mem_stall=0 mem_commit=0 mem_we=0000 mem_addr=12233001 mem_wd=00000000 mem_rd=00000000
COMMIT t=4055000 wb_pc=000004d8 wb_we=1 wb_rd=x1 wb_val=12233001 IF_pc=000004e8 IF_inst=00138393 ID_pc=000004e4 ID_inst=122333b7 EX_pc=000004e0 EX_alu=00001f50 mem_stall=1 mem_commit=0 mem_we=0000 mem_addr=00001f50 mem_wd=12233001 mem_rd=00000000
COMMIT t=4065000 wb_pc=000004d8 wb_we=1 wb_rd=x1 wb_val=12233001 IF_pc=000004e8 IF_inst=00138393 ID_pc=000004e4 ID_inst=122333b7 EX_pc=000004e0 EX_alu=00001f50 mem_stall=0 mem_commit=1 mem_we=1111 mem_addr=00001f50 mem_wd=12233001 mem_rd=bccddaab
MEM_WRITE t=4065000 pc=000004d8 addr=00001f50 wd=12233001 ctrl=1
COMMIT t=4075000 wb_pc=000004dc wb_we=0 wb_rd=x20 wb_val=00001f50 IF_pc=000004ec IF_inst=2c771663 ID_pc=000004e8 ID_inst=00138393 EX_pc=000004e4 EX_alu=12233000 mem_stall=1 mem_commit=0 mem_we=0000 mem_addr=00001f50 mem_wd=00000000 mem_rd=12233001
COMMIT t=4095000 wb_pc=000004e0 wb_we=1 wb_rd=x14 wb_val=12233001 IF_pc=000004f0 IF_inst=02000193 ID_pc=000004ec ID_inst=2c771663 EX_pc=000004e8 EX_alu=12233001 mem_stall=0 mem_commit=0 mem_we=0000 mem_addr=12233000 mem_wd=00001f3c mem_rd=12233001
COMMIT t=4115000 wb_pc=000004e8 wb_we=1 wb_rd=x7 wb_val=12233001 IF_pc=000004f8 IF_inst=a4810113 ID_pc=000004f4 ID_inst=00002117 EX_pc=000004f0 EX_alu=00000020 mem_stall=0 mem_commit=0 mem_we=0000 mem_addr=000007b8 mem_wd=00003001 mem_rd=00000000
COMMIT t=4125000 wb_pc=000004ec wb_we=0 wb_rd=x12 wb_val=000007b8 IF_pc=000004fc IF_inst=ffffd0b7 ID_pc=000004f8 ID_inst=a4810113 EX_pc=000004f4 EX_alu=000024f4 mem_stall=0 mem_commit=0 mem_we=0000 mem_addr=00000020 mem_wd=00000000 mem_rd=0ff0000f
COMMIT t=4135000 wb_pc=000004f0 wb_we=1 wb_rd=x3 wb_val=00000020 IF_pc=00000500 IF_inst=cdd08093 ID_pc=000004fc ID_inst=ffffd0b7 EX_pc=000004f8 EX_alu=00001f3c mem_stall=0 mem_commit=0 mem_we=0000 mem_addr=000024f4 mem_wd=00000000 mem_rd=00000f17
COMMIT t=4145000 wb_pc=000004f4 wb_we=1 wb_rd=x2 wb_val=000024f4 IF_pc=00000504 IF_inst=00111023 ID_pc=00000500 ID_inst=cdd08093 EX_pc=000004fc EX_alu=ffffd000 mem_stall=0 mem_commit=0 mem_we=0000 mem_addr=00001f3c mem_wd=00000000 mem_rd=00000000
COMMIT t=4155000 wb_pc=000004f8 wb_we=1 wb_rd=x2 wb_val=00001f3c IF_pc=00000508 IF_inst=00011703 ID_pc=00000504 ID_inst=00111023 EX_pc=00000500 EX_alu=ffffccdd mem_stall=0 mem_commit=0 mem_we=0000 mem_addr=ffffd000 mem_wd=00000000 mem_rd=00112233
COMMIT t=4165000 wb_pc=000004fc wb_we=1 wb_rd=x1 wb_val=ffffd000 IF_pc=00000508 IF_inst=00011703 ID_pc=00000504 ID_inst=00111023 EX_pc=00000504 EX_alu=00001f3c mem_stall=0 mem_commit=0 mem_we=0000 mem_addr=ffffccdd mem_wd=00000000 mem_rd=00000000
COMMIT t=4175000 wb_pc=00000500 wb_we=1 wb_rd=x1 wb_val=ffffccdd IF_pc=0000050c IF_inst=ffffd3b7 ID_pc=00000508 ID_inst=00011703 EX_pc=00000504 EX_alu=00001f3c mem_stall=1 mem_commit=0 mem_we=0000 mem_addr=00001f3c mem_wd=12233001 mem_rd=00000000
COMMIT t=4195000 wb_pc=00000504 wb_we=1 wb_rd=x0 wb_val=00112233 IF_pc=00000510 IF_inst=cdd38393 ID_pc=0000050c ID_inst=ffffd3b7 EX_pc=00000508 EX_alu=00001f3c mem_stall=1 mem_commit=0 mem_we=0000 mem_addr=00001f3c mem_wd=0000ccdd mem_rd=00112233
MEM_WRITE t=4205000 pc=00000504 addr=00001f3c wd=0000ccdd ctrl=1
COMMIT t=4215000 wb_pc=00000504 wb_we=0 wb_rd=x0 wb_val=00001f3c IF_pc=00000514 IF_inst=2a771263 ID_pc=00000510 ID_inst=cdd38393 EX_pc=0000050c EX_alu=ffffd000 mem_stall=1 mem_commit=0 mem_we=0000 mem_addr=00001f3c mem_wd=00000000 mem_rd=0011ccdd
COMMIT t=4235000 wb_pc=00000508 wb_we=1 wb_rd=x14 wb_val=ffffccdd IF_pc=00000518 IF_inst=02100193 ID_pc=00000514 ID_inst=2a771263 EX_pc=00000510 EX_alu=ffffccdd mem_stall=0 mem_commit=0 mem_we=0000 mem_addr=ffffd000 mem_wd=00000000 mem_rd=0011ccdd
COMMIT t=4255000 wb_pc=00000510 wb_we=1 wb_rd=x7 wb_val=ffffccdd IF_pc=00000520 IF_inst=a2010113 ID_pc=0000051c ID_inst=00002117 EX_pc=00000518 EX_alu=00000021 mem_stall=0 mem_commit=0 mem_we=0000 mem_addr=000007b8 mem_wd=0000ccdd mem_rd=00000000
COMMIT t=4265000 wb_pc=00000514 wb_we=0 wb_rd=x4 wb_val=000007b8 IF_pc=00000524 IF_inst=ffffc0b7 ID_pc=00000520 ID_inst=a2010113 EX_pc=0000051c EX_alu=0000251c mem_stall=0 mem_commit=0 mem_we=0000 mem_addr=00000021 mem_wd=0000dd00 mem_rd=0ff0000f
COMMIT t=4275000 wb_pc=00000518 wb_we=1 wb_rd=x3 wb_val=00000021 IF_pc=00000528 IF_inst=ccd08093 ID_pc=00000524 ID_inst=ffffc0b7 EX_pc=00000520 EX_alu=00001f3c mem_stall=0 mem_commit=0 mem_we=0000 mem_addr=0000251c mem_wd=00000000 mem_rd=00000f17
COMMIT t=4285000 wb_pc=0000051c wb_we=1 wb_rd=x2 wb_val=0000251c IF_pc=0000052c IF_inst=00111123 ID_pc=00000528 ID_inst=ccd08093 EX_pc=00000524 EX_alu=ffffc000 mem_stall=0 mem_commit=0 mem_we=0000 mem_addr=00001f3c mem_wd=00000000 mem_rd=00000000
COMMIT t=4295000 wb_pc=00000520 wb_we=1 wb_rd=x2 wb_val=00001f3c IF_pc=00000530 IF_inst=00211703 ID_pc=0000052c ID_inst=00111123 EX_pc=00000528 EX_alu=ffffbccd mem_stall=0 mem_commit=0 mem_we=0000 mem_addr=ffffc000 mem_wd=00000000 mem_rd=0011ccdd
COMMIT t=4305000 wb_pc=00000524 wb_we=1 wb_rd=x1 wb_val=ffffc000 IF_pc=00000530 IF_inst=00211703 ID_pc=0000052c ID_inst=00111123 EX_pc=0000052c EX_alu=00001f3e mem_stall=0 mem_commit=0 mem_we=0000 mem_addr=ffffbccd mem_wd=00000000 mem_rd=00000000
COMMIT t=4315000 wb_pc=00000528 wb_we=1 wb_rd=x1 wb_val=ffffbccd IF_pc=00000534 IF_inst=ffffc3b7 ID_pc=00000530 ID_inst=00211703 EX_pc=0000052c EX_alu=00001f3e mem_stall=1 mem_commit=0 mem_we=0000 mem_addr=00001f3e mem_wd=ffffccdd mem_rd=00000000
COMMIT t=4335000 wb_pc=0000052c wb_we=1 wb_rd=x0 wb_val=0011ccdd IF_pc=00000538 IF_inst=ccd38393 ID_pc=00000534 ID_inst=ffffc3b7 EX_pc=00000530 EX_alu=00001f3e mem_stall=1 mem_commit=0 mem_we=0000 mem_addr=00001f3e mem_wd=bccd0000 mem_rd=0011ccdd
MEM_WRITE t=4345000 pc=0000052c addr=00001f3e wd=bccd0000 ctrl=1
COMMIT t=4355000 wb_pc=0000052c wb_we=0 wb_rd=x2 wb_val=00001f3e IF_pc=0000053c IF_inst=26771e63 ID_pc=00000538 ID_inst=ccd38393 EX_pc=00000534 EX_alu=ffffc000 mem_stall=1 mem_commit=0 mem_we=0000 mem_addr=00001f3e mem_wd=1f3c0000 mem_rd=bccdccdd
COMMIT t=4375000 wb_pc=00000530 wb_we=1 wb_rd=x14 wb_val=ffffbccd IF_pc=00000540 IF_inst=02200193 ID_pc=0000053c ID_inst=26771e63 EX_pc=00000538 EX_alu=ffffbccd mem_stall=0 mem_commit=0 mem_we=0000 mem_addr=ffffc000 mem_wd=00000000 mem_rd=bccdccdd
COMMIT t=4395000 wb_pc=00000538 wb_we=1 wb_rd=x7 wb_val=ffffbccd IF_pc=00000548 IF_inst=9f810113 ID_pc=00000544 ID_inst=00002117 EX_pc=00000540 EX_alu=00000022 mem_stall=0 mem_commit=0 mem_we=0000 mem_addr=000007b8 mem_wd=0000bccd mem_rd=00000000
COMMIT t=4405000 wb_pc=0000053c wb_we=0 wb_rd=x28 wb_val=000007b8 IF_pc=0000054c IF_inst=ffffc0b7 ID_pc=00000548 ID_inst=9f810113 EX_pc=00000544 EX_alu=00002544 mem_stall=0 mem_commit=0 mem_we=0000 mem_addr=00000022 mem_wd=003c0000 mem_rd=0ff0000f
COMMIT t=4415000 wb_pc=00000540 wb_we=1 wb_rd=x3 wb_val=00000022 IF_pc=00000550 IF_inst=bcc08093 ID_pc=0000054c ID_inst=ffffc0b7 EX_pc=00000548 EX_alu=00001f3c mem_stall=0 mem_commit=0 mem_we=0000 mem_addr=00002544 mem_wd=00000000 mem_rd=00000f17
COMMIT t=4425000 wb_pc=00000544 wb_we=1 wb_rd=x2 wb_val=00002544 IF_pc=00000554 IF_inst=00111223 ID_pc=00000550 ID_inst=bcc08093 EX_pc=0000054c EX_alu=ffffc000 mem_stall=0 mem_commit=0 mem_we=0000 mem_addr=00001f3c mem_wd=00000000 mem_rd=00000000
COMMIT t=4435000 wb_pc=00000548 wb_we=1 wb_rd=x2 wb_val=00001f3c IF_pc=00000558 IF_inst=00411703 ID_pc=00000554 ID_inst=00111223 EX_pc=00000550 EX_alu=ffffbbcc mem_stall=0 mem_commit=0 mem_we=0000 mem_addr=ffffc000 mem_wd=00000000 mem_rd=bccdccdd
COMMIT t=4445000 wb_pc=0000054c wb_we=1 wb_rd=x1 wb_val=ffffc000 IF_pc=00000558 IF_inst=00411703 ID_pc=00000554 ID_inst=00111223 EX_pc=00000554 EX_alu=00001f40 mem_stall=0 mem_commit=0 mem_we=0000 mem_addr=ffffbbcc mem_wd=00000000 mem_rd=00000000
COMMIT t=4455000 wb_pc=00000550 wb_we=1 wb_rd=x1 wb_val=ffffbbcc IF_pc=0000055c IF_inst=ffffc3b7 ID_pc=00000558 ID_inst=00411703 EX_pc=00000554 EX_alu=00001f40 mem_stall=1 mem_commit=0 mem_we=0000 mem_addr=00001f40 mem_wd=ffffbccd mem_rd=00000000
COMMIT t=4475000 wb_pc=00000554 wb_we=1 wb_rd=x0 wb_val=30011223 IF_pc=00000560 IF_inst=bcc38393 ID_pc=0000055c ID_inst=ffffc3b7 EX_pc=00000558 EX_alu=00001f40 mem_stall=1 mem_commit=0 mem_we=0000 mem_addr=00001f40 mem_wd=0000bbcc mem_rd=30011223
MEM_WRITE t=4485000 pc=00000554 addr=00001f40 wd=0000bbcc ctrl=1
COMMIT t=4495000 wb_pc=00000554 wb_we=0 wb_rd=x4 wb_val=00001f40 IF_pc=00000564 IF_inst=24771a63 ID_pc=00000560 ID_inst=bcc38393 EX_pc=0000055c EX_alu=ffffc000 mem_stall=1 mem_commit=0 mem_we=0000 mem_addr=00001f40 mem_wd=00000000 mem_rd=3001bbcc
COMMIT t=4515000 wb_pc=00000558 wb_we=1 wb_rd=x14 wb_val=ffffbbcc IF_pc=00000568 IF_inst=02300193 ID_pc=00000564 ID_inst=24771a63 EX_pc=00000560 EX_alu=ffffbbcc mem_stall=0 mem_commit=0 mem_we=0000 mem_addr=ffffc000 mem_wd=00000000 mem_rd=3001bbcc
COMMIT t=4535000 wb_pc=00000560 wb_we=1 wb_rd=x7 wb_val=ffffbbcc IF_pc=00000570 IF_inst=9d010113 ID_pc=0000056c ID_inst=00002117 EX_pc=00000568 EX_alu=00000023 mem_stall=0 mem_commit=0 mem_we=0000 mem_addr=000007b8 mem_wd=0000bbcc mem_rd=00000000
COMMIT t=4545000 wb_pc=00000564 wb_we=0 wb_rd=x20 wb_val=000007b8 IF_pc=00000574 IF_inst=ffffb0b7 ID_pc=00000570 ID_inst=9d010113 EX_pc=0000056c EX_alu=0000256c mem_stall=0 mem_commit=0 mem_we=0000 mem_addr=00000023 mem_wd=22000000 mem_rd=0ff0000f
COMMIT t=4555000 wb_pc=00000568 wb_we=1 wb_rd=x3 wb_val=00000023 IF_pc=00000578 IF_inst=bbc08093 ID_pc=00000574 ID_inst=ffffb0b7 EX_pc=00000570 EX_alu=00001f3c mem_stall=0 mem_commit=0 mem_we=0000 mem_addr=0000256c mem_wd=00000000 mem_rd=00000f17
COMMIT t=4565000 wb_pc=0000056c wb_we=1 wb_rd=x2 wb_val=0000256c IF_pc=0000057c IF_inst=00111323 ID_pc=00000578 ID_inst=bbc08093 EX_pc=00000574 EX_alu=ffffb000 mem_stall=0 mem_commit=0 mem_we=0000 mem_addr=00001f3c mem_wd=00000000 mem_rd=00000000
COMMIT t=4575000 wb_pc=00000570 wb_we=1 wb_rd=x2 wb_val=00001f3c IF_pc=00000580 IF_inst=00611703 ID_pc=0000057c ID_inst=00111323 EX_pc=00000578 EX_alu=ffffabbc mem_stall=0 mem_commit=0 mem_we=0000 mem_addr=ffffb000 mem_wd=00000000 mem_rd=bccdccdd
COMMIT t=4585000 wb_pc=00000574 wb_we=1 wb_rd=x1 wb_val=ffffb000 IF_pc=00000580 IF_inst=00611703 ID_pc=0000057c ID_inst=00111323 EX_pc=0000057c EX_alu=00001f42 mem_stall=0 mem_commit=0 mem_we=0000 mem_addr=ffffabbc mem_wd=00000000 mem_rd=00000000
COMMIT t=4595000 wb_pc=00000578 wb_we=1 wb_rd=x1 wb_val=ffffabbc IF_pc=00000584 IF_inst=ffffb3b7 ID_pc=00000580 ID_inst=00611703 EX_pc=0000057c EX_alu=00001f42 mem_stall=1 mem_commit=0 mem_we=0000 mem_addr=00001f42 mem_wd=ffffbbcc mem_rd=00000000
COMMIT t=4615000 wb_pc=0000057c wb_we=1 wb_rd=x0 wb_val=3001bbcc IF_pc=00000588 IF_inst=bbc38393 ID_pc=00000584 ID_inst=ffffb3b7 EX_pc=00000580 EX_alu=00001f42 mem_stall=1 mem_commit=0 mem_we=0000 mem_addr=00001f42 mem_wd=abbc0000 mem_rd=3001bbcc
MEM_WRITE t=4625000 pc=0000057c addr=00001f42 wd=abbc0000 ctrl=1
COMMIT t=4635000 wb_pc=0000057c wb_we=0 wb_rd=x6 wb_val=00001f42 IF_pc=0000058c IF_inst=22771663 ID_pc=00000588 ID_inst=bbc38393 EX_pc=00000584 EX_alu=ffffb000 mem_stall=1 mem_commit=0 mem_we=0000 mem_addr=00001f42 mem_wd=00000000 mem_rd=abbcbbcc
COMMIT t=4655000 wb_pc=00000580 wb_we=1 wb_rd=x14 wb_val=ffffabbc IF_pc=00000590 IF_inst=02400193 ID_pc=0000058c ID_inst=22771663 EX_pc=00000588 EX_alu=ffffabbc mem_stall=0 mem_commit=0 mem_we=0000 mem_addr=ffffb000 mem_wd=00000000 mem_rd=abbcbbcc
COMMIT t=4675000 wb_pc=00000588 wb_we=1 wb_rd=x7 wb_val=ffffabbc IF_pc=00000598 IF_inst=9a810113 ID_pc=00000594 ID_inst=00002117 EX_pc=00000590 EX_alu=00000024 mem_stall=0 mem_commit=0 mem_we=0000 mem_addr=000007b8 mem_wd=0000abbc mem_rd=00000000
COMMIT t=4685000 wb_pc=0000058c wb_we=0 wb_rd=x12 wb_val=000007b8 IF_pc=0000059c IF_inst=ffffb0b7 ID_pc=00000598 ID_inst=9a810113 EX_pc=00000594 EX_alu=00002594 mem_stall=0 mem_commit=0 mem_we=0000 mem_addr=00000024 mem_wd=00000000 mem_rd=0ff0000f
COMMIT t=4695000 wb_pc=00000590 wb_we=1 wb_rd=x3 wb_val=00000024 IF_pc=000005a0 IF_inst=abb08093 ID_pc=0000059c ID_inst=ffffb0b7 EX_pc=00000598 EX_alu=00001f3c mem_stall=0 mem_commit=0 mem_we=0000 mem_addr=00002594 mem_wd=00000000 mem_rd=fe0f0f13
COMMIT t=4705000 wb_pc=00000594 wb_we=1 wb_rd=x2 wb_val=00002594 IF_pc=000005a4 IF_inst=00111423 ID_pc=000005a0 ID_inst=abb08093 EX_pc=0000059c EX_alu=ffffb000 mem_stall=0 mem_commit=0 mem_we=0000 mem_addr=00001f3c mem_wd=00000000 mem_rd=00000000
COMMIT t=4715000 wb_pc=00000598 wb_we=1 wb_rd=x2 wb_val=00001f3c IF_pc=000005a8 IF_inst=00811703 ID_pc=000005a4 ID_inst=00111423 EX_pc=000005a0 EX_alu=ffffaabb mem_stall=0 mem_commit=0 mem_we=0000 mem_addr=ffffb000 mem_wd=00000000 mem_rd=bccdccdd
COMMIT t=4725000 wb_pc=0000059c wb_we=1 wb_rd=x1 wb_val=ffffb000 IF_pc=000005a8 IF_inst=00811703 ID_pc=000005a4 ID_inst=00111423 EX_pc=000005a4 EX_alu=00001f44 mem_stall=0 mem_commit=0 mem_we=0000 mem_addr=ffffaabb mem_wd=00000000 mem_rd=00000000
COMMIT t=4735000 wb_pc=000005a0 wb_we=1 wb_rd=x1 wb_val=ffffaabb IF_pc=000005ac IF_inst=ffffb3b7 ID_pc=000005a8 ID_inst=00811703 EX_pc=000005a4 EX_alu=00001f44 mem_stall=1 mem_commit=0 mem_we=0000 mem_addr=00001f44 mem_wd=ffffabbc mem_rd=00000000
COMMIT t=4755000 wb_pc=000005a4 wb_we=1 wb_rd=x0 wb_val=33001122 IF_pc=000005b0 IF_inst=abb38393 ID_pc=000005ac ID_inst=ffffb3b7 EX_pc=000005a8 EX_alu=00001f44 mem_stall=1 mem_commit=0 mem_we=0000 mem_addr=00001f44 mem_wd=0000aabb mem_rd=33001122
MEM_WRITE t=4765000 pc=000005a4 addr=00001f44 wd=0000aabb ctrl=1
COMMIT t=4775000 wb_pc=000005a4 wb_we=0 wb_rd=x8 wb_val=00001f44 IF_pc=000005b4 IF_inst=20771263 ID_pc=000005b0 ID_inst=abb38393 EX_pc=000005ac EX_alu=ffffb000 mem_stall=1 mem_commit=0 mem_we=0000 mem_addr=00001f44 mem_wd=00000000 mem_rd=3300aabb
COMMIT t=4795000 wb_pc=000005a8 wb_we=1 wb_rd=x14 wb_val=ffffaabb IF_pc=000005b8 IF_inst=02500193 ID_pc=000005b4 ID_inst=20771263 EX_pc=000005b0 EX_alu=ffffaabb mem_stall=0 mem_commit=0 mem_we=0000 mem_addr=ffffb000 mem_wd=00000000 mem_rd=3300aabb
COMMIT t=4815000 wb_pc=000005b0 wb_we=1 wb_rd=x7 wb_val=ffffaabb IF_pc=000005c0 IF_inst=98010113 ID_pc=000005bc ID_inst=00002117 EX_pc=000005b8 EX_alu=00000025 mem_stall=0 mem_commit=0 mem_we=0000 mem_addr=000007b8 mem_wd=0000aabb mem_rd=00000000
COMMIT t=4825000 wb_pc=000005b4 wb_we=0 wb_rd=x4 wb_val=000007b8 IF_pc=000005c4 IF_inst=ffffe0b7 ID_pc=000005c0 ID_inst=98010113 EX_pc=000005bc EX_alu=000025bc mem_stall=0 mem_commit=0 mem_we=0000 mem_addr=00000025 mem_wd=00000000 mem_rd=0ff0000f
COMMIT t=4835000 wb_pc=000005b8 wb_we=1 wb_rd=x3 wb_val=00000025 IF_pc=000005c8 IF_inst=aab08093 ID_pc=000005c4 ID_inst=ffffe0b7 EX_pc=000005c0 EX_alu=00001f3c mem_stall=0 mem_commit=0 mem_we=0000 mem_addr=000025bc mem_wd=00000000 mem_rd=fe0f0f13
COMMIT t=4845000 wb_pc=000005bc wb_we=1 wb_rd=x2 wb_val=000025bc IF_pc=000005cc IF_inst=00111523 ID_pc=000005c8 ID_inst=aab08093 EX_pc=000005c4 EX_alu=ffffe000 mem_stall=0 mem_commit=0 mem_we=0000 mem_addr=00001f3c mem_wd=00000000 mem_rd=00000000
COMMIT t=4855000 wb_pc=000005c0 wb_we=1 wb_rd=x2 wb_val=00001f3c IF_pc=000005d0 IF_inst=00a11703 ID_pc=000005cc ID_inst=00111523 EX_pc=000005c8 EX_alu=ffffdaab mem_stall=0 mem_commit=0 mem_we=0000 mem_addr=ffffe000 mem_wd=00000000 mem_rd=bccdccdd
COMMIT t=4865000 wb_pc=000005c4 wb_we=1 wb_rd=x1 wb_val=ffffe000 IF_pc=000005d0 IF_inst=00a11703 ID_pc=000005cc ID_inst=00111523 EX_pc=000005cc EX_alu=00001f46 mem_stall=0 mem_commit=0 mem_we=0000 mem_addr=ffffdaab mem_wd=00000000 mem_rd=00000000
COMMIT t=4875000 wb_pc=000005c8 wb_we=1 wb_rd=x1 wb_val=ffffdaab IF_pc=000005d4 IF_inst=ffffe3b7 ID_pc=000005d0 ID_inst=00a11703 EX_pc=000005cc EX_alu=00001f46 mem_stall=1 mem_commit=0 mem_we=0000 mem_addr=00001f46 mem_wd=ffffaabb mem_rd=00000000
COMMIT t=4895000 wb_pc=000005cc wb_we=1 wb_rd=x0 wb_val=3300aabb IF_pc=000005d8 IF_inst=aab38393 ID_pc=000005d4 ID_inst=ffffe3b7 EX_pc=000005d0 EX_alu=00001f46 mem_stall=1 mem_commit=0 mem_we=0000 mem_addr=00001f46 mem_wd=daab0000 mem_rd=3300aabb
MEM_WRITE t=4905000 pc=000005cc addr=00001f46 wd=daab0000 ctrl=1
COMMIT t=4915000 wb_pc=000005cc wb_we=0 wb_rd=x10 wb_val=00001f46 IF_pc=000005dc IF_inst=1c771e63 ID_pc=000005d8 ID_inst=aab38393 EX_pc=000005d4 EX_alu=ffffe000 mem_stall=1 mem_commit=0 mem_we=0000 mem_addr=00001f46 mem_wd=00000000 mem_rd=daabaabb
COMMIT t=4935000 wb_pc=000005d0 wb_we=1 wb_rd=x14 wb_val=ffffdaab IF_pc=000005e0 IF_inst=02600193 ID_pc=000005dc ID_inst=1c771e63 EX_pc=000005d8 EX_alu=ffffdaab mem_stall=0 mem_commit=0 mem_we=0000 mem_addr=ffffe000 mem_wd=00000000 mem_rd=daabaabb
COMMIT t=4955000 wb_pc=000005d8 wb_we=1 wb_rd=x7 wb_val=ffffdaab IF_pc=000005e8 IF_inst=95810113 ID_pc=000005e4 ID_inst=00002117 EX_pc=000005e0 EX_alu=00000026 mem_stall=0 mem_commit=0 mem_we=0000 mem_addr=000007b8 mem_wd=0000daab mem_rd=00000000
COMMIT t=4965000 wb_pc=000005dc wb_we=0 wb_rd=x28 wb_val=000007b8 IF_pc=000005ec IF_inst=000020b7 ID_pc=000005e8 ID_inst=95810113 EX_pc=000005e4 EX_alu=000025e4 mem_stall=0 mem_commit=0 mem_we=0000 mem_addr=00000026 mem_wd=00000000 mem_rd=0ff0000f
COMMIT t=4975000 wb_pc=000005e0 wb_we=1 wb_rd=x3 wb_val=00000026 IF_pc=000005f0 IF_inst=23308093 ID_pc=000005ec ID_inst=000020b7 EX_pc=000005e8 EX_alu=00001f3c mem_stall=0 mem_commit=0 mem_we=0000 mem_addr=000025e4 mem_wd=00000000 mem_rd=fe0f0f13
COMMIT t=4985000 wb_pc=000005e4 wb_we=1 wb_rd=x2 wb_val=000025e4 IF_pc=000005f4 IF_inst=00111023 ID_pc=000005f0 ID_inst=23308093 EX_pc=000005ec EX_alu=00002000 mem_stall=0 mem_commit=0 mem_we=0000 mem_addr=00001f3c mem_wd=00000000 mem_rd=00000000
COMMIT t=4995000 wb_pc=000005e8 wb_we=1 wb_rd=x2 wb_val=00001f3c IF_pc=000005f8 IF_inst=00011703 ID_pc=000005f4 ID_inst=00111023 EX_pc=000005f0 EX_alu=00002233 mem_stall=0 mem_commit=0 mem_we=0000 mem_addr=00002000 mem_wd=00000000 mem_rd=bccdccdd
COMMIT t=5005000 wb_pc=000005ec wb_we=1 wb_rd=x1 wb_val=00002000 IF_pc=000005f8 IF_inst=00011703 ID_pc=000005f4 ID_inst=00111023 EX_pc=000005f4 EX_alu=00001f3c mem_stall=0 mem_commit=0 mem_we=0000 mem_addr=00002233 mem_wd=00000000 mem_rd=00000000
COMMIT t=5015000 wb_pc=000005f0 wb_we=1 wb_rd=x1 wb_val=00002233 IF_pc=000005fc IF_inst=000023b7 ID_pc=000005f8 ID_inst=00011703 EX_pc=000005f4 EX_alu=00001f3c mem_stall=1 mem_commit=0 mem_we=0000 mem_addr=00001f3c mem_wd=ffffdaab mem_rd=00000000
COMMIT t=5035000 wb_pc=000005f4 wb_we=1 wb_rd=x0 wb_val=bccdccdd IF_pc=00000600 IF_inst=23338393 ID_pc=000005fc ID_inst=000023b7 EX_pc=000005f8 EX_alu=00001f3c mem_stall=1 mem_commit=0 mem_we=0000 mem_addr=00001f3c mem_wd=00002233 mem_rd=bccdccdd
MEM_WRITE t=5045000 pc=000005f4 addr=00001f3c wd=00002233 ctrl=1
COMMIT t=5055000 wb_pc=000005f4 wb_we=0 wb_rd=x0 wb_val=00001f3c IF_pc=00000604 IF_inst=1a771a63 ID_pc=00000600 ID_inst=23338393 EX_pc=000005fc EX_alu=00002000 mem_stall=1 mem_commit=0 mem_we=0000 mem_addr=00001f3c mem_wd=00000000 mem_rd=bccd2233
COMMIT t=5075000 wb_pc=000005f8 wb_we=1 wb_rd=x14 wb_val=00002233 IF_pc=00000608 IF_inst=02700193 ID_pc=00000604 ID_inst=1a771a63 EX_pc=00000600 EX_alu=00002233 mem_stall=0 mem_commit=0 mem_we=0000 mem_addr=00002000 mem_wd=00000000 mem_rd=bccd2233
COMMIT t=5095000 wb_pc=00000600 wb_we=1 wb_rd=x7 wb_val=00002233 IF_pc=00000610 IF_inst=93010113 ID_pc=0000060c ID_inst=00002117 EX_pc=00000608 EX_alu=00000027 mem_stall=0 mem_commit=0 mem_we=0000 mem_addr=000007b8 mem_wd=00002233 mem_rd=00000000
COMMIT t=5105000 wb_pc=00000604 wb_we=0 wb_rd=x20 wb_val=000007b8 IF_pc=00000614 IF_inst=000010b7 ID_pc=00000610 ID_inst=93010113 EX_pc=0000060c EX_alu=0000260c mem_stall=0 mem_commit=0 mem_we=0000 mem_addr=00000027 mem_wd=33000000 mem_rd=0ff0000f
COMMIT t=5115000 wb_pc=00000608 wb_we=1 wb_rd=x3 wb_val=00000027 IF_pc=00000618 IF_inst=22308093 ID_pc=00000614 ID_inst=000010b7 EX_pc=00000610 EX_alu=00001f3c mem_stall=0 mem_commit=0 mem_we=0000 mem_addr=0000260c mem_wd=00000000 mem_rd=fe0f0f13
COMMIT t=5125000 wb_pc=0000060c wb_we=1 wb_rd=x2 wb_val=0000260c IF_pc=0000061c IF_inst=00111123 ID_pc=00000618 ID_inst=22308093 EX_pc=00000614 EX_alu=00001000 mem_stall=0 mem_commit=0 mem_we=0000 mem_addr=00001f3c mem_wd=00000000 mem_rd=00000000
COMMIT t=5135000 wb_pc=00000610 wb_we=1 wb_rd=x2 wb_val=00001f3c IF_pc=00000620 IF_inst=00211703 ID_pc=0000061c ID_inst=00111123 EX_pc=00000618 EX_alu=00001223 mem_stall=0 mem_commit=0 mem_we=0000 mem_addr=00001000 mem_wd=00000000 mem_rd=bccd2233
COMMIT t=5145000 wb_pc=00000614 wb_we=1 wb_rd=x1 wb_val=00001000 IF_pc=00000620 IF_inst=00211703 ID_pc=0000061c ID_inst=00111123 EX_pc=0000061c EX_alu=00001f3e mem_stall=0 mem_commit=0 mem_we=0000 mem_addr=00001223 mem_wd=27000000 mem_rd=00000000
COMMIT t=5155000 wb_pc=00000618 wb_we=1 wb_rd=x1 wb_val=00001223 IF_pc=00000624 IF_inst=000013b7 ID_pc=00000620 ID_inst=00211703 EX_pc=0000061c EX_alu=00001f3e mem_stall=1 mem_commit=0 mem_we=0000 mem_addr=00001f3e mem_wd=00002233 mem_rd=00000000
COMMIT t=5175000 wb_pc=0000061c wb_we=1 wb_rd=x0 wb_val=bccd2233 IF_pc=00000628 IF_inst=22338393 ID_pc=00000624 ID_inst=000013b7 EX_pc=00000620 EX_alu=00001f3e mem_stall=1 mem_commit=0 mem_we=0000 mem_addr=00001f3e mem_wd=12230000 mem_rd=bccd2233
MEM_WRITE t=5185000 pc=0000061c addr=00001f3e wd=12230000 ctrl=1
COMMIT t=5195000 wb_pc=0000061c wb_we=0 wb_rd=x2 wb_val=00001f3e IF_pc=0000062c IF_inst=18771663 ID_pc=00000628 ID_inst=22338393 EX_pc=00000624 EX_alu=00001000 mem_stall=1 mem_commit=0 mem_we=0000 mem_addr=00001f3e mem_wd=1f3c0000 mem_rd=12232233
COMMIT t=5215000 wb_pc=00000620 wb_we=1 wb_rd=x14 wb_val=00001223 IF_pc=00000630 IF_inst=02800193 ID_pc=0000062c ID_inst=18771663 EX_pc=00000628 EX_alu=00001223 mem_stall=0 mem_commit=0 mem_we=0000 mem_addr=00001000 mem_wd=00000000 mem_rd=12232233
COMMIT t=5235000 wb_pc=00000628 wb_we=1 wb_rd=x7 wb_val=00001223 IF_pc=00000638 IF_inst=90810113 ID_pc=00000634 ID_inst=00002117 EX_pc=00000630 EX_alu=00000028 mem_stall=0 mem_commit=0 mem_we=0000 mem_addr=000007b8 mem_wd=00001223 mem_rd=00000000
COMMIT t=5245000 wb_pc=0000062c wb_we=0 wb_rd=x12 wb_val=000007b8 IF_pc=0000063c IF_inst=000010b7 ID_pc=00000638 ID_inst=90810113 EX_pc=00000634 EX_alu=00002634 mem_stall=0 mem_commit=0 mem_we=0000 mem_addr=00000028 mem_wd=00000000 mem_rd=0ff0000f
COMMIT t=5255000 wb_pc=00000630 wb_we=1 wb_rd=x3 wb_val=00000028 IF_pc=00000640 IF_inst=12208093 ID_pc=0000063c ID_inst=000010b7 EX_pc=00000638 EX_alu=00001f3c mem_stall=0 mem_commit=0 mem_we=0000 mem_addr=00002634 mem_wd=00000000 mem_rd=000f0463
COMMIT t=5265000 wb_pc=00000634 wb_we=1 wb_rd=x2 wb_val=00002634 IF_pc=00000644 IF_inst=00111223 ID_pc=00000640 ID_inst=12208093 EX_pc=0000063c EX_alu=00001000 mem_stall=0 mem_commit=0 mem_we=0000 mem_addr=00001f3c mem_wd=00000000 mem_rd=00000000
COMMIT t=5275000 wb_pc=00000638 wb_we=1 wb_rd=x2 wb_val=00001f3c IF_pc=00000648 IF_inst=00411703 ID_pc=00000644 ID_inst=00111223 EX_pc=00000640 EX_alu=00001122 mem_stall=0 mem_commit=0 mem_we=0000 mem_addr=00001000 mem_wd=00000000 mem_rd=12232233
COMMIT t=5285000 wb_pc=0000063c wb_we=1 wb_rd=x1 wb_val=00001000 IF_pc=00000648 IF_inst=00411703 ID_pc=00000644 ID_inst=00111223 EX_pc=00000644 EX_alu=00001f40 mem_stall=0 mem_commit=0 mem_we=0000 mem_addr=00001122 mem_wd=003c0000 mem_rd=00000000
COMMIT t=5295000 wb_pc=00000640 wb_we=1 wb_rd=x1 wb_val=00001122 IF_pc=0000064c IF_inst=000013b7 ID_pc=00000648 ID_inst=00411703 EX_pc=00000644 EX_alu=00001f40 mem_stall=1 mem_commit=0 mem_we=0000 mem_addr=00001f40 mem_wd=00001223 mem_rd=00000000
COMMIT t=5315000 wb_pc=00000644 wb_we=1 wb_rd=x0 wb_val=abbcbbcc IF_pc=00000650 IF_inst=12238393 ID_pc=0000064c ID_inst=000013b7 EX_pc=00000648 EX_alu=00001f40 mem_stall=1 mem_commit=0 mem_we=0000 mem_addr=00001f40 mem_wd=00001122 mem_rd=abbcbbcc
MEM_WRITE t=5325000 pc=00000644 addr=00001f40 wd=00001122 ctrl=1
COMMIT t=5335000 wb_pc=00000644 wb_we=0 wb_rd=x4 wb_val=00001f40 IF_pc=00000654 IF_inst=16771263 ID_pc=00000650 ID_inst=12238393 EX_pc=0000064c EX_alu=00001000 mem_stall=1 mem_commit=0 mem_we=0000 mem_addr=00001f40 mem_wd=00000000 mem_rd=abbc1122
COMMIT t=5355000 wb_pc=00000648 wb_we=1 wb_rd=x14 wb_val=00001122 IF_pc=00000658 IF_inst=02900193 ID_pc=00000654 ID_inst=16771263 EX_pc=00000650 EX_alu=00001122 mem_stall=0 mem_commit=0 mem_we=0000 mem_addr=00001000 mem_wd=00000000 mem_rd=abbc1122
COMMIT t=5375000 wb_pc=00000650 wb_we=1 wb_rd=x7 wb_val=00001122 IF_pc=00000660 IF_inst=8e010113 ID_pc=0000065c ID_inst=00002117 EX_pc=00000658 EX_alu=00000029 mem_stall=0 mem_commit=0 mem_we=0000 mem_addr=000007b8 mem_wd=00001122 mem_rd=00000000
COMMIT t=5385000 wb_pc=00000654 wb_we=0 wb_rd=x4 wb_val=000007b8 IF_pc=00000664 IF_inst=11200093 ID_pc=00000660 ID_inst=8e010113 EX_pc=0000065c EX_alu=0000265c mem_stall=0 mem_commit=0 mem_we=0000 mem_addr=00000029 mem_wd=00000000 mem_rd=0ff0000f
COMMIT t=5395000 wb_pc=00000658 wb_we=1 wb_rd=x3 wb_val=00000029 IF_pc=00000668 IF_inst=00111323 ID_pc=00000664 ID_inst=11200093 EX_pc=00000660 EX_alu=00001f3c mem_stall=0 mem_commit=0 mem_we=0000 mem_addr=0000265c mem_wd=00000000 mem_rd=000f0463
COMMIT t=5405000 wb_pc=0000065c wb_we=1 wb_rd=x2 wb_val=0000265c IF_pc=0000066c IF_inst=00611703 ID_pc=00000668 ID_inst=00111323 EX_pc=00000664 EX_alu=00000112 mem_stall=0 mem_commit=0 mem_we=0000 mem_addr=00001f3c mem_wd=00000000 mem_rd=00000000
COMMIT t=5415000 wb_pc=00000660 wb_we=1 wb_rd=x2 wb_val=00001f3c IF_pc=0000066c IF_inst=00611703 ID_pc=00000668 ID_inst=00111323 EX_pc=00000668 EX_alu=00001f42 mem_stall=0 mem_commit=0 mem_we=0000 mem_addr=00000112 mem_wd=00000000 mem_rd=12232233
COMMIT t=5425000 wb_pc=00000664 wb_we=1 wb_rd=x1 wb_val=00000112 IF_pc=00000670 IF_inst=11200393 ID_pc=0000066c ID_inst=00611703 EX_pc=00000668 EX_alu=00001f42 mem_stall=1 mem_commit=0 mem_we=0000 mem_addr=00001f42 mem_wd=00001122 mem_rd=00400193
COMMIT t=5445000 wb_pc=00000668 wb_we=1 wb_rd=x0 wb_val=abbc1122 IF_pc=00000674 IF_inst=14771263 ID_pc=00000670 ID_inst=11200393 EX_pc=0000066c EX_alu=00001f42 mem_stall=1 mem_commit=0 mem_we=0000 mem_addr=00001f42 mem_wd=01120000 mem_rd=abbc1122
MEM_WRITE t=5455000 pc=00000668 addr=00001f42 wd=01120000 ctrl=1
COMMIT t=5465000 wb_pc=00000668 wb_we=0 wb_rd=x6 wb_val=00001f42 IF_pc=00000678 IF_inst=02a00193 ID_pc=00000674 ID_inst=14771263 EX_pc=00000670 EX_alu=00000112 mem_stall=1 mem_commit=0 mem_we=0000 mem_addr=00001f42 mem_wd=00000000 mem_rd=01121122
COMMIT t=5485000 wb_pc=0000066c wb_we=1 wb_rd=x14 wb_val=00000112 IF_pc=0000067c IF_inst=00002117 ID_pc=00000678 ID_inst=02a00193 EX_pc=00000674 EX_alu=000007b8 mem_stall=0 mem_commit=0 mem_we=0000 mem_addr=00000112 mem_wd=00000000 mem_rd=01121122
COMMIT t=5505000 wb_pc=00000674 wb_we=0 wb_rd=x4 wb_val=000007b8 IF_pc=00000684 IF_inst=01100093 ID_pc=00000680 ID_inst=8c010113 EX_pc=0000067c EX_alu=0000267c mem_stall=0 mem_commit=0 mem_we=0000 mem_addr=0000002a mem_wd=00000000 mem_rd=0ff0000f
COMMIT t=5515000 wb_pc=00000678 wb_we=1 wb_rd=x3 wb_val=0000002a IF_pc=00000688 IF_inst=00111423 ID_pc=00000684 ID_inst=01100093 EX_pc=00000680 EX_alu=00001f3c mem_stall=0 mem_commit=0 mem_we=0000 mem_addr=0000267c mem_wd=00000000 mem_rd=000f0463
COMMIT t=5525000 wb_pc=0000067c wb_we=1 wb_rd=x2 wb_val=0000267c IF_pc=0000068c IF_inst=00811703 ID_pc=00000688 ID_inst=00111423 EX_pc=00000684 EX_alu=00000011 mem_stall=0 mem_commit=0 mem_we=0000 mem_addr=00001f3c mem_wd=00000000 mem_rd=00000000
COMMIT t=5535000 wb_pc=00000680 wb_we=1 wb_rd=x2 wb_val=00001f3c IF_pc=0000068c IF_inst=00811703 ID_pc=00000688 ID_inst=00111423 EX_pc=00000688 EX_alu=00001f44 mem_stall=0 mem_commit=0 mem_we=0000 mem_addr=00000011 mem_wd=00000000 mem_rd=12232233
COMMIT t=5545000 wb_pc=00000684 wb_we=1 wb_rd=x1 wb_val=00000011 IF_pc=00000690 IF_inst=01100393 ID_pc=0000068c ID_inst=00811703 EX_pc=00000688 EX_alu=00001f44 mem_stall=1 mem_commit=0 mem_we=0000 mem_addr=00001f44 mem_wd=00000112 mem_rd=00900f93
COMMIT t=5565000 wb_pc=00000688 wb_we=1 wb_rd=x0 wb_val=daabaabb IF_pc=00000694 IF_inst=12771263 ID_pc=00000690 ID_inst=01100393 EX_pc=0000068c EX_alu=00001f44 mem_stall=1 mem_commit=0 mem_we=0000 mem_addr=00001f44 mem_wd=00000011 mem_rd=daabaabb
MEM_WRITE t=5575000 pc=00000688 addr=00001f44 wd=00000011 ctrl=1
COMMIT t=5585000 wb_pc=00000688 wb_we=0 wb_rd=x8 wb_val=00001f44 IF_pc=00000698 IF_inst=02b00193 ID_pc=00000694 ID_inst=12771263 EX_pc=00000690 EX_alu=00000011 mem_stall=1 mem_commit=0 mem_we=0000 mem_addr=00001f44 mem_wd=00000000 mem_rd=daab0011
COMMIT t=5605000 wb_pc=0000068c wb_we=1 wb_rd=x14 wb_val=00000011 IF_pc=0000069c IF_inst=00002117 ID_pc=00000698 ID_inst=02b00193 EX_pc=00000694 EX_alu=000007b8 mem_stall=0 mem_commit=0 mem_we=0000 mem_addr=00000011 mem_wd=00000000 mem_rd=daab0011
COMMIT t=5625000 wb_pc=00000694 wb_we=0 wb_rd=x4 wb_val=000007b8 IF_pc=000006a4 IF_inst=000030b7 ID_pc=000006a0 ID_inst=8a010113 EX_pc=0000069c EX_alu=0000269c mem_stall=0 mem_commit=0 mem_we=0000 mem_addr=0000002b mem_wd=00000000 mem_rd=0ff0000f
COMMIT t=5635000 wb_pc=00000698 wb_we=1 wb_rd=x3 wb_val=0000002b IF_pc=000006a8 IF_inst=00108093 ID_pc=000006a4 ID_inst=000030b7 EX_pc=000006a0 EX_alu=00001f3c mem_stall=0 mem_commit=0 mem_we=0000 mem_addr=0000269c mem_wd=00000000 mem_rd=000f0463
COMMIT t=5645000 wb_pc=0000069c wb_we=1 wb_rd=x2 wb_val=0000269c IF_pc=000006ac IF_inst=00111523 ID_pc=000006a8 ID_inst=00108093 EX_pc=000006a4 EX_alu=00003000 mem_stall=0 mem_commit=0 mem_we=0000 mem_addr=00001f3c mem_wd=00000000 mem_rd=00000000
COMMIT t=5655000 wb_pc=000006a0 wb_we=1 wb_rd=x2 wb_val=00001f3c IF_pc=000006b0 IF_inst=00a11703 ID_pc=000006ac ID_inst=00111523 EX_pc=000006a8 EX_alu=00003001 mem_stall=0 mem_commit=0 mem_we=0000 mem_addr=00003000 mem_wd=00000000 mem_rd=12232233
COMMIT t=5665000 wb_pc=000006a4 wb_we=1 wb_rd=x1 wb_val=00003000 IF_pc=000006b0 IF_inst=00a11703 ID_pc=000006ac ID_inst=00111523 EX_pc=000006ac EX_alu=00001f46 mem_stall=0 mem_commit=0 mem_we=0000 mem_addr=00003001 mem_wd=00000000 mem_rd=00000000
COMMIT t=5675000 wb_pc=000006a8 wb_we=1 wb_rd=x1 wb_val=00003001 IF_pc=000006b4 IF_inst=000033b7 ID_pc=000006b0 ID_inst=00a11703 EX_pc=000006ac EX_alu=00001f46 mem_stall=1 mem_commit=0 mem_we=0000 mem_addr=00001f46 mem_wd=00000011 mem_rd=00000000
COMMIT t=5695000 wb_pc=000006ac wb_we=1 wb_rd=x0 wb_val=daab0011 IF_pc=000006b8 IF_inst=00138393 ID_pc=000006b4 ID_inst=000033b7 EX_pc=000006b0 EX_alu=00001f46 mem_stall=1 mem_commit=0 mem_we=0000 mem_addr=00001f46 mem_wd=30010000 mem_rd=daab0011
MEM_WRITE t=5705000 pc=000006ac addr=00001f46 wd=30010000 ctrl=1
COMMIT t=5715000 wb_pc=000006ac wb_we=0 wb_rd=x10 wb_val=00001f46 IF_pc=000006bc IF_inst=0e771e63 ID_pc=000006b8 ID_inst=00138393 EX_pc=000006b4 EX_alu=00003000 mem_stall=1 mem_commit=0 mem_we=0000 mem_addr=00001f46 mem_wd=00000000 mem_rd=30010011
COMMIT t=5735000 wb_pc=000006b0 wb_we=1 wb_rd=x14 wb_val=00003001 IF_pc=000006c0 IF_inst=02c00193 ID_pc=000006bc ID_inst=0e771e63 EX_pc=000006b8 EX_alu=00003001 mem_stall=0 mem_commit=0 mem_we=0000 mem_addr=00003000 mem_wd=00000000 mem_rd=30010011
COMMIT t=5755000 wb_pc=000006b8 wb_we=1 wb_rd=x7 wb_val=00003001 IF_pc=000006c8 IF_inst=87810113 ID_pc=000006c4 ID_inst=00002117 EX_pc=000006c0 EX_alu=0000002c mem_stall=0 mem_commit=0 mem_we=0000 mem_addr=000007b8 mem_wd=00003001 mem_rd=00000000
COMMIT t=5765000 wb_pc=000006bc wb_we=0 wb_rd=x28 wb_val=000007b8 IF_pc=000006cc IF_inst=000020b7 ID_pc=000006c8 ID_inst=87810113 EX_pc=000006c4 EX_alu=000026c4 mem_stall=0 mem_commit=0 mem_we=0000 mem_addr=0000002c mem_wd=00000000 mem_rd=0ff0000f
COMMIT t=5775000 wb_pc=000006c0 wb_we=1 wb_rd=x3 wb_val=0000002c IF_pc=000006d0 IF_inst=23308093 ID_pc=000006cc ID_inst=000020b7 EX_pc=000006c8 EX_alu=00001f3c mem_stall=0 mem_commit=0 mem_we=0000 mem_addr=000026c4 mem_wd=00000000 mem_rd=000f0067
COMMIT t=5785000 wb_pc=000006c4 wb_we=1 wb_rd=x2 wb_val=000026c4 IF_pc=000006d4 IF_inst=00111023 ID_pc=000006d0 ID_inst=23308093 EX_pc=000006cc EX_alu=00002000 mem_stall=0 mem_commit=0 mem_we=0000 mem_addr=00001f3c mem_wd=00000000 mem_rd=00000000
COMMIT t=5795000 wb_pc=000006c8 wb_we=1 wb_rd=x2 wb_val=00001f3c IF_pc=000006d8 IF_inst=00015703 ID_pc=000006d4 ID_inst=00111023 EX_pc=000006d0 EX_alu=00002233 mem_stall=0 mem_commit=0 mem_we=0000 mem_addr=00002000 mem_wd=00000000 mem_rd=12232233
COMMIT t=5805000 wb_pc=000006cc wb_we=1 wb_rd=x1 wb_val=00002000 IF_pc=000006d8 IF_inst=00015703 ID_pc=000006d4 ID_inst=00111023 EX_pc=000006d4 EX_alu=00001f3c mem_stall=0 mem_commit=0 mem_we=0000 mem_addr=00002233 mem_wd=00000000 mem_rd=00000000
COMMIT t=5815000 wb_pc=000006d0 wb_we=1 wb_rd=x1 wb_val=00002233 IF_pc=000006dc IF_inst=000023b7 ID_pc=000006d8 ID_inst=00015703 EX_pc=000006d4 EX_alu=00001f3c mem_stall=1 mem_commit=0 mem_we=0000 mem_addr=00001f3c mem_wd=00003001 mem_rd=00000000
COMMIT t=5835000 wb_pc=000006d4 wb_we=1 wb_rd=x0 wb_val=12232233 IF_pc=000006e0 IF_inst=23338393 ID_pc=000006dc ID_inst=000023b7 EX_pc=000006d8 EX_alu=00001f3c mem_stall=1 mem_commit=0 mem_we=0000 mem_addr=00001f3c mem_wd=00002233 mem_rd=12232233
MEM_WRITE t=5845000 pc=000006d4 addr=00001f3c wd=00002233 ctrl=1
COMMIT t=5855000 wb_pc=000006d4 wb_we=0 wb_rd=x0 wb_val=00001f3c IF_pc=000006e4 IF_inst=0c771a63 ID_pc=000006e0 ID_inst=23338393 EX_pc=000006dc EX_alu=00002000 mem_stall=1 mem_commit=0 mem_we=0000 mem_addr=00001f3c mem_wd=00000000 mem_rd=12232233
COMMIT t=5875000 wb_pc=000006d8 wb_we=1 wb_rd=x14 wb_val=00002233 IF_pc=000006e8 IF_inst=02d00193 ID_pc=000006e4 ID_inst=0c771a63 EX_pc=000006e0 EX_alu=00002233 mem_stall=0 mem_commit=0 mem_we=0000 mem_addr=00002000 mem_wd=00000000 mem_rd=12232233
COMMIT t=5895000 wb_pc=000006e0 wb_we=1 wb_rd=x7 wb_val=00002233 IF_pc=000006f0 IF_inst=85010113 ID_pc=000006ec ID_inst=00002117 EX_pc=000006e8 EX_alu=0000002d mem_stall=0 mem_commit=0 mem_we=0000 mem_addr=000007b8 mem_wd=00002233 mem_rd=00000000
COMMIT t=5905000 wb_pc=000006e4 wb_we=0 wb_rd=x20 wb_val=000007b8 IF_pc=000006f4 IF_inst=000010b7 ID_pc=000006f0 ID_inst=85010113 EX_pc=000006ec EX_alu=000026ec mem_stall=0 mem_commit=0 mem_we=0000 mem_addr=0000002d mem_wd=00000000 mem_rd=0ff0000f
COMMIT t=5915000 wb_pc=000006e8 wb_we=1 wb_rd=x3 wb_val=0000002d IF_pc=000006f8 IF_inst=22308093 ID_pc=000006f4 ID_inst=000010b7 EX_pc=000006f0 EX_alu=00001f3c mem_stall=0 mem_commit=0 mem_we=0000 mem_addr=000026ec mem_wd=00000000 mem_rd=000f0067
COMMIT t=5925000 wb_pc=000006ec wb_we=1 wb_rd=x2 wb_val=000026ec IF_pc=000006fc IF_inst=00111123 ID_pc=000006f8 ID_inst=22308093 EX_pc=000006f4 EX_alu=00001000 mem_stall=0 mem_commit=0 mem_we=0000 mem_addr=00001f3c mem_wd=00000000 mem_rd=00000000
COMMIT t=5935000 wb_pc=000006f0 wb_we=1 wb_rd=x2 wb_val=00001f3c IF_pc=00000700 IF_inst=00215703 ID_pc=000006fc ID_inst=00111123 EX_pc=000006f8 EX_alu=00001223 mem_stall=0 mem_commit=0 mem_we=0000 mem_addr=00001000 mem_wd=00000000 mem_rd=12232233
COMMIT t=5945000 wb_pc=000006f4 wb_we=1 wb_rd=x1 wb_val=00001000 IF_pc=00000700 IF_inst=00215703 ID_pc=000006fc ID_inst=00111123 EX_pc=000006fc EX_alu=00001f3e mem_stall=0 mem_commit=0 mem_we=0000 mem_addr=00001223 mem_wd=2d000000 mem_rd=00000000
COMMIT t=5955000 wb_pc=000006f8 wb_we=1 wb_rd=x1 wb_val=00001223 IF_pc=00000704 IF_inst=000013b7 ID_pc=00000700 ID_inst=00215703 EX_pc=000006fc EX_alu=00001f3e mem_stall=1 mem_commit=0 mem_we=0000 mem_addr=00001f3e mem_wd=00002233 mem_rd=00000000
COMMIT t=5975000 wb_pc=000006fc wb_we=1 wb_rd=x0 wb_val=12232233 IF_pc=00000708 IF_inst=22338393 ID_pc=00000704 ID_inst=000013b7 EX_pc=00000700 EX_alu=00001f3e mem_stall=1 mem_commit=0 mem_we=0000 mem_addr=00001f3e mem_wd=12230000 mem_rd=12232233
MEM_WRITE t=5985000 pc=000006fc addr=00001f3e wd=12230000 ctrl=1
COMMIT t=5995000 wb_pc=000006fc wb_we=0 wb_rd=x2 wb_val=00001f3e IF_pc=0000070c IF_inst=0a771663 ID_pc=00000708 ID_inst=22338393 EX_pc=00000704 EX_alu=00001000 mem_stall=1 mem_commit=0 mem_we=0000 mem_addr=00001f3e mem_wd=1f3c0000 mem_rd=12232233
COMMIT t=6015000 wb_pc=00000700 wb_we=1 wb_rd=x14 wb_val=00001223 IF_pc=00000710 IF_inst=02e00193 ID_pc=0000070c ID_inst=0a771663 EX_pc=00000708 EX_alu=00001223 mem_stall=0 mem_commit=0 mem_we=0000 mem_addr=00001000 mem_wd=00000000 mem_rd=12232233
COMMIT t=6035000 wb_pc=00000708 wb_we=1 wb_rd=x7 wb_val=00001223 IF_pc=00000718 IF_inst=82810113 ID_pc=00000714 ID_inst=00002117 EX_pc=00000710 EX_alu=0000002e mem_stall=0 mem_commit=0 mem_we=0000 mem_addr=000007b8 mem_wd=00001223 mem_rd=00000000
COMMIT t=6045000 wb_pc=0000070c wb_we=0 wb_rd=x12 wb_val=000007b8 IF_pc=0000071c IF_inst=000010b7 ID_pc=00000718 ID_inst=82810113 EX_pc=00000714 EX_alu=00002714 mem_stall=0 mem_commit=0 mem_we=0000 mem_addr=0000002e mem_wd=00230000 mem_rd=0ff0000f
COMMIT t=6055000 wb_pc=00000710 wb_we=1 wb_rd=x3 wb_val=0000002e IF_pc=00000720 IF_inst=12208093 ID_pc=0000071c ID_inst=000010b7 EX_pc=00000718 EX_alu=00001f3c mem_stall=0 mem_commit=0 mem_we=0000 mem_addr=00002714 mem_wd=00000000 mem_rd=000f0067
COMMIT t=6065000 wb_pc=00000714 wb_we=1 wb_rd=x2 wb_val=00002714 IF_pc=00000724 IF_inst=00111223 ID_pc=00000720 ID_inst=12208093 EX_pc=0000071c EX_alu=00001000 mem_stall=0 mem_commit=0 mem_we=0000 mem_addr=00001f3c mem_wd=00000000 mem_rd=00000000
COMMIT t=6075000 wb_pc=00000718 wb_we=1 wb_rd=x2 wb_val=00001f3c IF_pc=00000728 IF_inst=00415703 ID_pc=00000724 ID_inst=00111223 EX_pc=00000720 EX_alu=00001122 mem_stall=0 mem_commit=0 mem_we=0000 mem_addr=00001000 mem_wd=00000000 mem_rd=12232233
COMMIT t=6085000 wb_pc=0000071c wb_we=1 wb_rd=x1 wb_val=00001000 IF_pc=00000728 IF_inst=00415703 ID_pc=00000724 ID_inst=00111223 EX_pc=00000724 EX_alu=00001f40 mem_stall=0 mem_commit=0 mem_we=0000 mem_addr=00001122 mem_wd=003c0000 mem_rd=00000000
COMMIT t=6095000 wb_pc=00000720 wb_we=1 wb_rd=x1 wb_val=00001122 IF_pc=0000072c IF_inst=000013b7 ID_pc=00000728 ID_inst=00415703 EX_pc=00000724 EX_alu=00001f40 mem_stall=1 mem_commit=0 mem_we=0000 mem_addr=00001f40 mem_wd=00001223 mem_rd=00000000
COMMIT t=6115000 wb_pc=00000724 wb_we=1 wb_rd=x0 wb_val=01121122 IF_pc=00000730 IF_inst=12238393 ID_pc=0000072c ID_inst=000013b7 EX_pc=00000728 EX_alu=00001f40 mem_stall=1 mem_commit=0 mem_we=0000 mem_addr=00001f40 mem_wd=00001122 mem_rd=01121122
MEM_WRITE t=6125000 pc=00000724 addr=00001f40 wd=00001122 ctrl=1
COMMIT t=6135000 wb_pc=00000724 wb_we=0 wb_rd=x4 wb_val=00001f40 IF_pc=00000734 IF_inst=08771263 ID_pc=00000730 ID_inst=12238393 EX_pc=0000072c EX_alu=00001000 mem_stall=1 mem_commit=0 mem_we=0000 mem_addr=00001f40 mem_wd=00000000 mem_rd=01121122
COMMIT t=6155000 wb_pc=00000728 wb_we=1 wb_rd=x14 wb_val=00001122 IF_pc=00000738 IF_inst=02f00193 ID_pc=00000734 ID_inst=08771263 EX_pc=00000730 EX_alu=00001122 mem_stall=0 mem_commit=0 mem_we=0000 mem_addr=00001000 mem_wd=00000000 mem_rd=01121122
COMMIT t=6175000 wb_pc=00000730 wb_we=1 wb_rd=x7 wb_val=00001122 IF_pc=00000740 IF_inst=80010113 ID_pc=0000073c ID_inst=00002117 EX_pc=00000738 EX_alu=0000002f mem_stall=0 mem_commit=0 mem_we=0000 mem_addr=000007b8 mem_wd=00001122 mem_rd=00000000
COMMIT t=6185000 wb_pc=00000734 wb_we=0 wb_rd=x4 wb_val=000007b8 IF_pc=00000744 IF_inst=11200093 ID_pc=00000740 ID_inst=80010113 EX_pc=0000073c EX_alu=0000273c mem_stall=0 mem_commit=0 mem_we=0000 mem_addr=0000002f mem_wd=00000000 mem_rd=0ff0000f
COMMIT t=6195000 wb_pc=00000738 wb_we=1 wb_rd=x3 wb_val=0000002f IF_pc=00000748 IF_inst=00111323 ID_pc=00000744 ID_inst=11200093 EX_pc=00000740 EX_alu=00001f3c mem_stall=0 mem_commit=0 mem_we=0000 mem_addr=0000273c mem_wd=00000000 mem_rd=000f0067
COMMIT t=6205000 wb_pc=0000073c wb_we=1 wb_rd=x2 wb_val=0000273c IF_pc=0000074c IF_inst=00615703 ID_pc=00000748 ID_inst=00111323 EX_pc=00000744 EX_alu=00000112 mem_stall=0 mem_commit=0 mem_we=0000 mem_addr=00001f3c mem_wd=00000000 mem_rd=00000000
COMMIT t=6215000 wb_pc=00000740 wb_we=1 wb_rd=x2 wb_val=00001f3c IF_pc=0000074c IF_inst=00615703 ID_pc=00000748 ID_inst=00111323 EX_pc=00000748 EX_alu=00001f42 mem_stall=0 mem_commit=0 mem_we=0000 mem_addr=00000112 mem_wd=00000000 mem_rd=12232233
COMMIT t=6225000 wb_pc=00000744 wb_we=1 wb_rd=x1 wb_val=00000112 IF_pc=00000750 IF_inst=11200393 ID_pc=0000074c ID_inst=00615703 EX_pc=00000748 EX_alu=00001f42 mem_stall=1 mem_commit=0 mem_we=0000 mem_addr=00001f42 mem_wd=00001122 mem_rd=00400193
COMMIT t=6245000 wb_pc=00000748 wb_we=1 wb_rd=x0 wb_val=01121122 IF_pc=00000754 IF_inst=06771263 ID_pc=00000750 ID_inst=11200393 EX_pc=0000074c EX_alu=00001f42 mem_stall=1 mem_commit=0 mem_we=0000 mem_addr=00001f42 mem_wd=01120000 mem_rd=01121122
MEM_WRITE t=6255000 pc=00000748 addr=00001f42 wd=01120000 ctrl=1
COMMIT t=6265000 wb_pc=00000748 wb_we=0 wb_rd=x6 wb_val=00001f42 IF_pc=00000758 IF_inst=03000193 ID_pc=00000754 ID_inst=06771263 EX_pc=00000750 EX_alu=00000112 mem_stall=1 mem_commit=0 mem_we=0000 mem_addr=00001f42 mem_wd=00000000 mem_rd=01121122
COMMIT t=6285000 wb_pc=0000074c wb_we=1 wb_rd=x14 wb_val=00000112 IF_pc=0000075c IF_inst=00001117 ID_pc=00000758 ID_inst=03000193 EX_pc=00000754 EX_alu=000007b8 mem_stall=0 mem_commit=0 mem_we=0000 mem_addr=00000112 mem_wd=00000000 mem_rd=01121122
COMMIT t=6305000 wb_pc=00000754 wb_we=0 wb_rd=x4 wb_val=000007b8 IF_pc=00000764 IF_inst=01100093 ID_pc=00000760 ID_inst=7e010113 EX_pc=0000075c EX_alu=0000175c mem_stall=0 mem_commit=0 mem_we=0000 mem_addr=00000030 mem_wd=00000000 mem_rd=0ff0000f
COMMIT t=6315000 wb_pc=00000758 wb_we=1 wb_rd=x3 wb_val=00000030 IF_pc=00000768 IF_inst=00111423 ID_pc=00000764 ID_inst=01100093 EX_pc=00000760 EX_alu=00001f3c mem_stall=0 mem_commit=0 mem_we=0000 mem_addr=0000175c mem_wd=00000000 mem_rd=34202f73
COMMIT t=6325000 wb_pc=0000075c wb_we=1 wb_rd=x2 wb_val=0000175c IF_pc=0000076c IF_inst=00815703 ID_pc=00000768 ID_inst=00111423 EX_pc=00000764 EX_alu=00000011 mem_stall=0 mem_commit=0 mem_we=0000 mem_addr=00001f3c mem_wd=00000000 mem_rd=00000000
COMMIT t=6335000 wb_pc=00000760 wb_we=1 wb_rd=x2 wb_val=00001f3c IF_pc=0000076c IF_inst=00815703 ID_pc=00000768 ID_inst=00111423 EX_pc=00000768 EX_alu=00001f44 mem_stall=0 mem_commit=0 mem_we=0000 mem_addr=00000011 mem_wd=00000000 mem_rd=12232233
COMMIT t=6345000 wb_pc=00000764 wb_we=1 wb_rd=x1 wb_val=00000011 IF_pc=00000770 IF_inst=01100393 ID_pc=0000076c ID_inst=00815703 EX_pc=00000768 EX_alu=00001f44 mem_stall=1 mem_commit=0 mem_we=0000 mem_addr=00001f44 mem_wd=00000112 mem_rd=00900f93
COMMIT t=6365000 wb_pc=00000768 wb_we=1 wb_rd=x0 wb_val=30010011 IF_pc=00000774 IF_inst=04771263 ID_pc=00000770 ID_inst=01100393 EX_pc=0000076c EX_alu=00001f44 mem_stall=1 mem_commit=0 mem_we=0000 mem_addr=00001f44 mem_wd=00000011 mem_rd=30010011
MEM_WRITE t=6375000 pc=00000768 addr=00001f44 wd=00000011 ctrl=1
COMMIT t=6385000 wb_pc=00000768 wb_we=0 wb_rd=x8 wb_val=00001f44 IF_pc=00000778 IF_inst=03100193 ID_pc=00000774 ID_inst=04771263 EX_pc=00000770 EX_alu=00000011 mem_stall=1 mem_commit=0 mem_we=0000 mem_addr=00001f44 mem_wd=00000000 mem_rd=30010011
COMMIT t=6405000 wb_pc=0000076c wb_we=1 wb_rd=x14 wb_val=00000011 IF_pc=0000077c IF_inst=00001117 ID_pc=00000778 ID_inst=03100193 EX_pc=00000774 EX_alu=000007b8 mem_stall=0 mem_commit=0 mem_we=0000 mem_addr=00000011 mem_wd=00000000 mem_rd=30010011
COMMIT t=6425000 wb_pc=00000774 wb_we=0 wb_rd=x4 wb_val=000007b8 IF_pc=00000784 IF_inst=000030b7 ID_pc=00000780 ID_inst=7c010113 EX_pc=0000077c EX_alu=0000177c mem_stall=0 mem_commit=0 mem_we=0000 mem_addr=00000031 mem_wd=00000000 mem_rd=0ff0000f
COMMIT t=6435000 wb_pc=00000778 wb_we=1 wb_rd=x3 wb_val=00000031 IF_pc=00000788 IF_inst=00108093 ID_pc=00000784 ID_inst=000030b7 EX_pc=00000780 EX_alu=00001f3c mem_stall=0 mem_commit=0 mem_we=0000 mem_addr=0000177c mem_wd=00000000 mem_rd=34202f73
COMMIT t=6445000 wb_pc=0000077c wb_we=1 wb_rd=x2 wb_val=0000177c IF_pc=0000078c IF_inst=00111523 ID_pc=00000788 ID_inst=00108093 EX_pc=00000784 EX_alu=00003000 mem_stall=0 mem_commit=0 mem_we=0000 mem_addr=00001f3c mem_wd=00000000 mem_rd=00000000
COMMIT t=6455000 wb_pc=00000780 wb_we=1 wb_rd=x2 wb_val=00001f3c IF_pc=00000790 IF_inst=00a15703 ID_pc=0000078c ID_inst=00111523 EX_pc=00000788 EX_alu=00003001 mem_stall=0 mem_commit=0 mem_we=0000 mem_addr=00003000 mem_wd=00000000 mem_rd=12232233
COMMIT t=6465000 wb_pc=00000784 wb_we=1 wb_rd=x1 wb_val=00003000 IF_pc=00000790 IF_inst=00a15703 ID_pc=0000078c ID_inst=00111523 EX_pc=0000078c EX_alu=00001f46 mem_stall=0 mem_commit=0 mem_we=0000 mem_addr=00003001 mem_wd=00000000 mem_rd=00000000
COMMIT t=6475000 wb_pc=00000788 wb_we=1 wb_rd=x1 wb_val=00003001 IF_pc=00000794 IF_inst=000033b7 ID_pc=00000790 ID_inst=00a15703 EX_pc=0000078c EX_alu=00001f46 mem_stall=1 mem_commit=0 mem_we=0000 mem_addr=00001f46 mem_wd=00000011 mem_rd=00000000
COMMIT t=6495000 wb_pc=0000078c wb_we=1 wb_rd=x0 wb_val=30010011 IF_pc=00000798 IF_inst=00138393 ID_pc=00000794 ID_inst=000033b7 EX_pc=00000790 EX_alu=00001f46 mem_stall=1 mem_commit=0 mem_we=0000 mem_addr=00001f46 mem_wd=30010000 mem_rd=30010011
MEM_WRITE t=6505000 pc=0000078c addr=00001f46 wd=30010000 ctrl=1
COMMIT t=6515000 wb_pc=0000078c wb_we=0 wb_rd=x10 wb_val=00001f46 IF_pc=0000079c IF_inst=00771e63 ID_pc=00000798 ID_inst=00138393 EX_pc=00000794 EX_alu=00003000 mem_stall=1 mem_commit=0 mem_we=0000 mem_addr=00001f46 mem_wd=00000000 mem_rd=30010011
COMMIT t=6535000 wb_pc=00000790 wb_we=1 wb_rd=x14 wb_val=00003001 IF_pc=000007a0 IF_inst=0ef00513 ID_pc=0000079c ID_inst=00771e63 EX_pc=00000798 EX_alu=00003001 mem_stall=0 mem_commit=0 mem_we=0000 mem_addr=00003000 mem_wd=00000000 mem_rd=30010011
COMMIT t=6555000 wb_pc=00000798 wb_we=1 wb_rd=x7 wb_val=00003001 IF_pc=000007a8 IF_inst=79858593 ID_pc=000007a4 ID_inst=00001597 EX_pc=000007a0 EX_alu=000000ef mem_stall=0 mem_commit=0 mem_we=0000 mem_addr=000007b8 mem_wd=00003001 mem_rd=00000000
COMMIT t=6565000 wb_pc=0000079c wb_we=0 wb_rd=x28 wb_val=000007b8 IF_pc=000007ac IF_inst=00a581a3 ID_pc=000007a8 ID_inst=79858593 EX_pc=000007a4 EX_alu=000017a4 mem_stall=0 mem_commit=0 mem_we=0000 mem_addr=000000ef mem_wd=00000000 mem_rd=0ff0000f
COMMIT t=6575000 wb_pc=000007a0 wb_we=1 wb_rd=x10 wb_val=000000ef IF_pc=000007b0 IF_inst=00358603 ID_pc=000007ac ID_inst=00a581a3 EX_pc=000007a8 EX_alu=00001f3c mem_stall=0 mem_commit=0 mem_we=0000 mem_addr=000017a4 mem_wd=00000000 mem_rd=6c771663
COMMIT t=6585000 wb_pc=000007a4 wb_we=1 wb_rd=x11 wb_val=000017a4 IF_pc=000007b0 IF_inst=00358603 ID_pc=000007ac ID_inst=00a581a3 EX_pc=000007ac EX_alu=00001f3f mem_stall=0 mem_commit=0 mem_we=0000 mem_addr=00001f3c mem_wd=00000000 mem_rd=00000000
COMMIT t=6595000 wb_pc=000007a8 wb_we=1 wb_rd=x11 wb_val=00001f3c IF_pc=000007b4 IF_inst=00301c63 ID_pc=000007b0 ID_inst=00358603 EX_pc=000007ac EX_alu=00001f3f mem_stall=1 mem_commit=0 mem_we=0000 mem_addr=00001f3f mem_wd=000000ef mem_rd=12232233
COMMIT t=6615000 wb_pc=000007ac wb_we=1 wb_rd=x0 wb_val=12232233 IF_pc=000007b8 IF_inst=0ff0000f ID_pc=000007b4 ID_inst=00301c63 EX_pc=000007b0 EX_alu=00001f3f mem_stall=1 mem_commit=0 mem_we=0000 mem_addr=00001f3f mem_wd=ef000000 mem_rd=12232233
MEM_WRITE t=6625000 pc=000007ac addr=00001f3f wd=ef000000 ctrl=1
COMMIT t=6635000 wb_pc=000007ac wb_we=0 wb_rd=x3 wb_val=00001f3f IF_pc=000007bc IF_inst=800002b7 ID_pc=000007b8 ID_inst=0ff0000f EX_pc=000007b4 EX_alu=000007cc mem_stall=1 mem_commit=0 mem_we=0000 mem_addr=00001f3f mem_wd=31000000 mem_rd=ef232233
COMMIT t=6655000 wb_pc=000007b0 wb_we=1 wb_rd=x12 wb_val=ffffffef IF_pc=00000000 IF_inst=00000013 ID_pc=00000000 ID_inst=00000013 EX_pc=00000000 EX_alu=00000000 mem_stall=0 mem_commit=0 mem_we=0000 mem_addr=000007cc mem_wd=00000031 mem_rd=ef232233
COMMIT t=6695000 wb_pc=00000000 wb_we=1 wb_rd=x0 wb_val=00000000 IF_pc=000007d4 IF_inst=00100313 ID_pc=000007d0 ID_inst=800002b7 EX_pc=000007cc EX_alu=000000ff mem_stall=0 mem_commit=0 mem_we=0000 mem_addr=00000000 mem_wd=00000000 mem_rd=0540006f
COMMIT t=6705000 wb_pc=00000000 wb_we=1 wb_rd=x0 wb_val=00000000 IF_pc=000007d8 IF_inst=0062a023 ID_pc=000007d4 ID_inst=00100313 EX_pc=000007d0 EX_alu=80000000 mem_stall=0 mem_commit=0 mem_we=0000 mem_addr=000000ff mem_wd=00000000 mem_rd=0540006f
COMMIT t=6715000 wb_pc=000007cc wb_we=0 wb_rd=x0 wb_val=000000ff IF_pc=000007dc IF_inst=0000006f ID_pc=000007d8 ID_inst=0062a023 EX_pc=000007d4 EX_alu=00000001 mem_stall=0 mem_commit=0 mem_we=0000 mem_addr=80000000 mem_wd=00000000 mem_rd=fcd00093
COMMIT t=6725000 wb_pc=000007d0 wb_we=1 wb_rd=x5 wb_val=80000000 IF_pc=000007e0 IF_inst=c0001073 ID_pc=000007dc ID_inst=0000006f EX_pc=000007d8 EX_alu=80000000 mem_stall=0 mem_commit=0 mem_we=0000 mem_addr=00000001 mem_wd=00000100 mem_rd=00000000
COMMIT t=6735000 wb_pc=000007d4 wb_we=1 wb_rd=x6 wb_val=00000001 IF_pc=000007e4 IF_inst=00000000 ID_pc=000007e0 ID_inst=c0001073 EX_pc=000007dc EX_alu=000007dc mem_stall=1 mem_commit=0 mem_we=0000 mem_addr=80000000 mem_wd=00000001 mem_rd=0540006f
COMMIT t=6745000 wb_pc=000007d4 wb_we=1 wb_rd=x6 wb_val=00000001 IF_pc=00000000 IF_inst=00000013 ID_pc=00000000 ID_inst=00000013 EX_pc=000007dc EX_alu=000007dc mem_stall=0 mem_commit=1 mem_we=1111 mem_addr=80000000 mem_wd=00000001 mem_rd=00000000
MEM_WRITE t=6745000 pc=000007d4 addr=80000000 wd=00000001 ctrl=1
RESULT PASS pc=000007d4 time=6745000

--- console ---
START test_current.mem
RESULT PASS test_current.mem pc=000007d4 time=6745000
D:\riscv32_pipeline\riscv32_pipeline.srcs\sim_1\new\tb_bram_batch.v:142: $finish called at 6745000 (1ps)

