TRACE t=5000 wb_have=x pcIF=xxxxxxxx instIF=xxxxxxxx pcID=xxxxxxxx instID=xxxxxxxx pcEX=xxxxxxxx aluMEM=xxxxxxxx mem_stall=x mem_waited=x mem_addr=xxxxxxxx mem_we=xxxx mem_rd=00000000
START test_current.mem
TRACE t=115000 wb_have=0 pcIF=00000000 instIF=00000013 pcID=00000000 instID=00000000 pcEX=00000000 aluMEM=00000000 mem_stall=0 mem_waited=0 mem_addr=00000000 mem_we=0000 mem_rd=0540006f
TRACE t=125000 wb_have=0 pcIF=00000000 instIF=00000013 pcID=00000000 instID=00000013 pcEX=00000000 aluMEM=00000000 mem_stall=0 mem_waited=0 mem_addr=00000000 mem_we=0000 mem_rd=0540006f
TRACE t=135000 wb_have=0 pcIF=00000000 instIF=0540006f pcID=00000000 instID=00000013 pcEX=00000000 aluMEM=00000000 mem_stall=0 mem_waited=0 mem_addr=00000000 mem_we=0000 mem_rd=0540006f
TRACE t=145000 wb_have=0 pcIF=00000004 instIF=34202f73 pcID=00000000 instID=0540006f pcEX=00000000 aluMEM=00000000 mem_stall=0 mem_waited=0 mem_addr=00000000 mem_we=0000 mem_rd=0540006f
TRACE t=155000 wb_have=0 pcIF=00000008 instIF=00800f93 pcID=00000004 instID=34202f73 pcEX=00000000 aluMEM=00000000 mem_stall=0 mem_waited=0 mem_addr=00000000 mem_we=0000 mem_rd=0540006f
TRACE t=165000 wb_have=1 pcIF=00000000 instIF=00000013 pcID=00000000 instID=00000013 pcEX=00000000 aluMEM=00000054 mem_stall=0 mem_waited=0 mem_addr=00000054 mem_we=0000 mem_rd=0540006f
COMMIT t=165000 wb_pc=00000000 wb_we=1 wb_rd=x0 wb_val=00000000 IF_pc=00000000 IF_inst=00000013 ID_pc=00000000 ID_inst=00000013 EX_pc=00000000 EX_alu=00000000 mem_stall=0 mem_commit=0 mem_we=0000 mem_addr=00000054 mem_wd=00000000 mem_rd=0540006f
TRACE t=175000 wb_have=1 pcIF=00000000 instIF=00000013 pcID=00000000 instID=00000013 pcEX=00000000 aluMEM=00000000 mem_stall=0 mem_waited=0 mem_addr=00000000 mem_we=0000 mem_rd=00000093
COMMIT t=175000 wb_pc=00000000 wb_we=1 wb_rd=x0 wb_val=00000004 IF_pc=00000000 IF_inst=00000013 ID_pc=00000000 ID_inst=00000013 EX_pc=00000000 EX_alu=00000000 mem_stall=0 mem_commit=0 mem_we=0000 mem_addr=00000000 mem_wd=00000000 mem_rd=00000093
TRACE t=185000 wb_have=0 pcIF=00000054 instIF=00000093 pcID=00000000 instID=00000013 pcEX=00000000 aluMEM=00000000 mem_stall=0 mem_waited=0 mem_addr=00000000 mem_we=0000 mem_rd=0540006f
TRACE t=195000 wb_have=0 pcIF=00000058 instIF=00000113 pcID=00000054 instID=00000093 pcEX=00000000 aluMEM=00000000 mem_stall=0 mem_waited=0 mem_addr=00000000 mem_we=0000 mem_rd=0540006f
TRACE t=205000 wb_have=1 pcIF=0000005c instIF=00000193 pcID=00000058 instID=00000113 pcEX=00000054 aluMEM=00000000 mem_stall=0 mem_waited=0 mem_addr=00000000 mem_we=0000 mem_rd=0540006f
COMMIT t=205000 wb_pc=00000000 wb_we=1 wb_rd=x0 wb_val=00000000 IF_pc=0000005c IF_inst=00000193 ID_pc=00000058 ID_inst=00000113 EX_pc=00000054 EX_alu=00000000 mem_stall=0 mem_commit=0 mem_we=0000 mem_addr=00000000 mem_wd=00000000 mem_rd=0540006f
TRACE t=215000 wb_have=1 pcIF=00000060 instIF=00000213 pcID=0000005c instID=00000193 pcEX=00000058 aluMEM=00000000 mem_stall=0 mem_waited=0 mem_addr=00000000 mem_we=0000 mem_rd=0540006f
COMMIT t=215000 wb_pc=00000000 wb_we=1 wb_rd=x0 wb_val=00000000 IF_pc=00000060 IF_inst=00000213 ID_pc=0000005c ID_inst=00000193 EX_pc=00000058 EX_alu=00000000 mem_stall=0 mem_commit=0 mem_we=0000 mem_addr=00000000 mem_wd=00000000 mem_rd=0540006f
TRACE t=225000 wb_have=1 pcIF=00000064 instIF=00000293 pcID=00000060 instID=00000213 pcEX=0000005c aluMEM=00000000 mem_stall=0 mem_waited=0 mem_addr=00000000 mem_we=0000 mem_rd=0540006f
COMMIT t=225000 wb_pc=00000054 wb_we=1 wb_rd=x1 wb_val=00000000 IF_pc=00000064 IF_inst=00000293 ID_pc=00000060 ID_inst=00000213 EX_pc=0000005c EX_alu=00000000 mem_stall=0 mem_commit=0 mem_we=0000 mem_addr=00000000 mem_wd=00000000 mem_rd=0540006f
TRACE t=235000 wb_have=1 pcIF=00000068 instIF=00000313 pcID=00000064 instID=00000293 pcEX=00000060 aluMEM=00000000 mem_stall=0 mem_waited=0 mem_addr=00000000 mem_we=0000 mem_rd=0540006f
COMMIT t=235000 wb_pc=00000058 wb_we=1 wb_rd=x2 wb_val=00000000 IF_pc=00000068 IF_inst=00000313 ID_pc=00000064 ID_inst=00000293 EX_pc=00000060 EX_alu=00000000 mem_stall=0 mem_commit=0 mem_we=0000 mem_addr=00000000 mem_wd=00000000 mem_rd=0540006f
TRACE t=245000 wb_have=1 pcIF=0000006c instIF=00000393 pcID=00000068 instID=00000313 pcEX=00000064 aluMEM=00000000 mem_stall=0 mem_waited=0 mem_addr=00000000 mem_we=0000 mem_rd=0540006f
COMMIT t=245000 wb_pc=0000005c wb_we=1 wb_rd=x3 wb_val=00000000 IF_pc=0000006c IF_inst=00000393 ID_pc=00000068 ID_inst=00000313 EX_pc=00000064 EX_alu=00000000 mem_stall=0 mem_commit=0 mem_we=0000 mem_addr=00000000 mem_wd=00000000 mem_rd=0540006f
TRACE t=255000 wb_have=1 pcIF=00000070 instIF=00000413 pcID=0000006c instID=00000393 pcEX=00000068 aluMEM=00000000 mem_stall=0 mem_waited=0 mem_addr=00000000 mem_we=0000 mem_rd=0540006f
COMMIT t=255000 wb_pc=00000060 wb_we=1 wb_rd=x4 wb_val=00000000 IF_pc=00000070 IF_inst=00000413 ID_pc=0000006c ID_inst=00000393 EX_pc=00000068 EX_alu=00000000 mem_stall=0 mem_commit=0 mem_we=0000 mem_addr=00000000 mem_wd=00000000 mem_rd=0540006f
TRACE t=265000 wb_have=1 pcIF=00000074 instIF=00000493 pcID=00000070 instID=00000413 pcEX=0000006c aluMEM=00000000 mem_stall=0 mem_waited=0 mem_addr=00000000 mem_we=0000 mem_rd=0540006f
COMMIT t=265000 wb_pc=00000064 wb_we=1 wb_rd=x5 wb_val=00000000 IF_pc=00000074 IF_inst=00000493 ID_pc=00000070 ID_inst=00000413 EX_pc=0000006c EX_alu=00000000 mem_stall=0 mem_commit=0 mem_we=0000 mem_addr=00000000 mem_wd=00000000 mem_rd=0540006f
TRACE t=275000 wb_have=1 pcIF=00000078 instIF=00000513 pcID=00000074 instID=00000493 pcEX=00000070 aluMEM=00000000 mem_stall=0 mem_waited=0 mem_addr=00000000 mem_we=0000 mem_rd=0540006f
COMMIT t=275000 wb_pc=00000068 wb_we=1 wb_rd=x6 wb_val=00000000 IF_pc=00000078 IF_inst=00000513 ID_pc=00000074 ID_inst=00000493 EX_pc=00000070 EX_alu=00000000 mem_stall=0 mem_commit=0 mem_we=0000 mem_addr=00000000 mem_wd=00000000 mem_rd=0540006f
TRACE t=285000 wb_have=1 pcIF=0000007c instIF=00000593 pcID=00000078 instID=00000513 pcEX=00000074 aluMEM=00000000 mem_stall=0 mem_waited=0 mem_addr=00000000 mem_we=0000 mem_rd=0540006f
COMMIT t=285000 wb_pc=0000006c wb_we=1 wb_rd=x7 wb_val=00000000 IF_pc=0000007c IF_inst=00000593 ID_pc=00000078 ID_inst=00000513 EX_pc=00000074 EX_alu=00000000 mem_stall=0 mem_commit=0 mem_we=0000 mem_addr=00000000 mem_wd=00000000 mem_rd=0540006f
TRACE t=295000 wb_have=1 pcIF=00000080 instIF=00000613 pcID=0000007c instID=00000593 pcEX=00000078 aluMEM=00000000 mem_stall=0 mem_waited=0 mem_addr=00000000 mem_we=0000 mem_rd=0540006f
COMMIT t=295000 wb_pc=00000070 wb_we=1 wb_rd=x8 wb_val=00000000 IF_pc=00000080 IF_inst=00000613 ID_pc=0000007c ID_inst=00000593 EX_pc=00000078 EX_alu=00000000 mem_stall=0 mem_commit=0 mem_we=0000 mem_addr=00000000 mem_wd=00000000 mem_rd=0540006f
TRACE t=305000 wb_have=1 pcIF=00000084 instIF=00000693 pcID=00000080 instID=00000613 pcEX=0000007c aluMEM=00000000 mem_stall=0 mem_waited=0 mem_addr=00000000 mem_we=0000 mem_rd=0540006f
COMMIT t=305000 wb_pc=00000074 wb_we=1 wb_rd=x9 wb_val=00000000 IF_pc=00000084 IF_inst=00000693 ID_pc=00000080 ID_inst=00000613 EX_pc=0000007c EX_alu=00000000 mem_stall=0 mem_commit=0 mem_we=0000 mem_addr=00000000 mem_wd=00000000 mem_rd=0540006f
TRACE t=315000 wb_have=1 pcIF=00000088 instIF=00000713 pcID=00000084 instID=00000693 pcEX=00000080 aluMEM=00000000 mem_stall=0 mem_waited=0 mem_addr=00000000 mem_we=0000 mem_rd=0540006f
COMMIT t=315000 wb_pc=00000078 wb_we=1 wb_rd=x10 wb_val=00000000 IF_pc=00000088 IF_inst=00000713 ID_pc=00000084 ID_inst=00000693 EX_pc=00000080 EX_alu=00000000 mem_stall=0 mem_commit=0 mem_we=0000 mem_addr=00000000 mem_wd=00000000 mem_rd=0540006f
TRACE t=325000 wb_have=1 pcIF=0000008c instIF=00000793 pcID=00000088 instID=00000713 pcEX=00000084 aluMEM=00000000 mem_stall=0 mem_waited=0 mem_addr=00000000 mem_we=0000 mem_rd=0540006f
COMMIT t=325000 wb_pc=0000007c wb_we=1 wb_rd=x11 wb_val=00000000 IF_pc=0000008c IF_inst=00000793 ID_pc=00000088 ID_inst=00000713 EX_pc=00000084 EX_alu=00000000 mem_stall=0 mem_commit=0 mem_we=0000 mem_addr=00000000 mem_wd=00000000 mem_rd=0540006f
TRACE t=335000 wb_have=1 pcIF=00000090 instIF=00000813 pcID=0000008c instID=00000793 pcEX=00000088 aluMEM=00000000 mem_stall=0 mem_waited=0 mem_addr=00000000 mem_we=0000 mem_rd=0540006f
COMMIT t=335000 wb_pc=00000080 wb_we=1 wb_rd=x12 wb_val=00000000 IF_pc=00000090 IF_inst=00000813 ID_pc=0000008c ID_inst=00000793 EX_pc=00000088 EX_alu=00000000 mem_stall=0 mem_commit=0 mem_we=0000 mem_addr=00000000 mem_wd=00000000 mem_rd=0540006f
TRACE t=345000 wb_have=1 pcIF=00000094 instIF=00000893 pcID=00000090 instID=00000813 pcEX=0000008c aluMEM=00000000 mem_stall=0 mem_waited=0 mem_addr=00000000 mem_we=0000 mem_rd=0540006f
COMMIT t=345000 wb_pc=00000084 wb_we=1 wb_rd=x13 wb_val=00000000 IF_pc=00000094 IF_inst=00000893 ID_pc=00000090 ID_inst=00000813 EX_pc=0000008c EX_alu=00000000 mem_stall=0 mem_commit=0 mem_we=0000 mem_addr=00000000 mem_wd=00000000 mem_rd=0540006f
TRACE t=355000 wb_have=1 pcIF=00000098 instIF=00000913 pcID=00000094 instID=00000893 pcEX=00000090 aluMEM=00000000 mem_stall=0 mem_waited=0 mem_addr=00000000 mem_we=0000 mem_rd=0540006f
COMMIT t=355000 wb_pc=00000088 wb_we=1 wb_rd=x14 wb_val=00000000 IF_pc=00000098 IF_inst=00000913 ID_pc=00000094 ID_inst=00000893 EX_pc=00000090 EX_alu=00000000 mem_stall=0 mem_commit=0 mem_we=0000 mem_addr=00000000 mem_wd=00000000 mem_rd=0540006f
TRACE t=365000 wb_have=1 pcIF=0000009c instIF=00000993 pcID=00000098 instID=00000913 pcEX=00000094 aluMEM=00000000 mem_stall=0 mem_waited=0 mem_addr=00000000 mem_we=0000 mem_rd=0540006f
COMMIT t=365000 wb_pc=0000008c wb_we=1 wb_rd=x15 wb_val=00000000 IF_pc=0000009c IF_inst=00000993 ID_pc=00000098 ID_inst=00000913 EX_pc=00000094 EX_alu=00000000 mem_stall=0 mem_commit=0 mem_we=0000 mem_addr=00000000 mem_wd=00000000 mem_rd=0540006f
TRACE t=375000 wb_have=1 pcIF=000000a0 instIF=00000a13 pcID=0000009c instID=00000993 pcEX=00000098 aluMEM=00000000 mem_stall=0 mem_waited=0 mem_addr=00000000 mem_we=0000 mem_rd=0540006f
COMMIT t=375000 wb_pc=00000090 wb_we=1 wb_rd=x16 wb_val=00000000 IF_pc=000000a0 IF_inst=00000a13 ID_pc=0000009c ID_inst=00000993 EX_pc=00000098 EX_alu=00000000 mem_stall=0 mem_commit=0 mem_we=0000 mem_addr=00000000 mem_wd=00000000 mem_rd=0540006f
TRACE t=385000 wb_have=1 pcIF=000000a4 instIF=00000a93 pcID=000000a0 instID=00000a13 pcEX=0000009c aluMEM=00000000 mem_stall=0 mem_waited=0 mem_addr=00000000 mem_we=0000 mem_rd=0540006f
COMMIT t=385000 wb_pc=00000094 wb_we=1 wb_rd=x17 wb_val=00000000 IF_pc=000000a4 IF_inst=00000a93 ID_pc=000000a0 ID_inst=00000a13 EX_pc=0000009c EX_alu=00000000 mem_stall=0 mem_commit=0 mem_we=0000 mem_addr=00000000 mem_wd=00000000 mem_rd=0540006f
TRACE t=395000 wb_have=1 pcIF=000000a8 instIF=00000b13 pcID=000000a4 instID=00000a93 pcEX=000000a0 aluMEM=00000000 mem_stall=0 mem_waited=0 mem_addr=00000000 mem_we=0000 mem_rd=0540006f
COMMIT t=395000 wb_pc=00000098 wb_we=1 wb_rd=x18 wb_val=00000000 IF_pc=000000a8 IF_inst=00000b13 ID_pc=000000a4 ID_inst=00000a93 EX_pc=000000a0 EX_alu=00000000 mem_stall=0 mem_commit=0 mem_we=0000 mem_addr=00000000 mem_wd=00000000 mem_rd=0540006f
TRACE t=405000 wb_have=1 pcIF=000000ac instIF=00000b93 pcID=000000a8 instID=00000b13 pcEX=000000a4 aluMEM=00000000 mem_stall=0 mem_waited=0 mem_addr=00000000 mem_we=0000 mem_rd=0540006f
COMMIT t=405000 wb_pc=0000009c wb_we=1 wb_rd=x19 wb_val=00000000 IF_pc=000000ac IF_inst=00000b93 ID_pc=000000a8 ID_inst=00000b13 EX_pc=000000a4 EX_alu=00000000 mem_stall=0 mem_commit=0 mem_we=0000 mem_addr=00000000 mem_wd=00000000 mem_rd=0540006f
TRACE t=415000 wb_have=1 pcIF=000000b0 instIF=00000c13 pcID=000000ac instID=00000b93 pcEX=000000a8 aluMEM=00000000 mem_stall=0 mem_waited=0 mem_addr=00000000 mem_we=0000 mem_rd=0540006f
COMMIT t=415000 wb_pc=000000a0 wb_we=1 wb_rd=x20 wb_val=00000000 IF_pc=000000b0 IF_inst=00000c13 ID_pc=000000ac ID_inst=00000b93 EX_pc=000000a8 EX_alu=00000000 mem_stall=0 mem_commit=0 mem_we=0000 mem_addr=00000000 mem_wd=00000000 mem_rd=0540006f
TRACE t=425000 wb_have=1 pcIF=000000b4 instIF=00000c93 pcID=000000b0 instID=00000c13 pcEX=000000ac aluMEM=00000000 mem_stall=0 mem_waited=0 mem_addr=00000000 mem_we=0000 mem_rd=0540006f
COMMIT t=425000 wb_pc=000000a4 wb_we=1 wb_rd=x21 wb_val=00000000 IF_pc=000000b4 IF_inst=00000c93 ID_pc=000000b0 ID_inst=00000c13 EX_pc=000000ac EX_alu=00000000 mem_stall=0 mem_commit=0 mem_we=0000 mem_addr=00000000 mem_wd=00000000 mem_rd=0540006f
TRACE t=435000 wb_have=1 pcIF=000000b8 instIF=00000d13 pcID=000000b4 instID=00000c93 pcEX=000000b0 aluMEM=00000000 mem_stall=0 mem_waited=0 mem_addr=00000000 mem_we=0000 mem_rd=0540006f
COMMIT t=435000 wb_pc=000000a8 wb_we=1 wb_rd=x22 wb_val=00000000 IF_pc=000000b8 IF_inst=00000d13 ID_pc=000000b4 ID_inst=00000c93 EX_pc=000000b0 EX_alu=00000000 mem_stall=0 mem_commit=0 mem_we=0000 mem_addr=00000000 mem_wd=00000000 mem_rd=0540006f
TRACE t=445000 wb_have=1 pcIF=000000bc instIF=00000d93 pcID=000000b8 instID=00000d13 pcEX=000000b4 aluMEM=00000000 mem_stall=0 mem_waited=0 mem_addr=00000000 mem_we=0000 mem_rd=0540006f
COMMIT t=445000 wb_pc=000000ac wb_we=1 wb_rd=x23 wb_val=00000000 IF_pc=000000bc IF_inst=00000d93 ID_pc=000000b8 ID_inst=00000d13 EX_pc=000000b4 EX_alu=00000000 mem_stall=0 mem_commit=0 mem_we=0000 mem_addr=00000000 mem_wd=00000000 mem_rd=0540006f
TRACE t=455000 wb_have=1 pcIF=000000c0 instIF=00000e13 pcID=000000bc instID=00000d93 pcEX=000000b8 aluMEM=00000000 mem_stall=0 mem_waited=0 mem_addr=00000000 mem_we=0000 mem_rd=0540006f
COMMIT t=455000 wb_pc=000000b0 wb_we=1 wb_rd=x24 wb_val=00000000 IF_pc=000000c0 IF_inst=00000e13 ID_pc=000000bc ID_inst=00000d93 EX_pc=000000b8 EX_alu=00000000 mem_stall=0 mem_commit=0 mem_we=0000 mem_addr=00000000 mem_wd=00000000 mem_rd=0540006f
TRACE t=465000 wb_have=1 pcIF=000000c4 instIF=00000e93 pcID=000000c0 instID=00000e13 pcEX=000000bc aluMEM=00000000 mem_stall=0 mem_waited=0 mem_addr=00000000 mem_we=0000 mem_rd=0540006f
COMMIT t=465000 wb_pc=000000b4 wb_we=1 wb_rd=x25 wb_val=00000000 IF_pc=000000c4 IF_inst=00000e93 ID_pc=000000c0 ID_inst=00000e13 EX_pc=000000bc EX_alu=00000000 mem_stall=0 mem_commit=0 mem_we=0000 mem_addr=00000000 mem_wd=00000000 mem_rd=0540006f
TRACE t=475000 wb_have=1 pcIF=000000c8 instIF=00000f13 pcID=000000c4 instID=00000e93 pcEX=000000c0 aluMEM=00000000 mem_stall=0 mem_waited=0 mem_addr=00000000 mem_we=0000 mem_rd=0540006f
COMMIT t=475000 wb_pc=000000b8 wb_we=1 wb_rd=x26 wb_val=00000000 IF_pc=000000c8 IF_inst=00000f13 ID_pc=000000c4 ID_inst=00000e93 EX_pc=000000c0 EX_alu=00000000 mem_stall=0 mem_commit=0 mem_we=0000 mem_addr=00000000 mem_wd=00000000 mem_rd=0540006f
TRACE t=485000 wb_have=1 pcIF=000000cc instIF=00000f93 pcID=000000c8 instID=00000f13 pcEX=000000c4 aluMEM=00000000 mem_stall=0 mem_waited=0 mem_addr=00000000 mem_we=0000 mem_rd=0540006f
COMMIT t=485000 wb_pc=000000bc wb_we=1 wb_rd=x27 wb_val=00000000 IF_pc=000000cc IF_inst=00000f93 ID_pc=000000c8 ID_inst=00000f13 EX_pc=000000c4 EX_alu=00000000 mem_stall=0 mem_commit=0 mem_we=0000 mem_addr=00000000 mem_wd=00000000 mem_rd=0540006f
TRACE t=495000 wb_have=1 pcIF=000000d0 instIF=02000193 pcID=000000cc instID=00000f93 pcEX=000000c8 aluMEM=00000000 mem_stall=0 mem_waited=0 mem_addr=00000000 mem_we=0000 mem_rd=0540006f
COMMIT t=495000 wb_pc=000000c0 wb_we=1 wb_rd=x28 wb_val=00000000 IF_pc=000000d0 IF_inst=02000193 ID_pc=000000cc ID_inst=00000f93 EX_pc=000000c8 EX_alu=00000000 mem_stall=0 mem_commit=0 mem_we=0000 mem_addr=00000000 mem_wd=00000000 mem_rd=0540006f
TRACE t=505000 wb_have=1 pcIF=000000d4 instIF=000085b7 pcID=000000d0 instID=02000193 pcEX=000000cc aluMEM=00000000 mem_stall=0 mem_waited=0 mem_addr=00000000 mem_we=0000 mem_rd=0540006f
COMMIT t=505000 wb_pc=000000c4 wb_we=1 wb_rd=x29 wb_val=00000000 IF_pc=000000d4 IF_inst=000085b7 ID_pc=000000d0 ID_inst=02000193 EX_pc=000000cc EX_alu=00000000 mem_stall=0 mem_commit=0 mem_we=0000 mem_addr=00000000 mem_wd=00000000 mem_rd=0540006f
TRACE t=515000 wb_have=1 pcIF=000000d8 instIF=e0058593 pcID=000000d4 instID=000085b7 pcEX=000000d0 aluMEM=00000000 mem_stall=0 mem_waited=0 mem_addr=00000000 mem_we=0000 mem_rd=0540006f
COMMIT t=515000 wb_pc=000000c8 wb_we=1 wb_rd=x30 wb_val=00000000 IF_pc=000000d8 IF_inst=e0058593 ID_pc=000000d4 ID_inst=000085b7 EX_pc=000000d0 EX_alu=00000020 mem_stall=0 mem_commit=0 mem_we=0000 mem_addr=00000000 mem_wd=00000000 mem_rd=0540006f
TRACE t=525000 wb_have=1 pcIF=000000dc instIF=b6db7637 pcID=000000d8 instID=e0058593 pcEX=000000d4 aluMEM=00000020 mem_stall=0 mem_waited=0 mem_addr=00000020 mem_we=0000 mem_rd=0540006f
COMMIT t=525000 wb_pc=000000cc wb_we=1 wb_rd=x31 wb_val=00000000 IF_pc=000000dc IF_inst=b6db7637 ID_pc=000000d8 ID_inst=e0058593 EX_pc=000000d4 EX_alu=00008000 mem_stall=0 mem_commit=0 mem_we=0000 mem_addr=00000020 mem_wd=00000000 mem_rd=0540006f
TRACE t=535000 wb_have=1 pcIF=000000e0 instIF=db760613 pcID=000000dc instID=b6db7637 pcEX=000000d8 aluMEM=00008000 mem_stall=0 mem_waited=0 mem_addr=00008000 mem_we=0000 mem_rd=00000f17
COMMIT t=535000 wb_pc=000000d0 wb_we=1 wb_rd=x3 wb_val=00000020 IF_pc=000000e0 IF_inst=db760613 ID_pc=000000dc ID_inst=b6db7637 EX_pc=000000d8 EX_alu=00007e00 mem_stall=0 mem_commit=0 mem_we=0000 mem_addr=00008000 mem_wd=00000000 mem_rd=00000f17
TRACE t=545000 wb_have=1 pcIF=000000e4 instIF=02c58733 pcID=000000e0 instID=db760613 pcEX=000000dc aluMEM=00007e00 mem_stall=0 mem_waited=0 mem_addr=00007e00 mem_we=0000 mem_rd=00000000
COMMIT t=545000 wb_pc=000000d4 wb_we=1 wb_rd=x11 wb_val=00008000 IF_pc=000000e4 IF_inst=02c58733 ID_pc=000000e0 ID_inst=db760613 EX_pc=000000dc EX_alu=b6db7000 mem_stall=0 mem_commit=0 mem_we=0000 mem_addr=00007e00 mem_wd=00000000 mem_rd=00000000
TRACE t=555000 wb_have=1 pcIF=000000e8 instIF=000013b7 pcID=000000e4 instID=02c58733 pcEX=000000e0 aluMEM=b6db7000 mem_stall=0 mem_waited=0 mem_addr=b6db7000 mem_we=0000 mem_rd=00000000
COMMIT t=555000 wb_pc=000000d8 wb_we=1 wb_rd=x11 wb_val=00007e00 IF_pc=000000e8 IF_inst=000013b7 ID_pc=000000e4 ID_inst=02c58733 EX_pc=000000e0 EX_alu=b6db6db7 mem_stall=0 mem_commit=0 mem_we=0000 mem_addr=b6db7000 mem_wd=00000000 mem_rd=00000000
TRACE t=565000 wb_have=1 pcIF=000000ec instIF=20038393 pcID=000000e8 instID=000013b7 pcEX=000000e4 aluMEM=b6db6db7 mem_stall=0 mem_waited=0 mem_addr=b6db6db7 mem_we=0000 mem_rd=00000000
COMMIT t=565000 wb_pc=000000dc wb_we=1 wb_rd=x12 wb_val=b6db7000 IF_pc=000000ec IF_inst=20038393 ID_pc=000000e8 ID_inst=000013b7 EX_pc=000000e4 EX_alu=00000000 mem_stall=0 mem_commit=0 mem_we=0000 mem_addr=b6db6db7 mem_wd=00000000 mem_rd=00000000
TRACE t=575000 wb_have=1 pcIF=000000ec instIF=20038393 pcID=000000e8 instID=000013b7 pcEX=000000e4 aluMEM=00000000 mem_stall=0 mem_waited=0 mem_addr=00000000 mem_we=0000 mem_rd=00000000
COMMIT t=575000 wb_pc=000000e0 wb_we=1 wb_rd=x12 wb_val=b6db6db7 IF_pc=000000ec IF_inst=20038393 ID_pc=000000e8 ID_inst=000013b7 EX_pc=000000e4 EX_alu=00000000 mem_stall=0 mem_commit=0 mem_we=0000 mem_addr=00000000 mem_wd=00000000 mem_rd=00000000
TRACE t=585000 wb_have=1 pcIF=000000ec instIF=20038393 pcID=000000e8 instID=000013b7 pcEX=000000e4 aluMEM=00000000 mem_stall=0 mem_waited=0 mem_addr=00000000 mem_we=0000 mem_rd=0540006f
COMMIT t=585000 wb_pc=fffffffc wb_we=0 wb_rd=x0 wb_val=00000000 IF_pc=000000ec IF_inst=20038393 ID_pc=000000e8 ID_inst=000013b7 EX_pc=000000e4 EX_alu=00000000 mem_stall=0 mem_commit=0 mem_we=0000 mem_addr=00000000 mem_wd=00000000 mem_rd=0540006f
TRACE t=595000 wb_have=0 pcIF=000000ec instIF=20038393 pcID=000000e8 instID=000013b7 pcEX=000000e4 aluMEM=00000000 mem_stall=0 mem_waited=0 mem_addr=00000000 mem_we=0000 mem_rd=0540006f
TRACE t=605000 wb_have=0 pcIF=000000ec instIF=20038393 pcID=000000e8 instID=000013b7 pcEX=000000e4 aluMEM=00000000 mem_stall=0 mem_waited=0 mem_addr=00000000 mem_we=0000 mem_rd=0540006f
TRACE t=615000 wb_have=0 pcIF=000000ec instIF=20038393 pcID=000000e8 instID=000013b7 pcEX=000000e4 aluMEM=00000000 mem_stall=0 mem_waited=0 mem_addr=00000000 mem_we=0000 mem_rd=0540006f
TRACE t=625000 wb_have=0 pcIF=000000ec instIF=20038393 pcID=000000e8 instID=000013b7 pcEX=000000e4 aluMEM=00000000 mem_stall=0 mem_waited=0 mem_addr=00000000 mem_we=0000 mem_rd=0540006f
TRACE t=635000 wb_have=0 pcIF=000000ec instIF=20038393 pcID=000000e8 instID=000013b7 pcEX=000000e4 aluMEM=00000000 mem_stall=0 mem_waited=0 mem_addr=00000000 mem_we=0000 mem_rd=0540006f
TRACE t=645000 wb_have=0 pcIF=000000ec instIF=20038393 pcID=000000e8 instID=000013b7 pcEX=000000e4 aluMEM=00000000 mem_stall=0 mem_waited=0 mem_addr=00000000 mem_we=0000 mem_rd=0540006f
TRACE t=655000 wb_have=0 pcIF=000000ec instIF=20038393 pcID=000000e8 instID=000013b7 pcEX=000000e4 aluMEM=00000000 mem_stall=0 mem_waited=0 mem_addr=00000000 mem_we=0000 mem_rd=0540006f
TRACE t=665000 wb_have=0 pcIF=000000ec instIF=20038393 pcID=000000e8 instID=000013b7 pcEX=000000e4 aluMEM=00000000 mem_stall=0 mem_waited=0 mem_addr=00000000 mem_we=0000 mem_rd=0540006f
TRACE t=675000 wb_have=0 pcIF=000000ec instIF=20038393 pcID=000000e8 instID=000013b7 pcEX=000000e4 aluMEM=00000000 mem_stall=0 mem_waited=0 mem_addr=00000000 mem_we=0000 mem_rd=0540006f
TRACE t=685000 wb_have=0 pcIF=000000ec instIF=20038393 pcID=000000e8 instID=000013b7 pcEX=000000e4 aluMEM=00000000 mem_stall=0 mem_waited=0 mem_addr=00000000 mem_we=0000 mem_rd=0540006f
TRACE t=695000 wb_have=0 pcIF=000000ec instIF=20038393 pcID=000000e8 instID=000013b7 pcEX=000000e4 aluMEM=00000000 mem_stall=0 mem_waited=0 mem_addr=00000000 mem_we=0000 mem_rd=0540006f
TRACE t=705000 wb_have=0 pcIF=000000ec instIF=20038393 pcID=000000e8 instID=000013b7 pcEX=000000e4 aluMEM=00000000 mem_stall=0 mem_waited=0 mem_addr=00000000 mem_we=0000 mem_rd=0540006f
TRACE t=715000 wb_have=0 pcIF=000000ec instIF=20038393 pcID=000000e8 instID=000013b7 pcEX=000000e4 aluMEM=00000000 mem_stall=0 mem_waited=0 mem_addr=00000000 mem_we=0000 mem_rd=0540006f
TRACE t=725000 wb_have=0 pcIF=000000ec instIF=20038393 pcID=000000e8 instID=000013b7 pcEX=000000e4 aluMEM=00000000 mem_stall=0 mem_waited=0 mem_addr=00000000 mem_we=0000 mem_rd=0540006f
TRACE t=735000 wb_have=0 pcIF=000000ec instIF=20038393 pcID=000000e8 instID=000013b7 pcEX=000000e4 aluMEM=00000000 mem_stall=0 mem_waited=0 mem_addr=00000000 mem_we=0000 mem_rd=0540006f
TRACE t=745000 wb_have=0 pcIF=000000ec instIF=20038393 pcID=000000e8 instID=000013b7 pcEX=000000e4 aluMEM=00000000 mem_stall=0 mem_waited=0 mem_addr=00000000 mem_we=0000 mem_rd=0540006f
TRACE t=755000 wb_have=0 pcIF=000000f0 instIF=4a771463 pcID=000000ec instID=20038393 pcEX=000000e8 aluMEM=00001200 mem_stall=0 mem_waited=0 mem_addr=00001200 mem_we=0000 mem_rd=0540006f
TRACE t=765000 wb_have=0 pcIF=000000f4 instIF=02100193 pcID=000000f0 instID=4a771463 pcEX=000000ec aluMEM=00001000 mem_stall=0 mem_waited=0 mem_addr=00001000 mem_we=0000 mem_rd=00000000
TRACE t=775000 wb_have=1 pcIF=000000f8 instIF=000085b7 pcID=000000f4 instID=02100193 pcEX=000000f0 aluMEM=00001200 mem_stall=0 mem_waited=0 mem_addr=00001200 mem_we=0000 mem_rd=00000000
COMMIT t=775000 wb_pc=000000e8 wb_we=1 wb_rd=x7 wb_val=00001000 IF_pc=000000f8 IF_inst=000085b7 ID_pc=000000f4 ID_inst=02100193 EX_pc=000000f0 EX_alu=00000598 mem_stall=0 mem_commit=0 mem_we=0000 mem_addr=00001200 mem_wd=00000000 mem_rd=00000000
TRACE t=785000 wb_have=1 pcIF=000000fc instIF=fc058593 pcID=000000f8 instID=000085b7 pcEX=000000f4 aluMEM=00000598 mem_stall=0 mem_waited=0 mem_addr=00000598 mem_we=0000 mem_rd=00000000
COMMIT t=785000 wb_pc=000000ec wb_we=1 wb_rd=x7 wb_val=00001200 IF_pc=000000fc IF_inst=fc058593 ID_pc=000000f8 ID_inst=000085b7 EX_pc=000000f4 EX_alu=00000021 mem_stall=0 mem_commit=0 mem_we=0000 mem_addr=00000598 mem_wd=00001200 mem_rd=00000000
TRACE t=795000 wb_have=1 pcIF=00000100 instIF=b6db7637 pcID=000000fc instID=fc058593 pcEX=000000f8 aluMEM=00000021 mem_stall=0 mem_waited=0 mem_addr=00000021 mem_we=0000 mem_rd=0ff0000f
COMMIT t=795000 wb_pc=000000f0 wb_we=0 wb_rd=x8 wb_val=00000598 IF_pc=00000100 IF_inst=b6db7637 ID_pc=000000fc ID_inst=fc058593 EX_pc=000000f8 EX_alu=00008000 mem_stall=0 mem_commit=0 mem_we=0000 mem_addr=00000021 mem_wd=00000000 mem_rd=0ff0000f
TRACE t=805000 wb_have=1 pcIF=00000104 instIF=db760613 pcID=00000100 instID=b6db7637 pcEX=000000fc aluMEM=00008000 mem_stall=0 mem_waited=0 mem_addr=00008000 mem_we=0000 mem_rd=00000f17
COMMIT t=805000 wb_pc=000000f4 wb_we=1 wb_rd=x3 wb_val=00000021 IF_pc=00000104 IF_inst=db760613 ID_pc=00000100 ID_inst=b6db7637 EX_pc=000000fc EX_alu=00007fc0 mem_stall=0 mem_commit=0 mem_we=0000 mem_addr=00008000 mem_wd=00000000 mem_rd=00000f17
TRACE t=815000 wb_have=1 pcIF=00000108 instIF=02c58733 pcID=00000104 instID=db760613 pcEX=00000100 aluMEM=00007fc0 mem_stall=0 mem_waited=0 mem_addr=00007fc0 mem_we=0000 mem_rd=00000000
COMMIT t=815000 wb_pc=000000f8 wb_we=1 wb_rd=x11 wb_val=00008000 IF_pc=00000108 IF_inst=02c58733 ID_pc=00000104 ID_inst=db760613 EX_pc=00000100 EX_alu=b6db7000 mem_stall=0 mem_commit=0 mem_we=0000 mem_addr=00007fc0 mem_wd=00000000 mem_rd=00000000
TRACE t=825000 wb_have=1 pcIF=0000010c instIF=000013b7 pcID=00000108 instID=02c58733 pcEX=00000104 aluMEM=b6db7000 mem_stall=0 mem_waited=0 mem_addr=b6db7000 mem_we=0000 mem_rd=00000000
COMMIT t=825000 wb_pc=000000fc wb_we=1 wb_rd=x11 wb_val=00007fc0 IF_pc=0000010c IF_inst=000013b7 ID_pc=00000108 ID_inst=02c58733 EX_pc=00000104 EX_alu=b6db6db7 mem_stall=0 mem_commit=0 mem_we=0000 mem_addr=b6db7000 mem_wd=00000000 mem_rd=00000000
TRACE t=835000 wb_have=1 pcIF=00000110 instIF=24038393 pcID=0000010c instID=000013b7 pcEX=00000108 aluMEM=b6db6db7 mem_stall=0 mem_waited=0 mem_addr=b6db6db7 mem_we=0000 mem_rd=00000000
COMMIT t=835000 wb_pc=00000100 wb_we=1 wb_rd=x12 wb_val=b6db7000 IF_pc=00000110 IF_inst=24038393 ID_pc=0000010c ID_inst=000013b7 EX_pc=00000108 EX_alu=00001200 mem_stall=0 mem_commit=0 mem_we=0000 mem_addr=b6db6db7 mem_wd=00000000 mem_rd=00000000
TRACE t=845000 wb_have=1 pcIF=00000110 instIF=24038393 pcID=0000010c instID=000013b7 pcEX=00000108 aluMEM=00000000 mem_stall=0 mem_waited=0 mem_addr=00000000 mem_we=0000 mem_rd=00000000
COMMIT t=845000 wb_pc=00000104 wb_we=1 wb_rd=x12 wb_val=b6db6db7 IF_pc=00000110 IF_inst=24038393 ID_pc=0000010c ID_inst=000013b7 EX_pc=00000108 EX_alu=00001200 mem_stall=0 mem_commit=0 mem_we=0000 mem_addr=00000000 mem_wd=00000000 mem_rd=00000000
TRACE t=855000 wb_have=1 pcIF=00000110 instIF=24038393 pcID=0000010c instID=000013b7 pcEX=00000108 aluMEM=00000000 mem_stall=0 mem_waited=0 mem_addr=00000000 mem_we=0000 mem_rd=0540006f
COMMIT t=855000 wb_pc=fffffffc wb_we=0 wb_rd=x0 wb_val=00000000 IF_pc=00000110 IF_inst=24038393 ID_pc=0000010c ID_inst=000013b7 EX_pc=00000108 EX_alu=00001200 mem_stall=0 mem_commit=0 mem_we=0000 mem_addr=00000000 mem_wd=00000000 mem_rd=0540006f
TRACE t=865000 wb_have=0 pcIF=00000110 instIF=24038393 pcID=0000010c instID=000013b7 pcEX=00000108 aluMEM=00000000 mem_stall=0 mem_waited=0 mem_addr=00000000 mem_we=0000 mem_rd=0540006f
TRACE t=875000 wb_have=0 pcIF=00000110 instIF=24038393 pcID=0000010c instID=000013b7 pcEX=00000108 aluMEM=00000000 mem_stall=0 mem_waited=0 mem_addr=00000000 mem_we=0000 mem_rd=0540006f
TRACE t=885000 wb_have=0 pcIF=00000110 instIF=24038393 pcID=0000010c instID=000013b7 pcEX=00000108 aluMEM=00000000 mem_stall=0 mem_waited=0 mem_addr=00000000 mem_we=0000 mem_rd=0540006f
TRACE t=895000 wb_have=0 pcIF=00000110 instIF=24038393 pcID=0000010c instID=000013b7 pcEX=00000108 aluMEM=00000000 mem_stall=0 mem_waited=0 mem_addr=00000000 mem_we=0000 mem_rd=0540006f
TRACE t=905000 wb_have=0 pcIF=00000110 instIF=24038393 pcID=0000010c instID=000013b7 pcEX=00000108 aluMEM=00000000 mem_stall=0 mem_waited=0 mem_addr=00000000 mem_we=0000 mem_rd=0540006f
TRACE t=915000 wb_have=0 pcIF=00000110 instIF=24038393 pcID=0000010c instID=000013b7 pcEX=00000108 aluMEM=00000000 mem_stall=0 mem_waited=0 mem_addr=00000000 mem_we=0000 mem_rd=0540006f
TRACE t=925000 wb_have=0 pcIF=00000110 instIF=24038393 pcID=0000010c instID=000013b7 pcEX=00000108 aluMEM=00000000 mem_stall=0 mem_waited=0 mem_addr=00000000 mem_we=0000 mem_rd=0540006f
TRACE t=935000 wb_have=0 pcIF=00000110 instIF=24038393 pcID=0000010c instID=000013b7 pcEX=00000108 aluMEM=00000000 mem_stall=0 mem_waited=0 mem_addr=00000000 mem_we=0000 mem_rd=0540006f
TRACE t=945000 wb_have=0 pcIF=00000110 instIF=24038393 pcID=0000010c instID=000013b7 pcEX=00000108 aluMEM=00000000 mem_stall=0 mem_waited=0 mem_addr=00000000 mem_we=0000 mem_rd=0540006f
TRACE t=955000 wb_have=0 pcIF=00000110 instIF=24038393 pcID=0000010c instID=000013b7 pcEX=00000108 aluMEM=00000000 mem_stall=0 mem_waited=0 mem_addr=00000000 mem_we=0000 mem_rd=0540006f
TRACE t=965000 wb_have=0 pcIF=00000110 instIF=24038393 pcID=0000010c instID=000013b7 pcEX=00000108 aluMEM=00000000 mem_stall=0 mem_waited=0 mem_addr=00000000 mem_we=0000 mem_rd=0540006f
TRACE t=975000 wb_have=0 pcIF=00000110 instIF=24038393 pcID=0000010c instID=000013b7 pcEX=00000108 aluMEM=00000000 mem_stall=0 mem_waited=0 mem_addr=00000000 mem_we=0000 mem_rd=0540006f
TRACE t=985000 wb_have=0 pcIF=00000110 instIF=24038393 pcID=0000010c instID=000013b7 pcEX=00000108 aluMEM=00000000 mem_stall=0 mem_waited=0 mem_addr=00000000 mem_we=0000 mem_rd=0540006f
TRACE t=995000 wb_have=0 pcIF=00000110 instIF=24038393 pcID=0000010c instID=000013b7 pcEX=00000108 aluMEM=00000000 mem_stall=0 mem_waited=0 mem_addr=00000000 mem_we=0000 mem_rd=0540006f
TRACE t=1005000 wb_have=0 pcIF=00000110 instIF=24038393 pcID=0000010c instID=000013b7 pcEX=00000108 aluMEM=00000000 mem_stall=0 mem_waited=0 mem_addr=00000000 mem_we=0000 mem_rd=0540006f
TRACE t=1015000 wb_have=0 pcIF=00000110 instIF=24038393 pcID=0000010c instID=000013b7 pcEX=00000108 aluMEM=00000000 mem_stall=0 mem_waited=0 mem_addr=00000000 mem_we=0000 mem_rd=0540006f
TRACE t=1025000 wb_have=0 pcIF=00000114 instIF=48771263 pcID=00000110 instID=24038393 pcEX=0000010c aluMEM=00001240 mem_stall=0 mem_waited=0 mem_addr=00001240 mem_we=0000 mem_rd=0540006f
TRACE t=1035000 wb_have=0 pcIF=00000118 instIF=00200193 pcID=00000114 instID=48771263 pcEX=00000110 aluMEM=00001000 mem_stall=0 mem_waited=0 mem_addr=00001000 mem_we=0000 mem_rd=00000000
TRACE t=1045000 wb_have=1 pcIF=0000011c instIF=00000593 pcID=00000118 instID=00200193 pcEX=00000114 aluMEM=00001240 mem_stall=0 mem_waited=0 mem_addr=00001240 mem_we=0000 mem_rd=00000000
COMMIT t=1045000 wb_pc=0000010c wb_we=1 wb_rd=x7 wb_val=00001000 IF_pc=0000011c IF_inst=00000593 ID_pc=00000118 ID_inst=00200193 EX_pc=00000114 EX_alu=00000598 mem_stall=0 mem_commit=0 mem_we=0000 mem_addr=00001240 mem_wd=00000000 mem_rd=00000000
TRACE t=1055000 wb_have=1 pcIF=00000120 instIF=00000613 pcID=0000011c instID=00000593 pcEX=00000118 aluMEM=00000598 mem_stall=0 mem_waited=0 mem_addr=00000598 mem_we=0000 mem_rd=00000000
COMMIT t=1055000 wb_pc=00000110 wb_we=1 wb_rd=x7 wb_val=00001240 IF_pc=00000120 IF_inst=00000613 ID_pc=0000011c ID_inst=00000593 EX_pc=00000118 EX_alu=00000002 mem_stall=0 mem_commit=0 mem_we=0000 mem_addr=00000598 mem_wd=00001240 mem_rd=00000000
TRACE t=1065000 wb_have=1 pcIF=00000124 instIF=02c58733 pcID=00000120 instID=00000613 pcEX=0000011c aluMEM=00000002 mem_stall=0 mem_waited=0 mem_addr=00000002 mem_we=0000 mem_rd=0ff0000f
COMMIT t=1065000 wb_pc=00000114 wb_we=0 wb_rd=x4 wb_val=00000598 IF_pc=00000124 IF_inst=02c58733 ID_pc=00000120 ID_inst=00000613 EX_pc=0000011c EX_alu=00000000 mem_stall=0 mem_commit=0 mem_we=0000 mem_addr=00000002 mem_wd=00000000 mem_rd=0ff0000f
TRACE t=1075000 wb_have=1 pcIF=00000128 instIF=00000393 pcID=00000124 instID=02c58733 pcEX=00000120 aluMEM=00000000 mem_stall=0 mem_waited=0 mem_addr=00000000 mem_we=0000 mem_rd=0540006f
COMMIT t=1075000 wb_pc=00000118 wb_we=1 wb_rd=x3 wb_val=00000002 IF_pc=00000128 IF_inst=00000393 ID_pc=00000124 ID_inst=02c58733 EX_pc=00000120 EX_alu=00000000 mem_stall=0 mem_commit=0 mem_we=0000 mem_addr=00000000 mem_wd=00000000 mem_rd=0540006f
TRACE t=1085000 wb_have=1 pcIF=0000012c instIF=46771663 pcID=00000128 instID=00000393 pcEX=00000124 aluMEM=00000000 mem_stall=0 mem_waited=0 mem_addr=00000000 mem_we=0000 mem_rd=0540006f
COMMIT t=1085000 wb_pc=0000011c wb_we=1 wb_rd=x11 wb_val=00000000 IF_pc=0000012c IF_inst=46771663 ID_pc=00000128 ID_inst=00000393 EX_pc=00000124 EX_alu=00001240 mem_stall=0 mem_commit=0 mem_we=0000 mem_addr=00000000 mem_wd=00000000 mem_rd=0540006f
TRACE t=1095000 wb_have=1 pcIF=0000012c instIF=46771663 pcID=00000128 instID=00000393 pcEX=00000124 aluMEM=00000000 mem_stall=0 mem_waited=0 mem_addr=00000000 mem_we=0000 mem_rd=0540006f
COMMIT t=1095000 wb_pc=00000120 wb_we=1 wb_rd=x12 wb_val=00000000 IF_pc=0000012c IF_inst=46771663 ID_pc=00000128 ID_inst=00000393 EX_pc=00000124 EX_alu=00001240 mem_stall=0 mem_commit=0 mem_we=0000 mem_addr=00000000 mem_wd=00000000 mem_rd=0540006f
TRACE t=1105000 wb_have=1 pcIF=0000012c instIF=46771663 pcID=00000128 instID=00000393 pcEX=00000124 aluMEM=00000000 mem_stall=0 mem_waited=0 mem_addr=00000000 mem_we=0000 mem_rd=0540006f
COMMIT t=1105000 wb_pc=fffffffc wb_we=0 wb_rd=x0 wb_val=00000000 IF_pc=0000012c IF_inst=46771663 ID_pc=00000128 ID_inst=00000393 EX_pc=00000124 EX_alu=00001240 mem_stall=0 mem_commit=0 mem_we=0000 mem_addr=00000000 mem_wd=00000000 mem_rd=0540006f
TRACE t=1115000 wb_have=0 pcIF=0000012c instIF=46771663 pcID=00000128 instID=00000393 pcEX=00000124 aluMEM=00000000 mem_stall=0 mem_waited=0 mem_addr=00000000 mem_we=0000 mem_rd=0540006f
TRACE t=1125000 wb_have=0 pcIF=0000012c instIF=46771663 pcID=00000128 instID=00000393 pcEX=00000124 aluMEM=00000000 mem_stall=0 mem_waited=0 mem_addr=00000000 mem_we=0000 mem_rd=0540006f
TRACE t=1135000 wb_have=0 pcIF=0000012c instIF=46771663 pcID=00000128 instID=00000393 pcEX=00000124 aluMEM=00000000 mem_stall=0 mem_waited=0 mem_addr=00000000 mem_we=0000 mem_rd=0540006f
TRACE t=1145000 wb_have=0 pcIF=0000012c instIF=46771663 pcID=00000128 instID=00000393 pcEX=00000124 aluMEM=00000000 mem_stall=0 mem_waited=0 mem_addr=00000000 mem_we=0000 mem_rd=0540006f
TRACE t=1155000 wb_have=0 pcIF=0000012c instIF=46771663 pcID=00000128 instID=00000393 pcEX=00000124 aluMEM=00000000 mem_stall=0 mem_waited=0 mem_addr=00000000 mem_we=0000 mem_rd=0540006f
TRACE t=1165000 wb_have=0 pcIF=0000012c instIF=46771663 pcID=00000128 instID=00000393 pcEX=00000124 aluMEM=00000000 mem_stall=0 mem_waited=0 mem_addr=00000000 mem_we=0000 mem_rd=0540006f
TRACE t=1175000 wb_have=0 pcIF=0000012c instIF=46771663 pcID=00000128 instID=00000393 pcEX=00000124 aluMEM=00000000 mem_stall=0 mem_waited=0 mem_addr=00000000 mem_we=0000 mem_rd=0540006f
TRACE t=1185000 wb_have=0 pcIF=0000012c instIF=46771663 pcID=00000128 instID=00000393 pcEX=00000124 aluMEM=00000000 mem_stall=0 mem_waited=0 mem_addr=00000000 mem_we=0000 mem_rd=0540006f
TRACE t=1195000 wb_have=0 pcIF=0000012c instIF=46771663 pcID=00000128 instID=00000393 pcEX=00000124 aluMEM=00000000 mem_stall=0 mem_waited=0 mem_addr=00000000 mem_we=0000 mem_rd=0540006f
TRACE t=1205000 wb_have=0 pcIF=0000012c instIF=46771663 pcID=00000128 instID=00000393 pcEX=00000124 aluMEM=00000000 mem_stall=0 mem_waited=0 mem_addr=00000000 mem_we=0000 mem_rd=0540006f
TRACE t=1215000 wb_have=0 pcIF=0000012c instIF=46771663 pcID=00000128 instID=00000393 pcEX=00000124 aluMEM=00000000 mem_stall=0 mem_waited=0 mem_addr=00000000 mem_we=0000 mem_rd=0540006f
TRACE t=1225000 wb_have=0 pcIF=0000012c instIF=46771663 pcID=00000128 instID=00000393 pcEX=00000124 aluMEM=00000000 mem_stall=0 mem_waited=0 mem_addr=00000000 mem_we=0000 mem_rd=0540006f
TRACE t=1235000 wb_have=0 pcIF=0000012c instIF=46771663 pcID=00000128 instID=00000393 pcEX=00000124 aluMEM=00000000 mem_stall=0 mem_waited=0 mem_addr=00000000 mem_we=0000 mem_rd=0540006f
TRACE t=1245000 wb_have=0 pcIF=0000012c instIF=46771663 pcID=00000128 instID=00000393 pcEX=00000124 aluMEM=00000000 mem_stall=0 mem_waited=0 mem_addr=00000000 mem_we=0000 mem_rd=0540006f
TRACE t=1255000 wb_have=0 pcIF=0000012c instIF=46771663 pcID=00000128 instID=00000393 pcEX=00000124 aluMEM=00000000 mem_stall=0 mem_waited=0 mem_addr=00000000 mem_we=0000 mem_rd=0540006f
TRACE t=1265000 wb_have=0 pcIF=0000012c instIF=46771663 pcID=00000128 instID=00000393 pcEX=00000124 aluMEM=00000000 mem_stall=0 mem_waited=0 mem_addr=00000000 mem_we=0000 mem_rd=0540006f
TRACE t=1275000 wb_have=0 pcIF=00000130 instIF=00300193 pcID=0000012c instID=46771663 pcEX=00000128 aluMEM=00000000 mem_stall=0 mem_waited=0 mem_addr=00000000 mem_we=0000 mem_rd=0540006f
TRACE t=1285000 wb_have=0 pcIF=00000134 instIF=00100593 pcID=00000130 instID=00300193 pcEX=0000012c aluMEM=00000000 mem_stall=0 mem_waited=0 mem_addr=00000000 mem_we=0000 mem_rd=0540006f
TRACE t=1295000 wb_have=1 pcIF=00000138 instIF=00100613 pcID=00000134 instID=00100593 pcEX=00000130 aluMEM=00000598 mem_stall=0 mem_waited=0 mem_addr=00000598 mem_we=0000 mem_rd=0540006f
COMMIT t=1295000 wb_pc=00000128 wb_we=1 wb_rd=x7 wb_val=00000000 IF_pc=00000138 IF_inst=00100613 ID_pc=00000134 ID_inst=00100593 EX_pc=00000130 EX_alu=00000003 mem_stall=0 mem_commit=0 mem_we=0000 mem_addr=00000598 mem_wd=00000000 mem_rd=0540006f
TRACE t=1305000 wb_have=1 pcIF=0000013c instIF=02c58733 pcID=00000138 instID=00100613 pcEX=00000134 aluMEM=00000003 mem_stall=0 mem_waited=0 mem_addr=00000003 mem_we=0000 mem_rd=0ff0000f
COMMIT t=1305000 wb_pc=0000012c wb_we=0 wb_rd=x12 wb_val=00000598 IF_pc=0000013c IF_inst=02c58733 ID_pc=00000138 ID_inst=00100613 EX_pc=00000134 EX_alu=00000001 mem_stall=0 mem_commit=0 mem_we=0000 mem_addr=00000003 mem_wd=02000000 mem_rd=0ff0000f
TRACE t=1315000 wb_have=1 pcIF=00000140 instIF=00100393 pcID=0000013c instID=02c58733 pcEX=00000138 aluMEM=00000001 mem_stall=0 mem_waited=0 mem_addr=00000001 mem_we=0000 mem_rd=0540006f
COMMIT t=1315000 wb_pc=00000130 wb_we=1 wb_rd=x3 wb_val=00000003 IF_pc=00000140 IF_inst=00100393 ID_pc=0000013c ID_inst=02c58733 EX_pc=00000138 EX_alu=00000001 mem_stall=0 mem_commit=0 mem_we=0000 mem_addr=00000001 mem_wd=00000000 mem_rd=0540006f
TRACE t=1325000 wb_have=1 pcIF=00000144 instIF=44771a63 pcID=00000140 instID=00100393 pcEX=0000013c aluMEM=00000001 mem_stall=0 mem_waited=0 mem_addr=00000001 mem_we=0000 mem_rd=0540006f
COMMIT t=1325000 wb_pc=00000134 wb_we=1 wb_rd=x11 wb_val=00000001 IF_pc=00000144 IF_inst=44771a63 ID_pc=00000140 ID_inst=00100393 EX_pc=0000013c EX_alu=00000000 mem_stall=0 mem_commit=0 mem_we=0000 mem_addr=00000001 mem_wd=00000000 mem_rd=0540006f
TRACE t=1335000 wb_have=1 pcIF=00000144 instIF=44771a63 pcID=00000140 instID=00100393 pcEX=0000013c aluMEM=00000000 mem_stall=0 mem_waited=0 mem_addr=00000000 mem_we=0000 mem_rd=0540006f
COMMIT t=1335000 wb_pc=00000138 wb_we=1 wb_rd=x12 wb_val=00000001 IF_pc=00000144 IF_inst=44771a63 ID_pc=00000140 ID_inst=00100393 EX_pc=0000013c EX_alu=00000000 mem_stall=0 mem_commit=0 mem_we=0000 mem_addr=00000000 mem_wd=00000000 mem_rd=0540006f
TRACE t=1345000 wb_have=1 pcIF=00000144 instIF=44771a63 pcID=00000140 instID=00100393 pcEX=0000013c aluMEM=00000000 mem_stall=0 mem_waited=0 mem_addr=00000000 mem_we=0000 mem_rd=0540006f
COMMIT t=1345000 wb_pc=fffffffc wb_we=0 wb_rd=x0 wb_val=00000000 IF_pc=00000144 IF_inst=44771a63 ID_pc=00000140 ID_inst=00100393 EX_pc=0000013c EX_alu=00000000 mem_stall=0 mem_commit=0 mem_we=0000 mem_addr=00000000 mem_wd=00000000 mem_rd=0540006f
TRACE t=1355000 wb_have=0 pcIF=00000144 instIF=44771a63 pcID=00000140 instID=00100393 pcEX=0000013c aluMEM=00000000 mem_stall=0 mem_waited=0 mem_addr=00000000 mem_we=0000 mem_rd=0540006f
TRACE t=1365000 wb_have=0 pcIF=00000144 instIF=44771a63 pcID=00000140 instID=00100393 pcEX=0000013c aluMEM=00000000 mem_stall=0 mem_waited=0 mem_addr=00000000 mem_we=0000 mem_rd=0540006f
TRACE t=1375000 wb_have=0 pcIF=00000144 instIF=44771a63 pcID=00000140 instID=00100393 pcEX=0000013c aluMEM=00000000 mem_stall=0 mem_waited=0 mem_addr=00000000 mem_we=0000 mem_rd=0540006f
TRACE t=1385000 wb_have=0 pcIF=00000144 instIF=44771a63 pcID=00000140 instID=00100393 pcEX=0000013c aluMEM=00000000 mem_stall=0 mem_waited=0 mem_addr=00000000 mem_we=0000 mem_rd=0540006f
TRACE t=1395000 wb_have=0 pcIF=00000144 instIF=44771a63 pcID=00000140 instID=00100393 pcEX=0000013c aluMEM=00000000 mem_stall=0 mem_waited=0 mem_addr=00000000 mem_we=0000 mem_rd=0540006f
TRACE t=1405000 wb_have=0 pcIF=00000144 instIF=44771a63 pcID=00000140 instID=00100393 pcEX=0000013c aluMEM=00000000 mem_stall=0 mem_waited=0 mem_addr=00000000 mem_we=0000 mem_rd=0540006f
TRACE t=1415000 wb_have=0 pcIF=00000144 instIF=44771a63 pcID=00000140 instID=00100393 pcEX=0000013c aluMEM=00000000 mem_stall=0 mem_waited=0 mem_addr=00000000 mem_we=0000 mem_rd=0540006f
TRACE t=1425000 wb_have=0 pcIF=00000144 instIF=44771a63 pcID=00000140 instID=00100393 pcEX=0000013c aluMEM=00000000 mem_stall=0 mem_waited=0 mem_addr=00000000 mem_we=0000 mem_rd=0540006f
TRACE t=1435000 wb_have=0 pcIF=00000144 instIF=44771a63 pcID=00000140 instID=00100393 pcEX=0000013c aluMEM=00000000 mem_stall=0 mem_waited=0 mem_addr=00000000 mem_we=0000 mem_rd=0540006f
TRACE t=1445000 wb_have=0 pcIF=00000144 instIF=44771a63 pcID=00000140 instID=00100393 pcEX=0000013c aluMEM=00000000 mem_stall=0 mem_waited=0 mem_addr=00000000 mem_we=0000 mem_rd=0540006f
TRACE t=1455000 wb_have=0 pcIF=00000144 instIF=44771a63 pcID=00000140 instID=00100393 pcEX=0000013c aluMEM=00000000 mem_stall=0 mem_waited=0 mem_addr=00000000 mem_we=0000 mem_rd=0540006f
TRACE t=1465000 wb_have=0 pcIF=00000144 instIF=44771a63 pcID=00000140 instID=00100393 pcEX=0000013c aluMEM=00000000 mem_stall=0 mem_waited=0 mem_addr=00000000 mem_we=0000 mem_rd=0540006f
TRACE t=1475000 wb_have=0 pcIF=00000144 instIF=44771a63 pcID=00000140 instID=00100393 pcEX=0000013c aluMEM=00000000 mem_stall=0 mem_waited=0 mem_addr=00000000 mem_we=0000 mem_rd=0540006f
TRACE t=1485000 wb_have=0 pcIF=00000144 instIF=44771a63 pcID=00000140 instID=00100393 pcEX=0000013c aluMEM=00000000 mem_stall=0 mem_waited=0 mem_addr=00000000 mem_we=0000 mem_rd=0540006f
TRACE t=1495000 wb_have=0 pcIF=00000144 instIF=44771a63 pcID=00000140 instID=00100393 pcEX=0000013c aluMEM=00000000 mem_stall=0 mem_waited=0 mem_addr=00000000 mem_we=0000 mem_rd=0540006f
TRACE t=1505000 wb_have=0 pcIF=00000144 instIF=44771a63 pcID=00000140 instID=00100393 pcEX=0000013c aluMEM=00000000 mem_stall=0 mem_waited=0 mem_addr=00000000 mem_we=0000 mem_rd=0540006f
TRACE t=1515000 wb_have=0 pcIF=00000148 instIF=00400193 pcID=00000144 instID=44771a63 pcEX=00000140 aluMEM=00000001 mem_stall=0 mem_waited=0 mem_addr=00000001 mem_we=0000 mem_rd=0540006f
TRACE t=1525000 wb_have=0 pcIF=0000014c instIF=00300593 pcID=00000148 instID=00400193 pcEX=00000144 aluMEM=00000001 mem_stall=0 mem_waited=0 mem_addr=00000001 mem_we=0000 mem_rd=0540006f
TRACE t=1535000 wb_have=1 pcIF=00000150 instIF=00700613 pcID=0000014c instID=00300593 pcEX=00000148 aluMEM=00000598 mem_stall=0 mem_waited=0 mem_addr=00000598 mem_we=0000 mem_rd=0540006f
COMMIT t=1535000 wb_pc=00000140 wb_we=1 wb_rd=x7 wb_val=00000001 IF_pc=00000150 IF_inst=00700613 ID_pc=0000014c ID_inst=00300593 EX_pc=00000148 EX_alu=00000004 mem_stall=0 mem_commit=0 mem_we=0000 mem_addr=00000598 mem_wd=00000001 mem_rd=0540006f
TRACE t=1545000 wb_have=1 pcIF=00000154 instIF=02c58733 pcID=00000150 instID=00700613 pcEX=0000014c aluMEM=00000004 mem_stall=0 mem_waited=0 mem_addr=00000004 mem_we=0000 mem_rd=0ff0000f
COMMIT t=1545000 wb_pc=00000144 wb_we=0 wb_rd=x20 wb_val=00000598 IF_pc=00000154 IF_inst=02c58733 ID_pc=00000150 ID_inst=00700613 EX_pc=0000014c EX_alu=00000003 mem_stall=0 mem_commit=0 mem_we=0000 mem_addr=00000004 mem_wd=00000000 mem_rd=0ff0000f
TRACE t=1555000 wb_have=1 pcIF=00000158 instIF=01500393 pcID=00000154 instID=02c58733 pcEX=00000150 aluMEM=00000003 mem_stall=0 mem_waited=0 mem_addr=00000003 mem_we=0000 mem_rd=34202f73
COMMIT t=1555000 wb_pc=00000148 wb_we=1 wb_rd=x3 wb_val=00000004 IF_pc=00000158 IF_inst=01500393 ID_pc=00000154 ID_inst=02c58733 EX_pc=00000150 EX_alu=00000007 mem_stall=0 mem_commit=0 mem_we=0000 mem_addr=00000003 mem_wd=04000000 mem_rd=34202f73
TRACE t=1565000 wb_have=1 pcIF=0000015c instIF=42771e63 pcID=00000158 instID=01500393 pcEX=00000154 aluMEM=00000007 mem_stall=0 mem_waited=0 mem_addr=00000007 mem_we=0000 mem_rd=0540006f
COMMIT t=1565000 wb_pc=0000014c wb_we=1 wb_rd=x11 wb_val=00000003 IF_pc=0000015c IF_inst=42771e63 ID_pc=00000158 ID_inst=01500393 EX_pc=00000154 EX_alu=00000001 mem_stall=0 mem_commit=0 mem_we=0000 mem_addr=00000007 mem_wd=01000000 mem_rd=0540006f
TRACE t=1575000 wb_have=1 pcIF=0000015c instIF=42771e63 pcID=00000158 instID=01500393 pcEX=00000154 aluMEM=00000000 mem_stall=0 mem_waited=0 mem_addr=00000000 mem_we=0000 mem_rd=34202f73
COMMIT t=1575000 wb_pc=00000150 wb_we=1 wb_rd=x12 wb_val=00000007 IF_pc=0000015c IF_inst=42771e63 ID_pc=00000158 ID_inst=01500393 EX_pc=00000154 EX_alu=00000001 mem_stall=0 mem_commit=0 mem_we=0000 mem_addr=00000000 mem_wd=00000000 mem_rd=34202f73
TRACE t=1585000 wb_have=1 pcIF=0000015c instIF=42771e63 pcID=00000158 instID=01500393 pcEX=00000154 aluMEM=00000000 mem_stall=0 mem_waited=0 mem_addr=00000000 mem_we=0000 mem_rd=0540006f
COMMIT t=1585000 wb_pc=fffffffc wb_we=0 wb_rd=x0 wb_val=00000000 IF_pc=0000015c IF_inst=42771e63 ID_pc=00000158 ID_inst=01500393 EX_pc=00000154 EX_alu=00000001 mem_stall=0 mem_commit=0 mem_we=0000 mem_addr=00000000 mem_wd=00000000 mem_rd=0540006f
TRACE t=1595000 wb_have=0 pcIF=0000015c instIF=42771e63 pcID=00000158 instID=01500393 pcEX=00000154 aluMEM=00000000 mem_stall=0 mem_waited=0 mem_addr=00000000 mem_we=0000 mem_rd=0540006f
TRACE t=1605000 wb_have=0 pcIF=0000015c instIF=42771e63 pcID=00000158 instID=01500393 pcEX=00000154 aluMEM=00000000 mem_stall=0 mem_waited=0 mem_addr=00000000 mem_we=0000 mem_rd=0540006f
TRACE t=1615000 wb_have=0 pcIF=0000015c instIF=42771e63 pcID=00000158 instID=01500393 pcEX=00000154 aluMEM=00000000 mem_stall=0 mem_waited=0 mem_addr=00000000 mem_we=0000 mem_rd=0540006f
TRACE t=1625000 wb_have=0 pcIF=0000015c instIF=42771e63 pcID=00000158 instID=01500393 pcEX=00000154 aluMEM=00000000 mem_stall=0 mem_waited=0 mem_addr=00000000 mem_we=0000 mem_rd=0540006f
TRACE t=1635000 wb_have=0 pcIF=0000015c instIF=42771e63 pcID=00000158 instID=01500393 pcEX=00000154 aluMEM=00000000 mem_stall=0 mem_waited=0 mem_addr=00000000 mem_we=0000 mem_rd=0540006f
TRACE t=1645000 wb_have=0 pcIF=0000015c instIF=42771e63 pcID=00000158 instID=01500393 pcEX=00000154 aluMEM=00000000 mem_stall=0 mem_waited=0 mem_addr=00000000 mem_we=0000 mem_rd=0540006f
TRACE t=1655000 wb_have=0 pcIF=0000015c instIF=42771e63 pcID=00000158 instID=01500393 pcEX=00000154 aluMEM=00000000 mem_stall=0 mem_waited=0 mem_addr=00000000 mem_we=0000 mem_rd=0540006f
TRACE t=1665000 wb_have=0 pcIF=0000015c instIF=42771e63 pcID=00000158 instID=01500393 pcEX=00000154 aluMEM=00000000 mem_stall=0 mem_waited=0 mem_addr=00000000 mem_we=0000 mem_rd=0540006f
TRACE t=1675000 wb_have=0 pcIF=0000015c instIF=42771e63 pcID=00000158 instID=01500393 pcEX=00000154 aluMEM=00000000 mem_stall=0 mem_waited=0 mem_addr=00000000 mem_we=0000 mem_rd=0540006f
TRACE t=1685000 wb_have=0 pcIF=0000015c instIF=42771e63 pcID=00000158 instID=01500393 pcEX=00000154 aluMEM=00000000 mem_stall=0 mem_waited=0 mem_addr=00000000 mem_we=0000 mem_rd=0540006f
TRACE t=1695000 wb_have=0 pcIF=0000015c instIF=42771e63 pcID=00000158 instID=01500393 pcEX=00000154 aluMEM=00000000 mem_stall=0 mem_waited=0 mem_addr=00000000 mem_we=0000 mem_rd=0540006f
TRACE t=1705000 wb_have=0 pcIF=0000015c instIF=42771e63 pcID=00000158 instID=01500393 pcEX=00000154 aluMEM=00000000 mem_stall=0 mem_waited=0 mem_addr=00000000 mem_we=0000 mem_rd=0540006f
TRACE t=1715000 wb_have=0 pcIF=0000015c instIF=42771e63 pcID=00000158 instID=01500393 pcEX=00000154 aluMEM=00000000 mem_stall=0 mem_waited=0 mem_addr=00000000 mem_we=0000 mem_rd=0540006f
TRACE t=1725000 wb_have=0 pcIF=0000015c instIF=42771e63 pcID=00000158 instID=01500393 pcEX=00000154 aluMEM=00000000 mem_stall=0 mem_waited=0 mem_addr=00000000 mem_we=0000 mem_rd=0540006f
TRACE t=1735000 wb_have=0 pcIF=0000015c instIF=42771e63 pcID=00000158 instID=01500393 pcEX=00000154 aluMEM=00000000 mem_stall=0 mem_waited=0 mem_addr=00000000 mem_we=0000 mem_rd=0540006f
TRACE t=1745000 wb_have=0 pcIF=0000015c instIF=42771e63 pcID=00000158 instID=01500393 pcEX=00000154 aluMEM=00000000 mem_stall=0 mem_waited=0 mem_addr=00000000 mem_we=0000 mem_rd=0540006f
TRACE t=1755000 wb_have=0 pcIF=00000160 instIF=00500193 pcID=0000015c instID=42771e63 pcEX=00000158 aluMEM=00000015 mem_stall=0 mem_waited=0 mem_addr=00000015 mem_we=0000 mem_rd=0540006f
TRACE t=1765000 wb_have=0 pcIF=00000164 instIF=00000593 pcID=00000160 instID=00500193 pcEX=0000015c aluMEM=00000015 mem_stall=0 mem_waited=0 mem_addr=00000015 mem_we=0000 mem_rd=03ff0663
TRACE t=1775000 wb_have=1 pcIF=00000168 instIF=ffff8637 pcID=00000164 instID=00000593 pcEX=00000160 aluMEM=00000598 mem_stall=0 mem_waited=0 mem_addr=00000598 mem_we=0000 mem_rd=03ff0663
COMMIT t=1775000 wb_pc=00000158 wb_we=1 wb_rd=x7 wb_val=00000015 IF_pc=00000168 IF_inst=ffff8637 ID_pc=00000164 ID_inst=00000593 EX_pc=00000160 EX_alu=00000005 mem_stall=0 mem_commit=0 mem_we=0000 mem_addr=00000598 mem_wd=00000015 mem_rd=03ff0663
TRACE t=1785000 wb_have=1 pcIF=0000016c instIF=02c58733 pcID=00000168 instID=ffff8637 pcEX=00000164 aluMEM=00000005 mem_stall=0 mem_waited=0 mem_addr=00000005 mem_we=0000 mem_rd=0ff0000f
COMMIT t=1785000 wb_pc=0000015c wb_we=0 wb_rd=x28 wb_val=00000598 IF_pc=0000016c IF_inst=02c58733 ID_pc=00000168 ID_inst=ffff8637 EX_pc=00000164 EX_alu=00000000 mem_stall=0 mem_commit=0 mem_we=0000 mem_addr=00000005 mem_wd=00000000 mem_rd=0ff0000f
TRACE t=1795000 wb_have=1 pcIF=00000170 instIF=00000393 pcID=0000016c instID=02c58733 pcEX=00000168 aluMEM=00000000 mem_stall=0 mem_waited=0 mem_addr=00000000 mem_we=0000 mem_rd=34202f73
COMMIT t=1795000 wb_pc=00000160 wb_we=1 wb_rd=x3 wb_val=00000005 IF_pc=00000170 IF_inst=00000393 ID_pc=0000016c ID_inst=02c58733 EX_pc=00000168 EX_alu=ffff8000 mem_stall=0 mem_commit=0 mem_we=0000 mem_addr=00000000 mem_wd=00000000 mem_rd=34202f73
TRACE t=1805000 wb_have=1 pcIF=00000174 instIF=42771263 pcID=00000170 instID=00000393 pcEX=0000016c aluMEM=ffff8000 mem_stall=0 mem_waited=0 mem_addr=ffff8000 mem_we=0000 mem_rd=0540006f
COMMIT t=1805000 wb_pc=00000164 wb_we=1 wb_rd=x11 wb_val=00000000 IF_pc=00000174 IF_inst=42771263 ID_pc=00000170 ID_inst=00000393 EX_pc=0000016c EX_alu=00000015 mem_stall=0 mem_commit=0 mem_we=0000 mem_addr=ffff8000 mem_wd=00000000 mem_rd=0540006f
TRACE t=1815000 wb_have=1 pcIF=00000174 instIF=42771263 pcID=00000170 instID=00000393 pcEX=0000016c aluMEM=00000000 mem_stall=0 mem_waited=0 mem_addr=00000000 mem_we=0000 mem_rd=00000000
COMMIT t=1815000 wb_pc=00000168 wb_we=1 wb_rd=x12 wb_val=ffff8000 IF_pc=00000174 IF_inst=42771263 ID_pc=00000170 ID_inst=00000393 EX_pc=0000016c EX_alu=00000015 mem_stall=0 mem_commit=0 mem_we=0000 mem_addr=00000000 mem_wd=00000000 mem_rd=00000000
TRACE t=1825000 wb_have=1 pcIF=00000174 instIF=42771263 pcID=00000170 instID=00000393 pcEX=0000016c aluMEM=00000000 mem_stall=0 mem_waited=0 mem_addr=00000000 mem_we=0000 mem_rd=0540006f
COMMIT t=1825000 wb_pc=fffffffc wb_we=0 wb_rd=x0 wb_val=00000000 IF_pc=00000174 IF_inst=42771263 ID_pc=00000170 ID_inst=00000393 EX_pc=0000016c EX_alu=00000015 mem_stall=0 mem_commit=0 mem_we=0000 mem_addr=00000000 mem_wd=00000000 mem_rd=0540006f
TRACE t=1835000 wb_have=0 pcIF=00000174 instIF=42771263 pcID=00000170 instID=00000393 pcEX=0000016c aluMEM=00000000 mem_stall=0 mem_waited=0 mem_addr=00000000 mem_we=0000 mem_rd=0540006f
TRACE t=1845000 wb_have=0 pcIF=00000174 instIF=42771263 pcID=00000170 instID=00000393 pcEX=0000016c aluMEM=00000000 mem_stall=0 mem_waited=0 mem_addr=00000000 mem_we=0000 mem_rd=0540006f
TRACE t=1855000 wb_have=0 pcIF=00000174 instIF=42771263 pcID=00000170 instID=00000393 pcEX=0000016c aluMEM=00000000 mem_stall=0 mem_waited=0 mem_addr=00000000 mem_we=0000 mem_rd=0540006f
TRACE t=1865000 wb_have=0 pcIF=00000174 instIF=42771263 pcID=00000170 instID=00000393 pcEX=0000016c aluMEM=00000000 mem_stall=0 mem_waited=0 mem_addr=00000000 mem_we=0000 mem_rd=0540006f
TRACE t=1875000 wb_have=0 pcIF=00000174 instIF=42771263 pcID=00000170 instID=00000393 pcEX=0000016c aluMEM=00000000 mem_stall=0 mem_waited=0 mem_addr=00000000 mem_we=0000 mem_rd=0540006f
TRACE t=1885000 wb_have=0 pcIF=00000174 instIF=42771263 pcID=00000170 instID=00000393 pcEX=0000016c aluMEM=00000000 mem_stall=0 mem_waited=0 mem_addr=00000000 mem_we=0000 mem_rd=0540006f
TRACE t=1895000 wb_have=0 pcIF=00000174 instIF=42771263 pcID=00000170 instID=00000393 pcEX=0000016c aluMEM=00000000 mem_stall=0 mem_waited=0 mem_addr=00000000 mem_we=0000 mem_rd=0540006f
TRACE t=1905000 wb_have=0 pcIF=00000174 instIF=42771263 pcID=00000170 instID=00000393 pcEX=0000016c aluMEM=00000000 mem_stall=0 mem_waited=0 mem_addr=00000000 mem_we=0000 mem_rd=0540006f
TRACE t=1915000 wb_have=0 pcIF=00000174 instIF=42771263 pcID=00000170 instID=00000393 pcEX=0000016c aluMEM=00000000 mem_stall=0 mem_waited=0 mem_addr=00000000 mem_we=0000 mem_rd=0540006f
TRACE t=1925000 wb_have=0 pcIF=00000174 instIF=42771263 pcID=00000170 instID=00000393 pcEX=0000016c aluMEM=00000000 mem_stall=0 mem_waited=0 mem_addr=00000000 mem_we=0000 mem_rd=0540006f
TRACE t=1935000 wb_have=0 pcIF=00000174 instIF=42771263 pcID=00000170 instID=00000393 pcEX=0000016c aluMEM=00000000 mem_stall=0 mem_waited=0 mem_addr=00000000 mem_we=0000 mem_rd=0540006f
TRACE t=1945000 wb_have=0 pcIF=00000174 instIF=42771263 pcID=00000170 instID=00000393 pcEX=0000016c aluMEM=00000000 mem_stall=0 mem_waited=0 mem_addr=00000000 mem_we=0000 mem_rd=0540006f
TRACE t=1955000 wb_have=0 pcIF=00000174 instIF=42771263 pcID=00000170 instID=00000393 pcEX=0000016c aluMEM=00000000 mem_stall=0 mem_waited=0 mem_addr=00000000 mem_we=0000 mem_rd=0540006f
TRACE t=1965000 wb_have=0 pcIF=00000174 instIF=42771263 pcID=00000170 instID=00000393 pcEX=0000016c aluMEM=00000000 mem_stall=0 mem_waited=0 mem_addr=00000000 mem_we=0000 mem_rd=0540006f
TRACE t=1975000 wb_have=0 pcIF=00000174 instIF=42771263 pcID=00000170 instID=00000393 pcEX=0000016c aluMEM=00000000 mem_stall=0 mem_waited=0 mem_addr=00000000 mem_we=0000 mem_rd=0540006f
TRACE t=1985000 wb_have=0 pcIF=00000174 instIF=42771263 pcID=00000170 instID=00000393 pcEX=0000016c aluMEM=00000000 mem_stall=0 mem_waited=0 mem_addr=00000000 mem_we=0000 mem_rd=0540006f
TRACE t=1995000 wb_have=0 pcIF=00000178 instIF=00600193 pcID=00000174 instID=42771263 pcEX=00000170 aluMEM=00000000 mem_stall=0 mem_waited=0 mem_addr=00000000 mem_we=0000 mem_rd=0540006f
COMMIT t=2015000 wb_pc=00000170 wb_we=1 wb_rd=x7 wb_val=00000000 IF_pc=00000180 IF_inst=00000613 ID_pc=0000017c ID_inst=800005b7 EX_pc=00000178 EX_alu=00000006 mem_stall=0 mem_commit=0 mem_we=0000 mem_addr=00000598 mem_wd=00000000 mem_rd=0540006f
COMMIT t=2025000 wb_pc=00000174 wb_we=0 wb_rd=x4 wb_val=00000598 IF_pc=00000184 IF_inst=02c58733 ID_pc=00000180 ID_inst=00000613 EX_pc=0000017c EX_alu=80000000 mem_stall=0 mem_commit=0 mem_we=0000 mem_addr=00000006 mem_wd=00000000 mem_rd=0ff0000f
COMMIT t=2035000 wb_pc=00000178 wb_we=1 wb_rd=x3 wb_val=00000006 IF_pc=00000188 IF_inst=00000393 ID_pc=00000184 ID_inst=02c58733 EX_pc=00000180 EX_alu=00000000 mem_stall=0 mem_commit=0 mem_we=0000 mem_addr=80000000 mem_wd=00000000 mem_rd=34202f73
COMMIT t=2045000 wb_pc=0000017c wb_we=1 wb_rd=x11 wb_val=80000000 IF_pc=0000018c IF_inst=40771663 ID_pc=00000188 ID_inst=00000393 EX_pc=00000184 EX_alu=00000000 mem_stall=0 mem_commit=0 mem_we=0000 mem_addr=00000000 mem_wd=00000000 mem_rd=00000000
COMMIT t=2055000 wb_pc=00000180 wb_we=1 wb_rd=x12 wb_val=00000000 IF_pc=0000018c IF_inst=40771663 ID_pc=00000188 ID_inst=00000393 EX_pc=00000184 EX_alu=00000000 mem_stall=0 mem_commit=0 mem_we=0000 mem_addr=00000000 mem_wd=00000000 mem_rd=0540006f
COMMIT t=2065000 wb_pc=fffffffc wb_we=0 wb_rd=x0 wb_val=00000000 IF_pc=0000018c IF_inst=40771663 ID_pc=00000188 ID_inst=00000393 EX_pc=00000184 EX_alu=00000000 mem_stall=0 mem_commit=0 mem_we=0000 mem_addr=00000000 mem_wd=00000000 mem_rd=0540006f
COMMIT t=2255000 wb_pc=00000188 wb_we=1 wb_rd=x7 wb_val=00000000 IF_pc=00000198 IF_inst=ffff8637 ID_pc=00000194 ID_inst=800005b7 EX_pc=00000190 EX_alu=00000007 mem_stall=0 mem_commit=0 mem_we=0000 mem_addr=00000598 mem_wd=00000000 mem_rd=0540006f
COMMIT t=2265000 wb_pc=0000018c wb_we=0 wb_rd=x12 wb_val=00000598 IF_pc=0000019c IF_inst=02c58733 ID_pc=00000198 ID_inst=ffff8637 EX_pc=00000194 EX_alu=80000000 mem_stall=0 mem_commit=0 mem_we=0000 mem_addr=00000007 mem_wd=00000000 mem_rd=0ff0000f
COMMIT t=2275000 wb_pc=00000190 wb_we=1 wb_rd=x3 wb_val=00000007 IF_pc=000001a0 IF_inst=00000393 ID_pc=0000019c ID_inst=02c58733 EX_pc=00000198 EX_alu=ffff8000 mem_stall=0 mem_commit=0 mem_we=0000 mem_addr=80000000 mem_wd=00000000 mem_rd=34202f73
COMMIT t=2285000 wb_pc=00000194 wb_we=1 wb_rd=x11 wb_val=80000000 IF_pc=000001a4 IF_inst=3e771a63 ID_pc=000001a0 ID_inst=00000393 EX_pc=0000019c EX_alu=00000000 mem_stall=0 mem_commit=0 mem_we=0000 mem_addr=ffff8000 mem_wd=00000000 mem_rd=00000000
COMMIT t=2295000 wb_pc=00000198 wb_we=1 wb_rd=x12 wb_val=ffff8000 IF_pc=000001a4 IF_inst=3e771a63 ID_pc=000001a0 ID_inst=00000393 EX_pc=0000019c EX_alu=00000000 mem_stall=0 mem_commit=0 mem_we=0000 mem_addr=00000000 mem_wd=00000000 mem_rd=00000000
COMMIT t=2305000 wb_pc=fffffffc wb_we=0 wb_rd=x0 wb_val=00000000 IF_pc=000001a4 IF_inst=3e771a63 ID_pc=000001a0 ID_inst=00000393 EX_pc=0000019c EX_alu=00000000 mem_stall=0 mem_commit=0 mem_we=0000 mem_addr=00000000 mem_wd=00000000 mem_rd=0540006f
COMMIT t=2495000 wb_pc=000001a0 wb_we=1 wb_rd=x7 wb_val=00000000 IF_pc=000001b0 IF_inst=aab58593 ID_pc=000001ac ID_inst=aaaab5b7 EX_pc=000001a8 EX_alu=0000001e mem_stall=0 mem_commit=0 mem_we=0000 mem_addr=00000598 mem_wd=00000000 mem_rd=0540006f
COMMIT t=2505000 wb_pc=000001a4 wb_we=0 wb_rd=x20 wb_val=00000598 IF_pc=000001b4 IF_inst=00030637 ID_pc=000001b0 ID_inst=aab58593 EX_pc=000001ac EX_alu=aaaab000 mem_stall=0 mem_commit=0 mem_we=0000 mem_addr=0000001e mem_wd=00000000 mem_rd=0ff0000f
COMMIT t=2515000 wb_pc=000001a8 wb_we=1 wb_rd=x3 wb_val=0000001e IF_pc=000001b8 IF_inst=e7d60613 ID_pc=000001b4 ID_inst=00030637 EX_pc=000001b0 EX_alu=aaaaaaab mem_stall=0 mem_commit=0 mem_we=0000 mem_addr=aaaab000 mem_wd=00000000 mem_rd=03ff0263
COMMIT t=2525000 wb_pc=000001ac wb_we=1 wb_rd=x11 wb_val=aaaab000 IF_pc=000001bc IF_inst=02c58733 ID_pc=000001b8 ID_inst=e7d60613 EX_pc=000001b4 EX_alu=00030000 mem_stall=0 mem_commit=0 mem_we=0000 mem_addr=aaaaaaab mem_wd=00000000 mem_rd=00000000
COMMIT t=2535000 wb_pc=000001b0 wb_we=1 wb_rd=x11 wb_val=aaaaaaab IF_pc=000001c0 IF_inst=000103b7 ID_pc=000001bc ID_inst=02c58733 EX_pc=000001b8 EX_alu=0002fe7d mem_stall=0 mem_commit=0 mem_we=0000 mem_addr=00030000 mem_wd=00000000 mem_rd=00000000
COMMIT t=2545000 wb_pc=000001b4 wb_we=1 wb_rd=x12 wb_val=00030000 IF_pc=000001c4 IF_inst=f7f38393 ID_pc=000001c0 ID_inst=000103b7 EX_pc=000001bc EX_alu=00000000 mem_stall=0 mem_commit=0 mem_we=0000 mem_addr=0002fe7d mem_wd=00000000 mem_rd=00000000
COMMIT t=2555000 wb_pc=000001b8 wb_we=1 wb_rd=x12 wb_val=0002fe7d IF_pc=000001c4 IF_inst=f7f38393 ID_pc=000001c0 ID_inst=000103b7 EX_pc=000001bc EX_alu=00000000 mem_stall=0 mem_commit=0 mem_we=0000 mem_addr=00000000 mem_wd=00000000 mem_rd=00000000
COMMIT t=2565000 wb_pc=fffffffc wb_we=0 wb_rd=x0 wb_val=00000000 IF_pc=000001c4 IF_inst=f7f38393 ID_pc=000001c0 ID_inst=000103b7 EX_pc=000001bc EX_alu=00000000 mem_stall=0 mem_commit=0 mem_we=0000 mem_addr=00000000 mem_wd=00000000 mem_rd=0540006f
COMMIT t=2755000 wb_pc=000001c0 wb_we=1 wb_rd=x7 wb_val=00010000 IF_pc=000001d0 IF_inst=000305b7 ID_pc=000001cc ID_inst=01f00193 EX_pc=000001c8 EX_alu=00000598 mem_stall=0 mem_commit=0 mem_we=0000 mem_addr=0000ff7f mem_wd=00000000 mem_rd=00000000
COMMIT t=2765000 wb_pc=000001c4 wb_we=1 wb_rd=x7 wb_val=0000ff7f IF_pc=000001d4 IF_inst=e7d58593 ID_pc=000001d0 ID_inst=000305b7 EX_pc=000001cc EX_alu=0000001f mem_stall=0 mem_commit=0 mem_we=0000 mem_addr=00000598 mem_wd=0000ff7f mem_rd=00000000
COMMIT t=2775000 wb_pc=000001c8 wb_we=0 wb_rd=x16 wb_val=00000598 IF_pc=000001d8 IF_inst=aaaab637 ID_pc=000001d4 ID_inst=e7d58593 EX_pc=000001d0 EX_alu=00030000 mem_stall=0 mem_commit=0 mem_we=0000 mem_addr=0000001f mem_wd=00000000 mem_rd=0ff0000f
COMMIT t=2785000 wb_pc=000001cc wb_we=1 wb_rd=x3 wb_val=0000001f IF_pc=000001dc IF_inst=aab60613 ID_pc=000001d8 ID_inst=aaaab637 EX_pc=000001d4 EX_alu=0002fe7d mem_stall=0 mem_commit=0 mem_we=0000 mem_addr=00030000 mem_wd=00000000 mem_rd=03ff0263
COMMIT t=2795000 wb_pc=000001d0 wb_we=1 wb_rd=x11 wb_val=00030000 IF_pc=000001e0 IF_inst=02c58733 ID_pc=000001dc ID_inst=aab60613 EX_pc=000001d8 EX_alu=aaaab000 mem_stall=0 mem_commit=0 mem_we=0000 mem_addr=0002fe7d mem_wd=00000000 mem_rd=00000000
COMMIT t=2805000 wb_pc=000001d4 wb_we=1 wb_rd=x11 wb_val=0002fe7d IF_pc=000001e4 IF_inst=000103b7 ID_pc=000001e0 ID_inst=02c58733 EX_pc=000001dc EX_alu=aaaaaaab mem_stall=0 mem_commit=0 mem_we=0000 mem_addr=aaaab000 mem_wd=00000000 mem_rd=00000000
COMMIT t=2815000 wb_pc=000001d8 wb_we=1 wb_rd=x12 wb_val=aaaab000 IF_pc=000001e8 IF_inst=f7f38393 ID_pc=000001e4 ID_inst=000103b7 EX_pc=000001e0 EX_alu=0000ff7f mem_stall=0 mem_commit=0 mem_we=0000 mem_addr=aaaaaaab mem_wd=7d000000 mem_rd=00000000
COMMIT t=2825000 wb_pc=000001dc wb_we=1 wb_rd=x12 wb_val=aaaaaaab IF_pc=000001e8 IF_inst=f7f38393 ID_pc=000001e4 ID_inst=000103b7 EX_pc=000001e0 EX_alu=0000ff7f mem_stall=0 mem_commit=0 mem_we=0000 mem_addr=00000000 mem_wd=00000000 mem_rd=00000000
COMMIT t=2835000 wb_pc=fffffffc wb_we=0 wb_rd=x0 wb_val=00000000 IF_pc=000001e8 IF_inst=f7f38393 ID_pc=000001e4 ID_inst=000103b7 EX_pc=000001e0 EX_alu=0000ff7f mem_stall=0 mem_commit=0 mem_we=0000 mem_addr=00000000 mem_wd=00000000 mem_rd=0540006f
COMMIT t=3025000 wb_pc=000001e4 wb_we=1 wb_rd=x7 wb_val=00010000 IF_pc=000001f4 IF_inst=ff0005b7 ID_pc=000001f0 ID_inst=02200193 EX_pc=000001ec EX_alu=00000598 mem_stall=0 mem_commit=0 mem_we=0000 mem_addr=0000ff7f mem_wd=00000000 mem_rd=00000000
COMMIT t=3035000 wb_pc=000001e8 wb_we=1 wb_rd=x7 wb_val=0000ff7f IF_pc=000001f8 IF_inst=ff000637 ID_pc=000001f4 ID_inst=ff0005b7 EX_pc=000001f0 EX_alu=00000022 mem_stall=0 mem_commit=0 mem_we=0000 mem_addr=00000598 mem_wd=0000ff7f mem_rd=00000000
COMMIT t=3045000 wb_pc=000001ec wb_we=0 wb_rd=x12 wb_val=00000598 IF_pc=000001fc IF_inst=02c58733 ID_pc=000001f8 ID_inst=ff000637 EX_pc=000001f4 EX_alu=ff000000 mem_stall=0 mem_commit=0 mem_we=0000 mem_addr=00000022 mem_wd=00000000 mem_rd=0ff0000f
COMMIT t=3055000 wb_pc=000001f0 wb_we=1 wb_rd=x3 wb_val=00000022 IF_pc=00000200 IF_inst=00000393 ID_pc=000001fc ID_inst=02c58733 EX_pc=000001f8 EX_alu=ff000000 mem_stall=0 mem_commit=0 mem_we=0000 mem_addr=ff000000 mem_wd=00000000 mem_rd=00000f17
COMMIT t=3065000 wb_pc=000001f4 wb_we=1 wb_rd=x11 wb_val=ff000000 IF_pc=00000204 IF_inst=38771a63 ID_pc=00000200 ID_inst=00000393 EX_pc=000001fc EX_alu=0000ff7f mem_stall=0 mem_commit=0 mem_we=0000 mem_addr=ff000000 mem_wd=00000000 mem_rd=00000000
COMMIT t=3075000 wb_pc=000001f8 wb_we=1 wb_rd=x12 wb_val=ff000000 IF_pc=00000204 IF_inst=38771a63 ID_pc=00000200 ID_inst=00000393 EX_pc=000001fc EX_alu=0000ff7f mem_stall=0 mem_commit=0 mem_we=0000 mem_addr=00000000 mem_wd=00000000 mem_rd=00000000
COMMIT t=3085000 wb_pc=fffffffc wb_we=0 wb_rd=x0 wb_val=00000000 IF_pc=00000204 IF_inst=38771a63 ID_pc=00000200 ID_inst=00000393 EX_pc=000001fc EX_alu=0000ff7f mem_stall=0 mem_commit=0 mem_we=0000 mem_addr=00000000 mem_wd=00000000 mem_rd=0540006f
COMMIT t=3275000 wb_pc=00000200 wb_we=1 wb_rd=x7 wb_val=00000000 IF_pc=00000210 IF_inst=fff00613 ID_pc=0000020c ID_inst=fff00593 EX_pc=00000208 EX_alu=00000023 mem_stall=0 mem_commit=0 mem_we=0000 mem_addr=00000598 mem_wd=00000000 mem_rd=0540006f
COMMIT t=3285000 wb_pc=00000204 wb_we=0 wb_rd=x20 wb_val=00000598 IF_pc=00000214 IF_inst=02c58733 ID_pc=00000210 ID_inst=fff00613 EX_pc=0000020c EX_alu=ffffffff mem_stall=0 mem_commit=0 mem_we=0000 mem_addr=00000023 mem_wd=22000000 mem_rd=0ff0000f
COMMIT t=3295000 wb_pc=00000208 wb_we=1 wb_rd=x3 wb_val=00000023 IF_pc=00000218 IF_inst=00100393 ID_pc=00000214 ID_inst=02c58733 EX_pc=00000210 EX_alu=ffffffff mem_stall=0 mem_commit=0 mem_we=0000 mem_addr=ffffffff mem_wd=00000000 mem_rd=00000f17
COMMIT t=3305000 wb_pc=0000020c wb_we=1 wb_rd=x11 wb_val=ffffffff IF_pc=0000021c IF_inst=36771e63 ID_pc=00000218 ID_inst=00100393 EX_pc=00000214 EX_alu=00000000 mem_stall=0 mem_commit=0 mem_we=0000 mem_addr=ffffffff mem_wd=00000000 mem_rd=00000000
COMMIT t=3315000 wb_pc=00000210 wb_we=1 wb_rd=x12 wb_val=ffffffff IF_pc=0000021c IF_inst=36771e63 ID_pc=00000218 ID_inst=00100393 EX_pc=00000214 EX_alu=00000000 mem_stall=0 mem_commit=0 mem_we=0000 mem_addr=00000000 mem_wd=00000000 mem_rd=00000000
COMMIT t=3325000 wb_pc=fffffffc wb_we=0 wb_rd=x0 wb_val=00000000 IF_pc=0000021c IF_inst=36771e63 ID_pc=00000218 ID_inst=00100393 EX_pc=00000214 EX_alu=00000000 mem_stall=0 mem_commit=0 mem_we=0000 mem_addr=00000000 mem_wd=00000000 mem_rd=0540006f
COMMIT t=3515000 wb_pc=00000218 wb_we=1 wb_rd=x7 wb_val=00000001 IF_pc=00000228 IF_inst=00100613 ID_pc=00000224 ID_inst=fff00593 EX_pc=00000220 EX_alu=00000024 mem_stall=0 mem_commit=0 mem_we=0000 mem_addr=00000598 mem_wd=00000001 mem_rd=0540006f
COMMIT t=3525000 wb_pc=0000021c wb_we=0 wb_rd=x28 wb_val=00000598 IF_pc=0000022c IF_inst=02c58733 ID_pc=00000228 ID_inst=00100613 EX_pc=00000224 EX_alu=ffffffff mem_stall=0 mem_commit=0 mem_we=0000 mem_addr=00000024 mem_wd=00000000 mem_rd=0ff0000f
COMMIT t=3535000 wb_pc=00000220 wb_we=1 wb_rd=x3 wb_val=00000024 IF_pc=00000230 IF_inst=fff00393 ID_pc=0000022c ID_inst=02c58733 EX_pc=00000228 EX_alu=00000001 mem_stall=0 mem_commit=0 mem_we=0000 mem_addr=ffffffff mem_wd=00000000 mem_rd=fe0f0f13
COMMIT t=3545000 wb_pc=00000224 wb_we=1 wb_rd=x11 wb_val=ffffffff IF_pc=00000234 IF_inst=36771263 ID_pc=00000230 ID_inst=fff00393 EX_pc=0000022c EX_alu=00000001 mem_stall=0 mem_commit=0 mem_we=0000 mem_addr=00000001 mem_wd=00000000 mem_rd=00000000
COMMIT t=3555000 wb_pc=00000228 wb_we=1 wb_rd=x12 wb_val=00000001 IF_pc=00000234 IF_inst=36771263 ID_pc=00000230 ID_inst=fff00393 EX_pc=0000022c EX_alu=00000001 mem_stall=0 mem_commit=0 mem_we=0000 mem_addr=00000000 mem_wd=00000000 mem_rd=0540006f
COMMIT t=3565000 wb_pc=fffffffc wb_we=0 wb_rd=x0 wb_val=00000000 IF_pc=00000234 IF_inst=36771263 ID_pc=00000230 ID_inst=fff00393 EX_pc=0000022c EX_alu=00000001 mem_stall=0 mem_commit=0 mem_we=0000 mem_addr=00000000 mem_wd=00000000 mem_rd=0540006f
COMMIT t=3755000 wb_pc=00000230 wb_we=1 wb_rd=x7 wb_val=ffffffff IF_pc=00000240 IF_inst=fff00613 ID_pc=0000023c ID_inst=00100593 EX_pc=00000238 EX_alu=00000025 mem_stall=0 mem_commit=0 mem_we=0000 mem_addr=00000598 mem_wd=0000ffff mem_rd=00000000
COMMIT t=3765000 wb_pc=00000234 wb_we=0 wb_rd=x4 wb_val=00000598 IF_pc=00000244 IF_inst=02c58733 ID_pc=00000240 ID_inst=fff00613 EX_pc=0000023c EX_alu=00000001 mem_stall=0 mem_commit=0 mem_we=0000 mem_addr=00000025 mem_wd=00000000 mem_rd=0ff0000f
COMMIT t=3775000 wb_pc=00000238 wb_we=1 wb_rd=x3 wb_val=00000025 IF_pc=00000248 IF_inst=fff00393 ID_pc=00000244 ID_inst=02c58733 EX_pc=00000240 EX_alu=ffffffff mem_stall=0 mem_commit=0 mem_we=0000 mem_addr=00000001 mem_wd=00000000 mem_rd=fe0f0f13
COMMIT t=3785000 wb_pc=0000023c wb_we=1 wb_rd=x11 wb_val=00000001 IF_pc=0000024c IF_inst=34771663 ID_pc=00000248 ID_inst=fff00393 EX_pc=00000244 EX_alu=ffffffff mem_stall=0 mem_commit=0 mem_we=0000 mem_addr=ffffffff mem_wd=00000000 mem_rd=0540006f
COMMIT t=3795000 wb_pc=00000240 wb_we=1 wb_rd=x12 wb_val=ffffffff IF_pc=0000024c IF_inst=34771663 ID_pc=00000248 ID_inst=fff00393 EX_pc=00000244 EX_alu=ffffffff mem_stall=0 mem_commit=0 mem_we=0000 mem_addr=00000000 mem_wd=00000000 mem_rd=00000000
COMMIT t=3805000 wb_pc=fffffffc wb_we=0 wb_rd=x0 wb_val=00000000 IF_pc=0000024c IF_inst=34771663 ID_pc=00000248 ID_inst=fff00393 EX_pc=00000244 EX_alu=ffffffff mem_stall=0 mem_commit=0 mem_we=0000 mem_addr=00000000 mem_wd=00000000 mem_rd=0540006f
COMMIT t=3995000 wb_pc=00000248 wb_we=1 wb_rd=x7 wb_val=ffffffff IF_pc=00000258 IF_inst=00b00613 ID_pc=00000254 ID_inst=00d00593 EX_pc=00000250 EX_alu=00000008 mem_stall=0 mem_commit=0 mem_we=0000 mem_addr=00000598 mem_wd=0000ffff mem_rd=00000000
COMMIT t=4005000 wb_pc=0000024c wb_we=0 wb_rd=x12 wb_val=00000598 IF_pc=0000025c IF_inst=02c585b3 ID_pc=00000258 ID_inst=00b00613 EX_pc=00000254 EX_alu=0000000d mem_stall=0 mem_commit=0 mem_we=0000 mem_addr=00000008 mem_wd=00000000 mem_rd=0ff0000f
COMMIT t=4015000 wb_pc=00000250 wb_we=1 wb_rd=x3 wb_val=00000008 IF_pc=00000260 IF_inst=08f00393 ID_pc=0000025c ID_inst=02c585b3 EX_pc=00000258 EX_alu=0000000b mem_stall=0 mem_commit=0 mem_we=0000 mem_addr=0000000d mem_wd=00000000 mem_rd=00800f93
COMMIT t=4025000 wb_pc=00000254 wb_we=1 wb_rd=x11 wb_val=0000000d IF_pc=00000264 IF_inst=32759a63 ID_pc=00000260 ID_inst=08f00393 EX_pc=0000025c EX_alu=ffffffff mem_stall=0 mem_commit=0 mem_we=0000 mem_addr=0000000b mem_wd=0d000000 mem_rd=03ff0a63
COMMIT t=4035000 wb_pc=00000258 wb_we=1 wb_rd=x12 wb_val=0000000b IF_pc=00000264 IF_inst=32759a63 ID_pc=00000260 ID_inst=08f00393 EX_pc=0000025c EX_alu=ffffffff mem_stall=0 mem_commit=0 mem_we=0000 mem_addr=00000000 mem_wd=00000000 mem_rd=00800f93
COMMIT t=4045000 wb_pc=fffffffc wb_we=0 wb_rd=x0 wb_val=00000000 IF_pc=00000264 IF_inst=32759a63 ID_pc=00000260 ID_inst=08f00393 EX_pc=0000025c EX_alu=ffffffff mem_stall=0 mem_commit=0 mem_we=0000 mem_addr=00000000 mem_wd=00000000 mem_rd=0540006f
COMMIT t=4235000 wb_pc=00000260 wb_we=1 wb_rd=x7 wb_val=0000008f IF_pc=00000270 IF_inst=00b00613 ID_pc=0000026c ID_inst=00e00593 EX_pc=00000268 EX_alu=00000009 mem_stall=0 mem_commit=0 mem_we=0000 mem_addr=00000598 mem_wd=0000008f mem_rd=00000793
COMMIT t=4245000 wb_pc=00000264 wb_we=0 wb_rd=x20 wb_val=00000598 IF_pc=00000274 IF_inst=02c58633 ID_pc=00000270 ID_inst=00b00613 EX_pc=0000026c EX_alu=0000000e mem_stall=0 mem_commit=0 mem_we=0000 mem_addr=00000009 mem_wd=00000000 mem_rd=0ff0000f
COMMIT t=4255000 wb_pc=00000268 wb_we=1 wb_rd=x3 wb_val=00000009 IF_pc=00000278 IF_inst=09a00393 ID_pc=00000274 ID_inst=02c58633 EX_pc=00000270 EX_alu=0000000b mem_stall=0 mem_commit=0 mem_we=0000 mem_addr=0000000e mem_wd=00ff0000 mem_rd=00800f93
COMMIT t=4265000 wb_pc=0000026c wb_we=1 wb_rd=x11 wb_val=0000000e IF_pc=0000027c IF_inst=30761e63 ID_pc=00000278 ID_inst=09a00393 EX_pc=00000274 EX_alu=0000008f mem_stall=0 mem_commit=0 mem_we=0000 mem_addr=0000000b mem_wd=0e000000 mem_rd=03ff0a63
COMMIT t=4275000 wb_pc=00000270 wb_we=1 wb_rd=x12 wb_val=0000000b IF_pc=0000027c IF_inst=30761e63 ID_pc=00000278 ID_inst=09a00393 EX_pc=00000274 EX_alu=0000008f mem_stall=0 mem_commit=0 mem_we=0000 mem_addr=00000000 mem_wd=00000000 mem_rd=00800f93
COMMIT t=4285000 wb_pc=fffffffc wb_we=0 wb_rd=x0 wb_val=00000000 IF_pc=0000027c IF_inst=30761e63 ID_pc=00000278 ID_inst=09a00393 EX_pc=00000274 EX_alu=0000008f mem_stall=0 mem_commit=0 mem_we=0000 mem_addr=00000000 mem_wd=00000000 mem_rd=0540006f
COMMIT t=4475000 wb_pc=00000278 wb_we=1 wb_rd=x7 wb_val=0000009a IF_pc=00000288 IF_inst=02b585b3 ID_pc=00000284 ID_inst=00d00593 EX_pc=00000280 EX_alu=0000000a mem_stall=0 mem_commit=0 mem_we=0000 mem_addr=00000598 mem_wd=0000009a mem_rd=00000913
COMMIT t=4485000 wb_pc=0000027c wb_we=0 wb_rd=x28 wb_val=00000598 IF_pc=0000028c IF_inst=0a900393 ID_pc=00000288 ID_inst=02b585b3 EX_pc=00000284 EX_alu=0000000d mem_stall=0 mem_commit=0 mem_we=0000 mem_addr=0000000a mem_wd=00000000 mem_rd=0ff0000f
COMMIT t=4495000 wb_pc=00000280 wb_we=1 wb_rd=x3 wb_val=0000000a IF_pc=00000290 IF_inst=30759463 ID_pc=0000028c ID_inst=0a900393 EX_pc=00000288 EX_alu=0000009a mem_stall=0 mem_commit=0 mem_we=0000 mem_addr=0000000d mem_wd=00000000 mem_rd=00800f93
COMMIT t=4505000 wb_pc=00000284 wb_we=1 wb_rd=x11 wb_val=0000000d IF_pc=00000290 IF_inst=30759463 ID_pc=0000028c ID_inst=0a900393 EX_pc=00000288 EX_alu=0000009a mem_stall=0 mem_commit=0 mem_we=0000 mem_addr=00000000 mem_wd=00000000 mem_rd=03ff0a63
COMMIT t=4515000 wb_pc=fffffffc wb_we=0 wb_rd=x0 wb_val=00000000 IF_pc=00000290 IF_inst=30759463 ID_pc=0000028c ID_inst=0a900393 EX_pc=00000288 EX_alu=0000009a mem_stall=0 mem_commit=0 mem_we=0000 mem_addr=00000000 mem_wd=00000000 mem_rd=0540006f
COMMIT t=4705000 wb_pc=0000028c wb_we=1 wb_rd=x7 wb_val=000000a9 IF_pc=0000029c IF_inst=00d00093 ID_pc=00000298 ID_inst=00000213 EX_pc=00000294 EX_alu=0000000b mem_stall=0 mem_commit=0 mem_we=0000 mem_addr=00000598 mem_wd=000000a9 mem_rd=00000b13
COMMIT t=4715000 wb_pc=00000290 wb_we=0 wb_rd=x8 wb_val=00000598 IF_pc=000002a0 IF_inst=00b00113 ID_pc=0000029c ID_inst=00d00093 EX_pc=00000298 EX_alu=00000000 mem_stall=0 mem_commit=0 mem_we=0000 mem_addr=0000000b mem_wd=a9000000 mem_rd=0ff0000f
COMMIT t=4725000 wb_pc=00000294 wb_we=1 wb_rd=x3 wb_val=0000000b IF_pc=000002a4 IF_inst=02208733 ID_pc=000002a0 ID_inst=00b00113 EX_pc=0000029c EX_alu=0000000d mem_stall=0 mem_commit=0 mem_we=0000 mem_addr=00000000 mem_wd=00000000 mem_rd=00800f93
COMMIT t=4735000 wb_pc=00000298 wb_we=1 wb_rd=x4 wb_val=00000000 IF_pc=000002a8 IF_inst=00070313 ID_pc=000002a4 ID_inst=02208733 EX_pc=000002a0 EX_alu=0000000b mem_stall=0 mem_commit=0 mem_we=0000 mem_addr=0000000d mem_wd=00000000 mem_rd=0540006f
COMMIT t=4745000 wb_pc=0000029c wb_we=1 wb_rd=x1 wb_val=0000000d IF_pc=000002ac IF_inst=00120213 ID_pc=000002a8 ID_inst=00070313 EX_pc=000002a4 EX_alu=000000a9 mem_stall=0 mem_commit=0 mem_we=0000 mem_addr=0000000b mem_wd=a9000000 mem_rd=03ff0a63
COMMIT t=4755000 wb_pc=000002a0 wb_we=1 wb_rd=x2 wb_val=0000000b IF_pc=000002ac IF_inst=00120213 ID_pc=000002a8 ID_inst=00070313 EX_pc=000002a4 EX_alu=000000a9 mem_stall=0 mem_commit=0 mem_we=0000 mem_addr=00000000 mem_wd=00000000 mem_rd=00800f93
COMMIT t=4765000 wb_pc=fffffffc wb_we=0 wb_rd=x0 wb_val=00000000 IF_pc=000002ac IF_inst=00120213 ID_pc=000002a8 ID_inst=00070313 EX_pc=000002a4 EX_alu=000000a9 mem_stall=0 mem_commit=0 mem_we=0000 mem_addr=00000000 mem_wd=00000000 mem_rd=0540006f
COMMIT t=4955000 wb_pc=000002a8 wb_we=1 wb_rd=x6 wb_val=0000008f IF_pc=000002b8 IF_inst=08f00393 ID_pc=000002b4 ID_inst=fe5214e3 EX_pc=000002b0 EX_alu=00000002 mem_stall=0 mem_commit=0 mem_we=0000 mem_addr=00000001 mem_wd=00000d00 mem_rd=00000793
COMMIT t=4965000 wb_pc=000002ac wb_we=1 wb_rd=x4 wb_val=00000001 IF_pc=000002bc IF_inst=2c731e63 ID_pc=000002b8 ID_inst=08f00393 EX_pc=000002b4 EX_alu=0000029c mem_stall=0 mem_commit=0 mem_we=0000 mem_addr=00000002 mem_wd=000b0000 mem_rd=0540006f
COMMIT t=4975000 wb_pc=000002b0 wb_we=1 wb_rd=x5 wb_val=00000002 IF_pc=00000000 IF_inst=00000013 ID_pc=00000000 ID_inst=00000013 EX_pc=00000000 EX_alu=00000000 mem_stall=0 mem_commit=0 mem_we=0000 mem_addr=0000029c mem_wd=00000002 mem_rd=0540006f
COMMIT t=4985000 wb_pc=000002b4 wb_we=0 wb_rd=x9 wb_val=0000029c IF_pc=00000000 IF_inst=00000013 ID_pc=00000000 ID_inst=00000013 EX_pc=00000000 EX_alu=00000000 mem_stall=0 mem_commit=0 mem_we=0000 mem_addr=00000000 mem_wd=00000000 mem_rd=00d00093
COMMIT t=5015000 wb_pc=00000000 wb_we=1 wb_rd=x0 wb_val=00000000 IF_pc=000002a4 IF_inst=02208733 ID_pc=000002a0 ID_inst=00b00113 EX_pc=0000029c EX_alu=0000000d mem_stall=0 mem_commit=0 mem_we=0000 mem_addr=00000000 mem_wd=00000000 mem_rd=0540006f
COMMIT t=5025000 wb_pc=00000000 wb_we=1 wb_rd=x0 wb_val=00000000 IF_pc=000002a8 IF_inst=00070313 ID_pc=000002a4 ID_inst=02208733 EX_pc=000002a0 EX_alu=0000000b mem_stall=0 mem_commit=0 mem_we=0000 mem_addr=0000000d mem_wd=00000000 mem_rd=0540006f
COMMIT t=5035000 wb_pc=0000029c wb_we=1 wb_rd=x1 wb_val=0000000d IF_pc=000002ac IF_inst=00120213 ID_pc=000002a8 ID_inst=00070313 EX_pc=000002a4 EX_alu=0000008f mem_stall=0 mem_commit=0 mem_we=0000 mem_addr=0000000b mem_wd=a9000000 mem_rd=03ff0a63
COMMIT t=5045000 wb_pc=000002a0 wb_we=1 wb_rd=x2 wb_val=0000000b IF_pc=000002ac IF_inst=00120213 ID_pc=000002a8 ID_inst=00070313 EX_pc=000002a4 EX_alu=0000008f mem_stall=0 mem_commit=0 mem_we=0000 mem_addr=00000000 mem_wd=00000000 mem_rd=00800f93
COMMIT t=5055000 wb_pc=fffffffc wb_we=0 wb_rd=x0 wb_val=00000000 IF_pc=000002ac IF_inst=00120213 ID_pc=000002a8 ID_inst=00070313 EX_pc=000002a4 EX_alu=0000008f mem_stall=0 mem_commit=0 mem_we=0000 mem_addr=00000000 mem_wd=00000000 mem_rd=0540006f
COMMIT t=5245000 wb_pc=000002a8 wb_we=1 wb_rd=x6 wb_val=0000008f IF_pc=000002b8 IF_inst=08f00393 ID_pc=000002b4 ID_inst=fe5214e3 EX_pc=000002b0 EX_alu=00000002 mem_stall=0 mem_commit=0 mem_we=0000 mem_addr=00000002 mem_wd=000d0000 mem_rd=00000793
COMMIT t=5255000 wb_pc=000002ac wb_we=1 wb_rd=x4 wb_val=00000002 IF_pc=000002bc IF_inst=2c731e63 ID_pc=000002b8 ID_inst=08f00393 EX_pc=000002b4 EX_alu=0000029c mem_stall=0 mem_commit=0 mem_we=0000 mem_addr=00000002 mem_wd=000b0000 mem_rd=0540006f
COMMIT t=5265000 wb_pc=000002b0 wb_we=1 wb_rd=x5 wb_val=00000002 IF_pc=000002c0 IF_inst=00c00193 ID_pc=000002bc ID_inst=2c731e63 EX_pc=000002b8 EX_alu=0000008f mem_stall=0 mem_commit=0 mem_we=0000 mem_addr=0000029c mem_wd=00000002 mem_rd=0540006f
COMMIT t=5275000 wb_pc=000002b4 wb_we=0 wb_rd=x9 wb_val=0000029c IF_pc=000002c4 IF_inst=00000213 ID_pc=000002c0 ID_inst=00c00193 EX_pc=000002bc EX_alu=00000598 mem_stall=0 mem_commit=0 mem_we=0000 mem_addr=0000008f mem_wd=00000000 mem_rd=00d00093
COMMIT t=5285000 wb_pc=000002b8 wb_we=1 wb_rd=x7 wb_val=0000008f IF_pc=000002c8 IF_inst=00e00093 ID_pc=000002c4 ID_inst=00000213 EX_pc=000002c0 EX_alu=0000000c mem_stall=0 mem_commit=0 mem_we=0000 mem_addr=00000598 mem_wd=0000008f mem_rd=00000793
COMMIT t=5295000 wb_pc=000002bc wb_we=0 wb_rd=x28 wb_val=00000598 IF_pc=000002cc IF_inst=00b00113 ID_pc=000002c8 ID_inst=00e00093 EX_pc=000002c4 EX_alu=00000000 mem_stall=0 mem_commit=0 mem_we=0000 mem_addr=0000000c mem_wd=0000009a mem_rd=0ff0000f
COMMIT t=5305000 wb_pc=000002c0 wb_we=1 wb_rd=x3 wb_val=0000000c IF_pc=000002d0 IF_inst=02208733 ID_pc=000002cc ID_inst=00b00113 EX_pc=000002c8 EX_alu=0000000e mem_stall=0 mem_commit=0 mem_we=0000 mem_addr=00000000 mem_wd=00000000 mem_rd=03ff0a63
COMMIT t=5315000 wb_pc=000002c4 wb_we=1 wb_rd=x4 wb_val=00000000 IF_pc=000002d4 IF_inst=00000013 ID_pc=000002d0 ID_inst=02208733 EX_pc=000002cc EX_alu=0000000b mem_stall=0 mem_commit=0 mem_we=0000 mem_addr=0000000e mem_wd=008f0000 mem_rd=0540006f
COMMIT t=5325000 wb_pc=000002c8 wb_we=1 wb_rd=x1 wb_val=0000000e IF_pc=000002d8 IF_inst=00070313 ID_pc=000002d4 ID_inst=00000013 EX_pc=000002d0 EX_alu=0000008f mem_stall=0 mem_commit=0 mem_we=0000 mem_addr=0000000b mem_wd=a9000000 mem_rd=03ff0a63
COMMIT t=5335000 wb_pc=000002cc wb_we=1 wb_rd=x2 wb_val=0000000b IF_pc=000002d8 IF_inst=00070313 ID_pc=000002d4 ID_inst=00000013 EX_pc=000002d0 EX_alu=0000008f mem_stall=0 mem_commit=0 mem_we=0000 mem_addr=00000000 mem_wd=00000000 mem_rd=00800f93
COMMIT t=5345000 wb_pc=fffffffc wb_we=0 wb_rd=x0 wb_val=00000000 IF_pc=000002d8 IF_inst=00070313 ID_pc=000002d4 ID_inst=00000013 EX_pc=000002d0 EX_alu=0000008f mem_stall=0 mem_commit=0 mem_we=0000 mem_addr=00000000 mem_wd=00000000 mem_rd=0540006f
COMMIT t=5535000 wb_pc=000002d4 wb_we=1 wb_rd=x0 wb_val=00000000 IF_pc=000002e4 IF_inst=fe5212e3 ID_pc=000002e0 ID_inst=00200293 EX_pc=000002dc EX_alu=00000001 mem_stall=0 mem_commit=0 mem_we=0000 mem_addr=0000009a mem_wd=00000000 mem_rd=0540006f
COMMIT t=5545000 wb_pc=000002d8 wb_we=1 wb_rd=x6 wb_val=0000009a IF_pc=000002e8 IF_inst=09a00393 ID_pc=000002e4 ID_inst=fe5212e3 EX_pc=000002e0 EX_alu=00000002 mem_stall=0 mem_commit=0 mem_we=0000 mem_addr=00000001 mem_wd=00000e00 mem_rd=00000913
COMMIT t=5555000 wb_pc=000002dc wb_we=1 wb_rd=x4 wb_val=00000001 IF_pc=000002ec IF_inst=2a731663 ID_pc=000002e8 ID_inst=09a00393 EX_pc=000002e4 EX_alu=000002c8 mem_stall=0 mem_commit=0 mem_we=0000 mem_addr=00000002 mem_wd=000b0000 mem_rd=0540006f
COMMIT t=5565000 wb_pc=000002e0 wb_we=1 wb_rd=x5 wb_val=00000002 IF_pc=00000000 IF_inst=00000013 ID_pc=00000000 ID_inst=00000013 EX_pc=00000000 EX_alu=00000000 mem_stall=0 mem_commit=0 mem_we=0000 mem_addr=000002c8 mem_wd=00000002 mem_rd=0540006f
COMMIT t=5575000 wb_pc=000002e4 wb_we=0 wb_rd=x5 wb_val=000002c8 IF_pc=00000000 IF_inst=00000013 ID_pc=00000000 ID_inst=00000013 EX_pc=00000000 EX_alu=00000000 mem_stall=0 mem_commit=0 mem_we=0000 mem_addr=00000000 mem_wd=00000000 mem_rd=00e00093
COMMIT t=5605000 wb_pc=00000000 wb_we=1 wb_rd=x0 wb_val=00000000 IF_pc=000002d0 IF_inst=02208733 ID_pc=000002cc ID_inst=00b00113 EX_pc=000002c8 EX_alu=0000000e mem_stall=0 mem_commit=0 mem_we=0000 mem_addr=00000000 mem_wd=00000000 mem_rd=0540006f
COMMIT t=5615000 wb_pc=00000000 wb_we=1 wb_rd=x0 wb_val=00000000 IF_pc=000002d4 IF_inst=00000013 ID_pc=000002d0 ID_inst=02208733 EX_pc=000002cc EX_alu=0000000b mem_stall=0 mem_commit=0 mem_we=0000 mem_addr=0000000e mem_wd=009a0000 mem_rd=0540006f
COMMIT t=5625000 wb_pc=000002c8 wb_we=1 wb_rd=x1 wb_val=0000000e IF_pc=000002d8 IF_inst=00070313 ID_pc=000002d4 ID_inst=00000013 EX_pc=000002d0 EX_alu=0000009a mem_stall=0 mem_commit=0 mem_we=0000 mem_addr=0000000b mem_wd=a9000000 mem_rd=03ff0a63
COMMIT t=5635000 wb_pc=000002cc wb_we=1 wb_rd=x2 wb_val=0000000b IF_pc=000002d8 IF_inst=00070313 ID_pc=000002d4 ID_inst=00000013 EX_pc=000002d0 EX_alu=0000009a mem_stall=0 mem_commit=0 mem_we=0000 mem_addr=00000000 mem_wd=00000000 mem_rd=00800f93
COMMIT t=5645000 wb_pc=fffffffc wb_we=0 wb_rd=x0 wb_val=00000000 IF_pc=000002d8 IF_inst=00070313 ID_pc=000002d4 ID_inst=00000013 EX_pc=000002d0 EX_alu=0000009a mem_stall=0 mem_commit=0 mem_we=0000 mem_addr=00000000 mem_wd=00000000 mem_rd=0540006f
COMMIT t=5835000 wb_pc=000002d4 wb_we=1 wb_rd=x0 wb_val=00000000 IF_pc=000002e4 IF_inst=fe5212e3 ID_pc=000002e0 ID_inst=00200293 EX_pc=000002dc EX_alu=00000002 mem_stall=0 mem_commit=0 mem_we=0000 mem_addr=0000009a mem_wd=00000000 mem_rd=0540006f
COMMIT t=5845000 wb_pc=000002d8 wb_we=1 wb_rd=x6 wb_val=0000009a IF_pc=000002e8 IF_inst=09a00393 ID_pc=000002e4 ID_inst=fe5212e3 EX_pc=000002e0 EX_alu=00000002 mem_stall=0 mem_commit=0 mem_we=0000 mem_addr=00000002 mem_wd=000e0000 mem_rd=00000913
COMMIT t=5855000 wb_pc=000002dc wb_we=1 wb_rd=x4 wb_val=00000002 IF_pc=000002ec IF_inst=2a731663 ID_pc=000002e8 ID_inst=09a00393 EX_pc=000002e4 EX_alu=000002c8 mem_stall=0 mem_commit=0 mem_we=0000 mem_addr=00000002 mem_wd=000b0000 mem_rd=0540006f
COMMIT t=5865000 wb_pc=000002e0 wb_we=1 wb_rd=x5 wb_val=00000002 IF_pc=000002f0 IF_inst=00d00193 ID_pc=000002ec ID_inst=2a731663 EX_pc=000002e8 EX_alu=0000009a mem_stall=0 mem_commit=0 mem_we=0000 mem_addr=000002c8 mem_wd=00000002 mem_rd=0540006f
COMMIT t=5875000 wb_pc=000002e4 wb_we=0 wb_rd=x5 wb_val=000002c8 IF_pc=000002f4 IF_inst=00000213 ID_pc=000002f0 ID_inst=00d00193 EX_pc=000002ec EX_alu=00000598 mem_stall=0 mem_commit=0 mem_we=0000 mem_addr=0000009a mem_wd=00000000 mem_rd=00e00093
COMMIT t=5885000 wb_pc=000002e8 wb_we=1 wb_rd=x7 wb_val=0000009a IF_pc=000002f8 IF_inst=00f00093 ID_pc=000002f4 ID_inst=00000213 EX_pc=000002f0 EX_alu=0000000d mem_stall=0 mem_commit=0 mem_we=0000 mem_addr=00000598 mem_wd=0000009a mem_rd=00000913
COMMIT t=5895000 wb_pc=000002ec wb_we=0 wb_rd=x12 wb_val=00000598 IF_pc=000002fc IF_inst=00b00113 ID_pc=000002f8 ID_inst=00f00093 EX_pc=000002f4 EX_alu=00000000 mem_stall=0 mem_commit=0 mem_we=0000 mem_addr=0000000d mem_wd=00000000 mem_rd=0ff0000f
COMMIT t=5905000 wb_pc=000002f0 wb_we=1 wb_rd=x3 wb_val=0000000d IF_pc=00000300 IF_inst=02208733 ID_pc=000002fc ID_inst=00b00113 EX_pc=000002f8 EX_alu=0000000f mem_stall=0 mem_commit=0 mem_we=0000 mem_addr=00000000 mem_wd=00000000 mem_rd=03ff0a63
COMMIT t=5915000 wb_pc=000002f4 wb_we=1 wb_rd=x4 wb_val=00000000 IF_pc=00000304 IF_inst=00000013 ID_pc=00000300 ID_inst=02208733 EX_pc=000002fc EX_alu=0000000b mem_stall=0 mem_commit=0 mem_we=0000 mem_addr=0000000f mem_wd=00000000 mem_rd=0540006f
COMMIT t=5925000 wb_pc=000002f8 wb_we=1 wb_rd=x1 wb_val=0000000f IF_pc=00000308 IF_inst=00000013 ID_pc=00000304 ID_inst=00000013 EX_pc=00000300 EX_alu=0000009a mem_stall=0 mem_commit=0 mem_we=0000 mem_addr=0000000b mem_wd=a9000000 mem_rd=03ff0a63
COMMIT t=5935000 wb_pc=000002fc wb_we=1 wb_rd=x2 wb_val=0000000b IF_pc=00000308 IF_inst=00000013 ID_pc=00000304 ID_inst=00000013 EX_pc=00000300 EX_alu=0000009a mem_stall=0 mem_commit=0 mem_we=0000 mem_addr=00000000 mem_wd=00000000 mem_rd=00800f93
COMMIT t=5945000 wb_pc=fffffffc wb_we=0 wb_rd=x0 wb_val=00000000 IF_pc=00000308 IF_inst=00000013 ID_pc=00000304 ID_inst=00000013 EX_pc=00000300 EX_alu=0000009a mem_stall=0 mem_commit=0 mem_we=0000 mem_addr=00000000 mem_wd=00000000 mem_rd=0540006f
COMMIT t=6135000 wb_pc=00000304 wb_we=1 wb_rd=x0 wb_val=00000000 IF_pc=00000314 IF_inst=00200293 ID_pc=00000310 ID_inst=00120213 EX_pc=0000030c EX_alu=000000a5 mem_stall=0 mem_commit=0 mem_we=0000 mem_addr=00000000 mem_wd=00000000 mem_rd=0540006f
COMMIT t=6145000 wb_pc=00000308 wb_we=1 wb_rd=x0 wb_val=00000000 IF_pc=00000318 IF_inst=fe5210e3 ID_pc=00000314 ID_inst=00200293 EX_pc=00000310 EX_alu=00000001 mem_stall=0 mem_commit=0 mem_we=0000 mem_addr=000000a5 mem_wd=00000000 mem_rd=0540006f
COMMIT t=6155000 wb_pc=0000030c wb_we=1 wb_rd=x6 wb_val=000000a5 IF_pc=0000031c IF_inst=0a500393 ID_pc=00000318 ID_inst=fe5210e3 EX_pc=00000314 EX_alu=00000002 mem_stall=0 mem_commit=0 mem_we=0000 mem_addr=00000001 mem_wd=00000f00 mem_rd=00000a93
COMMIT t=6165000 wb_pc=00000310 wb_we=1 wb_rd=x4 wb_val=00000001 IF_pc=00000320 IF_inst=26731c63 ID_pc=0000031c ID_inst=0a500393 EX_pc=00000318 EX_alu=000002f8 mem_stall=0 mem_commit=0 mem_we=0000 mem_addr=00000002 mem_wd=000b0000 mem_rd=0540006f
COMMIT t=6175000 wb_pc=00000314 wb_we=1 wb_rd=x5 wb_val=00000002 IF_pc=00000000 IF_inst=00000013 ID_pc=00000000 ID_inst=00000013 EX_pc=00000000 EX_alu=00000000 mem_stall=0 mem_commit=0 mem_we=0000 mem_addr=000002f8 mem_wd=00000002 mem_rd=0540006f
COMMIT t=6185000 wb_pc=00000318 wb_we=0 wb_rd=x1 wb_val=000002f8 IF_pc=00000000 IF_inst=00000013 ID_pc=00000000 ID_inst=00000013 EX_pc=00000000 EX_alu=00000000 mem_stall=0 mem_commit=0 mem_we=0000 mem_addr=00000000 mem_wd=00000000 mem_rd=00f00093
COMMIT t=6215000 wb_pc=00000000 wb_we=1 wb_rd=x0 wb_val=00000000 IF_pc=00000300 IF_inst=02208733 ID_pc=000002fc ID_inst=00b00113 EX_pc=000002f8 EX_alu=0000000f mem_stall=0 mem_commit=0 mem_we=0000 mem_addr=00000000 mem_wd=00000000 mem_rd=0540006f
COMMIT t=6225000 wb_pc=00000000 wb_we=1 wb_rd=x0 wb_val=00000000 IF_pc=00000304 IF_inst=00000013 ID_pc=00000300 ID_inst=02208733 EX_pc=000002fc EX_alu=0000000b mem_stall=0 mem_commit=0 mem_we=0000 mem_addr=0000000f mem_wd=00000000 mem_rd=0540006f
COMMIT t=6235000 wb_pc=000002f8 wb_we=1 wb_rd=x1 wb_val=0000000f IF_pc=00000308 IF_inst=00000013 ID_pc=00000304 ID_inst=00000013 EX_pc=00000300 EX_alu=000000a5 mem_stall=0 mem_commit=0 mem_we=0000 mem_addr=0000000b mem_wd=a9000000 mem_rd=03ff0a63
COMMIT t=6245000 wb_pc=000002fc wb_we=1 wb_rd=x2 wb_val=0000000b IF_pc=00000308 IF_inst=00000013 ID_pc=00000304 ID_inst=00000013 EX_pc=00000300 EX_alu=000000a5 mem_stall=0 mem_commit=0 mem_we=0000 mem_addr=00000000 mem_wd=00000000 mem_rd=00800f93
COMMIT t=6255000 wb_pc=fffffffc wb_we=0 wb_rd=x0 wb_val=00000000 IF_pc=00000308 IF_inst=00000013 ID_pc=00000304 ID_inst=00000013 EX_pc=00000300 EX_alu=000000a5 mem_stall=0 mem_commit=0 mem_we=0000 mem_addr=00000000 mem_wd=00000000 mem_rd=0540006f
COMMIT t=6445000 wb_pc=00000304 wb_we=1 wb_rd=x0 wb_val=00000000 IF_pc=00000314 IF_inst=00200293 ID_pc=00000310 ID_inst=00120213 EX_pc=0000030c EX_alu=000000a5 mem_stall=0 mem_commit=0 mem_we=0000 mem_addr=00000000 mem_wd=00000000 mem_rd=0540006f
COMMIT t=6455000 wb_pc=00000308 wb_we=1 wb_rd=x0 wb_val=00000000 IF_pc=00000318 IF_inst=fe5210e3 ID_pc=00000314 ID_inst=00200293 EX_pc=00000310 EX_alu=00000002 mem_stall=0 mem_commit=0 mem_we=0000 mem_addr=000000a5 mem_wd=00000000 mem_rd=0540006f
COMMIT t=6465000 wb_pc=0000030c wb_we=1 wb_rd=x6 wb_val=000000a5 IF_pc=0000031c IF_inst=0a500393 ID_pc=00000318 ID_inst=fe5210e3 EX_pc=00000314 EX_alu=00000002 mem_stall=0 mem_commit=0 mem_we=0000 mem_addr=00000002 mem_wd=000f0000 mem_rd=00000a93
COMMIT t=6475000 wb_pc=00000310 wb_we=1 wb_rd=x4 wb_val=00000002 IF_pc=00000320 IF_inst=26731c63 ID_pc=0000031c ID_inst=0a500393 EX_pc=00000318 EX_alu=000002f8 mem_stall=0 mem_commit=0 mem_we=0000 mem_addr=00000002 mem_wd=000b0000 mem_rd=0540006f
COMMIT t=6485000 wb_pc=00000314 wb_we=1 wb_rd=x5 wb_val=00000002 IF_pc=00000324 IF_inst=00e00193 ID_pc=00000320 ID_inst=26731c63 EX_pc=0000031c EX_alu=000000a5 mem_stall=0 mem_commit=0 mem_we=0000 mem_addr=000002f8 mem_wd=00000002 mem_rd=0540006f
COMMIT t=6495000 wb_pc=00000318 wb_we=0 wb_rd=x1 wb_val=000002f8 IF_pc=00000328 IF_inst=00000213 ID_pc=00000324 ID_inst=00e00193 EX_pc=00000320 EX_alu=00000598 mem_stall=0 mem_commit=0 mem_we=0000 mem_addr=000000a5 mem_wd=00000200 mem_rd=00f00093
COMMIT t=6505000 wb_pc=0000031c wb_we=1 wb_rd=x7 wb_val=000000a5 IF_pc=0000032c IF_inst=00d00093 ID_pc=00000328 ID_inst=00000213 EX_pc=00000324 EX_alu=0000000e mem_stall=0 mem_commit=0 mem_we=0000 mem_addr=00000598 mem_wd=000000a5 mem_rd=00000a93
COMMIT t=6515000 wb_pc=00000320 wb_we=0 wb_rd=x24 wb_val=00000598 IF_pc=00000330 IF_inst=00b00113 ID_pc=0000032c ID_inst=00d00093 EX_pc=00000328 EX_alu=00000000 mem_stall=0 mem_commit=0 mem_we=0000 mem_addr=0000000e mem_wd=00a50000 mem_rd=0ff0000f
COMMIT t=6525000 wb_pc=00000324 wb_we=1 wb_rd=x3 wb_val=0000000e IF_pc=00000334 IF_inst=02208733 ID_pc=00000330 ID_inst=00b00113 EX_pc=0000032c EX_alu=0000000d mem_stall=0 mem_commit=0 mem_we=0000 mem_addr=00000000 mem_wd=00000000 mem_rd=03ff0a63
COMMIT t=6535000 wb_pc=00000328 wb_we=1 wb_rd=x4 wb_val=00000000 IF_pc=00000338 IF_inst=00120213 ID_pc=00000334 ID_inst=02208733 EX_pc=00000330 EX_alu=0000000b mem_stall=0 mem_commit=0 mem_we=0000 mem_addr=0000000d mem_wd=00000000 mem_rd=0540006f
COMMIT t=6545000 wb_pc=0000032c wb_we=1 wb_rd=x1 wb_val=0000000d IF_pc=0000033c IF_inst=00200293 ID_pc=00000338 ID_inst=00120213 EX_pc=00000334 EX_alu=000000a5 mem_stall=0 mem_commit=0 mem_we=0000 mem_addr=0000000b mem_wd=a9000000 mem_rd=03ff0a63
COMMIT t=6555000 wb_pc=00000330 wb_we=1 wb_rd=x2 wb_val=0000000b IF_pc=0000033c IF_inst=00200293 ID_pc=00000338 ID_inst=00120213 EX_pc=00000334 EX_alu=000000a5 mem_stall=0 mem_commit=0 mem_we=0000 mem_addr=00000000 mem_wd=00000000 mem_rd=00800f93
COMMIT t=6565000 wb_pc=fffffffc wb_we=0 wb_rd=x0 wb_val=00000000 IF_pc=0000033c IF_inst=00200293 ID_pc=00000338 ID_inst=00120213 EX_pc=00000334 EX_alu=000000a5 mem_stall=0 mem_commit=0 mem_we=0000 mem_addr=00000000 mem_wd=00000000 mem_rd=0540006f
COMMIT t=6755000 wb_pc=00000338 wb_we=1 wb_rd=x4 wb_val=00000001 IF_pc=00000348 IF_inst=24771863 ID_pc=00000344 ID_inst=08f00393 EX_pc=00000340 EX_alu=0000032c mem_stall=0 mem_commit=0 mem_we=0000 mem_addr=00000002 mem_wd=000b0000 mem_rd=0540006f
COMMIT t=6765000 wb_pc=0000033c wb_we=1 wb_rd=x5 wb_val=00000002 IF_pc=00000000 IF_inst=00000013 ID_pc=00000000 ID_inst=00000013 EX_pc=00000000 EX_alu=00000000 mem_stall=0 mem_commit=0 mem_we=0000 mem_addr=0000032c mem_wd=00000002 mem_rd=0540006f
COMMIT t=6775000 wb_pc=00000340 wb_we=0 wb_rd=x13 wb_val=0000032c IF_pc=00000000 IF_inst=00000013 ID_pc=00000000 ID_inst=00000013 EX_pc=00000000 EX_alu=00000000 mem_stall=0 mem_commit=0 mem_we=0000 mem_addr=00000000 mem_wd=00000000 mem_rd=00d00093
COMMIT t=6805000 wb_pc=00000000 wb_we=1 wb_rd=x0 wb_val=00000000 IF_pc=00000334 IF_inst=02208733 ID_pc=00000330 ID_inst=00b00113 EX_pc=0000032c EX_alu=0000000d mem_stall=0 mem_commit=0 mem_we=0000 mem_addr=00000000 mem_wd=00000000 mem_rd=0540006f
COMMIT t=6815000 wb_pc=00000000 wb_we=1 wb_rd=x0 wb_val=00000000 IF_pc=00000338 IF_inst=00120213 ID_pc=00000334 ID_inst=02208733 EX_pc=00000330 EX_alu=0000000b mem_stall=0 mem_commit=0 mem_we=0000 mem_addr=0000000d mem_wd=00000000 mem_rd=0540006f
COMMIT t=6825000 wb_pc=0000032c wb_we=1 wb_rd=x1 wb_val=0000000d IF_pc=0000033c IF_inst=00200293 ID_pc=00000338 ID_inst=00120213 EX_pc=00000334 EX_alu=0000008f mem_stall=0 mem_commit=0 mem_we=0000 mem_addr=0000000b mem_wd=a9000000 mem_rd=03ff0a63
COMMIT t=6835000 wb_pc=00000330 wb_we=1 wb_rd=x2 wb_val=0000000b IF_pc=0000033c IF_inst=00200293 ID_pc=00000338 ID_inst=00120213 EX_pc=00000334 EX_alu=0000008f mem_stall=0 mem_commit=0 mem_we=0000 mem_addr=00000000 mem_wd=00000000 mem_rd=00800f93
COMMIT t=6845000 wb_pc=fffffffc wb_we=0 wb_rd=x0 wb_val=00000000 IF_pc=0000033c IF_inst=00200293 ID_pc=00000338 ID_inst=00120213 EX_pc=00000334 EX_alu=0000008f mem_stall=0 mem_commit=0 mem_we=0000 mem_addr=00000000 mem_wd=00000000 mem_rd=0540006f
COMMIT t=7035000 wb_pc=00000338 wb_we=1 wb_rd=x4 wb_val=00000002 IF_pc=00000348 IF_inst=24771863 ID_pc=00000344 ID_inst=08f00393 EX_pc=00000340 EX_alu=0000032c mem_stall=0 mem_commit=0 mem_we=0000 mem_addr=00000002 mem_wd=000b0000 mem_rd=0540006f
COMMIT t=7045000 wb_pc=0000033c wb_we=1 wb_rd=x5 wb_val=00000002 IF_pc=0000034c IF_inst=00f00193 ID_pc=00000348 ID_inst=24771863 EX_pc=00000344 EX_alu=0000008f mem_stall=0 mem_commit=0 mem_we=0000 mem_addr=0000032c mem_wd=00000002 mem_rd=0540006f
COMMIT t=7055000 wb_pc=00000340 wb_we=0 wb_rd=x13 wb_val=0000032c IF_pc=00000350 IF_inst=00000213 ID_pc=0000034c ID_inst=00f00193 EX_pc=00000348 EX_alu=00000598 mem_stall=0 mem_commit=0 mem_we=0000 mem_addr=0000008f mem_wd=00000000 mem_rd=00d00093
COMMIT t=7065000 wb_pc=00000344 wb_we=1 wb_rd=x7 wb_val=0000008f IF_pc=00000354 IF_inst=00e00093 ID_pc=00000350 ID_inst=00000213 EX_pc=0000034c EX_alu=0000000f mem_stall=0 mem_commit=0 mem_we=0000 mem_addr=00000598 mem_wd=0000008f mem_rd=00000793
COMMIT t=7075000 wb_pc=00000348 wb_we=0 wb_rd=x16 wb_val=00000598 IF_pc=00000358 IF_inst=00b00113 ID_pc=00000354 ID_inst=00e00093 EX_pc=00000350 EX_alu=00000000 mem_stall=0 mem_commit=0 mem_we=0000 mem_addr=0000000f mem_wd=00000000 mem_rd=0ff0000f
COMMIT t=7085000 wb_pc=0000034c wb_we=1 wb_rd=x3 wb_val=0000000f IF_pc=0000035c IF_inst=00000013 ID_pc=00000358 ID_inst=00b00113 EX_pc=00000354 EX_alu=0000000e mem_stall=0 mem_commit=0 mem_we=0000 mem_addr=00000000 mem_wd=00000000 mem_rd=03ff0a63
COMMIT t=7095000 wb_pc=00000350 wb_we=1 wb_rd=x4 wb_val=00000000 IF_pc=00000360 IF_inst=02208733 ID_pc=0000035c ID_inst=00000013 EX_pc=00000358 EX_alu=0000000b mem_stall=0 mem_commit=0 mem_we=0000 mem_addr=0000000e mem_wd=008f0000 mem_rd=0540006f
COMMIT t=7105000 wb_pc=00000354 wb_we=1 wb_rd=x1 wb_val=0000000e IF_pc=00000364 IF_inst=00120213 ID_pc=00000360 ID_inst=02208733 EX_pc=0000035c EX_alu=00000000 mem_stall=0 mem_commit=0 mem_we=0000 mem_addr=0000000b mem_wd=a9000000 mem_rd=03ff0a63
COMMIT t=7115000 wb_pc=00000358 wb_we=1 wb_rd=x2 wb_val=0000000b IF_pc=00000368 IF_inst=00200293 ID_pc=00000364 ID_inst=00120213 EX_pc=00000360 EX_alu=0000008f mem_stall=0 mem_commit=0 mem_we=0000 mem_addr=00000000 mem_wd=00000000 mem_rd=00800f93
COMMIT t=7125000 wb_pc=0000035c wb_we=1 wb_rd=x0 wb_val=00000000 IF_pc=00000368 IF_inst=00200293 ID_pc=00000364 ID_inst=00120213 EX_pc=00000360 EX_alu=0000008f mem_stall=0 mem_commit=0 mem_we=0000 mem_addr=00000000 mem_wd=00000000 mem_rd=0540006f
COMMIT t=7135000 wb_pc=fffffffc wb_we=0 wb_rd=x0 wb_val=00000000 IF_pc=00000368 IF_inst=00200293 ID_pc=00000364 ID_inst=00120213 EX_pc=00000360 EX_alu=0000008f mem_stall=0 mem_commit=0 mem_we=0000 mem_addr=00000000 mem_wd=00000000 mem_rd=0540006f
COMMIT t=7325000 wb_pc=00000364 wb_we=1 wb_rd=x4 wb_val=00000001 IF_pc=00000374 IF_inst=22771263 ID_pc=00000370 ID_inst=09a00393 EX_pc=0000036c EX_alu=00000354 mem_stall=0 mem_commit=0 mem_we=0000 mem_addr=00000002 mem_wd=000b0000 mem_rd=0540006f
COMMIT t=7335000 wb_pc=00000368 wb_we=1 wb_rd=x5 wb_val=00000002 IF_pc=00000000 IF_inst=00000013 ID_pc=00000000 ID_inst=00000013 EX_pc=00000000 EX_alu=00000000 mem_stall=0 mem_commit=0 mem_we=0000 mem_addr=00000354 mem_wd=00000002 mem_rd=0540006f
COMMIT t=7345000 wb_pc=0000036c wb_we=0 wb_rd=x9 wb_val=00000354 IF_pc=00000000 IF_inst=00000013 ID_pc=00000000 ID_inst=00000013 EX_pc=00000000 EX_alu=00000000 mem_stall=0 mem_commit=0 mem_we=0000 mem_addr=00000000 mem_wd=00000000 mem_rd=00e00093
COMMIT t=7375000 wb_pc=00000000 wb_we=1 wb_rd=x0 wb_val=00000000 IF_pc=0000035c IF_inst=00000013 ID_pc=00000358 ID_inst=00b00113 EX_pc=00000354 EX_alu=0000000e mem_stall=0 mem_commit=0 mem_we=0000 mem_addr=00000000 mem_wd=00000000 mem_rd=0540006f
COMMIT t=7385000 wb_pc=00000000 wb_we=1 wb_rd=x0 wb_val=00000000 IF_pc=00000360 IF_inst=02208733 ID_pc=0000035c ID_inst=00000013 EX_pc=00000358 EX_alu=0000000b mem_stall=0 mem_commit=0 mem_we=0000 mem_addr=0000000e mem_wd=009a0000 mem_rd=0540006f
COMMIT t=7395000 wb_pc=00000354 wb_we=1 wb_rd=x1 wb_val=0000000e IF_pc=00000364 IF_inst=00120213 ID_pc=00000360 ID_inst=02208733 EX_pc=0000035c EX_alu=00000000 mem_stall=0 mem_commit=0 mem_we=0000 mem_addr=0000000b mem_wd=a9000000 mem_rd=03ff0a63
COMMIT t=7405000 wb_pc=00000358 wb_we=1 wb_rd=x2 wb_val=0000000b IF_pc=00000368 IF_inst=00200293 ID_pc=00000364 ID_inst=00120213 EX_pc=00000360 EX_alu=0000009a mem_stall=0 mem_commit=0 mem_we=0000 mem_addr=00000000 mem_wd=00000000 mem_rd=00800f93
COMMIT t=7415000 wb_pc=0000035c wb_we=1 wb_rd=x0 wb_val=00000000 IF_pc=00000368 IF_inst=00200293 ID_pc=00000364 ID_inst=00120213 EX_pc=00000360 EX_alu=0000009a mem_stall=0 mem_commit=0 mem_we=0000 mem_addr=00000000 mem_wd=00000000 mem_rd=0540006f
COMMIT t=7425000 wb_pc=fffffffc wb_we=0 wb_rd=x0 wb_val=00000000 IF_pc=00000368 IF_inst=00200293 ID_pc=00000364 ID_inst=00120213 EX_pc=00000360 EX_alu=0000009a mem_stall=0 mem_commit=0 mem_we=0000 mem_addr=00000000 mem_wd=00000000 mem_rd=0540006f
COMMIT t=7615000 wb_pc=00000364 wb_we=1 wb_rd=x4 wb_val=00000002 IF_pc=00000374 IF_inst=22771263 ID_pc=00000370 ID_inst=09a00393 EX_pc=0000036c EX_alu=00000354 mem_stall=0 mem_commit=0 mem_we=0000 mem_addr=00000002 mem_wd=000b0000 mem_rd=0540006f
COMMIT t=7625000 wb_pc=00000368 wb_we=1 wb_rd=x5 wb_val=00000002 IF_pc=00000378 IF_inst=01000193 ID_pc=00000374 ID_inst=22771263 EX_pc=00000370 EX_alu=0000009a mem_stall=0 mem_commit=0 mem_we=0000 mem_addr=00000354 mem_wd=00000002 mem_rd=0540006f
COMMIT t=7635000 wb_pc=0000036c wb_we=0 wb_rd=x9 wb_val=00000354 IF_pc=0000037c IF_inst=00000213 ID_pc=00000378 ID_inst=01000193 EX_pc=00000374 EX_alu=00000598 mem_stall=0 mem_commit=0 mem_we=0000 mem_addr=0000009a mem_wd=00000000 mem_rd=00e00093
COMMIT t=7645000 wb_pc=00000370 wb_we=1 wb_rd=x7 wb_val=0000009a IF_pc=00000380 IF_inst=00f00093 ID_pc=0000037c ID_inst=00000213 EX_pc=00000378 EX_alu=00000010 mem_stall=0 mem_commit=0 mem_we=0000 mem_addr=00000598 mem_wd=0000009a mem_rd=00000913
COMMIT t=7655000 wb_pc=00000374 wb_we=0 wb_rd=x4 wb_val=00000598 IF_pc=00000384 IF_inst=00b00113 ID_pc=00000380 ID_inst=00f00093 EX_pc=0000037c EX_alu=00000000 mem_stall=0 mem_commit=0 mem_we=0000 mem_addr=00000010 mem_wd=00000000 mem_rd=0ff0000f
COMMIT t=7665000 wb_pc=00000378 wb_we=1 wb_rd=x3 wb_val=00000010 IF_pc=00000388 IF_inst=00000013 ID_pc=00000384 ID_inst=00b00113 EX_pc=00000380 EX_alu=0000000f mem_stall=0 mem_commit=0 mem_we=0000 mem_addr=00000000 mem_wd=00000000 mem_rd=00900f93
COMMIT t=7675000 wb_pc=0000037c wb_we=1 wb_rd=x4 wb_val=00000000 IF_pc=0000038c IF_inst=00000013 ID_pc=00000388 ID_inst=00000013 EX_pc=00000384 EX_alu=0000000b mem_stall=0 mem_commit=0 mem_we=0000 mem_addr=0000000f mem_wd=00000000 mem_rd=0540006f
COMMIT t=7685000 wb_pc=00000380 wb_we=1 wb_rd=x1 wb_val=0000000f IF_pc=00000390 IF_inst=02208733 ID_pc=0000038c ID_inst=00000013 EX_pc=00000388 EX_alu=00000000 mem_stall=0 mem_commit=0 mem_we=0000 mem_addr=0000000b mem_wd=a9000000 mem_rd=03ff0a63
COMMIT t=7695000 wb_pc=00000384 wb_we=1 wb_rd=x2 wb_val=0000000b IF_pc=00000394 IF_inst=00120213 ID_pc=00000390 ID_inst=02208733 EX_pc=0000038c EX_alu=00000000 mem_stall=0 mem_commit=0 mem_we=0000 mem_addr=00000000 mem_wd=00000000 mem_rd=00800f93
COMMIT t=7705000 wb_pc=00000388 wb_we=1 wb_rd=x0 wb_val=00000000 IF_pc=00000398 IF_inst=00200293 ID_pc=00000394 ID_inst=00120213 EX_pc=00000390 EX_alu=0000009a mem_stall=0 mem_commit=0 mem_we=0000 mem_addr=00000000 mem_wd=00000000 mem_rd=0540006f
COMMIT t=7715000 wb_pc=0000038c wb_we=1 wb_rd=x0 wb_val=00000000 IF_pc=00000398 IF_inst=00200293 ID_pc=00000394 ID_inst=00120213 EX_pc=00000390 EX_alu=0000009a mem_stall=0 mem_commit=0 mem_we=0000 mem_addr=00000000 mem_wd=00000000 mem_rd=0540006f
COMMIT t=7725000 wb_pc=fffffffc wb_we=0 wb_rd=x0 wb_val=00000000 IF_pc=00000398 IF_inst=00200293 ID_pc=00000394 ID_inst=00120213 EX_pc=00000390 EX_alu=0000009a mem_stall=0 mem_commit=0 mem_we=0000 mem_addr=00000000 mem_wd=00000000 mem_rd=0540006f
COMMIT t=7915000 wb_pc=00000394 wb_we=1 wb_rd=x4 wb_val=00000001 IF_pc=000003a4 IF_inst=1e771a63 ID_pc=000003a0 ID_inst=0a500393 EX_pc=0000039c EX_alu=00000380 mem_stall=0 mem_commit=0 mem_we=0000 mem_addr=00000002 mem_wd=000b0000 mem_rd=0540006f
COMMIT t=7925000 wb_pc=00000398 wb_we=1 wb_rd=x5 wb_val=00000002 IF_pc=00000000 IF_inst=00000013 ID_pc=00000000 ID_inst=00000013 EX_pc=00000000 EX_alu=00000000 mem_stall=0 mem_commit=0 mem_we=0000 mem_addr=00000380 mem_wd=00000002 mem_rd=0540006f
COMMIT t=7935000 wb_pc=0000039c wb_we=0 wb_rd=x5 wb_val=00000380 IF_pc=00000000 IF_inst=00000013 ID_pc=00000000 ID_inst=00000013 EX_pc=00000000 EX_alu=00000000 mem_stall=0 mem_commit=0 mem_we=0000 mem_addr=00000000 mem_wd=00000000 mem_rd=00f00093
COMMIT t=7965000 wb_pc=00000000 wb_we=1 wb_rd=x0 wb_val=00000000 IF_pc=00000388 IF_inst=00000013 ID_pc=00000384 ID_inst=00b00113 EX_pc=00000380 EX_alu=0000000f mem_stall=0 mem_commit=0 mem_we=0000 mem_addr=00000000 mem_wd=00000000 mem_rd=0540006f
COMMIT t=7975000 wb_pc=00000000 wb_we=1 wb_rd=x0 wb_val=00000000 IF_pc=0000038c IF_inst=00000013 ID_pc=00000388 ID_inst=00000013 EX_pc=00000384 EX_alu=0000000b mem_stall=0 mem_commit=0 mem_we=0000 mem_addr=0000000f mem_wd=00000000 mem_rd=0540006f
COMMIT t=7985000 wb_pc=00000380 wb_we=1 wb_rd=x1 wb_val=0000000f IF_pc=00000390 IF_inst=02208733 ID_pc=0000038c ID_inst=00000013 EX_pc=00000388 EX_alu=00000000 mem_stall=0 mem_commit=0 mem_we=0000 mem_addr=0000000b mem_wd=a9000000 mem_rd=03ff0a63
COMMIT t=7995000 wb_pc=00000384 wb_we=1 wb_rd=x2 wb_val=0000000b IF_pc=00000394 IF_inst=00120213 ID_pc=00000390 ID_inst=02208733 EX_pc=0000038c EX_alu=00000000 mem_stall=0 mem_commit=0 mem_we=0000 mem_addr=00000000 mem_wd=00000000 mem_rd=00800f93
COMMIT t=8005000 wb_pc=00000388 wb_we=1 wb_rd=x0 wb_val=00000000 IF_pc=00000398 IF_inst=00200293 ID_pc=00000394 ID_inst=00120213 EX_pc=00000390 EX_alu=000000a5 mem_stall=0 mem_commit=0 mem_we=0000 mem_addr=00000000 mem_wd=00000000 mem_rd=0540006f
COMMIT t=8015000 wb_pc=0000038c wb_we=1 wb_rd=x0 wb_val=00000000 IF_pc=00000398 IF_inst=00200293 ID_pc=00000394 ID_inst=00120213 EX_pc=00000390 EX_alu=000000a5 mem_stall=0 mem_commit=0 mem_we=0000 mem_addr=00000000 mem_wd=00000000 mem_rd=0540006f
COMMIT t=8025000 wb_pc=fffffffc wb_we=0 wb_rd=x0 wb_val=00000000 IF_pc=00000398 IF_inst=00200293 ID_pc=00000394 ID_inst=00120213 EX_pc=00000390 EX_alu=000000a5 mem_stall=0 mem_commit=0 mem_we=0000 mem_addr=00000000 mem_wd=00000000 mem_rd=0540006f
COMMIT t=8215000 wb_pc=00000394 wb_we=1 wb_rd=x4 wb_val=00000002 IF_pc=000003a4 IF_inst=1e771a63 ID_pc=000003a0 ID_inst=0a500393 EX_pc=0000039c EX_alu=00000380 mem_stall=0 mem_commit=0 mem_we=0000 mem_addr=00000002 mem_wd=000b0000 mem_rd=0540006f
COMMIT t=8225000 wb_pc=00000398 wb_we=1 wb_rd=x5 wb_val=00000002 IF_pc=000003a8 IF_inst=01100193 ID_pc=000003a4 ID_inst=1e771a63 EX_pc=000003a0 EX_alu=000000a5 mem_stall=0 mem_commit=0 mem_we=0000 mem_addr=00000380 mem_wd=00000002 mem_rd=0540006f
COMMIT t=8235000 wb_pc=0000039c wb_we=0 wb_rd=x5 wb_val=00000380 IF_pc=000003ac IF_inst=00000213 ID_pc=000003a8 ID_inst=01100193 EX_pc=000003a4 EX_alu=00000598 mem_stall=0 mem_commit=0 mem_we=0000 mem_addr=000000a5 mem_wd=00000200 mem_rd=00f00093
COMMIT t=8245000 wb_pc=000003a0 wb_we=1 wb_rd=x7 wb_val=000000a5 IF_pc=000003b0 IF_inst=00d00093 ID_pc=000003ac ID_inst=00000213 EX_pc=000003a8 EX_alu=00000011 mem_stall=0 mem_commit=0 mem_we=0000 mem_addr=00000598 mem_wd=000000a5 mem_rd=00000a93
COMMIT t=8255000 wb_pc=000003a4 wb_we=0 wb_rd=x20 wb_val=00000598 IF_pc=000003b4 IF_inst=00000013 ID_pc=000003b0 ID_inst=00d00093 EX_pc=000003ac EX_alu=00000000 mem_stall=0 mem_commit=0 mem_we=0000 mem_addr=00000011 mem_wd=00000000 mem_rd=0ff0000f
COMMIT t=8265000 wb_pc=000003a8 wb_we=1 wb_rd=x3 wb_val=00000011 IF_pc=000003b8 IF_inst=00b00113 ID_pc=000003b4 ID_inst=00000013 EX_pc=000003b0 EX_alu=0000000d mem_stall=0 mem_commit=0 mem_we=0000 mem_addr=00000000 mem_wd=00000000 mem_rd=00900f93
COMMIT t=8275000 wb_pc=000003ac wb_we=1 wb_rd=x4 wb_val=00000000 IF_pc=000003bc IF_inst=02208733 ID_pc=000003b8 ID_inst=00b00113 EX_pc=000003b4 EX_alu=00000000 mem_stall=0 mem_commit=0 mem_we=0000 mem_addr=0000000d mem_wd=00000000 mem_rd=0540006f
COMMIT t=8285000 wb_pc=000003b0 wb_we=1 wb_rd=x1 wb_val=0000000d IF_pc=000003c0 IF_inst=00120213 ID_pc=000003bc ID_inst=02208733 EX_pc=000003b8 EX_alu=0000000b mem_stall=0 mem_commit=0 mem_we=0000 mem_addr=00000000 mem_wd=00000000 mem_rd=03ff0a63
COMMIT t=8295000 wb_pc=000003b4 wb_we=1 wb_rd=x0 wb_val=00000000 IF_pc=000003c4 IF_inst=00200293 ID_pc=000003c0 ID_inst=00120213 EX_pc=000003bc EX_alu=000000a5 mem_stall=0 mem_commit=0 mem_we=0000 mem_addr=0000000b mem_wd=a9000000 mem_rd=0540006f
COMMIT t=8305000 wb_pc=000003b8 wb_we=1 wb_rd=x2 wb_val=0000000b IF_pc=000003c4 IF_inst=00200293 ID_pc=000003c0 ID_inst=00120213 EX_pc=000003bc EX_alu=000000a5 mem_stall=0 mem_commit=0 mem_we=0000 mem_addr=00000000 mem_wd=00000000 mem_rd=00800f93
COMMIT t=8315000 wb_pc=fffffffc wb_we=0 wb_rd=x0 wb_val=00000000 IF_pc=000003c4 IF_inst=00200293 ID_pc=000003c0 ID_inst=00120213 EX_pc=000003bc EX_alu=000000a5 mem_stall=0 mem_commit=0 mem_we=0000 mem_addr=00000000 mem_wd=00000000 mem_rd=0540006f
COMMIT t=8505000 wb_pc=000003c0 wb_we=1 wb_rd=x4 wb_val=00000001 IF_pc=000003d0 IF_inst=1c771463 ID_pc=000003cc ID_inst=08f00393 EX_pc=000003c8 EX_alu=000003b0 mem_stall=0 mem_commit=0 mem_we=0000 mem_addr=00000002 mem_wd=000b0000 mem_rd=0540006f
COMMIT t=8515000 wb_pc=000003c4 wb_we=1 wb_rd=x5 wb_val=00000002 IF_pc=00000000 IF_inst=00000013 ID_pc=00000000 ID_inst=00000013 EX_pc=00000000 EX_alu=00000000 mem_stall=0 mem_commit=0 mem_we=0000 mem_addr=000003b0 mem_wd=00000002 mem_rd=0540006f
COMMIT t=8525000 wb_pc=000003c8 wb_we=0 wb_rd=x9 wb_val=000003b0 IF_pc=00000000 IF_inst=00000013 ID_pc=00000000 ID_inst=00000013 EX_pc=00000000 EX_alu=00000000 mem_stall=0 mem_commit=0 mem_we=0000 mem_addr=00000000 mem_wd=00000000 mem_rd=00d00093
COMMIT t=8555000 wb_pc=00000000 wb_we=1 wb_rd=x0 wb_val=00000000 IF_pc=000003b8 IF_inst=00b00113 ID_pc=000003b4 ID_inst=00000013 EX_pc=000003b0 EX_alu=0000000d mem_stall=0 mem_commit=0 mem_we=0000 mem_addr=00000000 mem_wd=00000000 mem_rd=0540006f
COMMIT t=8565000 wb_pc=00000000 wb_we=1 wb_rd=x0 wb_val=00000000 IF_pc=000003bc IF_inst=02208733 ID_pc=000003b8 ID_inst=00b00113 EX_pc=000003b4 EX_alu=00000000 mem_stall=0 mem_commit=0 mem_we=0000 mem_addr=0000000d mem_wd=00000000 mem_rd=0540006f
COMMIT t=8575000 wb_pc=000003b0 wb_we=1 wb_rd=x1 wb_val=0000000d IF_pc=000003c0 IF_inst=00120213 ID_pc=000003bc ID_inst=02208733 EX_pc=000003b8 EX_alu=0000000b mem_stall=0 mem_commit=0 mem_we=0000 mem_addr=00000000 mem_wd=00000000 mem_rd=03ff0a63
COMMIT t=8585000 wb_pc=000003b4 wb_we=1 wb_rd=x0 wb_val=00000000 IF_pc=000003c4 IF_inst=00200293 ID_pc=000003c0 ID_inst=00120213 EX_pc=000003bc EX_alu=0000008f mem_stall=0 mem_commit=0 mem_we=0000 mem_addr=0000000b mem_wd=a9000000 mem_rd=0540006f
COMMIT t=8595000 wb_pc=000003b8 wb_we=1 wb_rd=x2 wb_val=0000000b IF_pc=000003c4 IF_inst=00200293 ID_pc=000003c0 ID_inst=00120213 EX_pc=000003bc EX_alu=0000008f mem_stall=0 mem_commit=0 mem_we=0000 mem_addr=00000000 mem_wd=00000000 mem_rd=00800f93
COMMIT t=8605000 wb_pc=fffffffc wb_we=0 wb_rd=x0 wb_val=00000000 IF_pc=000003c4 IF_inst=00200293 ID_pc=000003c0 ID_inst=00120213 EX_pc=000003bc EX_alu=0000008f mem_stall=0 mem_commit=0 mem_we=0000 mem_addr=00000000 mem_wd=00000000 mem_rd=0540006f
COMMIT t=8795000 wb_pc=000003c0 wb_we=1 wb_rd=x4 wb_val=00000002 IF_pc=000003d0 IF_inst=1c771463 ID_pc=000003cc ID_inst=08f00393 EX_pc=000003c8 EX_alu=000003b0 mem_stall=0 mem_commit=0 mem_we=0000 mem_addr=00000002 mem_wd=000b0000 mem_rd=0540006f
COMMIT t=8805000 wb_pc=000003c4 wb_we=1 wb_rd=x5 wb_val=00000002 IF_pc=000003d4 IF_inst=01200193 ID_pc=000003d0 ID_inst=1c771463 EX_pc=000003cc EX_alu=0000008f mem_stall=0 mem_commit=0 mem_we=0000 mem_addr=000003b0 mem_wd=00000002 mem_rd=0540006f
COMMIT t=8815000 wb_pc=000003c8 wb_we=0 wb_rd=x9 wb_val=000003b0 IF_pc=000003d8 IF_inst=00000213 ID_pc=000003d4 ID_inst=01200193 EX_pc=000003d0 EX_alu=00000598 mem_stall=0 mem_commit=0 mem_we=0000 mem_addr=0000008f mem_wd=00000000 mem_rd=00d00093
COMMIT t=8825000 wb_pc=000003cc wb_we=1 wb_rd=x7 wb_val=0000008f IF_pc=000003dc IF_inst=00e00093 ID_pc=000003d8 ID_inst=00000213 EX_pc=000003d4 EX_alu=00000012 mem_stall=0 mem_commit=0 mem_we=0000 mem_addr=00000598 mem_wd=0000008f mem_rd=00000793
COMMIT t=8835000 wb_pc=000003d0 wb_we=0 wb_rd=x8 wb_val=00000598 IF_pc=000003e0 IF_inst=00000013 ID_pc=000003dc ID_inst=00e00093 EX_pc=000003d8 EX_alu=00000000 mem_stall=0 mem_commit=0 mem_we=0000 mem_addr=00000012 mem_wd=00000000 mem_rd=0ff0000f
COMMIT t=8845000 wb_pc=000003d4 wb_we=1 wb_rd=x3 wb_val=00000012 IF_pc=000003e4 IF_inst=00b00113 ID_pc=000003e0 ID_inst=00000013 EX_pc=000003dc EX_alu=0000000e mem_stall=0 mem_commit=0 mem_we=0000 mem_addr=00000000 mem_wd=00000000 mem_rd=00900f93
COMMIT t=8855000 wb_pc=000003d8 wb_we=1 wb_rd=x4 wb_val=00000000 IF_pc=000003e8 IF_inst=00000013 ID_pc=000003e4 ID_inst=00b00113 EX_pc=000003e0 EX_alu=00000000 mem_stall=0 mem_commit=0 mem_we=0000 mem_addr=0000000e mem_wd=008f0000 mem_rd=0540006f
COMMIT t=8865000 wb_pc=000003dc wb_we=1 wb_rd=x1 wb_val=0000000e IF_pc=000003ec IF_inst=02208733 ID_pc=000003e8 ID_inst=00000013 EX_pc=000003e4 EX_alu=0000000b mem_stall=0 mem_commit=0 mem_we=0000 mem_addr=00000000 mem_wd=00000000 mem_rd=03ff0a63
COMMIT t=8875000 wb_pc=000003e0 wb_we=1 wb_rd=x0 wb_val=00000000 IF_pc=000003f0 IF_inst=00120213 ID_pc=000003ec ID_inst=02208733 EX_pc=000003e8 EX_alu=00000000 mem_stall=0 mem_commit=0 mem_we=0000 mem_addr=0000000b mem_wd=a9000000 mem_rd=0540006f
COMMIT t=8885000 wb_pc=000003e4 wb_we=1 wb_rd=x2 wb_val=0000000b IF_pc=000003f4 IF_inst=00200293 ID_pc=000003f0 ID_inst=00120213 EX_pc=000003ec EX_alu=0000008f mem_stall=0 mem_commit=0 mem_we=0000 mem_addr=00000000 mem_wd=00000000 mem_rd=00800f93
COMMIT t=8895000 wb_pc=000003e8 wb_we=1 wb_rd=x0 wb_val=00000000 IF_pc=000003f4 IF_inst=00200293 ID_pc=000003f0 ID_inst=00120213 EX_pc=000003ec EX_alu=0000008f mem_stall=0 mem_commit=0 mem_we=0000 mem_addr=00000000 mem_wd=00000000 mem_rd=0540006f
COMMIT t=8905000 wb_pc=fffffffc wb_we=0 wb_rd=x0 wb_val=00000000 IF_pc=000003f4 IF_inst=00200293 ID_pc=000003f0 ID_inst=00120213 EX_pc=000003ec EX_alu=0000008f mem_stall=0 mem_commit=0 mem_we=0000 mem_addr=00000000 mem_wd=00000000 mem_rd=0540006f
COMMIT t=9095000 wb_pc=000003f0 wb_we=1 wb_rd=x4 wb_val=00000001 IF_pc=00000400 IF_inst=18771c63 ID_pc=000003fc ID_inst=09a00393 EX_pc=000003f8 EX_alu=000003dc mem_stall=0 mem_commit=0 mem_we=0000 mem_addr=00000002 mem_wd=000b0000 mem_rd=0540006f
COMMIT t=9105000 wb_pc=000003f4 wb_we=1 wb_rd=x5 wb_val=00000002 IF_pc=00000000 IF_inst=00000013 ID_pc=00000000 ID_inst=00000013 EX_pc=00000000 EX_alu=00000000 mem_stall=0 mem_commit=0 mem_we=0000 mem_addr=000003dc mem_wd=00000002 mem_rd=0540006f
COMMIT t=9115000 wb_pc=000003f8 wb_we=0 wb_rd=x5 wb_val=000003dc IF_pc=00000000 IF_inst=00000013 ID_pc=00000000 ID_inst=00000013 EX_pc=00000000 EX_alu=00000000 mem_stall=0 mem_commit=0 mem_we=0000 mem_addr=00000000 mem_wd=00000000 mem_rd=00e00093
COMMIT t=9145000 wb_pc=00000000 wb_we=1 wb_rd=x0 wb_val=00000000 IF_pc=000003e4 IF_inst=00b00113 ID_pc=000003e0 ID_inst=00000013 EX_pc=000003dc EX_alu=0000000e mem_stall=0 mem_commit=0 mem_we=0000 mem_addr=00000000 mem_wd=00000000 mem_rd=0540006f
COMMIT t=9155000 wb_pc=00000000 wb_we=1 wb_rd=x0 wb_val=00000000 IF_pc=000003e8 IF_inst=00000013 ID_pc=000003e4 ID_inst=00b00113 EX_pc=000003e0 EX_alu=00000000 mem_stall=0 mem_commit=0 mem_we=0000 mem_addr=0000000e mem_wd=009a0000 mem_rd=0540006f
COMMIT t=9165000 wb_pc=000003dc wb_we=1 wb_rd=x1 wb_val=0000000e IF_pc=000003ec IF_inst=02208733 ID_pc=000003e8 ID_inst=00000013 EX_pc=000003e4 EX_alu=0000000b mem_stall=0 mem_commit=0 mem_we=0000 mem_addr=00000000 mem_wd=00000000 mem_rd=03ff0a63
COMMIT t=9175000 wb_pc=000003e0 wb_we=1 wb_rd=x0 wb_val=00000000 IF_pc=000003f0 IF_inst=00120213 ID_pc=000003ec ID_inst=02208733 EX_pc=000003e8 EX_alu=00000000 mem_stall=0 mem_commit=0 mem_we=0000 mem_addr=0000000b mem_wd=a9000000 mem_rd=0540006f
COMMIT t=9185000 wb_pc=000003e4 wb_we=1 wb_rd=x2 wb_val=0000000b IF_pc=000003f4 IF_inst=00200293 ID_pc=000003f0 ID_inst=00120213 EX_pc=000003ec EX_alu=0000009a mem_stall=0 mem_commit=0 mem_we=0000 mem_addr=00000000 mem_wd=00000000 mem_rd=00800f93
COMMIT t=9195000 wb_pc=000003e8 wb_we=1 wb_rd=x0 wb_val=00000000 IF_pc=000003f4 IF_inst=00200293 ID_pc=000003f0 ID_inst=00120213 EX_pc=000003ec EX_alu=0000009a mem_stall=0 mem_commit=0 mem_we=0000 mem_addr=00000000 mem_wd=00000000 mem_rd=0540006f
COMMIT t=9205000 wb_pc=fffffffc wb_we=0 wb_rd=x0 wb_val=00000000 IF_pc=000003f4 IF_inst=00200293 ID_pc=000003f0 ID_inst=00120213 EX_pc=000003ec EX_alu=0000009a mem_stall=0 mem_commit=0 mem_we=0000 mem_addr=00000000 mem_wd=00000000 mem_rd=0540006f
COMMIT t=9395000 wb_pc=000003f0 wb_we=1 wb_rd=x4 wb_val=00000002 IF_pc=00000400 IF_inst=18771c63 ID_pc=000003fc ID_inst=09a00393 EX_pc=000003f8 EX_alu=000003dc mem_stall=0 mem_commit=0 mem_we=0000 mem_addr=00000002 mem_wd=000b0000 mem_rd=0540006f
COMMIT t=9405000 wb_pc=000003f4 wb_we=1 wb_rd=x5 wb_val=00000002 IF_pc=00000404 IF_inst=01300193 ID_pc=00000400 ID_inst=18771c63 EX_pc=000003fc EX_alu=0000009a mem_stall=0 mem_commit=0 mem_we=0000 mem_addr=000003dc mem_wd=00000002 mem_rd=0540006f
COMMIT t=9415000 wb_pc=000003f8 wb_we=0 wb_rd=x5 wb_val=000003dc IF_pc=00000408 IF_inst=00000213 ID_pc=00000404 ID_inst=01300193 EX_pc=00000400 EX_alu=00000598 mem_stall=0 mem_commit=0 mem_we=0000 mem_addr=0000009a mem_wd=00000000 mem_rd=00e00093
COMMIT t=9425000 wb_pc=000003fc wb_we=1 wb_rd=x7 wb_val=0000009a IF_pc=0000040c IF_inst=00f00093 ID_pc=00000408 ID_inst=00000213 EX_pc=00000404 EX_alu=00000013 mem_stall=0 mem_commit=0 mem_we=0000 mem_addr=00000598 mem_wd=0000009a mem_rd=00000913
COMMIT t=9435000 wb_pc=00000400 wb_we=0 wb_rd=x24 wb_val=00000598 IF_pc=00000410 IF_inst=00000013 ID_pc=0000040c ID_inst=00f00093 EX_pc=00000408 EX_alu=00000000 mem_stall=0 mem_commit=0 mem_we=0000 mem_addr=00000013 mem_wd=00000000 mem_rd=0ff0000f
COMMIT t=9445000 wb_pc=00000404 wb_we=1 wb_rd=x3 wb_val=00000013 IF_pc=00000414 IF_inst=00000013 ID_pc=00000410 ID_inst=00000013 EX_pc=0000040c EX_alu=0000000f mem_stall=0 mem_commit=0 mem_we=0000 mem_addr=00000000 mem_wd=00000000 mem_rd=00900f93
COMMIT t=9455000 wb_pc=00000408 wb_we=1 wb_rd=x4 wb_val=00000000 IF_pc=00000418 IF_inst=00b00113 ID_pc=00000414 ID_inst=00000013 EX_pc=00000410 EX_alu=00000000 mem_stall=0 mem_commit=0 mem_we=0000 mem_addr=0000000f mem_wd=00000000 mem_rd=0540006f
COMMIT t=9465000 wb_pc=0000040c wb_we=1 wb_rd=x1 wb_val=0000000f IF_pc=0000041c IF_inst=02208733 ID_pc=00000418 ID_inst=00b00113 EX_pc=00000414 EX_alu=00000000 mem_stall=0 mem_commit=0 mem_we=0000 mem_addr=00000000 mem_wd=00000000 mem_rd=03ff0a63
COMMIT t=9475000 wb_pc=00000410 wb_we=1 wb_rd=x0 wb_val=00000000 IF_pc=00000420 IF_inst=00120213 ID_pc=0000041c ID_inst=02208733 EX_pc=00000418 EX_alu=0000000b mem_stall=0 mem_commit=0 mem_we=0000 mem_addr=00000000 mem_wd=00000000 mem_rd=0540006f
COMMIT t=9485000 wb_pc=00000414 wb_we=1 wb_rd=x0 wb_val=00000000 IF_pc=00000424 IF_inst=00200293 ID_pc=00000420 ID_inst=00120213 EX_pc=0000041c EX_alu=0000009a mem_stall=0 mem_commit=0 mem_we=0000 mem_addr=0000000b mem_wd=a9000000 mem_rd=0540006f
COMMIT t=9495000 wb_pc=00000418 wb_we=1 wb_rd=x2 wb_val=0000000b IF_pc=00000424 IF_inst=00200293 ID_pc=00000420 ID_inst=00120213 EX_pc=0000041c EX_alu=0000009a mem_stall=0 mem_commit=0 mem_we=0000 mem_addr=00000000 mem_wd=00000000 mem_rd=00800f93
COMMIT t=9505000 wb_pc=fffffffc wb_we=0 wb_rd=x0 wb_val=00000000 IF_pc=00000424 IF_inst=00200293 ID_pc=00000420 ID_inst=00120213 EX_pc=0000041c EX_alu=0000009a mem_stall=0 mem_commit=0 mem_we=0000 mem_addr=00000000 mem_wd=00000000 mem_rd=0540006f
COMMIT t=9695000 wb_pc=00000420 wb_we=1 wb_rd=x4 wb_val=00000001 IF_pc=00000430 IF_inst=16771463 ID_pc=0000042c ID_inst=0a500393 EX_pc=00000428 EX_alu=0000040c mem_stall=0 mem_commit=0 mem_we=0000 mem_addr=00000002 mem_wd=000b0000 mem_rd=0540006f
COMMIT t=9705000 wb_pc=00000424 wb_we=1 wb_rd=x5 wb_val=00000002 IF_pc=00000000 IF_inst=00000013 ID_pc=00000000 ID_inst=00000013 EX_pc=00000000 EX_alu=00000000 mem_stall=0 mem_commit=0 mem_we=0000 mem_addr=0000040c mem_wd=00000002 mem_rd=0540006f
COMMIT t=9715000 wb_pc=00000428 wb_we=0 wb_rd=x5 wb_val=0000040c IF_pc=00000000 IF_inst=00000013 ID_pc=00000000 ID_inst=00000013 EX_pc=00000000 EX_alu=00000000 mem_stall=0 mem_commit=0 mem_we=0000 mem_addr=00000000 mem_wd=00000000 mem_rd=00f00093
COMMIT t=9745000 wb_pc=00000000 wb_we=1 wb_rd=x0 wb_val=00000000 IF_pc=00000414 IF_inst=00000013 ID_pc=00000410 ID_inst=00000013 EX_pc=0000040c EX_alu=0000000f mem_stall=0 mem_commit=0 mem_we=0000 mem_addr=00000000 mem_wd=00000000 mem_rd=0540006f
COMMIT t=9755000 wb_pc=00000000 wb_we=1 wb_rd=x0 wb_val=00000000 IF_pc=00000418 IF_inst=00b00113 ID_pc=00000414 ID_inst=00000013 EX_pc=00000410 EX_alu=00000000 mem_stall=0 mem_commit=0 mem_we=0000 mem_addr=0000000f mem_wd=00000000 mem_rd=0540006f
COMMIT t=9765000 wb_pc=0000040c wb_we=1 wb_rd=x1 wb_val=0000000f IF_pc=0000041c IF_inst=02208733 ID_pc=00000418 ID_inst=00b00113 EX_pc=00000414 EX_alu=00000000 mem_stall=0 mem_commit=0 mem_we=0000 mem_addr=00000000 mem_wd=00000000 mem_rd=03ff0a63
COMMIT t=9775000 wb_pc=00000410 wb_we=1 wb_rd=x0 wb_val=00000000 IF_pc=00000420 IF_inst=00120213 ID_pc=0000041c ID_inst=02208733 EX_pc=00000418 EX_alu=0000000b mem_stall=0 mem_commit=0 mem_we=0000 mem_addr=00000000 mem_wd=00000000 mem_rd=0540006f
COMMIT t=9785000 wb_pc=00000414 wb_we=1 wb_rd=x0 wb_val=00000000 IF_pc=00000424 IF_inst=00200293 ID_pc=00000420 ID_inst=00120213 EX_pc=0000041c EX_alu=000000a5 mem_stall=0 mem_commit=0 mem_we=0000 mem_addr=0000000b mem_wd=a9000000 mem_rd=0540006f
COMMIT t=9795000 wb_pc=00000418 wb_we=1 wb_rd=x2 wb_val=0000000b IF_pc=00000424 IF_inst=00200293 ID_pc=00000420 ID_inst=00120213 EX_pc=0000041c EX_alu=000000a5 mem_stall=0 mem_commit=0 mem_we=0000 mem_addr=00000000 mem_wd=00000000 mem_rd=00800f93
COMMIT t=9805000 wb_pc=fffffffc wb_we=0 wb_rd=x0 wb_val=00000000 IF_pc=00000424 IF_inst=00200293 ID_pc=00000420 ID_inst=00120213 EX_pc=0000041c EX_alu=000000a5 mem_stall=0 mem_commit=0 mem_we=0000 mem_addr=00000000 mem_wd=00000000 mem_rd=0540006f
COMMIT t=9995000 wb_pc=00000420 wb_we=1 wb_rd=x4 wb_val=00000002 IF_pc=00000430 IF_inst=16771463 ID_pc=0000042c ID_inst=0a500393 EX_pc=00000428 EX_alu=0000040c mem_stall=0 mem_commit=0 mem_we=0000 mem_addr=00000002 mem_wd=000b0000 mem_rd=0540006f
COMMIT t=10005000 wb_pc=00000424 wb_we=1 wb_rd=x5 wb_val=00000002 IF_pc=00000434 IF_inst=01400193 ID_pc=00000430 ID_inst=16771463 EX_pc=0000042c EX_alu=000000a5 mem_stall=0 mem_commit=0 mem_we=0000 mem_addr=0000040c mem_wd=00000002 mem_rd=0540006f
COMMIT t=10015000 wb_pc=00000428 wb_we=0 wb_rd=x5 wb_val=0000040c IF_pc=00000438 IF_inst=00000213 ID_pc=00000434 ID_inst=01400193 EX_pc=00000430 EX_alu=00000598 mem_stall=0 mem_commit=0 mem_we=0000 mem_addr=000000a5 mem_wd=00000200 mem_rd=00f00093
COMMIT t=10025000 wb_pc=0000042c wb_we=1 wb_rd=x7 wb_val=000000a5 IF_pc=0000043c IF_inst=00b00113 ID_pc=00000438 ID_inst=00000213 EX_pc=00000434 EX_alu=00000014 mem_stall=0 mem_commit=0 mem_we=0000 mem_addr=00000598 mem_wd=000000a5 mem_rd=00000a93
COMMIT t=10035000 wb_pc=00000430 wb_we=0 wb_rd=x8 wb_val=00000598 IF_pc=00000440 IF_inst=00d00093 ID_pc=0000043c ID_inst=00b00113 EX_pc=00000438 EX_alu=00000000 mem_stall=0 mem_commit=0 mem_we=0000 mem_addr=00000014 mem_wd=00000000 mem_rd=0ff0000f
COMMIT t=10045000 wb_pc=00000434 wb_we=1 wb_rd=x3 wb_val=00000014 IF_pc=00000444 IF_inst=02208733 ID_pc=00000440 ID_inst=00d00093 EX_pc=0000043c EX_alu=0000000b mem_stall=0 mem_commit=0 mem_we=0000 mem_addr=00000000 mem_wd=00000000 mem_rd=03ff0663
COMMIT t=10055000 wb_pc=00000438 wb_we=1 wb_rd=x4 wb_val=00000000 IF_pc=00000448 IF_inst=00120213 ID_pc=00000444 ID_inst=02208733 EX_pc=00000440 EX_alu=0000000d mem_stall=0 mem_commit=0 mem_we=0000 mem_addr=0000000b mem_wd=a9000000 mem_rd=0540006f
COMMIT t=10065000 wb_pc=0000043c wb_we=1 wb_rd=x2 wb_val=0000000b IF_pc=0000044c IF_inst=00200293 ID_pc=00000448 ID_inst=00120213 EX_pc=00000444 EX_alu=000000a5 mem_stall=0 mem_commit=0 mem_we=0000 mem_addr=0000000d mem_wd=00000000 mem_rd=00800f93
COMMIT t=10075000 wb_pc=00000440 wb_we=1 wb_rd=x1 wb_val=0000000d IF_pc=0000044c IF_inst=00200293 ID_pc=00000448 ID_inst=00120213 EX_pc=00000444 EX_alu=000000a5 mem_stall=0 mem_commit=0 mem_we=0000 mem_addr=00000000 mem_wd=00000000 mem_rd=03ff0a63
COMMIT t=10085000 wb_pc=fffffffc wb_we=0 wb_rd=x0 wb_val=00000000 IF_pc=0000044c IF_inst=00200293 ID_pc=00000448 ID_inst=00120213 EX_pc=00000444 EX_alu=000000a5 mem_stall=0 mem_commit=0 mem_we=0000 mem_addr=00000000 mem_wd=00000000 mem_rd=0540006f
COMMIT t=10275000 wb_pc=00000448 wb_we=1 wb_rd=x4 wb_val=00000001 IF_pc=00000458 IF_inst=14771063 ID_pc=00000454 ID_inst=08f00393 EX_pc=00000450 EX_alu=0000043c mem_stall=0 mem_commit=0 mem_we=0000 mem_addr=00000002 mem_wd=000b0000 mem_rd=0540006f
COMMIT t=10285000 wb_pc=0000044c wb_we=1 wb_rd=x5 wb_val=00000002 IF_pc=00000000 IF_inst=00000013 ID_pc=00000000 ID_inst=00000013 EX_pc=00000000 EX_alu=00000000 mem_stall=0 mem_commit=0 mem_we=0000 mem_addr=0000043c mem_wd=00000002 mem_rd=0540006f
COMMIT t=10295000 wb_pc=00000450 wb_we=0 wb_rd=x13 wb_val=0000043c IF_pc=00000000 IF_inst=00000013 ID_pc=00000000 ID_inst=00000013 EX_pc=00000000 EX_alu=00000000 mem_stall=0 mem_commit=0 mem_we=0000 mem_addr=00000000 mem_wd=00000000 mem_rd=00b00113
COMMIT t=10325000 wb_pc=00000000 wb_we=1 wb_rd=x0 wb_val=00000000 IF_pc=00000444 IF_inst=02208733 ID_pc=00000440 ID_inst=00d00093 EX_pc=0000043c EX_alu=0000000b mem_stall=0 mem_commit=0 mem_we=0000 mem_addr=00000000 mem_wd=00000000 mem_rd=0540006f
COMMIT t=10335000 wb_pc=00000000 wb_we=1 wb_rd=x0 wb_val=00000000 IF_pc=00000448 IF_inst=00120213 ID_pc=00000444 ID_inst=02208733 EX_pc=00000440 EX_alu=0000000d mem_stall=0 mem_commit=0 mem_we=0000 mem_addr=0000000b mem_wd=a9000000 mem_rd=0540006f
COMMIT t=10345000 wb_pc=0000043c wb_we=1 wb_rd=x2 wb_val=0000000b IF_pc=0000044c IF_inst=00200293 ID_pc=00000448 ID_inst=00120213 EX_pc=00000444 EX_alu=0000008f mem_stall=0 mem_commit=0 mem_we=0000 mem_addr=0000000d mem_wd=00000000 mem_rd=00800f93
COMMIT t=10355000 wb_pc=00000440 wb_we=1 wb_rd=x1 wb_val=0000000d IF_pc=0000044c IF_inst=00200293 ID_pc=00000448 ID_inst=00120213 EX_pc=00000444 EX_alu=0000008f mem_stall=0 mem_commit=0 mem_we=0000 mem_addr=00000000 mem_wd=00000000 mem_rd=03ff0a63
COMMIT t=10365000 wb_pc=fffffffc wb_we=0 wb_rd=x0 wb_val=00000000 IF_pc=0000044c IF_inst=00200293 ID_pc=00000448 ID_inst=00120213 EX_pc=00000444 EX_alu=0000008f mem_stall=0 mem_commit=0 mem_we=0000 mem_addr=00000000 mem_wd=00000000 mem_rd=0540006f
COMMIT t=10555000 wb_pc=00000448 wb_we=1 wb_rd=x4 wb_val=00000002 IF_pc=00000458 IF_inst=14771063 ID_pc=00000454 ID_inst=08f00393 EX_pc=00000450 EX_alu=0000043c mem_stall=0 mem_commit=0 mem_we=0000 mem_addr=00000002 mem_wd=000b0000 mem_rd=0540006f
COMMIT t=10565000 wb_pc=0000044c wb_we=1 wb_rd=x5 wb_val=00000002 IF_pc=0000045c IF_inst=01500193 ID_pc=00000458 ID_inst=14771063 EX_pc=00000454 EX_alu=0000008f mem_stall=0 mem_commit=0 mem_we=0000 mem_addr=0000043c mem_wd=00000002 mem_rd=0540006f
COMMIT t=10575000 wb_pc=00000450 wb_we=0 wb_rd=x13 wb_val=0000043c IF_pc=00000460 IF_inst=00000213 ID_pc=0000045c ID_inst=01500193 EX_pc=00000458 EX_alu=00000598 mem_stall=0 mem_commit=0 mem_we=0000 mem_addr=0000008f mem_wd=00000000 mem_rd=00b00113
COMMIT t=10585000 wb_pc=00000454 wb_we=1 wb_rd=x7 wb_val=0000008f IF_pc=00000464 IF_inst=00b00113 ID_pc=00000460 ID_inst=00000213 EX_pc=0000045c EX_alu=00000015 mem_stall=0 mem_commit=0 mem_we=0000 mem_addr=00000598 mem_wd=0000008f mem_rd=00000793
COMMIT t=10595000 wb_pc=00000458 wb_we=0 wb_rd=x0 wb_val=00000598 IF_pc=00000468 IF_inst=00e00093 ID_pc=00000464 ID_inst=00b00113 EX_pc=00000460 EX_alu=00000000 mem_stall=0 mem_commit=0 mem_we=0000 mem_addr=00000015 mem_wd=00000000 mem_rd=0ff0000f
COMMIT t=10605000 wb_pc=0000045c wb_we=1 wb_rd=x3 wb_val=00000015 IF_pc=0000046c IF_inst=00000013 ID_pc=00000468 ID_inst=00e00093 EX_pc=00000464 EX_alu=0000000b mem_stall=0 mem_commit=0 mem_we=0000 mem_addr=00000000 mem_wd=00000000 mem_rd=03ff0663
COMMIT t=10615000 wb_pc=00000460 wb_we=1 wb_rd=x4 wb_val=00000000 IF_pc=00000470 IF_inst=02208733 ID_pc=0000046c ID_inst=00000013 EX_pc=00000468 EX_alu=0000000e mem_stall=0 mem_commit=0 mem_we=0000 mem_addr=0000000b mem_wd=a9000000 mem_rd=0540006f
COMMIT t=10625000 wb_pc=00000464 wb_we=1 wb_rd=x2 wb_val=0000000b IF_pc=00000474 IF_inst=00120213 ID_pc=00000470 ID_inst=02208733 EX_pc=0000046c EX_alu=00000000 mem_stall=0 mem_commit=0 mem_we=0000 mem_addr=0000000e mem_wd=008f0000 mem_rd=00800f93
COMMIT t=10635000 wb_pc=00000468 wb_we=1 wb_rd=x1 wb_val=0000000e IF_pc=00000478 IF_inst=00200293 ID_pc=00000474 ID_inst=00120213 EX_pc=00000470 EX_alu=0000008f mem_stall=0 mem_commit=0 mem_we=0000 mem_addr=00000000 mem_wd=00000000 mem_rd=03ff0a63
COMMIT t=10645000 wb_pc=0000046c wb_we=1 wb_rd=x0 wb_val=00000000 IF_pc=00000478 IF_inst=00200293 ID_pc=00000474 ID_inst=00120213 EX_pc=00000470 EX_alu=0000008f mem_stall=0 mem_commit=0 mem_we=0000 mem_addr=00000000 mem_wd=00000000 mem_rd=0540006f
COMMIT t=10655000 wb_pc=fffffffc wb_we=0 wb_rd=x0 wb_val=00000000 IF_pc=00000478 IF_inst=00200293 ID_pc=00000474 ID_inst=00120213 EX_pc=00000470 EX_alu=0000008f mem_stall=0 mem_commit=0 mem_we=0000 mem_addr=00000000 mem_wd=00000000 mem_rd=0540006f
COMMIT t=10845000 wb_pc=00000474 wb_we=1 wb_rd=x4 wb_val=00000001 IF_pc=00000484 IF_inst=10771a63 ID_pc=00000480 ID_inst=09a00393 EX_pc=0000047c EX_alu=00000464 mem_stall=0 mem_commit=0 mem_we=0000 mem_addr=00000002 mem_wd=000b0000 mem_rd=0540006f
COMMIT t=10855000 wb_pc=00000478 wb_we=1 wb_rd=x5 wb_val=00000002 IF_pc=00000000 IF_inst=00000013 ID_pc=00000000 ID_inst=00000013 EX_pc=00000000 EX_alu=00000000 mem_stall=0 mem_commit=0 mem_we=0000 mem_addr=00000464 mem_wd=00000002 mem_rd=0540006f
COMMIT t=10865000 wb_pc=0000047c wb_we=0 wb_rd=x9 wb_val=00000464 IF_pc=00000000 IF_inst=00000013 ID_pc=00000000 ID_inst=00000013 EX_pc=00000000 EX_alu=00000000 mem_stall=0 mem_commit=0 mem_we=0000 mem_addr=00000000 mem_wd=00000000 mem_rd=00b00113
COMMIT t=10895000 wb_pc=00000000 wb_we=1 wb_rd=x0 wb_val=00000000 IF_pc=0000046c IF_inst=00000013 ID_pc=00000468 ID_inst=00e00093 EX_pc=00000464 EX_alu=0000000b mem_stall=0 mem_commit=0 mem_we=0000 mem_addr=00000000 mem_wd=00000000 mem_rd=0540006f
COMMIT t=10905000 wb_pc=00000000 wb_we=1 wb_rd=x0 wb_val=00000000 IF_pc=00000470 IF_inst=02208733 ID_pc=0000046c ID_inst=00000013 EX_pc=00000468 EX_alu=0000000e mem_stall=0 mem_commit=0 mem_we=0000 mem_addr=0000000b mem_wd=a9000000 mem_rd=0540006f
COMMIT t=10915000 wb_pc=00000464 wb_we=1 wb_rd=x2 wb_val=0000000b IF_pc=00000474 IF_inst=00120213 ID_pc=00000470 ID_inst=02208733 EX_pc=0000046c EX_alu=00000000 mem_stall=0 mem_commit=0 mem_we=0000 mem_addr=0000000e mem_wd=009a0000 mem_rd=00800f93
COMMIT t=10925000 wb_pc=00000468 wb_we=1 wb_rd=x1 wb_val=0000000e IF_pc=00000478 IF_inst=00200293 ID_pc=00000474 ID_inst=00120213 EX_pc=00000470 EX_alu=0000009a mem_stall=0 mem_commit=0 mem_we=0000 mem_addr=00000000 mem_wd=00000000 mem_rd=03ff0a63
COMMIT t=10935000 wb_pc=0000046c wb_we=1 wb_rd=x0 wb_val=00000000 IF_pc=00000478 IF_inst=00200293 ID_pc=00000474 ID_inst=00120213 EX_pc=00000470 EX_alu=0000009a mem_stall=0 mem_commit=0 mem_we=0000 mem_addr=00000000 mem_wd=00000000 mem_rd=0540006f
COMMIT t=10945000 wb_pc=fffffffc wb_we=0 wb_rd=x0 wb_val=00000000 IF_pc=00000478 IF_inst=00200293 ID_pc=00000474 ID_inst=00120213 EX_pc=00000470 EX_alu=0000009a mem_stall=0 mem_commit=0 mem_we=0000 mem_addr=00000000 mem_wd=00000000 mem_rd=0540006f
COMMIT t=11135000 wb_pc=00000474 wb_we=1 wb_rd=x4 wb_val=00000002 IF_pc=00000484 IF_inst=10771a63 ID_pc=00000480 ID_inst=09a00393 EX_pc=0000047c EX_alu=00000464 mem_stall=0 mem_commit=0 mem_we=0000 mem_addr=00000002 mem_wd=000b0000 mem_rd=0540006f
COMMIT t=11145000 wb_pc=00000478 wb_we=1 wb_rd=x5 wb_val=00000002 IF_pc=00000488 IF_inst=01600193 ID_pc=00000484 ID_inst=10771a63 EX_pc=00000480 EX_alu=0000009a mem_stall=0 mem_commit=0 mem_we=0000 mem_addr=00000464 mem_wd=00000002 mem_rd=0540006f
COMMIT t=11155000 wb_pc=0000047c wb_we=0 wb_rd=x9 wb_val=00000464 IF_pc=0000048c IF_inst=00000213 ID_pc=00000488 ID_inst=01600193 EX_pc=00000484 EX_alu=00000598 mem_stall=0 mem_commit=0 mem_we=0000 mem_addr=0000009a mem_wd=00000000 mem_rd=00b00113
COMMIT t=11165000 wb_pc=00000480 wb_we=1 wb_rd=x7 wb_val=0000009a IF_pc=00000490 IF_inst=00b00113 ID_pc=0000048c ID_inst=00000213 EX_pc=00000488 EX_alu=00000016 mem_stall=0 mem_commit=0 mem_we=0000 mem_addr=00000598 mem_wd=0000009a mem_rd=00000913
COMMIT t=11175000 wb_pc=00000484 wb_we=0 wb_rd=x20 wb_val=00000598 IF_pc=00000494 IF_inst=00f00093 ID_pc=00000490 ID_inst=00b00113 EX_pc=0000048c EX_alu=00000000 mem_stall=0 mem_commit=0 mem_we=0000 mem_addr=00000016 mem_wd=00000000 mem_rd=0ff0000f
COMMIT t=11185000 wb_pc=00000488 wb_we=1 wb_rd=x3 wb_val=00000016 IF_pc=00000498 IF_inst=00000013 ID_pc=00000494 ID_inst=00f00093 EX_pc=00000490 EX_alu=0000000b mem_stall=0 mem_commit=0 mem_we=0000 mem_addr=00000000 mem_wd=00000000 mem_rd=03ff0663
COMMIT t=11195000 wb_pc=0000048c wb_we=1 wb_rd=x4 wb_val=00000000 IF_pc=0000049c IF_inst=00000013 ID_pc=00000498 ID_inst=00000013 EX_pc=00000494 EX_alu=0000000f mem_stall=0 mem_commit=0 mem_we=0000 mem_addr=0000000b mem_wd=a9000000 mem_rd=0540006f
COMMIT t=11205000 wb_pc=00000490 wb_we=1 wb_rd=x2 wb_val=0000000b IF_pc=000004a0 IF_inst=02208733 ID_pc=0000049c ID_inst=00000013 EX_pc=00000498 EX_alu=00000000 mem_stall=0 mem_commit=0 mem_we=0000 mem_addr=0000000f mem_wd=00000000 mem_rd=00800f93
COMMIT t=11215000 wb_pc=00000494 wb_we=1 wb_rd=x1 wb_val=0000000f IF_pc=000004a4 IF_inst=00120213 ID_pc=000004a0 ID_inst=02208733 EX_pc=0000049c EX_alu=00000000 mem_stall=0 mem_commit=0 mem_we=0000 mem_addr=00000000 mem_wd=00000000 mem_rd=03ff0a63
COMMIT t=11225000 wb_pc=00000498 wb_we=1 wb_rd=x0 wb_val=00000000 IF_pc=000004a8 IF_inst=00200293 ID_pc=000004a4 ID_inst=00120213 EX_pc=000004a0 EX_alu=0000009a mem_stall=0 mem_commit=0 mem_we=0000 mem_addr=00000000 mem_wd=00000000 mem_rd=0540006f
COMMIT t=11235000 wb_pc=0000049c wb_we=1 wb_rd=x0 wb_val=00000000 IF_pc=000004a8 IF_inst=00200293 ID_pc=000004a4 ID_inst=00120213 EX_pc=000004a0 EX_alu=0000009a mem_stall=0 mem_commit=0 mem_we=0000 mem_addr=00000000 mem_wd=00000000 mem_rd=0540006f
COMMIT t=11245000 wb_pc=fffffffc wb_we=0 wb_rd=x0 wb_val=00000000 IF_pc=000004a8 IF_inst=00200293 ID_pc=000004a4 ID_inst=00120213 EX_pc=000004a0 EX_alu=0000009a mem_stall=0 mem_commit=0 mem_we=0000 mem_addr=00000000 mem_wd=00000000 mem_rd=0540006f
COMMIT t=11435000 wb_pc=000004a4 wb_we=1 wb_rd=x4 wb_val=00000001 IF_pc=000004b4 IF_inst=0e771263 ID_pc=000004b0 ID_inst=0a500393 EX_pc=000004ac EX_alu=00000490 mem_stall=0 mem_commit=0 mem_we=0000 mem_addr=00000002 mem_wd=000b0000 mem_rd=0540006f
COMMIT t=11445000 wb_pc=000004a8 wb_we=1 wb_rd=x5 wb_val=00000002 IF_pc=00000000 IF_inst=00000013 ID_pc=00000000 ID_inst=00000013 EX_pc=00000000 EX_alu=00000000 mem_stall=0 mem_commit=0 mem_we=0000 mem_addr=00000490 mem_wd=00000002 mem_rd=0540006f
COMMIT t=11455000 wb_pc=000004ac wb_we=0 wb_rd=x5 wb_val=00000490 IF_pc=00000000 IF_inst=00000013 ID_pc=00000000 ID_inst=00000013 EX_pc=00000000 EX_alu=00000000 mem_stall=0 mem_commit=0 mem_we=0000 mem_addr=00000000 mem_wd=00000000 mem_rd=00b00113
COMMIT t=11485000 wb_pc=00000000 wb_we=1 wb_rd=x0 wb_val=00000000 IF_pc=00000498 IF_inst=00000013 ID_pc=00000494 ID_inst=00f00093 EX_pc=00000490 EX_alu=0000000b mem_stall=0 mem_commit=0 mem_we=0000 mem_addr=00000000 mem_wd=00000000 mem_rd=0540006f
COMMIT t=11495000 wb_pc=00000000 wb_we=1 wb_rd=x0 wb_val=00000000 IF_pc=0000049c IF_inst=00000013 ID_pc=00000498 ID_inst=00000013 EX_pc=00000494 EX_alu=0000000f mem_stall=0 mem_commit=0 mem_we=0000 mem_addr=0000000b mem_wd=a9000000 mem_rd=0540006f
COMMIT t=11505000 wb_pc=00000490 wb_we=1 wb_rd=x2 wb_val=0000000b IF_pc=000004a0 IF_inst=02208733 ID_pc=0000049c ID_inst=00000013 EX_pc=00000498 EX_alu=00000000 mem_stall=0 mem_commit=0 mem_we=0000 mem_addr=0000000f mem_wd=00000000 mem_rd=00800f93
COMMIT t=11515000 wb_pc=00000494 wb_we=1 wb_rd=x1 wb_val=0000000f IF_pc=000004a4 IF_inst=00120213 ID_pc=000004a0 ID_inst=02208733 EX_pc=0000049c EX_alu=00000000 mem_stall=0 mem_commit=0 mem_we=0000 mem_addr=00000000 mem_wd=00000000 mem_rd=03ff0a63
COMMIT t=11525000 wb_pc=00000498 wb_we=1 wb_rd=x0 wb_val=00000000 IF_pc=000004a8 IF_inst=00200293 ID_pc=000004a4 ID_inst=00120213 EX_pc=000004a0 EX_alu=000000a5 mem_stall=0 mem_commit=0 mem_we=0000 mem_addr=00000000 mem_wd=00000000 mem_rd=0540006f
COMMIT t=11535000 wb_pc=0000049c wb_we=1 wb_rd=x0 wb_val=00000000 IF_pc=000004a8 IF_inst=00200293 ID_pc=000004a4 ID_inst=00120213 EX_pc=000004a0 EX_alu=000000a5 mem_stall=0 mem_commit=0 mem_we=0000 mem_addr=00000000 mem_wd=00000000 mem_rd=0540006f
COMMIT t=11545000 wb_pc=fffffffc wb_we=0 wb_rd=x0 wb_val=00000000 IF_pc=000004a8 IF_inst=00200293 ID_pc=000004a4 ID_inst=00120213 EX_pc=000004a0 EX_alu=000000a5 mem_stall=0 mem_commit=0 mem_we=0000 mem_addr=00000000 mem_wd=00000000 mem_rd=0540006f
COMMIT t=11735000 wb_pc=000004a4 wb_we=1 wb_rd=x4 wb_val=00000002 IF_pc=000004b4 IF_inst=0e771263 ID_pc=000004b0 ID_inst=0a500393 EX_pc=000004ac EX_alu=00000490 mem_stall=0 mem_commit=0 mem_we=0000 mem_addr=00000002 mem_wd=000b0000 mem_rd=0540006f
COMMIT t=11745000 wb_pc=000004a8 wb_we=1 wb_rd=x5 wb_val=00000002 IF_pc=000004b8 IF_inst=01700193 ID_pc=000004b4 ID_inst=0e771263 EX_pc=000004b0 EX_alu=000000a5 mem_stall=0 mem_commit=0 mem_we=0000 mem_addr=00000490 mem_wd=00000002 mem_rd=0540006f
COMMIT t=11755000 wb_pc=000004ac wb_we=0 wb_rd=x5 wb_val=00000490 IF_pc=000004bc IF_inst=00000213 ID_pc=000004b8 ID_inst=01700193 EX_pc=000004b4 EX_alu=00000598 mem_stall=0 mem_commit=0 mem_we=0000 mem_addr=000000a5 mem_wd=00000200 mem_rd=00b00113
COMMIT t=11765000 wb_pc=000004b0 wb_we=1 wb_rd=x7 wb_val=000000a5 IF_pc=000004c0 IF_inst=00b00113 ID_pc=000004bc ID_inst=00000213 EX_pc=000004b8 EX_alu=00000017 mem_stall=0 mem_commit=0 mem_we=0000 mem_addr=00000598 mem_wd=000000a5 mem_rd=00000a93
COMMIT t=11775000 wb_pc=000004b4 wb_we=0 wb_rd=x4 wb_val=00000598 IF_pc=000004c4 IF_inst=00000013 ID_pc=000004c0 ID_inst=00b00113 EX_pc=000004bc EX_alu=00000000 mem_stall=0 mem_commit=0 mem_we=0000 mem_addr=00000017 mem_wd=00000000 mem_rd=0ff0000f
COMMIT t=11785000 wb_pc=000004b8 wb_we=1 wb_rd=x3 wb_val=00000017 IF_pc=000004c8 IF_inst=00d00093 ID_pc=000004c4 ID_inst=00000013 EX_pc=000004c0 EX_alu=0000000b mem_stall=0 mem_commit=0 mem_we=0000 mem_addr=00000000 mem_wd=00000000 mem_rd=03ff0663
COMMIT t=11795000 wb_pc=000004bc wb_we=1 wb_rd=x4 wb_val=00000000 IF_pc=000004cc IF_inst=02208733 ID_pc=000004c8 ID_inst=00d00093 EX_pc=000004c4 EX_alu=00000000 mem_stall=0 mem_commit=0 mem_we=0000 mem_addr=0000000b mem_wd=a9000000 mem_rd=0540006f
COMMIT t=11805000 wb_pc=000004c0 wb_we=1 wb_rd=x2 wb_val=0000000b IF_pc=000004d0 IF_inst=00120213 ID_pc=000004cc ID_inst=02208733 EX_pc=000004c8 EX_alu=0000000d mem_stall=0 mem_commit=0 mem_we=0000 mem_addr=00000000 mem_wd=00000000 mem_rd=00800f93
COMMIT t=11815000 wb_pc=000004c4 wb_we=1 wb_rd=x0 wb_val=00000000 IF_pc=000004d4 IF_inst=00200293 ID_pc=000004d0 ID_inst=00120213 EX_pc=000004cc EX_alu=000000a5 mem_stall=0 mem_commit=0 mem_we=0000 mem_addr=0000000d mem_wd=00000000 mem_rd=0540006f
COMMIT t=11825000 wb_pc=000004c8 wb_we=1 wb_rd=x1 wb_val=0000000d IF_pc=000004d4 IF_inst=00200293 ID_pc=000004d0 ID_inst=00120213 EX_pc=000004cc EX_alu=000000a5 mem_stall=0 mem_commit=0 mem_we=0000 mem_addr=00000000 mem_wd=00000000 mem_rd=03ff0a63
COMMIT t=11835000 wb_pc=fffffffc wb_we=0 wb_rd=x0 wb_val=00000000 IF_pc=000004d4 IF_inst=00200293 ID_pc=000004d0 ID_inst=00120213 EX_pc=000004cc EX_alu=000000a5 mem_stall=0 mem_commit=0 mem_we=0000 mem_addr=00000000 mem_wd=00000000 mem_rd=0540006f
COMMIT t=12025000 wb_pc=000004d0 wb_we=1 wb_rd=x4 wb_val=00000001 IF_pc=000004e0 IF_inst=0a771c63 ID_pc=000004dc ID_inst=08f00393 EX_pc=000004d8 EX_alu=000004c0 mem_stall=0 mem_commit=0 mem_we=0000 mem_addr=00000002 mem_wd=000b0000 mem_rd=0540006f
COMMIT t=12035000 wb_pc=000004d4 wb_we=1 wb_rd=x5 wb_val=00000002 IF_pc=00000000 IF_inst=00000013 ID_pc=00000000 ID_inst=00000013 EX_pc=00000000 EX_alu=00000000 mem_stall=0 mem_commit=0 mem_we=0000 mem_addr=000004c0 mem_wd=00000002 mem_rd=0540006f
COMMIT t=12045000 wb_pc=000004d8 wb_we=0 wb_rd=x9 wb_val=000004c0 IF_pc=00000000 IF_inst=00000013 ID_pc=00000000 ID_inst=00000013 EX_pc=00000000 EX_alu=00000000 mem_stall=0 mem_commit=0 mem_we=0000 mem_addr=00000000 mem_wd=00000000 mem_rd=00b00113
COMMIT t=12075000 wb_pc=00000000 wb_we=1 wb_rd=x0 wb_val=00000000 IF_pc=000004c8 IF_inst=00d00093 ID_pc=000004c4 ID_inst=00000013 EX_pc=000004c0 EX_alu=0000000b mem_stall=0 mem_commit=0 mem_we=0000 mem_addr=00000000 mem_wd=00000000 mem_rd=0540006f
COMMIT t=12085000 wb_pc=00000000 wb_we=1 wb_rd=x0 wb_val=00000000 IF_pc=000004cc IF_inst=02208733 ID_pc=000004c8 ID_inst=00d00093 EX_pc=000004c4 EX_alu=00000000 mem_stall=0 mem_commit=0 mem_we=0000 mem_addr=0000000b mem_wd=a9000000 mem_rd=0540006f
COMMIT t=12095000 wb_pc=000004c0 wb_we=1 wb_rd=x2 wb_val=0000000b IF_pc=000004d0 IF_inst=00120213 ID_pc=000004cc ID_inst=02208733 EX_pc=000004c8 EX_alu=0000000d mem_stall=0 mem_commit=0 mem_we=0000 mem_addr=00000000 mem_wd=00000000 mem_rd=00800f93
COMMIT t=12105000 wb_pc=000004c4 wb_we=1 wb_rd=x0 wb_val=00000000 IF_pc=000004d4 IF_inst=00200293 ID_pc=000004d0 ID_inst=00120213 EX_pc=000004cc EX_alu=0000008f mem_stall=0 mem_commit=0 mem_we=0000 mem_addr=0000000d mem_wd=00000000 mem_rd=0540006f
COMMIT t=12115000 wb_pc=000004c8 wb_we=1 wb_rd=x1 wb_val=0000000d IF_pc=000004d4 IF_inst=00200293 ID_pc=000004d0 ID_inst=00120213 EX_pc=000004cc EX_alu=0000008f mem_stall=0 mem_commit=0 mem_we=0000 mem_addr=00000000 mem_wd=00000000 mem_rd=03ff0a63
COMMIT t=12125000 wb_pc=fffffffc wb_we=0 wb_rd=x0 wb_val=00000000 IF_pc=000004d4 IF_inst=00200293 ID_pc=000004d0 ID_inst=00120213 EX_pc=000004cc EX_alu=0000008f mem_stall=0 mem_commit=0 mem_we=0000 mem_addr=00000000 mem_wd=00000000 mem_rd=0540006f
COMMIT t=12315000 wb_pc=000004d0 wb_we=1 wb_rd=x4 wb_val=00000002 IF_pc=000004e0 IF_inst=0a771c63 ID_pc=000004dc ID_inst=08f00393 EX_pc=000004d8 EX_alu=000004c0 mem_stall=0 mem_commit=0 mem_we=0000 mem_addr=00000002 mem_wd=000b0000 mem_rd=0540006f
COMMIT t=12325000 wb_pc=000004d4 wb_we=1 wb_rd=x5 wb_val=00000002 IF_pc=000004e4 IF_inst=01800193 ID_pc=000004e0 ID_inst=0a771c63 EX_pc=000004dc EX_alu=0000008f mem_stall=0 mem_commit=0 mem_we=0000 mem_addr=000004c0 mem_wd=00000002 mem_rd=0540006f
COMMIT t=12335000 wb_pc=000004d8 wb_we=0 wb_rd=x9 wb_val=000004c0 IF_pc=000004e8 IF_inst=00000213 ID_pc=000004e4 ID_inst=01800193 EX_pc=000004e0 EX_alu=00000598 mem_stall=0 mem_commit=0 mem_we=0000 mem_addr=0000008f mem_wd=00000000 mem_rd=00b00113
COMMIT t=12345000 wb_pc=000004dc wb_we=1 wb_rd=x7 wb_val=0000008f IF_pc=000004ec IF_inst=00b00113 ID_pc=000004e8 ID_inst=00000213 EX_pc=000004e4 EX_alu=00000018 mem_stall=0 mem_commit=0 mem_we=0000 mem_addr=00000598 mem_wd=0000008f mem_rd=00000793
COMMIT t=12355000 wb_pc=000004e0 wb_we=0 wb_rd=x24 wb_val=00000598 IF_pc=000004f0 IF_inst=00000013 ID_pc=000004ec ID_inst=00b00113 EX_pc=000004e8 EX_alu=00000000 mem_stall=0 mem_commit=0 mem_we=0000 mem_addr=00000018 mem_wd=00000000 mem_rd=0ff0000f
COMMIT t=12365000 wb_pc=000004e4 wb_we=1 wb_rd=x3 wb_val=00000018 IF_pc=000004f4 IF_inst=00e00093 ID_pc=000004f0 ID_inst=00000013 EX_pc=000004ec EX_alu=0000000b mem_stall=0 mem_commit=0 mem_we=0000 mem_addr=00000000 mem_wd=00000000 mem_rd=00b00f93
COMMIT t=12375000 wb_pc=000004e8 wb_we=1 wb_rd=x4 wb_val=00000000 IF_pc=000004f8 IF_inst=00000013 ID_pc=000004f4 ID_inst=00e00093 EX_pc=000004f0 EX_alu=00000000 mem_stall=0 mem_commit=0 mem_we=0000 mem_addr=0000000b mem_wd=a9000000 mem_rd=0540006f
COMMIT t=12385000 wb_pc=000004ec wb_we=1 wb_rd=x2 wb_val=0000000b IF_pc=000004fc IF_inst=02208733 ID_pc=000004f8 ID_inst=00000013 EX_pc=000004f4 EX_alu=0000000e mem_stall=0 mem_commit=0 mem_we=0000 mem_addr=00000000 mem_wd=00000000 mem_rd=00800f93
COMMIT t=12395000 wb_pc=000004f0 wb_we=1 wb_rd=x0 wb_val=00000000 IF_pc=00000500 IF_inst=00120213 ID_pc=000004fc ID_inst=02208733 EX_pc=000004f8 EX_alu=00000000 mem_stall=0 mem_commit=0 mem_we=0000 mem_addr=0000000e mem_wd=008f0000 mem_rd=0540006f
COMMIT t=12405000 wb_pc=000004f4 wb_we=1 wb_rd=x1 wb_val=0000000e IF_pc=00000504 IF_inst=00200293 ID_pc=00000500 ID_inst=00120213 EX_pc=000004fc EX_alu=0000008f mem_stall=0 mem_commit=0 mem_we=0000 mem_addr=00000000 mem_wd=00000000 mem_rd=03ff0a63
COMMIT t=12415000 wb_pc=000004f8 wb_we=1 wb_rd=x0 wb_val=00000000 IF_pc=00000504 IF_inst=00200293 ID_pc=00000500 ID_inst=00120213 EX_pc=000004fc EX_alu=0000008f mem_stall=0 mem_commit=0 mem_we=0000 mem_addr=00000000 mem_wd=00000000 mem_rd=0540006f
COMMIT t=12425000 wb_pc=fffffffc wb_we=0 wb_rd=x0 wb_val=00000000 IF_pc=00000504 IF_inst=00200293 ID_pc=00000500 ID_inst=00120213 EX_pc=000004fc EX_alu=0000008f mem_stall=0 mem_commit=0 mem_we=0000 mem_addr=00000000 mem_wd=00000000 mem_rd=0540006f
COMMIT t=12615000 wb_pc=00000500 wb_we=1 wb_rd=x4 wb_val=00000001 IF_pc=00000510 IF_inst=08771463 ID_pc=0000050c ID_inst=09a00393 EX_pc=00000508 EX_alu=000004ec mem_stall=0 mem_commit=0 mem_we=0000 mem_addr=00000002 mem_wd=000b0000 mem_rd=0540006f
COMMIT t=12625000 wb_pc=00000504 wb_we=1 wb_rd=x5 wb_val=00000002 IF_pc=00000000 IF_inst=00000013 ID_pc=00000000 ID_inst=00000013 EX_pc=00000000 EX_alu=00000000 mem_stall=0 mem_commit=0 mem_we=0000 mem_addr=000004ec mem_wd=00000002 mem_rd=0540006f
COMMIT t=12635000 wb_pc=00000508 wb_we=0 wb_rd=x5 wb_val=000004ec IF_pc=00000000 IF_inst=00000013 ID_pc=00000000 ID_inst=00000013 EX_pc=00000000 EX_alu=00000000 mem_stall=0 mem_commit=0 mem_we=0000 mem_addr=00000000 mem_wd=00000000 mem_rd=00b00113
COMMIT t=12665000 wb_pc=00000000 wb_we=1 wb_rd=x0 wb_val=00000000 IF_pc=000004f4 IF_inst=00e00093 ID_pc=000004f0 ID_inst=00000013 EX_pc=000004ec EX_alu=0000000b mem_stall=0 mem_commit=0 mem_we=0000 mem_addr=00000000 mem_wd=00000000 mem_rd=0540006f
COMMIT t=12675000 wb_pc=00000000 wb_we=1 wb_rd=x0 wb_val=00000000 IF_pc=000004f8 IF_inst=00000013 ID_pc=000004f4 ID_inst=00e00093 EX_pc=000004f0 EX_alu=00000000 mem_stall=0 mem_commit=0 mem_we=0000 mem_addr=0000000b mem_wd=a9000000 mem_rd=0540006f
COMMIT t=12685000 wb_pc=000004ec wb_we=1 wb_rd=x2 wb_val=0000000b IF_pc=000004fc IF_inst=02208733 ID_pc=000004f8 ID_inst=00000013 EX_pc=000004f4 EX_alu=0000000e mem_stall=0 mem_commit=0 mem_we=0000 mem_addr=00000000 mem_wd=00000000 mem_rd=00800f93
COMMIT t=12695000 wb_pc=000004f0 wb_we=1 wb_rd=x0 wb_val=00000000 IF_pc=00000500 IF_inst=00120213 ID_pc=000004fc ID_inst=02208733 EX_pc=000004f8 EX_alu=00000000 mem_stall=0 mem_commit=0 mem_we=0000 mem_addr=0000000e mem_wd=009a0000 mem_rd=0540006f
COMMIT t=12705000 wb_pc=000004f4 wb_we=1 wb_rd=x1 wb_val=0000000e IF_pc=00000504 IF_inst=00200293 ID_pc=00000500 ID_inst=00120213 EX_pc=000004fc EX_alu=0000009a mem_stall=0 mem_commit=0 mem_we=0000 mem_addr=00000000 mem_wd=00000000 mem_rd=03ff0a63
COMMIT t=12715000 wb_pc=000004f8 wb_we=1 wb_rd=x0 wb_val=00000000 IF_pc=00000504 IF_inst=00200293 ID_pc=00000500 ID_inst=00120213 EX_pc=000004fc EX_alu=0000009a mem_stall=0 mem_commit=0 mem_we=0000 mem_addr=00000000 mem_wd=00000000 mem_rd=0540006f
COMMIT t=12725000 wb_pc=fffffffc wb_we=0 wb_rd=x0 wb_val=00000000 IF_pc=00000504 IF_inst=00200293 ID_pc=00000500 ID_inst=00120213 EX_pc=000004fc EX_alu=0000009a mem_stall=0 mem_commit=0 mem_we=0000 mem_addr=00000000 mem_wd=00000000 mem_rd=0540006f
COMMIT t=12915000 wb_pc=00000500 wb_we=1 wb_rd=x4 wb_val=00000002 IF_pc=00000510 IF_inst=08771463 ID_pc=0000050c ID_inst=09a00393 EX_pc=00000508 EX_alu=000004ec mem_stall=0 mem_commit=0 mem_we=0000 mem_addr=00000002 mem_wd=000b0000 mem_rd=0540006f
COMMIT t=12925000 wb_pc=00000504 wb_we=1 wb_rd=x5 wb_val=00000002 IF_pc=00000514 IF_inst=01900193 ID_pc=00000510 ID_inst=08771463 EX_pc=0000050c EX_alu=0000009a mem_stall=0 mem_commit=0 mem_we=0000 mem_addr=000004ec mem_wd=00000002 mem_rd=0540006f
COMMIT t=12935000 wb_pc=00000508 wb_we=0 wb_rd=x5 wb_val=000004ec IF_pc=00000518 IF_inst=00000213 ID_pc=00000514 ID_inst=01900193 EX_pc=00000510 EX_alu=00000598 mem_stall=0 mem_commit=0 mem_we=0000 mem_addr=0000009a mem_wd=00000000 mem_rd=00b00113
COMMIT t=12945000 wb_pc=0000050c wb_we=1 wb_rd=x7 wb_val=0000009a IF_pc=0000051c IF_inst=00b00113 ID_pc=00000518 ID_inst=00000213 EX_pc=00000514 EX_alu=00000019 mem_stall=0 mem_commit=0 mem_we=0000 mem_addr=00000598 mem_wd=0000009a mem_rd=00000913
COMMIT t=12955000 wb_pc=00000510 wb_we=0 wb_rd=x8 wb_val=00000598 IF_pc=00000520 IF_inst=00000013 ID_pc=0000051c ID_inst=00b00113 EX_pc=00000518 EX_alu=00000000 mem_stall=0 mem_commit=0 mem_we=0000 mem_addr=00000019 mem_wd=00000000 mem_rd=0ff0000f
COMMIT t=12965000 wb_pc=00000514 wb_we=1 wb_rd=x3 wb_val=00000019 IF_pc=00000524 IF_inst=00000013 ID_pc=00000520 ID_inst=00000013 EX_pc=0000051c EX_alu=0000000b mem_stall=0 mem_commit=0 mem_we=0000 mem_addr=00000000 mem_wd=00000000 mem_rd=00b00f93
COMMIT t=12975000 wb_pc=00000518 wb_we=1 wb_rd=x4 wb_val=00000000 IF_pc=00000528 IF_inst=00f00093 ID_pc=00000524 ID_inst=00000013 EX_pc=00000520 EX_alu=00000000 mem_stall=0 mem_commit=0 mem_we=0000 mem_addr=0000000b mem_wd=a9000000 mem_rd=0540006f
COMMIT t=12985000 wb_pc=0000051c wb_we=1 wb_rd=x2 wb_val=0000000b IF_pc=0000052c IF_inst=02208733 ID_pc=00000528 ID_inst=00f00093 EX_pc=00000524 EX_alu=00000000 mem_stall=0 mem_commit=0 mem_we=0000 mem_addr=00000000 mem_wd=00000000 mem_rd=00800f93
COMMIT t=12995000 wb_pc=00000520 wb_we=1 wb_rd=x0 wb_val=00000000 IF_pc=00000530 IF_inst=00120213 ID_pc=0000052c ID_inst=02208733 EX_pc=00000528 EX_alu=0000000f mem_stall=0 mem_commit=0 mem_we=0000 mem_addr=00000000 mem_wd=00000000 mem_rd=0540006f
COMMIT t=13005000 wb_pc=00000524 wb_we=1 wb_rd=x0 wb_val=00000000 IF_pc=00000534 IF_inst=00200293 ID_pc=00000530 ID_inst=00120213 EX_pc=0000052c EX_alu=0000009a mem_stall=0 mem_commit=0 mem_we=0000 mem_addr=0000000f mem_wd=00000000 mem_rd=0540006f
COMMIT t=13015000 wb_pc=00000528 wb_we=1 wb_rd=x1 wb_val=0000000f IF_pc=00000534 IF_inst=00200293 ID_pc=00000530 ID_inst=00120213 EX_pc=0000052c EX_alu=0000009a mem_stall=0 mem_commit=0 mem_we=0000 mem_addr=00000000 mem_wd=00000000 mem_rd=03ff0a63
COMMIT t=13025000 wb_pc=fffffffc wb_we=0 wb_rd=x0 wb_val=00000000 IF_pc=00000534 IF_inst=00200293 ID_pc=00000530 ID_inst=00120213 EX_pc=0000052c EX_alu=0000009a mem_stall=0 mem_commit=0 mem_we=0000 mem_addr=00000000 mem_wd=00000000 mem_rd=0540006f
COMMIT t=13215000 wb_pc=00000530 wb_we=1 wb_rd=x4 wb_val=00000001 IF_pc=00000540 IF_inst=04771c63 ID_pc=0000053c ID_inst=0a500393 EX_pc=00000538 EX_alu=0000051c mem_stall=0 mem_commit=0 mem_we=0000 mem_addr=00000002 mem_wd=000b0000 mem_rd=0540006f
COMMIT t=13225000 wb_pc=00000534 wb_we=1 wb_rd=x5 wb_val=00000002 IF_pc=00000000 IF_inst=00000013 ID_pc=00000000 ID_inst=00000013 EX_pc=00000000 EX_alu=00000000 mem_stall=0 mem_commit=0 mem_we=0000 mem_addr=0000051c mem_wd=00000002 mem_rd=0540006f
COMMIT t=13235000 wb_pc=00000538 wb_we=0 wb_rd=x5 wb_val=0000051c IF_pc=00000000 IF_inst=00000013 ID_pc=00000000 ID_inst=00000013 EX_pc=00000000 EX_alu=00000000 mem_stall=0 mem_commit=0 mem_we=0000 mem_addr=00000000 mem_wd=00000000 mem_rd=00b00113
COMMIT t=13265000 wb_pc=00000000 wb_we=1 wb_rd=x0 wb_val=00000000 IF_pc=00000524 IF_inst=00000013 ID_pc=00000520 ID_inst=00000013 EX_pc=0000051c EX_alu=0000000b mem_stall=0 mem_commit=0 mem_we=0000 mem_addr=00000000 mem_wd=00000000 mem_rd=0540006f
COMMIT t=13275000 wb_pc=00000000 wb_we=1 wb_rd=x0 wb_val=00000000 IF_pc=00000528 IF_inst=00f00093 ID_pc=00000524 ID_inst=00000013 EX_pc=00000520 EX_alu=00000000 mem_stall=0 mem_commit=0 mem_we=0000 mem_addr=0000000b mem_wd=a9000000 mem_rd=0540006f
COMMIT t=13285000 wb_pc=0000051c wb_we=1 wb_rd=x2 wb_val=0000000b IF_pc=0000052c IF_inst=02208733 ID_pc=00000528 ID_inst=00f00093 EX_pc=00000524 EX_alu=00000000 mem_stall=0 mem_commit=0 mem_we=0000 mem_addr=00000000 mem_wd=00000000 mem_rd=00800f93
COMMIT t=13295000 wb_pc=00000520 wb_we=1 wb_rd=x0 wb_val=00000000 IF_pc=00000530 IF_inst=00120213 ID_pc=0000052c ID_inst=02208733 EX_pc=00000528 EX_alu=0000000f mem_stall=0 mem_commit=0 mem_we=0000 mem_addr=00000000 mem_wd=00000000 mem_rd=0540006f
COMMIT t=13305000 wb_pc=00000524 wb_we=1 wb_rd=x0 wb_val=00000000 IF_pc=00000534 IF_inst=00200293 ID_pc=00000530 ID_inst=00120213 EX_pc=0000052c EX_alu=000000a5 mem_stall=0 mem_commit=0 mem_we=0000 mem_addr=0000000f mem_wd=00000000 mem_rd=0540006f
COMMIT t=13315000 wb_pc=00000528 wb_we=1 wb_rd=x1 wb_val=0000000f IF_pc=00000534 IF_inst=00200293 ID_pc=00000530 ID_inst=00120213 EX_pc=0000052c EX_alu=000000a5 mem_stall=0 mem_commit=0 mem_we=0000 mem_addr=00000000 mem_wd=00000000 mem_rd=03ff0a63
COMMIT t=13325000 wb_pc=fffffffc wb_we=0 wb_rd=x0 wb_val=00000000 IF_pc=00000534 IF_inst=00200293 ID_pc=00000530 ID_inst=00120213 EX_pc=0000052c EX_alu=000000a5 mem_stall=0 mem_commit=0 mem_we=0000 mem_addr=00000000 mem_wd=00000000 mem_rd=0540006f
COMMIT t=13515000 wb_pc=00000530 wb_we=1 wb_rd=x4 wb_val=00000002 IF_pc=00000540 IF_inst=04771c63 ID_pc=0000053c ID_inst=0a500393 EX_pc=00000538 EX_alu=0000051c mem_stall=0 mem_commit=0 mem_we=0000 mem_addr=00000002 mem_wd=000b0000 mem_rd=0540006f
COMMIT t=13525000 wb_pc=00000534 wb_we=1 wb_rd=x5 wb_val=00000002 IF_pc=00000544 IF_inst=01a00193 ID_pc=00000540 ID_inst=04771c63 EX_pc=0000053c EX_alu=000000a5 mem_stall=0 mem_commit=0 mem_we=0000 mem_addr=0000051c mem_wd=00000002 mem_rd=0540006f
COMMIT t=13535000 wb_pc=00000538 wb_we=0 wb_rd=x5 wb_val=0000051c IF_pc=00000548 IF_inst=01f00093 ID_pc=00000544 ID_inst=01a00193 EX_pc=00000540 EX_alu=00000598 mem_stall=0 mem_commit=0 mem_we=0000 mem_addr=000000a5 mem_wd=00000200 mem_rd=00b00113
COMMIT t=13545000 wb_pc=0000053c wb_we=1 wb_rd=x7 wb_val=000000a5 IF_pc=0000054c IF_inst=02100133 ID_pc=00000548 ID_inst=01f00093 EX_pc=00000544 EX_alu=0000001a mem_stall=0 mem_commit=0 mem_we=0000 mem_addr=00000598 mem_wd=000000a5 mem_rd=00000a93
COMMIT t=13555000 wb_pc=00000540 wb_we=0 wb_rd=x24 wb_val=00000598 IF_pc=00000550 IF_inst=00000393 ID_pc=0000054c ID_inst=02100133 EX_pc=00000548 EX_alu=0000001f mem_stall=0 mem_commit=0 mem_we=0000 mem_addr=0000001a mem_wd=00000000 mem_rd=0ff0000f
COMMIT t=13565000 wb_pc=00000544 wb_we=1 wb_rd=x3 wb_val=0000001a IF_pc=00000554 IF_inst=04711263 ID_pc=00000550 ID_inst=00000393 EX_pc=0000054c EX_alu=000000a5 mem_stall=0 mem_commit=0 mem_we=0000 mem_addr=0000001f mem_wd=00000000 mem_rd=00b00f93
COMMIT t=13575000 wb_pc=00000548 wb_we=1 wb_rd=x1 wb_val=0000001f IF_pc=00000554 IF_inst=04711263 ID_pc=00000550 ID_inst=00000393 EX_pc=0000054c EX_alu=000000a5 mem_stall=0 mem_commit=0 mem_we=0000 mem_addr=00000000 mem_wd=00000000 mem_rd=03ff0263
COMMIT t=13585000 wb_pc=fffffffc wb_we=0 wb_rd=x0 wb_val=00000000 IF_pc=00000554 IF_inst=04711263 ID_pc=00000550 ID_inst=00000393 EX_pc=0000054c EX_alu=000000a5 mem_stall=0 mem_commit=0 mem_we=0000 mem_addr=00000000 mem_wd=00000000 mem_rd=0540006f
COMMIT t=13775000 wb_pc=00000550 wb_we=1 wb_rd=x7 wb_val=00000000 IF_pc=00000560 IF_inst=02008133 ID_pc=0000055c ID_inst=02000093 EX_pc=00000558 EX_alu=0000001b mem_stall=0 mem_commit=0 mem_we=0000 mem_addr=00000598 mem_wd=00000000 mem_rd=0540006f
COMMIT t=13785000 wb_pc=00000554 wb_we=0 wb_rd=x4 wb_val=00000598 IF_pc=00000564 IF_inst=00000393 ID_pc=00000560 ID_inst=02008133 EX_pc=0000055c EX_alu=00000020 mem_stall=0 mem_commit=0 mem_we=0000 mem_addr=0000001b mem_wd=00000000 mem_rd=0ff0000f
COMMIT t=13795000 wb_pc=00000558 wb_we=1 wb_rd=x3 wb_val=0000001b IF_pc=00000568 IF_inst=02711863 ID_pc=00000564 ID_inst=00000393 EX_pc=00000560 EX_alu=00000000 mem_stall=0 mem_commit=0 mem_we=0000 mem_addr=00000020 mem_wd=00000000 mem_rd=00b00f93
COMMIT t=13805000 wb_pc=0000055c wb_we=1 wb_rd=x1 wb_val=00000020 IF_pc=00000568 IF_inst=02711863 ID_pc=00000564 ID_inst=00000393 EX_pc=00000560 EX_alu=00000000 mem_stall=0 mem_commit=0 mem_we=0000 mem_addr=00000000 mem_wd=00000000 mem_rd=00000f17
COMMIT t=13815000 wb_pc=fffffffc wb_we=0 wb_rd=x0 wb_val=00000000 IF_pc=00000568 IF_inst=02711863 ID_pc=00000564 ID_inst=00000393 EX_pc=00000560 EX_alu=00000000 mem_stall=0 mem_commit=0 mem_we=0000 mem_addr=00000000 mem_wd=00000000 mem_rd=0540006f
COMMIT t=14005000 wb_pc=00000564 wb_we=1 wb_rd=x7 wb_val=00000000 IF_pc=00000574 IF_inst=00000393 ID_pc=00000570 ID_inst=020000b3 EX_pc=0000056c EX_alu=0000001c mem_stall=0 mem_commit=0 mem_we=0000 mem_addr=00000598 mem_wd=00000000 mem_rd=0540006f
COMMIT t=14015000 wb_pc=00000568 wb_we=0 wb_rd=x16 wb_val=00000598 IF_pc=00000578 IF_inst=02709063 ID_pc=00000574 ID_inst=00000393 EX_pc=00000570 EX_alu=00000000 mem_stall=0 mem_commit=0 mem_we=0000 mem_addr=0000001c mem_wd=00000000 mem_rd=0ff0000f
COMMIT t=14025000 wb_pc=0000056c wb_we=1 wb_rd=x3 wb_val=0000001c IF_pc=00000578 IF_inst=02709063 ID_pc=00000574 ID_inst=00000393 EX_pc=00000570 EX_alu=00000000 mem_stall=0 mem_commit=0 mem_we=0000 mem_addr=00000000 mem_wd=00000000 mem_rd=03ff0263
COMMIT t=14035000 wb_pc=fffffffc wb_we=0 wb_rd=x0 wb_val=00000000 IF_pc=00000578 IF_inst=02709063 ID_pc=00000574 ID_inst=00000393 EX_pc=00000570 EX_alu=00000000 mem_stall=0 mem_commit=0 mem_we=0000 mem_addr=00000000 mem_wd=00000000 mem_rd=0540006f
COMMIT t=14225000 wb_pc=00000574 wb_we=1 wb_rd=x7 wb_val=00000000 IF_pc=00000584 IF_inst=02200113 ID_pc=00000580 ID_inst=02100093 EX_pc=0000057c EX_alu=0000001d mem_stall=0 mem_commit=0 mem_we=0000 mem_addr=00000598 mem_wd=00000000 mem_rd=0540006f
COMMIT t=14235000 wb_pc=00000578 wb_we=0 wb_rd=x0 wb_val=00000598 IF_pc=00000588 IF_inst=02208033 ID_pc=00000584 ID_inst=02200113 EX_pc=00000580 EX_alu=00000021 mem_stall=0 mem_commit=0 mem_we=0000 mem_addr=0000001d mem_wd=00000000 mem_rd=0ff0000f
COMMIT t=14245000 wb_pc=0000057c wb_we=1 wb_rd=x3 wb_val=0000001d IF_pc=0000058c IF_inst=00000393 ID_pc=00000588 ID_inst=02208033 EX_pc=00000584 EX_alu=00000022 mem_stall=0 mem_commit=0 mem_we=0000 mem_addr=00000021 mem_wd=00000000 mem_rd=03ff0263
COMMIT t=14255000 wb_pc=00000580 wb_we=1 wb_rd=x1 wb_val=00000021 IF_pc=00000590 IF_inst=00701463 ID_pc=0000058c ID_inst=00000393 EX_pc=00000588 EX_alu=00000000 mem_stall=0 mem_commit=0 mem_we=0000 mem_addr=00000022 mem_wd=00000000 mem_rd=00000f17
COMMIT t=14265000 wb_pc=00000584 wb_we=1 wb_rd=x2 wb_val=00000022 IF_pc=00000590 IF_inst=00701463 ID_pc=0000058c ID_inst=00000393 EX_pc=00000588 EX_alu=00000000 mem_stall=0 mem_commit=0 mem_we=0000 mem_addr=00000000 mem_wd=00000000 mem_rd=00000f17
COMMIT t=14275000 wb_pc=fffffffc wb_we=0 wb_rd=x0 wb_val=00000000 IF_pc=00000590 IF_inst=00701463 ID_pc=0000058c ID_inst=00000393 EX_pc=00000588 EX_alu=00000000 mem_stall=0 mem_commit=0 mem_we=0000 mem_addr=00000000 mem_wd=00000000 mem_rd=0540006f
COMMIT t=14465000 wb_pc=0000058c wb_we=1 wb_rd=x7 wb_val=00000000 IF_pc=0000059c IF_inst=800002b7 ID_pc=00000598 ID_inst=0ff0000f EX_pc=00000594 EX_alu=000005ac mem_stall=0 mem_commit=0 mem_we=0000 mem_addr=00000598 mem_wd=00000000 mem_rd=0540006f
COMMIT t=14475000 wb_pc=00000590 wb_we=0 wb_rd=x8 wb_val=00000598 IF_pc=00000000 IF_inst=00000013 ID_pc=00000000 ID_inst=00000013 EX_pc=00000000 EX_alu=00000000 mem_stall=0 mem_commit=0 mem_we=0000 mem_addr=000005ac mem_wd=0000001d mem_rd=0ff0000f
COMMIT t=14485000 wb_pc=00000594 wb_we=0 wb_rd=x24 wb_val=000005ac IF_pc=00000000 IF_inst=00000013 ID_pc=00000000 ID_inst=00000013 EX_pc=00000000 EX_alu=00000000 mem_stall=0 mem_commit=0 mem_we=0000 mem_addr=00000000 mem_wd=00000000 mem_rd=0ff0000f
COMMIT t=14515000 wb_pc=00000000 wb_we=1 wb_rd=x0 wb_val=00000000 IF_pc=000005b4 IF_inst=00100313 ID_pc=000005b0 ID_inst=800002b7 EX_pc=000005ac EX_alu=000000ff mem_stall=0 mem_commit=0 mem_we=0000 mem_addr=00000000 mem_wd=00000000 mem_rd=0540006f
COMMIT t=14525000 wb_pc=00000000 wb_we=1 wb_rd=x0 wb_val=00000000 IF_pc=000005b8 IF_inst=0062a023 ID_pc=000005b4 ID_inst=00100313 EX_pc=000005b0 EX_alu=80000000 mem_stall=0 mem_commit=0 mem_we=0000 mem_addr=000000ff mem_wd=00000000 mem_rd=0540006f
COMMIT t=14535000 wb_pc=000005ac wb_we=0 wb_rd=x0 wb_val=000000ff IF_pc=000005bc IF_inst=0000006f ID_pc=000005b8 ID_inst=0062a023 EX_pc=000005b4 EX_alu=00000001 mem_stall=0 mem_commit=0 mem_we=0000 mem_addr=80000000 mem_wd=00000000 mem_rd=fc058593
COMMIT t=14545000 wb_pc=000005b0 wb_we=1 wb_rd=x5 wb_val=80000000 IF_pc=000005c0 IF_inst=c0001073 ID_pc=000005bc ID_inst=0000006f EX_pc=000005b8 EX_alu=80000000 mem_stall=0 mem_commit=0 mem_we=0000 mem_addr=00000001 mem_wd=00002100 mem_rd=00000000
COMMIT t=14555000 wb_pc=000005b4 wb_we=1 wb_rd=x6 wb_val=00000001 IF_pc=000005c4 IF_inst=00000000 ID_pc=000005c0 ID_inst=c0001073 EX_pc=000005bc EX_alu=000005bc mem_stall=1 mem_commit=0 mem_we=0000 mem_addr=80000000 mem_wd=00000001 mem_rd=0540006f
COMMIT t=14565000 wb_pc=000005b4 wb_we=1 wb_rd=x6 wb_val=00000001 IF_pc=00000000 IF_inst=00000013 ID_pc=00000000 ID_inst=00000013 EX_pc=000005bc EX_alu=000005bc mem_stall=0 mem_commit=1 mem_we=1111 mem_addr=80000000 mem_wd=00000001 mem_rd=00000000
MEM_WRITE t=14565000 pc=000005b4 addr=80000000 wd=00000001 ctrl=1
RESULT PASS pc=000005b4 time=14565000

--- console ---
START test_current.mem
RESULT PASS test_current.mem pc=000005b4 time=14565000
D:\riscv32_pipeline\riscv32_pipeline.srcs\sim_1\new\tb_bram_batch.v:142: $finish called at 14565000 (1ps)

