TRACE t=5000 wb_have=x pcIF=xxxxxxxx instIF=xxxxxxxx pcID=xxxxxxxx instID=xxxxxxxx pcEX=xxxxxxxx aluMEM=xxxxxxxx mem_stall=x mem_waited=x mem_addr=xxxxxxxx mem_we=xxxx mem_rd=00000000
START test_current.mem
TRACE t=115000 wb_have=0 pcIF=00000000 instIF=00000013 pcID=00000000 instID=00000000 pcEX=00000000 aluMEM=00000000 mem_stall=0 mem_waited=0 mem_addr=00000000 mem_we=0000 mem_rd=0540006f
TRACE t=125000 wb_have=0 pcIF=00000000 instIF=00000013 pcID=00000000 instID=00000013 pcEX=00000000 aluMEM=00000000 mem_stall=0 mem_waited=0 mem_addr=00000000 mem_we=0000 mem_rd=0540006f
TRACE t=135000 wb_have=0 pcIF=00000000 instIF=0540006f pcID=00000000 instID=00000013 pcEX=00000000 aluMEM=00000000 mem_stall=0 mem_waited=0 mem_addr=00000000 mem_we=0000 mem_rd=0540006f
TRACE t=145000 wb_have=0 pcIF=00000004 instIF=34202f73 pcID=00000000 instID=0540006f pcEX=00000000 aluMEM=00000000 mem_stall=0 mem_waited=0 mem_addr=00000000 mem_we=0000 mem_rd=0540006f
TRACE t=155000 wb_have=0 pcIF=00000008 instIF=00800f93 pcID=00000004 instID=34202f73 pcEX=00000000 aluMEM=00000000 mem_stall=0 mem_waited=0 mem_addr=00000000 mem_we=0000 mem_rd=0540006f
TRACE t=165000 wb_have=1 pcIF=00000000 instIF=00000013 pcID=00000000 instID=00000013 pcEX=00000000 aluMEM=00000054 mem_stall=0 mem_waited=0 mem_addr=00000054 mem_we=0000 mem_rd=0540006f
COMMIT t=165000 wb_pc=00000000 wb_we=1 wb_rd=x0 wb_val=00000000 IF_pc=00000000 IF_inst=00000013 ID_pc=00000000 ID_inst=00000013 EX_pc=00000000 EX_alu=00000000 mem_stall=0 mem_commit=0 mem_we=0000 mem_addr=00000054 mem_wd=00000000 mem_rd=0540006f
TRACE t=175000 wb_have=1 pcIF=00000000 instIF=00000013 pcID=00000000 instID=00000013 pcEX=00000000 aluMEM=00000000 mem_stall=0 mem_waited=0 mem_addr=00000000 mem_we=0000 mem_rd=00000093
COMMIT t=175000 wb_pc=00000000 wb_we=1 wb_rd=x0 wb_val=00000004 IF_pc=00000000 IF_inst=00000013 ID_pc=00000000 ID_inst=00000013 EX_pc=00000000 EX_alu=00000000 mem_stall=0 mem_commit=0 mem_we=0000 mem_addr=00000000 mem_wd=00000000 mem_rd=00000093
TRACE t=185000 wb_have=0 pcIF=00000054 instIF=00000093 pcID=00000000 instID=00000013 pcEX=00000000 aluMEM=00000000 mem_stall=0 mem_waited=0 mem_addr=00000000 mem_we=0000 mem_rd=0540006f
TRACE t=195000 wb_have=0 pcIF=00000058 instIF=00000113 pcID=00000054 instID=00000093 pcEX=00000000 aluMEM=00000000 mem_stall=0 mem_waited=0 mem_addr=00000000 mem_we=0000 mem_rd=0540006f
TRACE t=205000 wb_have=1 pcIF=0000005c instIF=00000193 pcID=00000058 instID=00000113 pcEX=00000054 aluMEM=00000000 mem_stall=0 mem_waited=0 mem_addr=00000000 mem_we=0000 mem_rd=0540006f
COMMIT t=205000 wb_pc=00000000 wb_we=1 wb_rd=x0 wb_val=00000000 IF_pc=0000005c IF_inst=00000193 ID_pc=00000058 ID_inst=00000113 EX_pc=00000054 EX_alu=00000000 mem_stall=0 mem_commit=0 mem_we=0000 mem_addr=00000000 mem_wd=00000000 mem_rd=0540006f
TRACE t=215000 wb_have=1 pcIF=00000060 instIF=00000213 pcID=0000005c instID=00000193 pcEX=00000058 aluMEM=00000000 mem_stall=0 mem_waited=0 mem_addr=00000000 mem_we=0000 mem_rd=0540006f
COMMIT t=215000 wb_pc=00000000 wb_we=1 wb_rd=x0 wb_val=00000000 IF_pc=00000060 IF_inst=00000213 ID_pc=0000005c ID_inst=00000193 EX_pc=00000058 EX_alu=00000000 mem_stall=0 mem_commit=0 mem_we=0000 mem_addr=00000000 mem_wd=00000000 mem_rd=0540006f
TRACE t=225000 wb_have=1 pcIF=00000064 instIF=00000293 pcID=00000060 instID=00000213 pcEX=0000005c aluMEM=00000000 mem_stall=0 mem_waited=0 mem_addr=00000000 mem_we=0000 mem_rd=0540006f
COMMIT t=225000 wb_pc=00000054 wb_we=1 wb_rd=x1 wb_val=00000000 IF_pc=00000064 IF_inst=00000293 ID_pc=00000060 ID_inst=00000213 EX_pc=0000005c EX_alu=00000000 mem_stall=0 mem_commit=0 mem_we=0000 mem_addr=00000000 mem_wd=00000000 mem_rd=0540006f
TRACE t=235000 wb_have=1 pcIF=00000068 instIF=00000313 pcID=00000064 instID=00000293 pcEX=00000060 aluMEM=00000000 mem_stall=0 mem_waited=0 mem_addr=00000000 mem_we=0000 mem_rd=0540006f
COMMIT t=235000 wb_pc=00000058 wb_we=1 wb_rd=x2 wb_val=00000000 IF_pc=00000068 IF_inst=00000313 ID_pc=00000064 ID_inst=00000293 EX_pc=00000060 EX_alu=00000000 mem_stall=0 mem_commit=0 mem_we=0000 mem_addr=00000000 mem_wd=00000000 mem_rd=0540006f
TRACE t=245000 wb_have=1 pcIF=0000006c instIF=00000393 pcID=00000068 instID=00000313 pcEX=00000064 aluMEM=00000000 mem_stall=0 mem_waited=0 mem_addr=00000000 mem_we=0000 mem_rd=0540006f
COMMIT t=245000 wb_pc=0000005c wb_we=1 wb_rd=x3 wb_val=00000000 IF_pc=0000006c IF_inst=00000393 ID_pc=00000068 ID_inst=00000313 EX_pc=00000064 EX_alu=00000000 mem_stall=0 mem_commit=0 mem_we=0000 mem_addr=00000000 mem_wd=00000000 mem_rd=0540006f
TRACE t=255000 wb_have=1 pcIF=00000070 instIF=00000413 pcID=0000006c instID=00000393 pcEX=00000068 aluMEM=00000000 mem_stall=0 mem_waited=0 mem_addr=00000000 mem_we=0000 mem_rd=0540006f
COMMIT t=255000 wb_pc=00000060 wb_we=1 wb_rd=x4 wb_val=00000000 IF_pc=00000070 IF_inst=00000413 ID_pc=0000006c ID_inst=00000393 EX_pc=00000068 EX_alu=00000000 mem_stall=0 mem_commit=0 mem_we=0000 mem_addr=00000000 mem_wd=00000000 mem_rd=0540006f
TRACE t=265000 wb_have=1 pcIF=00000074 instIF=00000493 pcID=00000070 instID=00000413 pcEX=0000006c aluMEM=00000000 mem_stall=0 mem_waited=0 mem_addr=00000000 mem_we=0000 mem_rd=0540006f
COMMIT t=265000 wb_pc=00000064 wb_we=1 wb_rd=x5 wb_val=00000000 IF_pc=00000074 IF_inst=00000493 ID_pc=00000070 ID_inst=00000413 EX_pc=0000006c EX_alu=00000000 mem_stall=0 mem_commit=0 mem_we=0000 mem_addr=00000000 mem_wd=00000000 mem_rd=0540006f
TRACE t=275000 wb_have=1 pcIF=00000078 instIF=00000513 pcID=00000074 instID=00000493 pcEX=00000070 aluMEM=00000000 mem_stall=0 mem_waited=0 mem_addr=00000000 mem_we=0000 mem_rd=0540006f
COMMIT t=275000 wb_pc=00000068 wb_we=1 wb_rd=x6 wb_val=00000000 IF_pc=00000078 IF_inst=00000513 ID_pc=00000074 ID_inst=00000493 EX_pc=00000070 EX_alu=00000000 mem_stall=0 mem_commit=0 mem_we=0000 mem_addr=00000000 mem_wd=00000000 mem_rd=0540006f
TRACE t=285000 wb_have=1 pcIF=0000007c instIF=00000593 pcID=00000078 instID=00000513 pcEX=00000074 aluMEM=00000000 mem_stall=0 mem_waited=0 mem_addr=00000000 mem_we=0000 mem_rd=0540006f
COMMIT t=285000 wb_pc=0000006c wb_we=1 wb_rd=x7 wb_val=00000000 IF_pc=0000007c IF_inst=00000593 ID_pc=00000078 ID_inst=00000513 EX_pc=00000074 EX_alu=00000000 mem_stall=0 mem_commit=0 mem_we=0000 mem_addr=00000000 mem_wd=00000000 mem_rd=0540006f
TRACE t=295000 wb_have=1 pcIF=00000080 instIF=00000613 pcID=0000007c instID=00000593 pcEX=00000078 aluMEM=00000000 mem_stall=0 mem_waited=0 mem_addr=00000000 mem_we=0000 mem_rd=0540006f
COMMIT t=295000 wb_pc=00000070 wb_we=1 wb_rd=x8 wb_val=00000000 IF_pc=00000080 IF_inst=00000613 ID_pc=0000007c ID_inst=00000593 EX_pc=00000078 EX_alu=00000000 mem_stall=0 mem_commit=0 mem_we=0000 mem_addr=00000000 mem_wd=00000000 mem_rd=0540006f
TRACE t=305000 wb_have=1 pcIF=00000084 instIF=00000693 pcID=00000080 instID=00000613 pcEX=0000007c aluMEM=00000000 mem_stall=0 mem_waited=0 mem_addr=00000000 mem_we=0000 mem_rd=0540006f
COMMIT t=305000 wb_pc=00000074 wb_we=1 wb_rd=x9 wb_val=00000000 IF_pc=00000084 IF_inst=00000693 ID_pc=00000080 ID_inst=00000613 EX_pc=0000007c EX_alu=00000000 mem_stall=0 mem_commit=0 mem_we=0000 mem_addr=00000000 mem_wd=00000000 mem_rd=0540006f
TRACE t=315000 wb_have=1 pcIF=00000088 instIF=00000713 pcID=00000084 instID=00000693 pcEX=00000080 aluMEM=00000000 mem_stall=0 mem_waited=0 mem_addr=00000000 mem_we=0000 mem_rd=0540006f
COMMIT t=315000 wb_pc=00000078 wb_we=1 wb_rd=x10 wb_val=00000000 IF_pc=00000088 IF_inst=00000713 ID_pc=00000084 ID_inst=00000693 EX_pc=00000080 EX_alu=00000000 mem_stall=0 mem_commit=0 mem_we=0000 mem_addr=00000000 mem_wd=00000000 mem_rd=0540006f
TRACE t=325000 wb_have=1 pcIF=0000008c instIF=00000793 pcID=00000088 instID=00000713 pcEX=00000084 aluMEM=00000000 mem_stall=0 mem_waited=0 mem_addr=00000000 mem_we=0000 mem_rd=0540006f
COMMIT t=325000 wb_pc=0000007c wb_we=1 wb_rd=x11 wb_val=00000000 IF_pc=0000008c IF_inst=00000793 ID_pc=00000088 ID_inst=00000713 EX_pc=00000084 EX_alu=00000000 mem_stall=0 mem_commit=0 mem_we=0000 mem_addr=00000000 mem_wd=00000000 mem_rd=0540006f
TRACE t=335000 wb_have=1 pcIF=00000090 instIF=00000813 pcID=0000008c instID=00000793 pcEX=00000088 aluMEM=00000000 mem_stall=0 mem_waited=0 mem_addr=00000000 mem_we=0000 mem_rd=0540006f
COMMIT t=335000 wb_pc=00000080 wb_we=1 wb_rd=x12 wb_val=00000000 IF_pc=00000090 IF_inst=00000813 ID_pc=0000008c ID_inst=00000793 EX_pc=00000088 EX_alu=00000000 mem_stall=0 mem_commit=0 mem_we=0000 mem_addr=00000000 mem_wd=00000000 mem_rd=0540006f
TRACE t=345000 wb_have=1 pcIF=00000094 instIF=00000893 pcID=00000090 instID=00000813 pcEX=0000008c aluMEM=00000000 mem_stall=0 mem_waited=0 mem_addr=00000000 mem_we=0000 mem_rd=0540006f
COMMIT t=345000 wb_pc=00000084 wb_we=1 wb_rd=x13 wb_val=00000000 IF_pc=00000094 IF_inst=00000893 ID_pc=00000090 ID_inst=00000813 EX_pc=0000008c EX_alu=00000000 mem_stall=0 mem_commit=0 mem_we=0000 mem_addr=00000000 mem_wd=00000000 mem_rd=0540006f
TRACE t=355000 wb_have=1 pcIF=00000098 instIF=00000913 pcID=00000094 instID=00000893 pcEX=00000090 aluMEM=00000000 mem_stall=0 mem_waited=0 mem_addr=00000000 mem_we=0000 mem_rd=0540006f
COMMIT t=355000 wb_pc=00000088 wb_we=1 wb_rd=x14 wb_val=00000000 IF_pc=00000098 IF_inst=00000913 ID_pc=00000094 ID_inst=00000893 EX_pc=00000090 EX_alu=00000000 mem_stall=0 mem_commit=0 mem_we=0000 mem_addr=00000000 mem_wd=00000000 mem_rd=0540006f
TRACE t=365000 wb_have=1 pcIF=0000009c instIF=00000993 pcID=00000098 instID=00000913 pcEX=00000094 aluMEM=00000000 mem_stall=0 mem_waited=0 mem_addr=00000000 mem_we=0000 mem_rd=0540006f
COMMIT t=365000 wb_pc=0000008c wb_we=1 wb_rd=x15 wb_val=00000000 IF_pc=0000009c IF_inst=00000993 ID_pc=00000098 ID_inst=00000913 EX_pc=00000094 EX_alu=00000000 mem_stall=0 mem_commit=0 mem_we=0000 mem_addr=00000000 mem_wd=00000000 mem_rd=0540006f
TRACE t=375000 wb_have=1 pcIF=000000a0 instIF=00000a13 pcID=0000009c instID=00000993 pcEX=00000098 aluMEM=00000000 mem_stall=0 mem_waited=0 mem_addr=00000000 mem_we=0000 mem_rd=0540006f
COMMIT t=375000 wb_pc=00000090 wb_we=1 wb_rd=x16 wb_val=00000000 IF_pc=000000a0 IF_inst=00000a13 ID_pc=0000009c ID_inst=00000993 EX_pc=00000098 EX_alu=00000000 mem_stall=0 mem_commit=0 mem_we=0000 mem_addr=00000000 mem_wd=00000000 mem_rd=0540006f
TRACE t=385000 wb_have=1 pcIF=000000a4 instIF=00000a93 pcID=000000a0 instID=00000a13 pcEX=0000009c aluMEM=00000000 mem_stall=0 mem_waited=0 mem_addr=00000000 mem_we=0000 mem_rd=0540006f
COMMIT t=385000 wb_pc=00000094 wb_we=1 wb_rd=x17 wb_val=00000000 IF_pc=000000a4 IF_inst=00000a93 ID_pc=000000a0 ID_inst=00000a13 EX_pc=0000009c EX_alu=00000000 mem_stall=0 mem_commit=0 mem_we=0000 mem_addr=00000000 mem_wd=00000000 mem_rd=0540006f
TRACE t=395000 wb_have=1 pcIF=000000a8 instIF=00000b13 pcID=000000a4 instID=00000a93 pcEX=000000a0 aluMEM=00000000 mem_stall=0 mem_waited=0 mem_addr=00000000 mem_we=0000 mem_rd=0540006f
COMMIT t=395000 wb_pc=00000098 wb_we=1 wb_rd=x18 wb_val=00000000 IF_pc=000000a8 IF_inst=00000b13 ID_pc=000000a4 ID_inst=00000a93 EX_pc=000000a0 EX_alu=00000000 mem_stall=0 mem_commit=0 mem_we=0000 mem_addr=00000000 mem_wd=00000000 mem_rd=0540006f
TRACE t=405000 wb_have=1 pcIF=000000ac instIF=00000b93 pcID=000000a8 instID=00000b13 pcEX=000000a4 aluMEM=00000000 mem_stall=0 mem_waited=0 mem_addr=00000000 mem_we=0000 mem_rd=0540006f
COMMIT t=405000 wb_pc=0000009c wb_we=1 wb_rd=x19 wb_val=00000000 IF_pc=000000ac IF_inst=00000b93 ID_pc=000000a8 ID_inst=00000b13 EX_pc=000000a4 EX_alu=00000000 mem_stall=0 mem_commit=0 mem_we=0000 mem_addr=00000000 mem_wd=00000000 mem_rd=0540006f
TRACE t=415000 wb_have=1 pcIF=000000b0 instIF=00000c13 pcID=000000ac instID=00000b93 pcEX=000000a8 aluMEM=00000000 mem_stall=0 mem_waited=0 mem_addr=00000000 mem_we=0000 mem_rd=0540006f
COMMIT t=415000 wb_pc=000000a0 wb_we=1 wb_rd=x20 wb_val=00000000 IF_pc=000000b0 IF_inst=00000c13 ID_pc=000000ac ID_inst=00000b93 EX_pc=000000a8 EX_alu=00000000 mem_stall=0 mem_commit=0 mem_we=0000 mem_addr=00000000 mem_wd=00000000 mem_rd=0540006f
TRACE t=425000 wb_have=1 pcIF=000000b4 instIF=00000c93 pcID=000000b0 instID=00000c13 pcEX=000000ac aluMEM=00000000 mem_stall=0 mem_waited=0 mem_addr=00000000 mem_we=0000 mem_rd=0540006f
COMMIT t=425000 wb_pc=000000a4 wb_we=1 wb_rd=x21 wb_val=00000000 IF_pc=000000b4 IF_inst=00000c93 ID_pc=000000b0 ID_inst=00000c13 EX_pc=000000ac EX_alu=00000000 mem_stall=0 mem_commit=0 mem_we=0000 mem_addr=00000000 mem_wd=00000000 mem_rd=0540006f
TRACE t=435000 wb_have=1 pcIF=000000b8 instIF=00000d13 pcID=000000b4 instID=00000c93 pcEX=000000b0 aluMEM=00000000 mem_stall=0 mem_waited=0 mem_addr=00000000 mem_we=0000 mem_rd=0540006f
COMMIT t=435000 wb_pc=000000a8 wb_we=1 wb_rd=x22 wb_val=00000000 IF_pc=000000b8 IF_inst=00000d13 ID_pc=000000b4 ID_inst=00000c93 EX_pc=000000b0 EX_alu=00000000 mem_stall=0 mem_commit=0 mem_we=0000 mem_addr=00000000 mem_wd=00000000 mem_rd=0540006f
TRACE t=445000 wb_have=1 pcIF=000000bc instIF=00000d93 pcID=000000b8 instID=00000d13 pcEX=000000b4 aluMEM=00000000 mem_stall=0 mem_waited=0 mem_addr=00000000 mem_we=0000 mem_rd=0540006f
COMMIT t=445000 wb_pc=000000ac wb_we=1 wb_rd=x23 wb_val=00000000 IF_pc=000000bc IF_inst=00000d93 ID_pc=000000b8 ID_inst=00000d13 EX_pc=000000b4 EX_alu=00000000 mem_stall=0 mem_commit=0 mem_we=0000 mem_addr=00000000 mem_wd=00000000 mem_rd=0540006f
TRACE t=455000 wb_have=1 pcIF=000000c0 instIF=00000e13 pcID=000000bc instID=00000d93 pcEX=000000b8 aluMEM=00000000 mem_stall=0 mem_waited=0 mem_addr=00000000 mem_we=0000 mem_rd=0540006f
COMMIT t=455000 wb_pc=000000b0 wb_we=1 wb_rd=x24 wb_val=00000000 IF_pc=000000c0 IF_inst=00000e13 ID_pc=000000bc ID_inst=00000d93 EX_pc=000000b8 EX_alu=00000000 mem_stall=0 mem_commit=0 mem_we=0000 mem_addr=00000000 mem_wd=00000000 mem_rd=0540006f
TRACE t=465000 wb_have=1 pcIF=000000c4 instIF=00000e93 pcID=000000c0 instID=00000e13 pcEX=000000bc aluMEM=00000000 mem_stall=0 mem_waited=0 mem_addr=00000000 mem_we=0000 mem_rd=0540006f
COMMIT t=465000 wb_pc=000000b4 wb_we=1 wb_rd=x25 wb_val=00000000 IF_pc=000000c4 IF_inst=00000e93 ID_pc=000000c0 ID_inst=00000e13 EX_pc=000000bc EX_alu=00000000 mem_stall=0 mem_commit=0 mem_we=0000 mem_addr=00000000 mem_wd=00000000 mem_rd=0540006f
TRACE t=475000 wb_have=1 pcIF=000000c8 instIF=00000f13 pcID=000000c4 instID=00000e93 pcEX=000000c0 aluMEM=00000000 mem_stall=0 mem_waited=0 mem_addr=00000000 mem_we=0000 mem_rd=0540006f
COMMIT t=475000 wb_pc=000000b8 wb_we=1 wb_rd=x26 wb_val=00000000 IF_pc=000000c8 IF_inst=00000f13 ID_pc=000000c4 ID_inst=00000e93 EX_pc=000000c0 EX_alu=00000000 mem_stall=0 mem_commit=0 mem_we=0000 mem_addr=00000000 mem_wd=00000000 mem_rd=0540006f
TRACE t=485000 wb_have=1 pcIF=000000cc instIF=00000f93 pcID=000000c8 instID=00000f13 pcEX=000000c4 aluMEM=00000000 mem_stall=0 mem_waited=0 mem_addr=00000000 mem_we=0000 mem_rd=0540006f
COMMIT t=485000 wb_pc=000000bc wb_we=1 wb_rd=x27 wb_val=00000000 IF_pc=000000cc IF_inst=00000f93 ID_pc=000000c8 ID_inst=00000f13 EX_pc=000000c4 EX_alu=00000000 mem_stall=0 mem_commit=0 mem_we=0000 mem_addr=00000000 mem_wd=00000000 mem_rd=0540006f
TRACE t=495000 wb_have=1 pcIF=000000d0 instIF=00200193 pcID=000000cc instID=00000f93 pcEX=000000c8 aluMEM=00000000 mem_stall=0 mem_waited=0 mem_addr=00000000 mem_we=0000 mem_rd=0540006f
COMMIT t=495000 wb_pc=000000c0 wb_we=1 wb_rd=x28 wb_val=00000000 IF_pc=000000d0 IF_inst=00200193 ID_pc=000000cc ID_inst=00000f93 EX_pc=000000c8 EX_alu=00000000 mem_stall=0 mem_commit=0 mem_we=0000 mem_addr=00000000 mem_wd=00000000 mem_rd=0540006f
TRACE t=505000 wb_have=1 pcIF=000000d4 instIF=00003117 pcID=000000d0 instID=00200193 pcEX=000000cc aluMEM=00000000 mem_stall=0 mem_waited=0 mem_addr=00000000 mem_we=0000 mem_rd=0540006f
COMMIT t=505000 wb_pc=000000c4 wb_we=1 wb_rd=x29 wb_val=00000000 IF_pc=000000d4 IF_inst=00003117 ID_pc=000000d0 ID_inst=00200193 EX_pc=000000cc EX_alu=00000000 mem_stall=0 mem_commit=0 mem_we=0000 mem_addr=00000000 mem_wd=00000000 mem_rd=0540006f
TRACE t=515000 wb_have=1 pcIF=000000d8 instIF=e6810113 pcID=000000d4 instID=00003117 pcEX=000000d0 aluMEM=00000000 mem_stall=0 mem_waited=0 mem_addr=00000000 mem_we=0000 mem_rd=0540006f
COMMIT t=515000 wb_pc=000000c8 wb_we=1 wb_rd=x30 wb_val=00000000 IF_pc=000000d8 IF_inst=e6810113 ID_pc=000000d4 ID_inst=00003117 EX_pc=000000d0 EX_alu=00000002 mem_stall=0 mem_commit=0 mem_we=0000 mem_addr=00000000 mem_wd=00000000 mem_rd=0540006f
TRACE t=525000 wb_have=1 pcIF=000000dc instIF=fdd00093 pcID=000000d8 instID=e6810113 pcEX=000000d4 aluMEM=00000002 mem_stall=0 mem_waited=0 mem_addr=00000002 mem_we=0000 mem_rd=0540006f
COMMIT t=525000 wb_pc=000000cc wb_we=1 wb_rd=x31 wb_val=00000000 IF_pc=000000dc IF_inst=fdd00093 ID_pc=000000d8 ID_inst=e6810113 EX_pc=000000d4 EX_alu=000030d4 mem_stall=0 mem_commit=0 mem_we=0000 mem_addr=00000002 mem_wd=00000000 mem_rd=0540006f
TRACE t=535000 wb_have=1 pcIF=000000e0 instIF=00110023 pcID=000000dc instID=fdd00093 pcEX=000000d8 aluMEM=000030d4 mem_stall=0 mem_waited=0 mem_addr=000030d4 mem_we=0000 mem_rd=0540006f
COMMIT t=535000 wb_pc=000000d0 wb_we=1 wb_rd=x3 wb_val=00000002 IF_pc=000000e0 IF_inst=00110023 ID_pc=000000dc ID_inst=fdd00093 EX_pc=000000d8 EX_alu=00002f3c mem_stall=0 mem_commit=0 mem_we=0000 mem_addr=000030d4 mem_wd=00000000 mem_rd=0540006f
TRACE t=545000 wb_have=1 pcIF=000000e4 instIF=00010703 pcID=000000e0 instID=00110023 pcEX=000000dc aluMEM=00002f3c mem_stall=0 mem_waited=0 mem_addr=00002f3c mem_we=0000 mem_rd=00000000
COMMIT t=545000 wb_pc=000000d4 wb_we=1 wb_rd=x2 wb_val=000030d4 IF_pc=000000e4 IF_inst=00010703 ID_pc=000000e0 ID_inst=00110023 EX_pc=000000dc EX_alu=ffffffdd mem_stall=0 mem_commit=0 mem_we=0000 mem_addr=00002f3c mem_wd=00000000 mem_rd=00000000
TRACE t=555000 wb_have=1 pcIF=000000e4 instIF=00010703 pcID=000000e0 instID=00110023 pcEX=000000e0 aluMEM=ffffffdd mem_stall=0 mem_waited=0 mem_addr=ffffffdd mem_we=0000 mem_rd=deadbeef
COMMIT t=555000 wb_pc=000000d8 wb_we=1 wb_rd=x2 wb_val=00002f3c IF_pc=000000e4 IF_inst=00010703 ID_pc=000000e0 ID_inst=00110023 EX_pc=000000e0 EX_alu=00002f3c mem_stall=0 mem_commit=0 mem_we=0000 mem_addr=ffffffdd mem_wd=00000000 mem_rd=deadbeef
TRACE t=565000 wb_have=1 pcIF=000000e8 instIF=00e10023 pcID=000000e4 instID=00010703 pcEX=000000e0 aluMEM=00002f3c mem_stall=1 mem_waited=0 mem_addr=00002f3c mem_we=0000 mem_rd=00000000
COMMIT t=565000 wb_pc=000000dc wb_we=1 wb_rd=x1 wb_val=ffffffdd IF_pc=000000e8 IF_inst=00e10023 ID_pc=000000e4 ID_inst=00010703 EX_pc=000000e0 EX_alu=00002f3c mem_stall=1 mem_commit=0 mem_we=0000 mem_addr=00002f3c mem_wd=00000000 mem_rd=00000000
TRACE t=575000 wb_have=0 pcIF=000000e8 instIF=00e10023 pcID=000000e4 instID=00010703 pcEX=000000e0 aluMEM=00002f3c mem_stall=0 mem_waited=1 mem_addr=00002f3c mem_we=0000 mem_rd=deadbeef
TRACE t=585000 wb_have=1 pcIF=000000ec instIF=00010103 pcID=000000e8 instID=00e10023 pcEX=000000e4 aluMEM=00002f3c mem_stall=1 mem_waited=0 mem_addr=00002f3c mem_we=0000 mem_rd=deadbeef
COMMIT t=585000 wb_pc=000000e0 wb_we=1 wb_rd=x0 wb_val=deadbeef IF_pc=000000ec IF_inst=00010103 ID_pc=000000e8 ID_inst=00e10023 EX_pc=000000e4 EX_alu=00002f3c mem_stall=1 mem_commit=0 mem_we=0000 mem_addr=00002f3c mem_wd=000000dd mem_rd=deadbeef
TRACE t=595000 wb_have=0 pcIF=000000ec instIF=00010103 pcID=000000e8 instID=00e10023 pcEX=000000e4 aluMEM=00002f3c mem_stall=0 mem_waited=1 mem_addr=00002f3c mem_we=0001 mem_rd=deadbeef
MEM_WRITE t=595000 pc=000000e0 addr=00002f3c wd=000000dd ctrl=1
TRACE t=605000 wb_have=1 pcIF=000000ec instIF=00010103 pcID=000000e8 instID=00e10023 pcEX=00000000 aluMEM=00002f3c mem_stall=1 mem_waited=0 mem_addr=00002f3c mem_we=0000 mem_rd=deadbedd
COMMIT t=605000 wb_pc=000000e0 wb_we=0 wb_rd=x0 wb_val=00002f3c IF_pc=000000ec IF_inst=00010103 ID_pc=000000e8 ID_inst=00e10023 EX_pc=00000000 EX_alu=00000000 mem_stall=1 mem_commit=0 mem_we=0000 mem_addr=00002f3c mem_wd=00000000 mem_rd=deadbedd
TRACE t=615000 wb_have=0 pcIF=000000ec instIF=00010103 pcID=000000e8 instID=00e10023 pcEX=00000000 aluMEM=00002f3c mem_stall=0 mem_waited=1 mem_addr=00002f3c mem_we=0000 mem_rd=deadbedd
TRACE t=625000 wb_have=0 pcIF=000000f0 instIF=fdd00393 pcID=000000ec instID=00010103 pcEX=000000e8 aluMEM=00000000 mem_stall=0 mem_waited=0 mem_addr=00000000 mem_we=0000 mem_rd=deadbedd
TRACE t=635000 wb_have=0 pcIF=000000f4 instIF=647112e3 pcID=000000f0 instID=fdd00393 pcEX=000000ec aluMEM=00002f3c mem_stall=1 mem_waited=0 mem_addr=00002f3c mem_we=0000 mem_rd=0540006f
TRACE t=645000 wb_have=1 pcIF=000000f4 instIF=647112e3 pcID=000000f0 instID=fdd00393 pcEX=000000ec aluMEM=00002f3c mem_stall=0 mem_waited=1 mem_addr=00002f3c mem_we=0001 mem_rd=deadbedd
COMMIT t=645000 wb_pc=00000000 wb_we=0 wb_rd=x0 wb_val=00000004 IF_pc=000000f4 IF_inst=647112e3 ID_pc=000000f0 ID_inst=fdd00393 EX_pc=000000ec EX_alu=00002f3c mem_stall=0 mem_commit=1 mem_we=0001 mem_addr=00002f3c mem_wd=000000dd mem_rd=deadbedd
MEM_WRITE t=645000 pc=00000000 addr=00002f3c wd=000000dd ctrl=1
TRACE t=655000 wb_have=1 pcIF=000000f8 instIF=00003117 pcID=000000f4 instID=647112e3 pcEX=000000f0 aluMEM=00002f3c mem_stall=1 mem_waited=0 mem_addr=00002f3c mem_we=0000 mem_rd=deadbedd
COMMIT t=655000 wb_pc=000000e8 wb_we=0 wb_rd=x0 wb_val=00002f3c IF_pc=000000f8 IF_inst=00003117 ID_pc=000000f4 ID_inst=647112e3 EX_pc=000000f0 EX_alu=ffffffdd mem_stall=1 mem_commit=0 mem_we=0000 mem_addr=00002f3c mem_wd=00000000 mem_rd=deadbedd
TRACE t=665000 wb_have=0 pcIF=000000f8 instIF=00003117 pcID=000000f4 instID=647112e3 pcEX=000000f0 aluMEM=00002f3c mem_stall=0 mem_waited=1 mem_addr=00002f3c mem_we=0000 mem_rd=deadbedd
TRACE t=675000 wb_have=1 pcIF=000000fc instIF=e4410113 pcID=000000f8 instID=00003117 pcEX=000000f4 aluMEM=ffffffdd mem_stall=0 mem_waited=0 mem_addr=ffffffdd mem_we=0000 mem_rd=deadbedd
COMMIT t=675000 wb_pc=000000ec wb_we=1 wb_rd=x2 wb_val=ffffffdd IF_pc=000000fc IF_inst=e4410113 ID_pc=000000f8 ID_inst=00003117 EX_pc=000000f4 EX_alu=00000f38 mem_stall=0 mem_commit=0 mem_we=0000 mem_addr=ffffffdd mem_wd=00000000 mem_rd=deadbedd
TRACE t=685000 wb_have=0 pcIF=00000100 instIF=00212423 pcID=000000fc instID=e4410113 pcEX=000000f8 aluMEM=00000f38 mem_stall=0 mem_waited=0 mem_addr=00000f38 mem_we=0000 mem_rd=00000000
TRACE t=695000 wb_have=1 pcIF=00000104 instIF=00812203 pcID=00000100 instID=00212423 pcEX=000000fc aluMEM=000030f8 mem_stall=0 mem_waited=0 mem_addr=000030f8 mem_we=0000 mem_rd=0ff0000f
COMMIT t=695000 wb_pc=000000f4 wb_we=0 wb_rd=x5 wb_val=00000f38 IF_pc=00000104 IF_inst=00812203 ID_pc=00000100 ID_inst=00212423 EX_pc=000000fc EX_alu=00002f3c mem_stall=0 mem_commit=0 mem_we=0000 mem_addr=000030f8 mem_wd=00000000 mem_rd=0ff0000f
TRACE t=705000 wb_have=1 pcIF=00000108 instIF=00120023 pcID=00000104 instID=00812203 pcEX=00000100 aluMEM=00002f3c mem_stall=0 mem_waited=0 mem_addr=00002f3c mem_we=0000 mem_rd=00000000
COMMIT t=705000 wb_pc=000000f8 wb_we=1 wb_rd=x2 wb_val=000030f8 IF_pc=00000108 IF_inst=00120023 ID_pc=00000104 ID_inst=00812203 EX_pc=00000100 EX_alu=00002f44 mem_stall=0 mem_commit=0 mem_we=0000 mem_addr=00002f3c mem_wd=00000000 mem_rd=00000000
TRACE t=715000 wb_have=1 pcIF=0000010c instIF=622216e3 pcID=00000108 instID=00120023 pcEX=00000104 aluMEM=00002f44 mem_stall=1 mem_waited=0 mem_addr=00002f44 mem_we=0000 mem_rd=deadbedd
COMMIT t=715000 wb_pc=000000fc wb_we=1 wb_rd=x2 wb_val=00002f3c IF_pc=0000010c IF_inst=622216e3 ID_pc=00000108 ID_inst=00120023 EX_pc=00000104 EX_alu=00002f44 mem_stall=1 mem_commit=0 mem_we=0000 mem_addr=00002f44 mem_wd=00002f3c mem_rd=deadbedd
TRACE t=725000 wb_have=1 pcIF=0000010c instIF=622216e3 pcID=00000108 instID=00120023 pcEX=00000104 aluMEM=00002f44 mem_stall=0 mem_waited=1 mem_addr=00002f44 mem_we=1111 mem_rd=deadbeef
COMMIT t=725000 wb_pc=000000fc wb_we=1 wb_rd=x2 wb_val=00002f3c IF_pc=0000010c IF_inst=622216e3 ID_pc=00000108 ID_inst=00120023 EX_pc=00000104 EX_alu=00002f44 mem_stall=0 mem_commit=1 mem_we=1111 mem_addr=00002f44 mem_wd=00002f3c mem_rd=deadbeef
MEM_WRITE t=725000 pc=000000fc addr=00002f44 wd=00002f3c ctrl=1
TRACE t=735000 wb_have=1 pcIF=0000010c instIF=622216e3 pcID=00000108 instID=00120023 pcEX=00000000 aluMEM=00002f44 mem_stall=1 mem_waited=0 mem_addr=00002f44 mem_we=0000 mem_rd=00002f3c
COMMIT t=735000 wb_pc=00000100 wb_we=0 wb_rd=x8 wb_val=00002f44 IF_pc=0000010c IF_inst=622216e3 ID_pc=00000108 ID_inst=00120023 EX_pc=00000000 EX_alu=00000000 mem_stall=1 mem_commit=0 mem_we=0000 mem_addr=00002f44 mem_wd=00000000 mem_rd=00002f3c
TRACE t=745000 wb_have=0 pcIF=0000010c instIF=622216e3 pcID=00000108 instID=00120023 pcEX=00000000 aluMEM=00002f44 mem_stall=0 mem_waited=1 mem_addr=00002f44 mem_we=0000 mem_rd=00002f3c
TRACE t=755000 wb_have=0 pcIF=00000110 instIF=00020703 pcID=0000010c instID=622216e3 pcEX=00000108 aluMEM=00000000 mem_stall=0 mem_waited=0 mem_addr=00000000 mem_we=0000 mem_rd=00002f3c
TRACE t=765000 wb_have=0 pcIF=00000114 instIF=627712e3 pcID=00000110 instID=00020703 pcEX=0000010c aluMEM=00002f3c mem_stall=1 mem_waited=0 mem_addr=00002f3c mem_we=0000 mem_rd=0540006f
TRACE t=775000 wb_have=1 pcIF=00000114 instIF=627712e3 pcID=00000110 instID=00020703 pcEX=0000010c aluMEM=00002f3c mem_stall=0 mem_waited=1 mem_addr=00002f3c mem_we=0001 mem_rd=deadbedd
COMMIT t=775000 wb_pc=00000000 wb_we=0 wb_rd=x0 wb_val=00000004 IF_pc=00000114 IF_inst=627712e3 ID_pc=00000110 ID_inst=00020703 EX_pc=0000010c EX_alu=00000f38 mem_stall=0 mem_commit=1 mem_we=0001 mem_addr=00002f3c mem_wd=000000dd mem_rd=deadbedd
MEM_WRITE t=775000 pc=00000000 addr=00002f3c wd=000000dd ctrl=1
TRACE t=785000 wb_have=1 pcIF=00000118 instIF=00300193 pcID=00000114 instID=627712e3 pcEX=00000110 aluMEM=00000f38 mem_stall=0 mem_waited=0 mem_addr=00000f38 mem_we=0000 mem_rd=deadbedd
COMMIT t=785000 wb_pc=00000108 wb_we=0 wb_rd=x0 wb_val=00002f3c IF_pc=00000118 IF_inst=00300193 ID_pc=00000114 ID_inst=627712e3 EX_pc=00000110 EX_alu=00002f3c mem_stall=0 mem_commit=0 mem_we=0000 mem_addr=00000f38 mem_wd=00002f3c mem_rd=deadbedd
TRACE t=795000 wb_have=0 pcIF=00000118 instIF=00300193 pcID=00000114 instID=627712e3 pcEX=00000000 aluMEM=00002f3c mem_stall=1 mem_waited=0 mem_addr=00002f3c mem_we=0000 mem_rd=0ff0000f
TRACE t=805000 wb_have=1 pcIF=00000118 instIF=00300193 pcID=00000114 instID=627712e3 pcEX=00000000 aluMEM=00002f3c mem_stall=0 mem_waited=1 mem_addr=00002f3c mem_we=0000 mem_rd=deadbedd
COMMIT t=805000 wb_pc=0000010c wb_we=0 wb_rd=x13 wb_val=00000f38 IF_pc=00000118 IF_inst=00300193 ID_pc=00000114 ID_inst=627712e3 EX_pc=00000000 EX_alu=00000000 mem_stall=0 mem_commit=1 mem_we=0000 mem_addr=00002f3c mem_wd=00000000 mem_rd=deadbedd
TRACE t=815000 wb_have=0 pcIF=0000011c instIF=00003117 pcID=00000118 instID=00300193 pcEX=00000114 aluMEM=00000000 mem_stall=0 mem_waited=0 mem_addr=00000000 mem_we=0000 mem_rd=deadbedd
TRACE t=825000 wb_have=0 pcIF=00000120 instIF=e2010113 pcID=0000011c instID=00003117 pcEX=00000118 aluMEM=00000f38 mem_stall=0 mem_waited=0 mem_addr=00000f38 mem_we=0000 mem_rd=0540006f
TRACE t=835000 wb_have=1 pcIF=00000124 instIF=fcd00093 pcID=00000120 instID=e2010113 pcEX=0000011c aluMEM=00000003 mem_stall=0 mem_waited=0 mem_addr=00000003 mem_we=0000 mem_rd=0ff0000f
COMMIT t=835000 wb_pc=00000114 wb_we=0 wb_rd=x5 wb_val=00000f38 IF_pc=00000124 IF_inst=fcd00093 ID_pc=00000120 ID_inst=e2010113 EX_pc=0000011c EX_alu=0000311c mem_stall=0 mem_commit=0 mem_we=0000 mem_addr=00000003 mem_wd=02000000 mem_rd=0ff0000f
TRACE t=845000 wb_have=1 pcIF=00000128 instIF=001100a3 pcID=00000124 instID=fcd00093 pcEX=00000120 aluMEM=0000311c mem_stall=0 mem_waited=0 mem_addr=0000311c mem_we=0000 mem_rd=0540006f
COMMIT t=845000 wb_pc=00000118 wb_we=1 wb_rd=x3 wb_val=00000003 IF_pc=00000128 IF_inst=001100a3 ID_pc=00000124 ID_inst=fcd00093 EX_pc=00000120 EX_alu=00002f3c mem_stall=0 mem_commit=0 mem_we=0000 mem_addr=0000311c mem_wd=00000000 mem_rd=0540006f
TRACE t=855000 wb_have=1 pcIF=0000012c instIF=00110703 pcID=00000128 instID=001100a3 pcEX=00000124 aluMEM=00002f3c mem_stall=0 mem_waited=0 mem_addr=00002f3c mem_we=0000 mem_rd=00000000
COMMIT t=855000 wb_pc=0000011c wb_we=1 wb_rd=x2 wb_val=0000311c IF_pc=0000012c IF_inst=00110703 ID_pc=00000128 ID_inst=001100a3 EX_pc=00000124 EX_alu=ffffffcd mem_stall=0 mem_commit=0 mem_we=0000 mem_addr=00002f3c mem_wd=00000000 mem_rd=00000000
TRACE t=865000 wb_have=1 pcIF=0000012c instIF=00110703 pcID=00000128 instID=001100a3 pcEX=00000128 aluMEM=ffffffcd mem_stall=0 mem_waited=0 mem_addr=ffffffcd mem_we=0000 mem_rd=deadbedd
COMMIT t=865000 wb_pc=00000120 wb_we=1 wb_rd=x2 wb_val=00002f3c IF_pc=0000012c IF_inst=00110703 ID_pc=00000128 ID_inst=001100a3 EX_pc=00000128 EX_alu=00002f3d mem_stall=0 mem_commit=0 mem_we=0000 mem_addr=ffffffcd mem_wd=00000000 mem_rd=deadbedd
TRACE t=875000 wb_have=1 pcIF=00000130 instIF=00e100a3 pcID=0000012c instID=00110703 pcEX=00000128 aluMEM=00002f3d mem_stall=1 mem_waited=0 mem_addr=00002f3d mem_we=0000 mem_rd=00000000
COMMIT t=875000 wb_pc=00000124 wb_we=1 wb_rd=x1 wb_val=ffffffcd IF_pc=00000130 IF_inst=00e100a3 ID_pc=0000012c ID_inst=00110703 EX_pc=00000128 EX_alu=00002f3d mem_stall=1 mem_commit=0 mem_we=0000 mem_addr=00002f3d mem_wd=ffffffcd mem_rd=00000000
TRACE t=885000 wb_have=0 pcIF=00000130 instIF=00e100a3 pcID=0000012c instID=00110703 pcEX=00000128 aluMEM=00002f3d mem_stall=0 mem_waited=1 mem_addr=00002f3d mem_we=0000 mem_rd=deadbedd
TRACE t=895000 wb_have=1 pcIF=00000134 instIF=00110103 pcID=00000130 instID=00e100a3 pcEX=0000012c aluMEM=00002f3d mem_stall=1 mem_waited=0 mem_addr=00002f3d mem_we=0000 mem_rd=deadbedd
COMMIT t=895000 wb_pc=00000128 wb_we=1 wb_rd=x0 wb_val=deadbedd IF_pc=00000134 IF_inst=00110103 ID_pc=00000130 ID_inst=00e100a3 EX_pc=0000012c EX_alu=00002f3d mem_stall=1 mem_commit=0 mem_we=0000 mem_addr=00002f3d mem_wd=0000cd00 mem_rd=deadbedd
TRACE t=905000 wb_have=0 pcIF=00000134 instIF=00110103 pcID=00000130 instID=00e100a3 pcEX=0000012c aluMEM=00002f3d mem_stall=0 mem_waited=1 mem_addr=00002f3d mem_we=0010 mem_rd=deadbedd
MEM_WRITE t=905000 pc=00000128 addr=00002f3d wd=0000cd00 ctrl=1
TRACE t=915000 wb_have=1 pcIF=00000134 instIF=00110103 pcID=00000130 instID=00e100a3 pcEX=00000000 aluMEM=00002f3d mem_stall=1 mem_waited=0 mem_addr=00002f3d mem_we=0000 mem_rd=deadcddd
COMMIT t=915000 wb_pc=00000128 wb_we=0 wb_rd=x1 wb_val=00002f3d IF_pc=00000134 IF_inst=00110103 ID_pc=00000130 ID_inst=00e100a3 EX_pc=00000000 EX_alu=00000000 mem_stall=1 mem_commit=0 mem_we=0000 mem_addr=00002f3d mem_wd=0000cd00 mem_rd=deadcddd
TRACE t=925000 wb_have=0 pcIF=00000134 instIF=00110103 pcID=00000130 instID=00e100a3 pcEX=00000000 aluMEM=00002f3d mem_stall=0 mem_waited=1 mem_addr=00002f3d mem_we=0000 mem_rd=deadcddd
TRACE t=935000 wb_have=0 pcIF=00000138 instIF=fcd00393 pcID=00000134 instID=00110103 pcEX=00000130 aluMEM=00000000 mem_stall=0 mem_waited=0 mem_addr=00000000 mem_we=0000 mem_rd=deadcddd
TRACE t=945000 wb_have=0 pcIF=0000013c instIF=5e711ee3 pcID=00000138 instID=fcd00393 pcEX=00000134 aluMEM=00002f3d mem_stall=1 mem_waited=0 mem_addr=00002f3d mem_we=0000 mem_rd=0540006f
TRACE t=955000 wb_have=1 pcIF=0000013c instIF=5e711ee3 pcID=00000138 instID=fcd00393 pcEX=00000134 aluMEM=00002f3d mem_stall=0 mem_waited=1 mem_addr=00002f3d mem_we=0010 mem_rd=deadcddd
COMMIT t=955000 wb_pc=00000000 wb_we=0 wb_rd=x0 wb_val=00000004 IF_pc=0000013c IF_inst=5e711ee3 ID_pc=00000138 ID_inst=fcd00393 EX_pc=00000134 EX_alu=00002f3d mem_stall=0 mem_commit=1 mem_we=0010 mem_addr=00002f3d mem_wd=0000cd00 mem_rd=deadcddd
MEM_WRITE t=955000 pc=00000000 addr=00002f3d wd=0000cd00 ctrl=1
TRACE t=965000 wb_have=1 pcIF=00000140 instIF=00003117 pcID=0000013c instID=5e711ee3 pcEX=00000138 aluMEM=00002f3d mem_stall=1 mem_waited=0 mem_addr=00002f3d mem_we=0000 mem_rd=deadcddd
COMMIT t=965000 wb_pc=00000130 wb_we=0 wb_rd=x1 wb_val=00002f3d IF_pc=00000140 IF_inst=00003117 ID_pc=0000013c ID_inst=5e711ee3 EX_pc=00000138 EX_alu=ffffffcd mem_stall=1 mem_commit=0 mem_we=0000 mem_addr=00002f3d mem_wd=0000cd00 mem_rd=deadcddd
TRACE t=975000 wb_have=0 pcIF=00000140 instIF=00003117 pcID=0000013c instID=5e711ee3 pcEX=00000138 aluMEM=00002f3d mem_stall=0 mem_waited=1 mem_addr=00002f3d mem_we=0000 mem_rd=deadcddd
TRACE t=985000 wb_have=1 pcIF=00000144 instIF=dfc10113 pcID=00000140 instID=00003117 pcEX=0000013c aluMEM=ffffffcd mem_stall=0 mem_waited=0 mem_addr=ffffffcd mem_we=0000 mem_rd=deadcddd
COMMIT t=985000 wb_pc=00000134 wb_we=1 wb_rd=x2 wb_val=ffffffcd IF_pc=00000144 IF_inst=dfc10113 ID_pc=00000140 ID_inst=00003117 EX_pc=0000013c EX_alu=00000f38 mem_stall=0 mem_commit=0 mem_we=0000 mem_addr=ffffffcd mem_wd=00000000 mem_rd=deadcddd
TRACE t=995000 wb_have=0 pcIF=00000148 instIF=00212423 pcID=00000144 instID=dfc10113 pcEX=00000140 aluMEM=00000f38 mem_stall=0 mem_waited=0 mem_addr=00000f38 mem_we=0000 mem_rd=00000000
TRACE t=1005000 wb_have=1 pcIF=0000014c instIF=00812203 pcID=00000148 instID=00212423 pcEX=00000144 aluMEM=00003140 mem_stall=0 mem_waited=0 mem_addr=00003140 mem_we=0000 mem_rd=0ff0000f
COMMIT t=1005000 wb_pc=0000013c wb_we=0 wb_rd=x29 wb_val=00000f38 IF_pc=0000014c IF_inst=00812203 ID_pc=00000148 ID_inst=00212423 EX_pc=00000144 EX_alu=00002f3c mem_stall=0 mem_commit=0 mem_we=0000 mem_addr=00003140 mem_wd=00000000 mem_rd=0ff0000f
TRACE t=1015000 wb_have=1 pcIF=00000150 instIF=001200a3 pcID=0000014c instID=00812203 pcEX=00000148 aluMEM=00002f3c mem_stall=0 mem_waited=0 mem_addr=00002f3c mem_we=0000 mem_rd=00000000
COMMIT t=1015000 wb_pc=00000140 wb_we=1 wb_rd=x2 wb_val=00003140 IF_pc=00000150 IF_inst=001200a3 ID_pc=0000014c ID_inst=00812203 EX_pc=00000148 EX_alu=00002f44 mem_stall=0 mem_commit=0 mem_we=0000 mem_addr=00002f3c mem_wd=00000000 mem_rd=00000000
TRACE t=1025000 wb_have=1 pcIF=00000154 instIF=5e2212e3 pcID=00000150 instID=001200a3 pcEX=0000014c aluMEM=00002f44 mem_stall=1 mem_waited=0 mem_addr=00002f44 mem_we=0000 mem_rd=deadcddd
COMMIT t=1025000 wb_pc=00000144 wb_we=1 wb_rd=x2 wb_val=00002f3c IF_pc=00000154 IF_inst=5e2212e3 ID_pc=00000150 ID_inst=001200a3 EX_pc=0000014c EX_alu=00002f44 mem_stall=1 mem_commit=0 mem_we=0000 mem_addr=00002f44 mem_wd=00002f3c mem_rd=deadcddd
TRACE t=1035000 wb_have=1 pcIF=00000154 instIF=5e2212e3 pcID=00000150 instID=001200a3 pcEX=0000014c aluMEM=00002f44 mem_stall=0 mem_waited=1 mem_addr=00002f44 mem_we=1111 mem_rd=00002f3c
COMMIT t=1035000 wb_pc=00000144 wb_we=1 wb_rd=x2 wb_val=00002f3c IF_pc=00000154 IF_inst=5e2212e3 ID_pc=00000150 ID_inst=001200a3 EX_pc=0000014c EX_alu=00002f44 mem_stall=0 mem_commit=1 mem_we=1111 mem_addr=00002f44 mem_wd=00002f3c mem_rd=00002f3c
MEM_WRITE t=1035000 pc=00000144 addr=00002f44 wd=00002f3c ctrl=1
TRACE t=1045000 wb_have=1 pcIF=00000154 instIF=5e2212e3 pcID=00000150 instID=001200a3 pcEX=00000000 aluMEM=00002f44 mem_stall=1 mem_waited=0 mem_addr=00002f44 mem_we=0000 mem_rd=00002f3c
COMMIT t=1045000 wb_pc=00000148 wb_we=0 wb_rd=x8 wb_val=00002f44 IF_pc=00000154 IF_inst=5e2212e3 ID_pc=00000150 ID_inst=001200a3 EX_pc=00000000 EX_alu=00000000 mem_stall=1 mem_commit=0 mem_we=0000 mem_addr=00002f44 mem_wd=00000000 mem_rd=00002f3c
TRACE t=1055000 wb_have=0 pcIF=00000154 instIF=5e2212e3 pcID=00000150 instID=001200a3 pcEX=00000000 aluMEM=00002f44 mem_stall=0 mem_waited=1 mem_addr=00002f44 mem_we=0000 mem_rd=00002f3c
TRACE t=1065000 wb_have=0 pcIF=00000158 instIF=00120703 pcID=00000154 instID=5e2212e3 pcEX=00000150 aluMEM=00000000 mem_stall=0 mem_waited=0 mem_addr=00000000 mem_we=0000 mem_rd=00002f3c
TRACE t=1075000 wb_have=0 pcIF=0000015c instIF=5c771ee3 pcID=00000158 instID=00120703 pcEX=00000154 aluMEM=00002f3d mem_stall=1 mem_waited=0 mem_addr=00002f3d mem_we=0000 mem_rd=0540006f
TRACE t=1085000 wb_have=1 pcIF=0000015c instIF=5c771ee3 pcID=00000158 instID=00120703 pcEX=00000154 aluMEM=00002f3d mem_stall=0 mem_waited=1 mem_addr=00002f3d mem_we=0010 mem_rd=deadcddd
COMMIT t=1085000 wb_pc=00000000 wb_we=0 wb_rd=x0 wb_val=00000004 IF_pc=0000015c IF_inst=5c771ee3 ID_pc=00000158 ID_inst=00120703 EX_pc=00000154 EX_alu=00000f38 mem_stall=0 mem_commit=1 mem_we=0010 mem_addr=00002f3d mem_wd=0000cd00 mem_rd=deadcddd
MEM_WRITE t=1085000 pc=00000000 addr=00002f3d wd=0000cd00 ctrl=1
TRACE t=1095000 wb_have=1 pcIF=00000160 instIF=00400193 pcID=0000015c instID=5c771ee3 pcEX=00000158 aluMEM=00000f38 mem_stall=0 mem_waited=0 mem_addr=00000f38 mem_we=0000 mem_rd=deadcddd
COMMIT t=1095000 wb_pc=00000150 wb_we=0 wb_rd=x1 wb_val=00002f3d IF_pc=00000160 IF_inst=00400193 ID_pc=0000015c ID_inst=5c771ee3 EX_pc=00000158 EX_alu=00002f3d mem_stall=0 mem_commit=0 mem_we=0000 mem_addr=00000f38 mem_wd=00002f3c mem_rd=deadcddd
TRACE t=1105000 wb_have=0 pcIF=00000160 instIF=00400193 pcID=0000015c instID=5c771ee3 pcEX=00000000 aluMEM=00002f3d mem_stall=1 mem_waited=0 mem_addr=00002f3d mem_we=0000 mem_rd=0ff0000f
TRACE t=1115000 wb_have=1 pcIF=00000160 instIF=00400193 pcID=0000015c instID=5c771ee3 pcEX=00000000 aluMEM=00002f3d mem_stall=0 mem_waited=1 mem_addr=00002f3d mem_we=0000 mem_rd=deadcddd
COMMIT t=1115000 wb_pc=00000154 wb_we=0 wb_rd=x5 wb_val=00000f38 IF_pc=00000160 IF_inst=00400193 ID_pc=0000015c ID_inst=5c771ee3 EX_pc=00000000 EX_alu=00000000 mem_stall=0 mem_commit=1 mem_we=0000 mem_addr=00002f3d mem_wd=0000cd00 mem_rd=deadcddd
TRACE t=1125000 wb_have=0 pcIF=00000164 instIF=00003117 pcID=00000160 instID=00400193 pcEX=0000015c aluMEM=00000000 mem_stall=0 mem_waited=0 mem_addr=00000000 mem_we=0000 mem_rd=deadcddd
TRACE t=1135000 wb_have=0 pcIF=00000168 instIF=dd810113 pcID=00000164 instID=00003117 pcEX=00000160 aluMEM=00000f38 mem_stall=0 mem_waited=0 mem_addr=00000f38 mem_we=0000 mem_rd=0540006f
TRACE t=1145000 wb_have=1 pcIF=0000016c instIF=fcc00093 pcID=00000168 instID=dd810113 pcEX=00000164 aluMEM=00000004 mem_stall=0 mem_waited=0 mem_addr=00000004 mem_we=0000 mem_rd=0ff0000f
COMMIT t=1145000 wb_pc=0000015c wb_we=0 wb_rd=x29 wb_val=00000f38 IF_pc=0000016c IF_inst=fcc00093 ID_pc=00000168 ID_inst=dd810113 EX_pc=00000164 EX_alu=00003164 mem_stall=0 mem_commit=0 mem_we=0000 mem_addr=00000004 mem_wd=0000003c mem_rd=0ff0000f
TRACE t=1155000 wb_have=1 pcIF=00000170 instIF=00110123 pcID=0000016c instID=fcc00093 pcEX=00000168 aluMEM=00003164 mem_stall=0 mem_waited=0 mem_addr=00003164 mem_we=0000 mem_rd=34202f73
COMMIT t=1155000 wb_pc=00000160 wb_we=1 wb_rd=x3 wb_val=00000004 IF_pc=00000170 IF_inst=00110123 ID_pc=0000016c ID_inst=fcc00093 EX_pc=00000168 EX_alu=00002f3c mem_stall=0 mem_commit=0 mem_we=0000 mem_addr=00003164 mem_wd=00000000 mem_rd=34202f73
TRACE t=1165000 wb_have=1 pcIF=00000174 instIF=00210703 pcID=00000170 instID=00110123 pcEX=0000016c aluMEM=00002f3c mem_stall=0 mem_waited=0 mem_addr=00002f3c mem_we=0000 mem_rd=00000000
COMMIT t=1165000 wb_pc=00000164 wb_we=1 wb_rd=x2 wb_val=00003164 IF_pc=00000174 IF_inst=00210703 ID_pc=00000170 ID_inst=00110123 EX_pc=0000016c EX_alu=ffffffcc mem_stall=0 mem_commit=0 mem_we=0000 mem_addr=00002f3c mem_wd=00000000 mem_rd=00000000
TRACE t=1175000 wb_have=1 pcIF=00000174 instIF=00210703 pcID=00000170 instID=00110123 pcEX=00000170 aluMEM=ffffffcc mem_stall=0 mem_waited=0 mem_addr=ffffffcc mem_we=0000 mem_rd=deadcddd
COMMIT t=1175000 wb_pc=00000168 wb_we=1 wb_rd=x2 wb_val=00002f3c IF_pc=00000174 IF_inst=00210703 ID_pc=00000170 ID_inst=00110123 EX_pc=00000170 EX_alu=00002f3e mem_stall=0 mem_commit=0 mem_we=0000 mem_addr=ffffffcc mem_wd=00000000 mem_rd=deadcddd
TRACE t=1185000 wb_have=1 pcIF=00000178 instIF=00e10123 pcID=00000174 instID=00210703 pcEX=00000170 aluMEM=00002f3e mem_stall=1 mem_waited=0 mem_addr=00002f3e mem_we=0000 mem_rd=00000000
COMMIT t=1185000 wb_pc=0000016c wb_we=1 wb_rd=x1 wb_val=ffffffcc IF_pc=00000178 IF_inst=00e10123 ID_pc=00000174 ID_inst=00210703 EX_pc=00000170 EX_alu=00002f3e mem_stall=1 mem_commit=0 mem_we=0000 mem_addr=00002f3e mem_wd=00002f3c mem_rd=00000000
TRACE t=1195000 wb_have=0 pcIF=00000178 instIF=00e10123 pcID=00000174 instID=00210703 pcEX=00000170 aluMEM=00002f3e mem_stall=0 mem_waited=1 mem_addr=00002f3e mem_we=0000 mem_rd=deadcddd
TRACE t=1205000 wb_have=1 pcIF=0000017c instIF=00210103 pcID=00000178 instID=00e10123 pcEX=00000174 aluMEM=00002f3e mem_stall=1 mem_waited=0 mem_addr=00002f3e mem_we=0000 mem_rd=deadcddd
COMMIT t=1205000 wb_pc=00000170 wb_we=1 wb_rd=x0 wb_val=deadcddd IF_pc=0000017c IF_inst=00210103 ID_pc=00000178 ID_inst=00e10123 EX_pc=00000174 EX_alu=00002f3e mem_stall=1 mem_commit=0 mem_we=0000 mem_addr=00002f3e mem_wd=00cc0000 mem_rd=deadcddd
TRACE t=1215000 wb_have=0 pcIF=0000017c instIF=00210103 pcID=00000178 instID=00e10123 pcEX=00000174 aluMEM=00002f3e mem_stall=0 mem_waited=1 mem_addr=00002f3e mem_we=0100 mem_rd=deadcddd
MEM_WRITE t=1215000 pc=00000170 addr=00002f3e wd=00cc0000 ctrl=1
TRACE t=1225000 wb_have=1 pcIF=0000017c instIF=00210103 pcID=00000178 instID=00e10123 pcEX=00000000 aluMEM=00002f3e mem_stall=1 mem_waited=0 mem_addr=00002f3e mem_we=0000 mem_rd=decccddd
COMMIT t=1225000 wb_pc=00000170 wb_we=0 wb_rd=x2 wb_val=00002f3e IF_pc=0000017c IF_inst=00210103 ID_pc=00000178 ID_inst=00e10123 EX_pc=00000000 EX_alu=00000000 mem_stall=1 mem_commit=0 mem_we=0000 mem_addr=00002f3e mem_wd=003c0000 mem_rd=decccddd
TRACE t=1235000 wb_have=0 pcIF=0000017c instIF=00210103 pcID=00000178 instID=00e10123 pcEX=00000000 aluMEM=00002f3e mem_stall=0 mem_waited=1 mem_addr=00002f3e mem_we=0000 mem_rd=decccddd
TRACE t=1245000 wb_have=0 pcIF=00000180 instIF=fcc00393 pcID=0000017c instID=00210103 pcEX=00000178 aluMEM=00000000 mem_stall=0 mem_waited=0 mem_addr=00000000 mem_we=0000 mem_rd=decccddd
TRACE t=1255000 wb_have=0 pcIF=00000184 instIF=5a711ae3 pcID=00000180 instID=fcc00393 pcEX=0000017c aluMEM=00002f3e mem_stall=1 mem_waited=0 mem_addr=00002f3e mem_we=0000 mem_rd=0540006f
TRACE t=1265000 wb_have=1 pcIF=00000184 instIF=5a711ae3 pcID=00000180 instID=fcc00393 pcEX=0000017c aluMEM=00002f3e mem_stall=0 mem_waited=1 mem_addr=00002f3e mem_we=0100 mem_rd=decccddd
COMMIT t=1265000 wb_pc=00000000 wb_we=0 wb_rd=x0 wb_val=00000004 IF_pc=00000184 IF_inst=5a711ae3 ID_pc=00000180 ID_inst=fcc00393 EX_pc=0000017c EX_alu=00002f3e mem_stall=0 mem_commit=1 mem_we=0100 mem_addr=00002f3e mem_wd=00cc0000 mem_rd=decccddd
MEM_WRITE t=1265000 pc=00000000 addr=00002f3e wd=00cc0000 ctrl=1
TRACE t=1275000 wb_have=1 pcIF=00000188 instIF=00003117 pcID=00000184 instID=5a711ae3 pcEX=00000180 aluMEM=00002f3e mem_stall=1 mem_waited=0 mem_addr=00002f3e mem_we=0000 mem_rd=decccddd
COMMIT t=1275000 wb_pc=00000178 wb_we=0 wb_rd=x2 wb_val=00002f3e IF_pc=00000188 IF_inst=00003117 ID_pc=00000184 ID_inst=5a711ae3 EX_pc=00000180 EX_alu=ffffffcc mem_stall=1 mem_commit=0 mem_we=0000 mem_addr=00002f3e mem_wd=003c0000 mem_rd=decccddd
TRACE t=1285000 wb_have=0 pcIF=00000188 instIF=00003117 pcID=00000184 instID=5a711ae3 pcEX=00000180 aluMEM=00002f3e mem_stall=0 mem_waited=1 mem_addr=00002f3e mem_we=0000 mem_rd=decccddd
TRACE t=1295000 wb_have=1 pcIF=0000018c instIF=db410113 pcID=00000188 instID=00003117 pcEX=00000184 aluMEM=ffffffcc mem_stall=0 mem_waited=0 mem_addr=ffffffcc mem_we=0000 mem_rd=decccddd
COMMIT t=1295000 wb_pc=0000017c wb_we=1 wb_rd=x2 wb_val=ffffffcc IF_pc=0000018c IF_inst=db410113 ID_pc=00000188 ID_inst=00003117 EX_pc=00000184 EX_alu=00000f38 mem_stall=0 mem_commit=0 mem_we=0000 mem_addr=ffffffcc mem_wd=00000000 mem_rd=decccddd
TRACE t=1305000 wb_have=0 pcIF=00000190 instIF=00212423 pcID=0000018c instID=db410113 pcEX=00000188 aluMEM=00000f38 mem_stall=0 mem_waited=0 mem_addr=00000f38 mem_we=0000 mem_rd=00000000
TRACE t=1315000 wb_have=1 pcIF=00000194 instIF=00812203 pcID=00000190 instID=00212423 pcEX=0000018c aluMEM=00003188 mem_stall=0 mem_waited=0 mem_addr=00003188 mem_we=0000 mem_rd=0ff0000f
COMMIT t=1315000 wb_pc=00000184 wb_we=0 wb_rd=x21 wb_val=00000f38 IF_pc=00000194 IF_inst=00812203 ID_pc=00000190 ID_inst=00212423 EX_pc=0000018c EX_alu=00002f3c mem_stall=0 mem_commit=0 mem_we=0000 mem_addr=00003188 mem_wd=00000000 mem_rd=0ff0000f
TRACE t=1325000 wb_have=1 pcIF=00000198 instIF=00120123 pcID=00000194 instID=00812203 pcEX=00000190 aluMEM=00002f3c mem_stall=0 mem_waited=0 mem_addr=00002f3c mem_we=0000 mem_rd=00000000
COMMIT t=1325000 wb_pc=00000188 wb_we=1 wb_rd=x2 wb_val=00003188 IF_pc=00000198 IF_inst=00120123 ID_pc=00000194 ID_inst=00812203 EX_pc=00000190 EX_alu=00002f44 mem_stall=0 mem_commit=0 mem_we=0000 mem_addr=00002f3c mem_wd=00000000 mem_rd=00000000
TRACE t=1335000 wb_have=1 pcIF=0000019c instIF=58221ee3 pcID=00000198 instID=00120123 pcEX=00000194 aluMEM=00002f44 mem_stall=1 mem_waited=0 mem_addr=00002f44 mem_we=0000 mem_rd=decccddd
COMMIT t=1335000 wb_pc=0000018c wb_we=1 wb_rd=x2 wb_val=00002f3c IF_pc=0000019c IF_inst=58221ee3 ID_pc=00000198 ID_inst=00120123 EX_pc=00000194 EX_alu=00002f44 mem_stall=1 mem_commit=0 mem_we=0000 mem_addr=00002f44 mem_wd=00002f3c mem_rd=decccddd
TRACE t=1345000 wb_have=1 pcIF=0000019c instIF=58221ee3 pcID=00000198 instID=00120123 pcEX=00000194 aluMEM=00002f44 mem_stall=0 mem_waited=1 mem_addr=00002f44 mem_we=1111 mem_rd=00002f3c
COMMIT t=1345000 wb_pc=0000018c wb_we=1 wb_rd=x2 wb_val=00002f3c IF_pc=0000019c IF_inst=58221ee3 ID_pc=00000198 ID_inst=00120123 EX_pc=00000194 EX_alu=00002f44 mem_stall=0 mem_commit=1 mem_we=1111 mem_addr=00002f44 mem_wd=00002f3c mem_rd=00002f3c
MEM_WRITE t=1345000 pc=0000018c addr=00002f44 wd=00002f3c ctrl=1
TRACE t=1355000 wb_have=1 pcIF=0000019c instIF=58221ee3 pcID=00000198 instID=00120123 pcEX=00000000 aluMEM=00002f44 mem_stall=1 mem_waited=0 mem_addr=00002f44 mem_we=0000 mem_rd=00002f3c
COMMIT t=1355000 wb_pc=00000190 wb_we=0 wb_rd=x8 wb_val=00002f44 IF_pc=0000019c IF_inst=58221ee3 ID_pc=00000198 ID_inst=00120123 EX_pc=00000000 EX_alu=00000000 mem_stall=1 mem_commit=0 mem_we=0000 mem_addr=00002f44 mem_wd=00000000 mem_rd=00002f3c
TRACE t=1365000 wb_have=0 pcIF=0000019c instIF=58221ee3 pcID=00000198 instID=00120123 pcEX=00000000 aluMEM=00002f44 mem_stall=0 mem_waited=1 mem_addr=00002f44 mem_we=0000 mem_rd=00002f3c
TRACE t=1375000 wb_have=0 pcIF=000001a0 instIF=00220703 pcID=0000019c instID=58221ee3 pcEX=00000198 aluMEM=00000000 mem_stall=0 mem_waited=0 mem_addr=00000000 mem_we=0000 mem_rd=00002f3c
TRACE t=1385000 wb_have=0 pcIF=000001a4 instIF=58771ae3 pcID=000001a0 instID=00220703 pcEX=0000019c aluMEM=00002f3e mem_stall=1 mem_waited=0 mem_addr=00002f3e mem_we=0000 mem_rd=0540006f
TRACE t=1395000 wb_have=1 pcIF=000001a4 instIF=58771ae3 pcID=000001a0 instID=00220703 pcEX=0000019c aluMEM=00002f3e mem_stall=0 mem_waited=1 mem_addr=00002f3e mem_we=0100 mem_rd=decccddd
COMMIT t=1395000 wb_pc=00000000 wb_we=0 wb_rd=x0 wb_val=00000004 IF_pc=000001a4 IF_inst=58771ae3 ID_pc=000001a0 ID_inst=00220703 EX_pc=0000019c EX_alu=00000f38 mem_stall=0 mem_commit=1 mem_we=0100 mem_addr=00002f3e mem_wd=00cc0000 mem_rd=decccddd
MEM_WRITE t=1395000 pc=00000000 addr=00002f3e wd=00cc0000 ctrl=1
TRACE t=1405000 wb_have=1 pcIF=000001a8 instIF=00500193 pcID=000001a4 instID=58771ae3 pcEX=000001a0 aluMEM=00000f38 mem_stall=0 mem_waited=0 mem_addr=00000f38 mem_we=0000 mem_rd=decccddd
COMMIT t=1405000 wb_pc=00000198 wb_we=0 wb_rd=x2 wb_val=00002f3e IF_pc=000001a8 IF_inst=00500193 ID_pc=000001a4 ID_inst=58771ae3 EX_pc=000001a0 EX_alu=00002f3e mem_stall=0 mem_commit=0 mem_we=0000 mem_addr=00000f38 mem_wd=00002f3c mem_rd=decccddd
TRACE t=1415000 wb_have=0 pcIF=000001a8 instIF=00500193 pcID=000001a4 instID=58771ae3 pcEX=00000000 aluMEM=00002f3e mem_stall=1 mem_waited=0 mem_addr=00002f3e mem_we=0000 mem_rd=0ff0000f
TRACE t=1425000 wb_have=1 pcIF=000001a8 instIF=00500193 pcID=000001a4 instID=58771ae3 pcEX=00000000 aluMEM=00002f3e mem_stall=0 mem_waited=1 mem_addr=00002f3e mem_we=0000 mem_rd=decccddd
COMMIT t=1425000 wb_pc=0000019c wb_we=0 wb_rd=x29 wb_val=00000f38 IF_pc=000001a8 IF_inst=00500193 ID_pc=000001a4 ID_inst=58771ae3 EX_pc=00000000 EX_alu=00000000 mem_stall=0 mem_commit=1 mem_we=0000 mem_addr=00002f3e mem_wd=003c0000 mem_rd=decccddd
TRACE t=1435000 wb_have=0 pcIF=000001ac instIF=00003117 pcID=000001a8 instID=00500193 pcEX=000001a4 aluMEM=00000000 mem_stall=0 mem_waited=0 mem_addr=00000000 mem_we=0000 mem_rd=decccddd
TRACE t=1445000 wb_have=0 pcIF=000001b0 instIF=d9010113 pcID=000001ac instID=00003117 pcEX=000001a8 aluMEM=00000f38 mem_stall=0 mem_waited=0 mem_addr=00000f38 mem_we=0000 mem_rd=0540006f
TRACE t=1455000 wb_have=1 pcIF=000001b4 instIF=fbc00093 pcID=000001b0 instID=d9010113 pcEX=000001ac aluMEM=00000005 mem_stall=0 mem_waited=0 mem_addr=00000005 mem_we=0000 mem_rd=0ff0000f
COMMIT t=1455000 wb_pc=000001a4 wb_we=0 wb_rd=x21 wb_val=00000f38 IF_pc=000001b4 IF_inst=fbc00093 ID_pc=000001b0 ID_inst=d9010113 EX_pc=000001ac EX_alu=000031ac mem_stall=0 mem_commit=0 mem_we=0000 mem_addr=00000005 mem_wd=00000000 mem_rd=0ff0000f
TRACE t=1465000 wb_have=1 pcIF=000001b8 instIF=001101a3 pcID=000001b4 instID=fbc00093 pcEX=000001b0 aluMEM=000031ac mem_stall=0 mem_waited=0 mem_addr=000031ac mem_we=0000 mem_rd=34202f73
COMMIT t=1465000 wb_pc=000001a8 wb_we=1 wb_rd=x3 wb_val=00000005 IF_pc=000001b8 IF_inst=001101a3 ID_pc=000001b4 ID_inst=fbc00093 EX_pc=000001b0 EX_alu=00002f3c mem_stall=0 mem_commit=0 mem_we=0000 mem_addr=000031ac mem_wd=00000000 mem_rd=34202f73
TRACE t=1475000 wb_have=1 pcIF=000001bc instIF=00310703 pcID=000001b8 instID=001101a3 pcEX=000001b4 aluMEM=00002f3c mem_stall=0 mem_waited=0 mem_addr=00002f3c mem_we=0000 mem_rd=00000000
COMMIT t=1475000 wb_pc=000001ac wb_we=1 wb_rd=x2 wb_val=000031ac IF_pc=000001bc IF_inst=00310703 ID_pc=000001b8 ID_inst=001101a3 EX_pc=000001b4 EX_alu=ffffffbc mem_stall=0 mem_commit=0 mem_we=0000 mem_addr=00002f3c mem_wd=00000000 mem_rd=00000000
TRACE t=1485000 wb_have=1 pcIF=000001bc instIF=00310703 pcID=000001b8 instID=001101a3 pcEX=000001b8 aluMEM=ffffffbc mem_stall=0 mem_waited=0 mem_addr=ffffffbc mem_we=0000 mem_rd=decccddd
COMMIT t=1485000 wb_pc=000001b0 wb_we=1 wb_rd=x2 wb_val=00002f3c IF_pc=000001bc IF_inst=00310703 ID_pc=000001b8 ID_inst=001101a3 EX_pc=000001b8 EX_alu=00002f3f mem_stall=0 mem_commit=0 mem_we=0000 mem_addr=ffffffbc mem_wd=00000000 mem_rd=decccddd
TRACE t=1495000 wb_have=1 pcIF=000001c0 instIF=00e101a3 pcID=000001bc instID=00310703 pcEX=000001b8 aluMEM=00002f3f mem_stall=1 mem_waited=0 mem_addr=00002f3f mem_we=0000 mem_rd=00000000
COMMIT t=1495000 wb_pc=000001b4 wb_we=1 wb_rd=x1 wb_val=ffffffbc IF_pc=000001c0 IF_inst=00e101a3 ID_pc=000001bc ID_inst=00310703 EX_pc=000001b8 EX_alu=00002f3f mem_stall=1 mem_commit=0 mem_we=0000 mem_addr=00002f3f mem_wd=ffffffcc mem_rd=00000000
TRACE t=1505000 wb_have=0 pcIF=000001c0 instIF=00e101a3 pcID=000001bc instID=00310703 pcEX=000001b8 aluMEM=00002f3f mem_stall=0 mem_waited=1 mem_addr=00002f3f mem_we=0000 mem_rd=decccddd
TRACE t=1515000 wb_have=1 pcIF=000001c4 instIF=00310103 pcID=000001c0 instID=00e101a3 pcEX=000001bc aluMEM=00002f3f mem_stall=1 mem_waited=0 mem_addr=00002f3f mem_we=0000 mem_rd=decccddd
COMMIT t=1515000 wb_pc=000001b8 wb_we=1 wb_rd=x0 wb_val=decccddd IF_pc=000001c4 IF_inst=00310103 ID_pc=000001c0 ID_inst=00e101a3 EX_pc=000001bc EX_alu=00002f3f mem_stall=1 mem_commit=0 mem_we=0000 mem_addr=00002f3f mem_wd=bc000000 mem_rd=decccddd
TRACE t=1525000 wb_have=0 pcIF=000001c4 instIF=00310103 pcID=000001c0 instID=00e101a3 pcEX=000001bc aluMEM=00002f3f mem_stall=0 mem_waited=1 mem_addr=00002f3f mem_we=1000 mem_rd=decccddd
MEM_WRITE t=1525000 pc=000001b8 addr=00002f3f wd=bc000000 ctrl=1
TRACE t=1535000 wb_have=1 pcIF=000001c4 instIF=00310103 pcID=000001c0 instID=00e101a3 pcEX=00000000 aluMEM=00002f3f mem_stall=1 mem_waited=0 mem_addr=00002f3f mem_we=0000 mem_rd=bccccddd
COMMIT t=1535000 wb_pc=000001b8 wb_we=0 wb_rd=x3 wb_val=00002f3f IF_pc=000001c4 IF_inst=00310103 ID_pc=000001c0 ID_inst=00e101a3 EX_pc=00000000 EX_alu=00000000 mem_stall=1 mem_commit=0 mem_we=0000 mem_addr=00002f3f mem_wd=05000000 mem_rd=bccccddd
TRACE t=1545000 wb_have=0 pcIF=000001c4 instIF=00310103 pcID=000001c0 instID=00e101a3 pcEX=00000000 aluMEM=00002f3f mem_stall=0 mem_waited=1 mem_addr=00002f3f mem_we=0000 mem_rd=bccccddd
TRACE t=1555000 wb_have=0 pcIF=000001c8 instIF=fbc00393 pcID=000001c4 instID=00310103 pcEX=000001c0 aluMEM=00000000 mem_stall=0 mem_waited=0 mem_addr=00000000 mem_we=0000 mem_rd=bccccddd
TRACE t=1565000 wb_have=0 pcIF=000001cc instIF=567116e3 pcID=000001c8 instID=fbc00393 pcEX=000001c4 aluMEM=00002f3f mem_stall=1 mem_waited=0 mem_addr=00002f3f mem_we=0000 mem_rd=0540006f
TRACE t=1575000 wb_have=1 pcIF=000001cc instIF=567116e3 pcID=000001c8 instID=fbc00393 pcEX=000001c4 aluMEM=00002f3f mem_stall=0 mem_waited=1 mem_addr=00002f3f mem_we=1000 mem_rd=bccccddd
COMMIT t=1575000 wb_pc=00000000 wb_we=0 wb_rd=x0 wb_val=00000004 IF_pc=000001cc IF_inst=567116e3 ID_pc=000001c8 ID_inst=fbc00393 EX_pc=000001c4 EX_alu=00002f3f mem_stall=0 mem_commit=1 mem_we=1000 mem_addr=00002f3f mem_wd=bc000000 mem_rd=bccccddd
MEM_WRITE t=1575000 pc=00000000 addr=00002f3f wd=bc000000 ctrl=1
TRACE t=1585000 wb_have=1 pcIF=000001d0 instIF=00003117 pcID=000001cc instID=567116e3 pcEX=000001c8 aluMEM=00002f3f mem_stall=1 mem_waited=0 mem_addr=00002f3f mem_we=0000 mem_rd=bccccddd
COMMIT t=1585000 wb_pc=000001c0 wb_we=0 wb_rd=x3 wb_val=00002f3f IF_pc=000001d0 IF_inst=00003117 ID_pc=000001cc ID_inst=567116e3 EX_pc=000001c8 EX_alu=ffffffbc mem_stall=1 mem_commit=0 mem_we=0000 mem_addr=00002f3f mem_wd=05000000 mem_rd=bccccddd
TRACE t=1595000 wb_have=0 pcIF=000001d0 instIF=00003117 pcID=000001cc instID=567116e3 pcEX=000001c8 aluMEM=00002f3f mem_stall=0 mem_waited=1 mem_addr=00002f3f mem_we=0000 mem_rd=bccccddd
TRACE t=1605000 wb_have=1 pcIF=000001d4 instIF=d6c10113 pcID=000001d0 instID=00003117 pcEX=000001cc aluMEM=ffffffbc mem_stall=0 mem_waited=0 mem_addr=ffffffbc mem_we=0000 mem_rd=bccccddd
COMMIT t=1605000 wb_pc=000001c4 wb_we=1 wb_rd=x2 wb_val=ffffffbc IF_pc=000001d4 IF_inst=d6c10113 ID_pc=000001d0 ID_inst=00003117 EX_pc=000001cc EX_alu=00000f38 mem_stall=0 mem_commit=0 mem_we=0000 mem_addr=ffffffbc mem_wd=00000000 mem_rd=bccccddd
TRACE t=1615000 wb_have=0 pcIF=000001d8 instIF=00212423 pcID=000001d4 instID=d6c10113 pcEX=000001d0 aluMEM=00000f38 mem_stall=0 mem_waited=0 mem_addr=00000f38 mem_we=0000 mem_rd=00000000
TRACE t=1625000 wb_have=1 pcIF=000001dc instIF=00812203 pcID=000001d8 instID=00212423 pcEX=000001d4 aluMEM=000031d0 mem_stall=0 mem_waited=0 mem_addr=000031d0 mem_we=0000 mem_rd=0ff0000f
COMMIT t=1625000 wb_pc=000001cc wb_we=0 wb_rd=x13 wb_val=00000f38 IF_pc=000001dc IF_inst=00812203 ID_pc=000001d8 ID_inst=00212423 EX_pc=000001d4 EX_alu=00002f3c mem_stall=0 mem_commit=0 mem_we=0000 mem_addr=000031d0 mem_wd=00000000 mem_rd=0ff0000f
TRACE t=1635000 wb_have=1 pcIF=000001e0 instIF=001201a3 pcID=000001dc instID=00812203 pcEX=000001d8 aluMEM=00002f3c mem_stall=0 mem_waited=0 mem_addr=00002f3c mem_we=0000 mem_rd=00000000
COMMIT t=1635000 wb_pc=000001d0 wb_we=1 wb_rd=x2 wb_val=000031d0 IF_pc=000001e0 IF_inst=001201a3 ID_pc=000001dc ID_inst=00812203 EX_pc=000001d8 EX_alu=00002f44 mem_stall=0 mem_commit=0 mem_we=0000 mem_addr=00002f3c mem_wd=00000000 mem_rd=00000000
TRACE t=1645000 wb_have=1 pcIF=000001e4 instIF=54221ae3 pcID=000001e0 instID=001201a3 pcEX=000001dc aluMEM=00002f44 mem_stall=1 mem_waited=0 mem_addr=00002f44 mem_we=0000 mem_rd=bccccddd
COMMIT t=1645000 wb_pc=000001d4 wb_we=1 wb_rd=x2 wb_val=00002f3c IF_pc=000001e4 IF_inst=54221ae3 ID_pc=000001e0 ID_inst=001201a3 EX_pc=000001dc EX_alu=00002f44 mem_stall=1 mem_commit=0 mem_we=0000 mem_addr=00002f44 mem_wd=00002f3c mem_rd=bccccddd
TRACE t=1655000 wb_have=1 pcIF=000001e4 instIF=54221ae3 pcID=000001e0 instID=001201a3 pcEX=000001dc aluMEM=00002f44 mem_stall=0 mem_waited=1 mem_addr=00002f44 mem_we=1111 mem_rd=00002f3c
COMMIT t=1655000 wb_pc=000001d4 wb_we=1 wb_rd=x2 wb_val=00002f3c IF_pc=000001e4 IF_inst=54221ae3 ID_pc=000001e0 ID_inst=001201a3 EX_pc=000001dc EX_alu=00002f44 mem_stall=0 mem_commit=1 mem_we=1111 mem_addr=00002f44 mem_wd=00002f3c mem_rd=00002f3c
MEM_WRITE t=1655000 pc=000001d4 addr=00002f44 wd=00002f3c ctrl=1
TRACE t=1665000 wb_have=1 pcIF=000001e4 instIF=54221ae3 pcID=000001e0 instID=001201a3 pcEX=00000000 aluMEM=00002f44 mem_stall=1 mem_waited=0 mem_addr=00002f44 mem_we=0000 mem_rd=00002f3c
COMMIT t=1665000 wb_pc=000001d8 wb_we=0 wb_rd=x8 wb_val=00002f44 IF_pc=000001e4 IF_inst=54221ae3 ID_pc=000001e0 ID_inst=001201a3 EX_pc=00000000 EX_alu=00000000 mem_stall=1 mem_commit=0 mem_we=0000 mem_addr=00002f44 mem_wd=00000000 mem_rd=00002f3c
TRACE t=1675000 wb_have=0 pcIF=000001e4 instIF=54221ae3 pcID=000001e0 instID=001201a3 pcEX=00000000 aluMEM=00002f44 mem_stall=0 mem_waited=1 mem_addr=00002f44 mem_we=0000 mem_rd=00002f3c
TRACE t=1685000 wb_have=0 pcIF=000001e8 instIF=00320703 pcID=000001e4 instID=54221ae3 pcEX=000001e0 aluMEM=00000000 mem_stall=0 mem_waited=0 mem_addr=00000000 mem_we=0000 mem_rd=00002f3c
TRACE t=1695000 wb_have=0 pcIF=000001ec instIF=547716e3 pcID=000001e8 instID=00320703 pcEX=000001e4 aluMEM=00002f3f mem_stall=1 mem_waited=0 mem_addr=00002f3f mem_we=0000 mem_rd=0540006f
TRACE t=1705000 wb_have=1 pcIF=000001ec instIF=547716e3 pcID=000001e8 instID=00320703 pcEX=000001e4 aluMEM=00002f3f mem_stall=0 mem_waited=1 mem_addr=00002f3f mem_we=1000 mem_rd=bccccddd
COMMIT t=1705000 wb_pc=00000000 wb_we=0 wb_rd=x0 wb_val=00000004 IF_pc=000001ec IF_inst=547716e3 ID_pc=000001e8 ID_inst=00320703 EX_pc=000001e4 EX_alu=00000f38 mem_stall=0 mem_commit=1 mem_we=1000 mem_addr=00002f3f mem_wd=bc000000 mem_rd=bccccddd
MEM_WRITE t=1705000 pc=00000000 addr=00002f3f wd=bc000000 ctrl=1
TRACE t=1715000 wb_have=1 pcIF=000001f0 instIF=00600193 pcID=000001ec instID=547716e3 pcEX=000001e8 aluMEM=00000f38 mem_stall=0 mem_waited=0 mem_addr=00000f38 mem_we=0000 mem_rd=bccccddd
COMMIT t=1715000 wb_pc=000001e0 wb_we=0 wb_rd=x3 wb_val=00002f3f IF_pc=000001f0 IF_inst=00600193 ID_pc=000001ec ID_inst=547716e3 EX_pc=000001e8 EX_alu=00002f3f mem_stall=0 mem_commit=0 mem_we=0000 mem_addr=00000f38 mem_wd=00002f3c mem_rd=bccccddd
TRACE t=1725000 wb_have=0 pcIF=000001f0 instIF=00600193 pcID=000001ec instID=547716e3 pcEX=00000000 aluMEM=00002f3f mem_stall=1 mem_waited=0 mem_addr=00002f3f mem_we=0000 mem_rd=0ff0000f
TRACE t=1735000 wb_have=1 pcIF=000001f0 instIF=00600193 pcID=000001ec instID=547716e3 pcEX=00000000 aluMEM=00002f3f mem_stall=0 mem_waited=1 mem_addr=00002f3f mem_we=0000 mem_rd=bccccddd
COMMIT t=1735000 wb_pc=000001e4 wb_we=0 wb_rd=x21 wb_val=00000f38 IF_pc=000001f0 IF_inst=00600193 ID_pc=000001ec ID_inst=547716e3 EX_pc=00000000 EX_alu=00000000 mem_stall=0 mem_commit=1 mem_we=0000 mem_addr=00002f3f mem_wd=05000000 mem_rd=bccccddd
TRACE t=1745000 wb_have=0 pcIF=000001f4 instIF=00003117 pcID=000001f0 instID=00600193 pcEX=000001ec aluMEM=00000000 mem_stall=0 mem_waited=0 mem_addr=00000000 mem_we=0000 mem_rd=bccccddd
TRACE t=1755000 wb_have=0 pcIF=000001f8 instIF=d4810113 pcID=000001f4 instID=00003117 pcEX=000001f0 aluMEM=00000f38 mem_stall=0 mem_waited=0 mem_addr=00000f38 mem_we=0000 mem_rd=0540006f
TRACE t=1765000 wb_have=1 pcIF=000001fc instIF=fbb00093 pcID=000001f8 instID=d4810113 pcEX=000001f4 aluMEM=00000006 mem_stall=0 mem_waited=0 mem_addr=00000006 mem_we=0000 mem_rd=0ff0000f
COMMIT t=1765000 wb_pc=000001ec wb_we=0 wb_rd=x13 wb_val=00000f38 IF_pc=000001fc IF_inst=fbb00093 ID_pc=000001f8 ID_inst=d4810113 EX_pc=000001f4 EX_alu=000031f4 mem_stall=0 mem_commit=0 mem_we=0000 mem_addr=00000006 mem_wd=00000000 mem_rd=0ff0000f
TRACE t=1775000 wb_have=1 pcIF=00000200 instIF=00110223 pcID=000001fc instID=fbb00093 pcEX=000001f8 aluMEM=000031f4 mem_stall=0 mem_waited=0 mem_addr=000031f4 mem_we=0000 mem_rd=34202f73
COMMIT t=1775000 wb_pc=000001f0 wb_we=1 wb_rd=x3 wb_val=00000006 IF_pc=00000200 IF_inst=00110223 ID_pc=000001fc ID_inst=fbb00093 EX_pc=000001f8 EX_alu=00002f3c mem_stall=0 mem_commit=0 mem_we=0000 mem_addr=000031f4 mem_wd=00000000 mem_rd=34202f73
TRACE t=1785000 wb_have=1 pcIF=00000204 instIF=00410703 pcID=00000200 instID=00110223 pcEX=000001fc aluMEM=00002f3c mem_stall=0 mem_waited=0 mem_addr=00002f3c mem_we=0000 mem_rd=00000000
COMMIT t=1785000 wb_pc=000001f4 wb_we=1 wb_rd=x2 wb_val=000031f4 IF_pc=00000204 IF_inst=00410703 ID_pc=00000200 ID_inst=00110223 EX_pc=000001fc EX_alu=ffffffbb mem_stall=0 mem_commit=0 mem_we=0000 mem_addr=00002f3c mem_wd=00000000 mem_rd=00000000
TRACE t=1795000 wb_have=1 pcIF=00000204 instIF=00410703 pcID=00000200 instID=00110223 pcEX=00000200 aluMEM=ffffffbb mem_stall=0 mem_waited=0 mem_addr=ffffffbb mem_we=0000 mem_rd=bccccddd
COMMIT t=1795000 wb_pc=000001f8 wb_we=1 wb_rd=x2 wb_val=00002f3c IF_pc=00000204 IF_inst=00410703 ID_pc=00000200 ID_inst=00110223 EX_pc=00000200 EX_alu=00002f40 mem_stall=0 mem_commit=0 mem_we=0000 mem_addr=ffffffbb mem_wd=00000000 mem_rd=bccccddd
TRACE t=1805000 wb_have=1 pcIF=00000208 instIF=00e10223 pcID=00000204 instID=00410703 pcEX=00000200 aluMEM=00002f40 mem_stall=1 mem_waited=0 mem_addr=00002f40 mem_we=0000 mem_rd=00000000
COMMIT t=1805000 wb_pc=000001fc wb_we=1 wb_rd=x1 wb_val=ffffffbb IF_pc=00000208 IF_inst=00e10223 ID_pc=00000204 ID_inst=00410703 EX_pc=00000200 EX_alu=00002f40 mem_stall=1 mem_commit=0 mem_we=0000 mem_addr=00002f40 mem_wd=ffffffbc mem_rd=00000000
TRACE t=1815000 wb_have=0 pcIF=00000208 instIF=00e10223 pcID=00000204 instID=00410703 pcEX=00000200 aluMEM=00002f40 mem_stall=0 mem_waited=1 mem_addr=00002f40 mem_we=0000 mem_rd=deadbeef
TRACE t=1825000 wb_have=1 pcIF=0000020c instIF=00410103 pcID=00000208 instID=00e10223 pcEX=00000204 aluMEM=00002f40 mem_stall=1 mem_waited=0 mem_addr=00002f40 mem_we=0000 mem_rd=deadbeef
COMMIT t=1825000 wb_pc=00000200 wb_we=1 wb_rd=x0 wb_val=deadbeef IF_pc=0000020c IF_inst=00410103 ID_pc=00000208 ID_inst=00e10223 EX_pc=00000204 EX_alu=00002f40 mem_stall=1 mem_commit=0 mem_we=0000 mem_addr=00002f40 mem_wd=000000bb mem_rd=deadbeef
TRACE t=1835000 wb_have=0 pcIF=0000020c instIF=00410103 pcID=00000208 instID=00e10223 pcEX=00000204 aluMEM=00002f40 mem_stall=0 mem_waited=1 mem_addr=00002f40 mem_we=0001 mem_rd=deadbeef
MEM_WRITE t=1835000 pc=00000200 addr=00002f40 wd=000000bb ctrl=1
TRACE t=1845000 wb_have=1 pcIF=0000020c instIF=00410103 pcID=00000208 instID=00e10223 pcEX=00000000 aluMEM=00002f40 mem_stall=1 mem_waited=0 mem_addr=00002f40 mem_we=0000 mem_rd=deadbebb
COMMIT t=1845000 wb_pc=00000200 wb_we=0 wb_rd=x4 wb_val=00002f40 IF_pc=0000020c IF_inst=00410103 ID_pc=00000208 ID_inst=00e10223 EX_pc=00000000 EX_alu=00000000 mem_stall=1 mem_commit=0 mem_we=0000 mem_addr=00002f40 mem_wd=0000003c mem_rd=deadbebb
TRACE t=1855000 wb_have=0 pcIF=0000020c instIF=00410103 pcID=00000208 instID=00e10223 pcEX=00000000 aluMEM=00002f40 mem_stall=0 mem_waited=1 mem_addr=00002f40 mem_we=0000 mem_rd=deadbebb
TRACE t=1865000 wb_have=0 pcIF=00000210 instIF=fbb00393 pcID=0000020c instID=00410103 pcEX=00000208 aluMEM=00000000 mem_stall=0 mem_waited=0 mem_addr=00000000 mem_we=0000 mem_rd=deadbebb
TRACE t=1875000 wb_have=0 pcIF=00000214 instIF=527112e3 pcID=00000210 instID=fbb00393 pcEX=0000020c aluMEM=00002f40 mem_stall=1 mem_waited=0 mem_addr=00002f40 mem_we=0000 mem_rd=0540006f
TRACE t=1885000 wb_have=1 pcIF=00000214 instIF=527112e3 pcID=00000210 instID=fbb00393 pcEX=0000020c aluMEM=00002f40 mem_stall=0 mem_waited=1 mem_addr=00002f40 mem_we=0001 mem_rd=deadbebb
COMMIT t=1885000 wb_pc=00000000 wb_we=0 wb_rd=x0 wb_val=00000004 IF_pc=00000214 IF_inst=527112e3 ID_pc=00000210 ID_inst=fbb00393 EX_pc=0000020c EX_alu=00002f40 mem_stall=0 mem_commit=1 mem_we=0001 mem_addr=00002f40 mem_wd=000000bb mem_rd=deadbebb
MEM_WRITE t=1885000 pc=00000000 addr=00002f40 wd=000000bb ctrl=1
TRACE t=1895000 wb_have=1 pcIF=00000218 instIF=00003117 pcID=00000214 instID=527112e3 pcEX=00000210 aluMEM=00002f40 mem_stall=1 mem_waited=0 mem_addr=00002f40 mem_we=0000 mem_rd=deadbebb
COMMIT t=1895000 wb_pc=00000208 wb_we=0 wb_rd=x4 wb_val=00002f40 IF_pc=00000218 IF_inst=00003117 ID_pc=00000214 ID_inst=527112e3 EX_pc=00000210 EX_alu=ffffffbb mem_stall=1 mem_commit=0 mem_we=0000 mem_addr=00002f40 mem_wd=0000003c mem_rd=deadbebb
TRACE t=1905000 wb_have=0 pcIF=00000218 instIF=00003117 pcID=00000214 instID=527112e3 pcEX=00000210 aluMEM=00002f40 mem_stall=0 mem_waited=1 mem_addr=00002f40 mem_we=0000 mem_rd=deadbebb
TRACE t=1915000 wb_have=1 pcIF=0000021c instIF=d2410113 pcID=00000218 instID=00003117 pcEX=00000214 aluMEM=ffffffbb mem_stall=0 mem_waited=0 mem_addr=ffffffbb mem_we=0000 mem_rd=deadbebb
COMMIT t=1915000 wb_pc=0000020c wb_we=1 wb_rd=x2 wb_val=ffffffbb IF_pc=0000021c IF_inst=d2410113 ID_pc=00000218 ID_inst=00003117 EX_pc=00000214 EX_alu=00000f38 mem_stall=0 mem_commit=0 mem_we=0000 mem_addr=ffffffbb mem_wd=00000000 mem_rd=deadbebb
TRACE t=1925000 wb_have=0 pcIF=00000220 instIF=00212423 pcID=0000021c instID=d2410113 pcEX=00000218 aluMEM=00000f38 mem_stall=0 mem_waited=0 mem_addr=00000f38 mem_we=0000 mem_rd=00000000
TRACE t=1935000 wb_have=1 pcIF=00000224 instIF=00812203 pcID=00000220 instID=00212423 pcEX=0000021c aluMEM=00003218 mem_stall=0 mem_waited=0 mem_addr=00003218 mem_we=0000 mem_rd=0ff0000f
COMMIT t=1935000 wb_pc=00000214 wb_we=0 wb_rd=x5 wb_val=00000f38 IF_pc=00000224 IF_inst=00812203 ID_pc=00000220 ID_inst=00212423 EX_pc=0000021c EX_alu=00002f3c mem_stall=0 mem_commit=0 mem_we=0000 mem_addr=00003218 mem_wd=00000000 mem_rd=0ff0000f
TRACE t=1945000 wb_have=1 pcIF=00000228 instIF=00120223 pcID=00000224 instID=00812203 pcEX=00000220 aluMEM=00002f3c mem_stall=0 mem_waited=0 mem_addr=00002f3c mem_we=0000 mem_rd=00000000
COMMIT t=1945000 wb_pc=00000218 wb_we=1 wb_rd=x2 wb_val=00003218 IF_pc=00000228 IF_inst=00120223 ID_pc=00000224 ID_inst=00812203 EX_pc=00000220 EX_alu=00002f44 mem_stall=0 mem_commit=0 mem_we=0000 mem_addr=00002f3c mem_wd=0000003c mem_rd=00000000
TRACE t=1955000 wb_have=1 pcIF=0000022c instIF=502216e3 pcID=00000228 instID=00120223 pcEX=00000224 aluMEM=00002f44 mem_stall=1 mem_waited=0 mem_addr=00002f44 mem_we=0000 mem_rd=bccccddd
COMMIT t=1955000 wb_pc=0000021c wb_we=1 wb_rd=x2 wb_val=00002f3c IF_pc=0000022c IF_inst=502216e3 ID_pc=00000228 ID_inst=00120223 EX_pc=00000224 EX_alu=00002f44 mem_stall=1 mem_commit=0 mem_we=0000 mem_addr=00002f44 mem_wd=00002f3c mem_rd=bccccddd
TRACE t=1965000 wb_have=1 pcIF=0000022c instIF=502216e3 pcID=00000228 instID=00120223 pcEX=00000224 aluMEM=00002f44 mem_stall=0 mem_waited=1 mem_addr=00002f44 mem_we=1111 mem_rd=00002f3c
COMMIT t=1965000 wb_pc=0000021c wb_we=1 wb_rd=x2 wb_val=00002f3c IF_pc=0000022c IF_inst=502216e3 ID_pc=00000228 ID_inst=00120223 EX_pc=00000224 EX_alu=00002f44 mem_stall=0 mem_commit=1 mem_we=1111 mem_addr=00002f44 mem_wd=00002f3c mem_rd=00002f3c
MEM_WRITE t=1965000 pc=0000021c addr=00002f44 wd=00002f3c ctrl=1
TRACE t=1975000 wb_have=1 pcIF=0000022c instIF=502216e3 pcID=00000228 instID=00120223 pcEX=00000000 aluMEM=00002f44 mem_stall=1 mem_waited=0 mem_addr=00002f44 mem_we=0000 mem_rd=00002f3c
COMMIT t=1975000 wb_pc=00000220 wb_we=0 wb_rd=x8 wb_val=00002f44 IF_pc=0000022c IF_inst=502216e3 ID_pc=00000228 ID_inst=00120223 EX_pc=00000000 EX_alu=00000000 mem_stall=1 mem_commit=0 mem_we=0000 mem_addr=00002f44 mem_wd=00000000 mem_rd=00002f3c
TRACE t=1985000 wb_have=0 pcIF=0000022c instIF=502216e3 pcID=00000228 instID=00120223 pcEX=00000000 aluMEM=00002f44 mem_stall=0 mem_waited=1 mem_addr=00002f44 mem_we=0000 mem_rd=00002f3c
TRACE t=1995000 wb_have=0 pcIF=00000230 instIF=00420703 pcID=0000022c instID=502216e3 pcEX=00000228 aluMEM=00000000 mem_stall=0 mem_waited=0 mem_addr=00000000 mem_we=0000 mem_rd=00002f3c
COMMIT t=2015000 wb_pc=00000000 wb_we=0 wb_rd=x0 wb_val=00000004 IF_pc=00000234 IF_inst=507712e3 ID_pc=00000230 ID_inst=00420703 EX_pc=0000022c EX_alu=00000f38 mem_stall=0 mem_commit=1 mem_we=0001 mem_addr=00002f40 mem_wd=000000bb mem_rd=deadbebb
MEM_WRITE t=2015000 pc=00000000 addr=00002f40 wd=000000bb ctrl=1
COMMIT t=2025000 wb_pc=00000228 wb_we=0 wb_rd=x4 wb_val=00002f40 IF_pc=00000238 IF_inst=00700193 ID_pc=00000234 ID_inst=507712e3 EX_pc=00000230 EX_alu=00002f40 mem_stall=0 mem_commit=0 mem_we=0000 mem_addr=00000f38 mem_wd=00002f3c mem_rd=deadbebb
COMMIT t=2045000 wb_pc=0000022c wb_we=0 wb_rd=x13 wb_val=00000f38 IF_pc=00000238 IF_inst=00700193 ID_pc=00000234 ID_inst=507712e3 EX_pc=00000000 EX_alu=00000000 mem_stall=0 mem_commit=1 mem_we=0000 mem_addr=00002f40 mem_wd=0000003c mem_rd=deadbebb
COMMIT t=2075000 wb_pc=00000234 wb_we=0 wb_rd=x5 wb_val=00000f38 IF_pc=00000244 IF_inst=fab00093 ID_pc=00000240 ID_inst=d0010113 EX_pc=0000023c EX_alu=0000323c mem_stall=0 mem_commit=0 mem_we=0000 mem_addr=00000007 mem_wd=bb000000 mem_rd=0ff0000f
COMMIT t=2085000 wb_pc=00000238 wb_we=1 wb_rd=x3 wb_val=00000007 IF_pc=00000248 IF_inst=001102a3 ID_pc=00000244 ID_inst=fab00093 EX_pc=00000240 EX_alu=00002f3c mem_stall=0 mem_commit=0 mem_we=0000 mem_addr=0000323c mem_wd=00000000 mem_rd=34202f73
COMMIT t=2095000 wb_pc=0000023c wb_we=1 wb_rd=x2 wb_val=0000323c IF_pc=0000024c IF_inst=00510703 ID_pc=00000248 ID_inst=001102a3 EX_pc=00000244 EX_alu=ffffffab mem_stall=0 mem_commit=0 mem_we=0000 mem_addr=00002f3c mem_wd=00000000 mem_rd=00000000
COMMIT t=2105000 wb_pc=00000240 wb_we=1 wb_rd=x2 wb_val=00002f3c IF_pc=0000024c IF_inst=00510703 ID_pc=00000248 ID_inst=001102a3 EX_pc=00000248 EX_alu=00002f41 mem_stall=0 mem_commit=0 mem_we=0000 mem_addr=ffffffab mem_wd=00000000 mem_rd=bccccddd
COMMIT t=2115000 wb_pc=00000244 wb_we=1 wb_rd=x1 wb_val=ffffffab IF_pc=00000250 IF_inst=00e102a3 ID_pc=0000024c ID_inst=00510703 EX_pc=00000248 EX_alu=00002f41 mem_stall=1 mem_commit=0 mem_we=0000 mem_addr=00002f41 mem_wd=ffffffbb mem_rd=00000000
COMMIT t=2135000 wb_pc=00000248 wb_we=1 wb_rd=x0 wb_val=deadbebb IF_pc=00000254 IF_inst=00510103 ID_pc=00000250 ID_inst=00e102a3 EX_pc=0000024c EX_alu=00002f41 mem_stall=1 mem_commit=0 mem_we=0000 mem_addr=00002f41 mem_wd=0000ab00 mem_rd=deadbebb
MEM_WRITE t=2145000 pc=00000248 addr=00002f41 wd=0000ab00 ctrl=1
COMMIT t=2155000 wb_pc=00000248 wb_we=0 wb_rd=x5 wb_val=00002f41 IF_pc=00000254 IF_inst=00510103 ID_pc=00000250 ID_inst=00e102a3 EX_pc=00000000 EX_alu=00000000 mem_stall=1 mem_commit=0 mem_we=0000 mem_addr=00002f41 mem_wd=00000000 mem_rd=deadabbb
COMMIT t=2195000 wb_pc=00000000 wb_we=0 wb_rd=x0 wb_val=00000004 IF_pc=0000025c IF_inst=4c711ee3 ID_pc=00000258 ID_inst=fab00393 EX_pc=00000254 EX_alu=00002f41 mem_stall=0 mem_commit=1 mem_we=0010 mem_addr=00002f41 mem_wd=0000ab00 mem_rd=deadabbb
MEM_WRITE t=2195000 pc=00000000 addr=00002f41 wd=0000ab00 ctrl=1
COMMIT t=2205000 wb_pc=00000250 wb_we=0 wb_rd=x5 wb_val=00002f41 IF_pc=00000260 IF_inst=00003117 ID_pc=0000025c ID_inst=4c711ee3 EX_pc=00000258 EX_alu=ffffffab mem_stall=1 mem_commit=0 mem_we=0000 mem_addr=00002f41 mem_wd=00000000 mem_rd=deadabbb
COMMIT t=2225000 wb_pc=00000254 wb_we=1 wb_rd=x2 wb_val=ffffffab IF_pc=00000264 IF_inst=cdc10113 ID_pc=00000260 ID_inst=00003117 EX_pc=0000025c EX_alu=00000f38 mem_stall=0 mem_commit=0 mem_we=0000 mem_addr=ffffffab mem_wd=00000000 mem_rd=deadabbb
COMMIT t=2245000 wb_pc=0000025c wb_we=0 wb_rd=x29 wb_val=00000f38 IF_pc=0000026c IF_inst=00812203 ID_pc=00000268 ID_inst=00212423 EX_pc=00000264 EX_alu=00002f3c mem_stall=0 mem_commit=0 mem_we=0000 mem_addr=00003260 mem_wd=00000000 mem_rd=0ff0000f
COMMIT t=2255000 wb_pc=00000260 wb_we=1 wb_rd=x2 wb_val=00003260 IF_pc=00000270 IF_inst=001202a3 ID_pc=0000026c ID_inst=00812203 EX_pc=00000268 EX_alu=00002f44 mem_stall=0 mem_commit=0 mem_we=0000 mem_addr=00002f3c mem_wd=00000000 mem_rd=00000000
COMMIT t=2265000 wb_pc=00000264 wb_we=1 wb_rd=x2 wb_val=00002f3c IF_pc=00000274 IF_inst=4c2212e3 ID_pc=00000270 ID_inst=001202a3 EX_pc=0000026c EX_alu=00002f44 mem_stall=1 mem_commit=0 mem_we=0000 mem_addr=00002f44 mem_wd=00002f3c mem_rd=bccccddd
COMMIT t=2275000 wb_pc=00000264 wb_we=1 wb_rd=x2 wb_val=00002f3c IF_pc=00000274 IF_inst=4c2212e3 ID_pc=00000270 ID_inst=001202a3 EX_pc=0000026c EX_alu=00002f44 mem_stall=0 mem_commit=1 mem_we=1111 mem_addr=00002f44 mem_wd=00002f3c mem_rd=00002f3c
MEM_WRITE t=2275000 pc=00000264 addr=00002f44 wd=00002f3c ctrl=1
COMMIT t=2285000 wb_pc=00000268 wb_we=0 wb_rd=x8 wb_val=00002f44 IF_pc=00000274 IF_inst=4c2212e3 ID_pc=00000270 ID_inst=001202a3 EX_pc=00000000 EX_alu=00000000 mem_stall=1 mem_commit=0 mem_we=0000 mem_addr=00002f44 mem_wd=00000000 mem_rd=00002f3c
COMMIT t=2325000 wb_pc=00000000 wb_we=0 wb_rd=x0 wb_val=00000004 IF_pc=0000027c IF_inst=4a771ee3 ID_pc=00000278 ID_inst=00520703 EX_pc=00000274 EX_alu=00000f38 mem_stall=0 mem_commit=1 mem_we=0010 mem_addr=00002f41 mem_wd=0000ab00 mem_rd=deadabbb
MEM_WRITE t=2325000 pc=00000000 addr=00002f41 wd=0000ab00 ctrl=1
COMMIT t=2335000 wb_pc=00000270 wb_we=0 wb_rd=x5 wb_val=00002f41 IF_pc=00000280 IF_inst=00800193 ID_pc=0000027c ID_inst=4a771ee3 EX_pc=00000278 EX_alu=00002f41 mem_stall=0 mem_commit=0 mem_we=0000 mem_addr=00000f38 mem_wd=00002f3c mem_rd=deadabbb
COMMIT t=2355000 wb_pc=00000274 wb_we=0 wb_rd=x5 wb_val=00000f38 IF_pc=00000280 IF_inst=00800193 ID_pc=0000027c ID_inst=4a771ee3 EX_pc=00000000 EX_alu=00000000 mem_stall=0 mem_commit=1 mem_we=0000 mem_addr=00002f41 mem_wd=00000000 mem_rd=deadabbb
COMMIT t=2385000 wb_pc=0000027c wb_we=0 wb_rd=x29 wb_val=00000f38 IF_pc=0000028c IF_inst=03300093 ID_pc=00000288 ID_inst=cb810113 EX_pc=00000284 EX_alu=00003284 mem_stall=0 mem_commit=0 mem_we=0000 mem_addr=00000008 mem_wd=00000000 mem_rd=0ff0000f
COMMIT t=2395000 wb_pc=00000280 wb_we=1 wb_rd=x3 wb_val=00000008 IF_pc=00000290 IF_inst=00110023 ID_pc=0000028c ID_inst=03300093 EX_pc=00000288 EX_alu=00002f3c mem_stall=0 mem_commit=0 mem_we=0000 mem_addr=00003284 mem_wd=00000000 mem_rd=00800f93
COMMIT t=2405000 wb_pc=00000284 wb_we=1 wb_rd=x2 wb_val=00003284 IF_pc=00000294 IF_inst=00010703 ID_pc=00000290 ID_inst=00110023 EX_pc=0000028c EX_alu=00000033 mem_stall=0 mem_commit=0 mem_we=0000 mem_addr=00002f3c mem_wd=00000000 mem_rd=00000000
COMMIT t=2415000 wb_pc=00000288 wb_we=1 wb_rd=x2 wb_val=00002f3c IF_pc=00000294 IF_inst=00010703 ID_pc=00000290 ID_inst=00110023 EX_pc=00000290 EX_alu=00002f3c mem_stall=0 mem_commit=0 mem_we=0000 mem_addr=00000033 mem_wd=00000000 mem_rd=bccccddd
COMMIT t=2425000 wb_pc=0000028c wb_we=1 wb_rd=x1 wb_val=00000033 IF_pc=00000298 IF_inst=00e10023 ID_pc=00000294 ID_inst=00010703 EX_pc=00000290 EX_alu=00002f3c mem_stall=1 mem_commit=0 mem_we=0000 mem_addr=00002f3c mem_wd=ffffffab mem_rd=34202f73
COMMIT t=2445000 wb_pc=00000290 wb_we=1 wb_rd=x0 wb_val=bccccddd IF_pc=0000029c IF_inst=00010103 ID_pc=00000298 ID_inst=00e10023 EX_pc=00000294 EX_alu=00002f3c mem_stall=1 mem_commit=0 mem_we=0000 mem_addr=00002f3c mem_wd=00000033 mem_rd=bccccddd
MEM_WRITE t=2455000 pc=00000290 addr=00002f3c wd=00000033 ctrl=1
COMMIT t=2465000 wb_pc=00000290 wb_we=0 wb_rd=x0 wb_val=00002f3c IF_pc=0000029c IF_inst=00010103 ID_pc=00000298 ID_inst=00e10023 EX_pc=00000000 EX_alu=00000000 mem_stall=1 mem_commit=0 mem_we=0000 mem_addr=00002f3c mem_wd=00000000 mem_rd=bccccd33
COMMIT t=2505000 wb_pc=00000000 wb_we=0 wb_rd=x0 wb_val=00000004 IF_pc=000002a4 IF_inst=48711ae3 ID_pc=000002a0 ID_inst=03300393 EX_pc=0000029c EX_alu=00002f3c mem_stall=0 mem_commit=1 mem_we=0001 mem_addr=00002f3c mem_wd=00000033 mem_rd=bccccd33
MEM_WRITE t=2505000 pc=00000000 addr=00002f3c wd=00000033 ctrl=1
COMMIT t=2515000 wb_pc=00000298 wb_we=0 wb_rd=x0 wb_val=00002f3c IF_pc=000002a8 IF_inst=00003117 ID_pc=000002a4 ID_inst=48711ae3 EX_pc=000002a0 EX_alu=00000033 mem_stall=1 mem_commit=0 mem_we=0000 mem_addr=00002f3c mem_wd=00000000 mem_rd=bccccd33
COMMIT t=2535000 wb_pc=0000029c wb_we=1 wb_rd=x2 wb_val=00000033 IF_pc=000002ac IF_inst=c9410113 ID_pc=000002a8 ID_inst=00003117 EX_pc=000002a4 EX_alu=00000f38 mem_stall=0 mem_commit=0 mem_we=0000 mem_addr=00000033 mem_wd=00000000 mem_rd=bccccd33
COMMIT t=2555000 wb_pc=000002a4 wb_we=0 wb_rd=x21 wb_val=00000f38 IF_pc=000002b4 IF_inst=00812203 ID_pc=000002b0 ID_inst=00212423 EX_pc=000002ac EX_alu=00002f3c mem_stall=0 mem_commit=0 mem_we=0000 mem_addr=000032a8 mem_wd=00000000 mem_rd=0ff0000f
COMMIT t=2565000 wb_pc=000002a8 wb_we=1 wb_rd=x2 wb_val=000032a8 IF_pc=000002b8 IF_inst=00120023 ID_pc=000002b4 ID_inst=00812203 EX_pc=000002b0 EX_alu=00002f44 mem_stall=0 mem_commit=0 mem_we=0000 mem_addr=00002f3c mem_wd=00000000 mem_rd=00000000
COMMIT t=2575000 wb_pc=000002ac wb_we=1 wb_rd=x2 wb_val=00002f3c IF_pc=000002bc IF_inst=46221ee3 ID_pc=000002b8 ID_inst=00120023 EX_pc=000002b4 EX_alu=00002f44 mem_stall=1 mem_commit=0 mem_we=0000 mem_addr=00002f44 mem_wd=00002f3c mem_rd=bccccd33
COMMIT t=2585000 wb_pc=000002ac wb_we=1 wb_rd=x2 wb_val=00002f3c IF_pc=000002bc IF_inst=46221ee3 ID_pc=000002b8 ID_inst=00120023 EX_pc=000002b4 EX_alu=00002f44 mem_stall=0 mem_commit=1 mem_we=1111 mem_addr=00002f44 mem_wd=00002f3c mem_rd=00002f3c
MEM_WRITE t=2585000 pc=000002ac addr=00002f44 wd=00002f3c ctrl=1
COMMIT t=2595000 wb_pc=000002b0 wb_we=0 wb_rd=x8 wb_val=00002f44 IF_pc=000002bc IF_inst=46221ee3 ID_pc=000002b8 ID_inst=00120023 EX_pc=00000000 EX_alu=00000000 mem_stall=1 mem_commit=0 mem_we=0000 mem_addr=00002f44 mem_wd=00000000 mem_rd=00002f3c
COMMIT t=2635000 wb_pc=00000000 wb_we=0 wb_rd=x0 wb_val=00000004 IF_pc=000002c4 IF_inst=46771ae3 ID_pc=000002c0 ID_inst=00020703 EX_pc=000002bc EX_alu=00000f38 mem_stall=0 mem_commit=1 mem_we=0001 mem_addr=00002f3c mem_wd=00000033 mem_rd=bccccd33
MEM_WRITE t=2635000 pc=00000000 addr=00002f3c wd=00000033 ctrl=1
COMMIT t=2645000 wb_pc=000002b8 wb_we=0 wb_rd=x0 wb_val=00002f3c IF_pc=000002c8 IF_inst=00900193 ID_pc=000002c4 ID_inst=46771ae3 EX_pc=000002c0 EX_alu=00002f3c mem_stall=0 mem_commit=0 mem_we=0000 mem_addr=00000f38 mem_wd=00002f3c mem_rd=bccccd33
COMMIT t=2665000 wb_pc=000002bc wb_we=0 wb_rd=x29 wb_val=00000f38 IF_pc=000002c8 IF_inst=00900193 ID_pc=000002c4 ID_inst=46771ae3 EX_pc=00000000 EX_alu=00000000 mem_stall=0 mem_commit=1 mem_we=0000 mem_addr=00002f3c mem_wd=00000000 mem_rd=bccccd33
COMMIT t=2695000 wb_pc=000002c4 wb_we=0 wb_rd=x21 wb_val=00000f38 IF_pc=000002d4 IF_inst=02300093 ID_pc=000002d0 ID_inst=c7010113 EX_pc=000002cc EX_alu=000032cc mem_stall=0 mem_commit=0 mem_we=0000 mem_addr=00000009 mem_wd=00000000 mem_rd=0ff0000f
COMMIT t=2705000 wb_pc=000002c8 wb_we=1 wb_rd=x3 wb_val=00000009 IF_pc=000002d8 IF_inst=001100a3 ID_pc=000002d4 ID_inst=02300093 EX_pc=000002d0 EX_alu=00002f3c mem_stall=0 mem_commit=0 mem_we=0000 mem_addr=000032cc mem_wd=00000000 mem_rd=00800f93
COMMIT t=2715000 wb_pc=000002cc wb_we=1 wb_rd=x2 wb_val=000032cc IF_pc=000002dc IF_inst=00110703 ID_pc=000002d8 ID_inst=001100a3 EX_pc=000002d4 EX_alu=00000023 mem_stall=0 mem_commit=0 mem_we=0000 mem_addr=00002f3c mem_wd=00000000 mem_rd=00000000
COMMIT t=2725000 wb_pc=000002d0 wb_we=1 wb_rd=x2 wb_val=00002f3c IF_pc=000002dc IF_inst=00110703 ID_pc=000002d8 ID_inst=001100a3 EX_pc=000002d8 EX_alu=00002f3d mem_stall=0 mem_commit=0 mem_we=0000 mem_addr=00000023 mem_wd=09000000 mem_rd=bccccd33
COMMIT t=2735000 wb_pc=000002d4 wb_we=1 wb_rd=x1 wb_val=00000023 IF_pc=000002e0 IF_inst=00e100a3 ID_pc=000002dc ID_inst=00110703 EX_pc=000002d8 EX_alu=00002f3d mem_stall=1 mem_commit=0 mem_we=0000 mem_addr=00002f3d mem_wd=00000023 mem_rd=00000f17
COMMIT t=2755000 wb_pc=000002d8 wb_we=1 wb_rd=x0 wb_val=bccccd33 IF_pc=000002e4 IF_inst=00110103 ID_pc=000002e0 ID_inst=00e100a3 EX_pc=000002dc EX_alu=00002f3d mem_stall=1 mem_commit=0 mem_we=0000 mem_addr=00002f3d mem_wd=00002300 mem_rd=bccccd33
MEM_WRITE t=2765000 pc=000002d8 addr=00002f3d wd=00002300 ctrl=1
COMMIT t=2775000 wb_pc=000002d8 wb_we=0 wb_rd=x1 wb_val=00002f3d IF_pc=000002e4 IF_inst=00110103 ID_pc=000002e0 ID_inst=00e100a3 EX_pc=00000000 EX_alu=00000000 mem_stall=1 mem_commit=0 mem_we=0000 mem_addr=00002f3d mem_wd=00002300 mem_rd=bccc2333
COMMIT t=2815000 wb_pc=00000000 wb_we=0 wb_rd=x0 wb_val=00000004 IF_pc=000002ec IF_inst=447116e3 ID_pc=000002e8 ID_inst=02300393 EX_pc=000002e4 EX_alu=00002f3d mem_stall=0 mem_commit=1 mem_we=0010 mem_addr=00002f3d mem_wd=00002300 mem_rd=bccc2333
MEM_WRITE t=2815000 pc=00000000 addr=00002f3d wd=00002300 ctrl=1
COMMIT t=2825000 wb_pc=000002e0 wb_we=0 wb_rd=x1 wb_val=00002f3d IF_pc=000002f0 IF_inst=00003117 ID_pc=000002ec ID_inst=447116e3 EX_pc=000002e8 EX_alu=00000023 mem_stall=1 mem_commit=0 mem_we=0000 mem_addr=00002f3d mem_wd=00002300 mem_rd=bccc2333
COMMIT t=2845000 wb_pc=000002e4 wb_we=1 wb_rd=x2 wb_val=00000023 IF_pc=000002f4 IF_inst=c4c10113 ID_pc=000002f0 ID_inst=00003117 EX_pc=000002ec EX_alu=00000f38 mem_stall=0 mem_commit=0 mem_we=0000 mem_addr=00000023 mem_wd=09000000 mem_rd=bccc2333
COMMIT t=2865000 wb_pc=000002ec wb_we=0 wb_rd=x13 wb_val=00000f38 IF_pc=000002fc IF_inst=00812203 ID_pc=000002f8 ID_inst=00212423 EX_pc=000002f4 EX_alu=00002f3c mem_stall=0 mem_commit=0 mem_we=0000 mem_addr=000032f0 mem_wd=00000000 mem_rd=0ff0000f
COMMIT t=2875000 wb_pc=000002f0 wb_we=1 wb_rd=x2 wb_val=000032f0 IF_pc=00000300 IF_inst=001200a3 ID_pc=000002fc ID_inst=00812203 EX_pc=000002f8 EX_alu=00002f44 mem_stall=0 mem_commit=0 mem_we=0000 mem_addr=00002f3c mem_wd=00000000 mem_rd=00000000
COMMIT t=2885000 wb_pc=000002f4 wb_we=1 wb_rd=x2 wb_val=00002f3c IF_pc=00000304 IF_inst=42221ae3 ID_pc=00000300 ID_inst=001200a3 EX_pc=000002fc EX_alu=00002f44 mem_stall=1 mem_commit=0 mem_we=0000 mem_addr=00002f44 mem_wd=00002f3c mem_rd=bccc2333
COMMIT t=2895000 wb_pc=000002f4 wb_we=1 wb_rd=x2 wb_val=00002f3c IF_pc=00000304 IF_inst=42221ae3 ID_pc=00000300 ID_inst=001200a3 EX_pc=000002fc EX_alu=00002f44 mem_stall=0 mem_commit=1 mem_we=1111 mem_addr=00002f44 mem_wd=00002f3c mem_rd=00002f3c
MEM_WRITE t=2895000 pc=000002f4 addr=00002f44 wd=00002f3c ctrl=1
COMMIT t=2905000 wb_pc=000002f8 wb_we=0 wb_rd=x8 wb_val=00002f44 IF_pc=00000304 IF_inst=42221ae3 ID_pc=00000300 ID_inst=001200a3 EX_pc=00000000 EX_alu=00000000 mem_stall=1 mem_commit=0 mem_we=0000 mem_addr=00002f44 mem_wd=00000000 mem_rd=00002f3c
COMMIT t=2945000 wb_pc=00000000 wb_we=0 wb_rd=x0 wb_val=00000004 IF_pc=0000030c IF_inst=427716e3 ID_pc=00000308 ID_inst=00120703 EX_pc=00000304 EX_alu=00000f38 mem_stall=0 mem_commit=1 mem_we=0010 mem_addr=00002f3d mem_wd=00002300 mem_rd=bccc2333
MEM_WRITE t=2945000 pc=00000000 addr=00002f3d wd=00002300 ctrl=1
COMMIT t=2955000 wb_pc=00000300 wb_we=0 wb_rd=x1 wb_val=00002f3d IF_pc=00000310 IF_inst=00a00193 ID_pc=0000030c ID_inst=427716e3 EX_pc=00000308 EX_alu=00002f3d mem_stall=0 mem_commit=0 mem_we=0000 mem_addr=00000f38 mem_wd=00002f3c mem_rd=bccc2333
COMMIT t=2975000 wb_pc=00000304 wb_we=0 wb_rd=x21 wb_val=00000f38 IF_pc=00000310 IF_inst=00a00193 ID_pc=0000030c ID_inst=427716e3 EX_pc=00000000 EX_alu=00000000 mem_stall=0 mem_commit=1 mem_we=0000 mem_addr=00002f3d mem_wd=00002300 mem_rd=bccc2333
COMMIT t=3005000 wb_pc=0000030c wb_we=0 wb_rd=x13 wb_val=00000f38 IF_pc=0000031c IF_inst=02200093 ID_pc=00000318 ID_inst=c2810113 EX_pc=00000314 EX_alu=00003314 mem_stall=0 mem_commit=0 mem_we=0000 mem_addr=0000000a mem_wd=00000000 mem_rd=0ff0000f
COMMIT t=3015000 wb_pc=00000310 wb_we=1 wb_rd=x3 wb_val=0000000a IF_pc=00000320 IF_inst=00110123 ID_pc=0000031c ID_inst=02200093 EX_pc=00000318 EX_alu=00002f3c mem_stall=0 mem_commit=0 mem_we=0000 mem_addr=00003314 mem_wd=00000000 mem_rd=00800f93
COMMIT t=3025000 wb_pc=00000314 wb_we=1 wb_rd=x2 wb_val=00003314 IF_pc=00000324 IF_inst=00210703 ID_pc=00000320 ID_inst=00110123 EX_pc=0000031c EX_alu=00000022 mem_stall=0 mem_commit=0 mem_we=0000 mem_addr=00002f3c mem_wd=00000000 mem_rd=00000000
COMMIT t=3035000 wb_pc=00000318 wb_we=1 wb_rd=x2 wb_val=00002f3c IF_pc=00000324 IF_inst=00210703 ID_pc=00000320 ID_inst=00110123 EX_pc=00000320 EX_alu=00002f3e mem_stall=0 mem_commit=0 mem_we=0000 mem_addr=00000022 mem_wd=003c0000 mem_rd=bccc2333
COMMIT t=3045000 wb_pc=0000031c wb_we=1 wb_rd=x1 wb_val=00000022 IF_pc=00000328 IF_inst=00e10123 ID_pc=00000324 ID_inst=00210703 EX_pc=00000320 EX_alu=00002f3e mem_stall=1 mem_commit=0 mem_we=0000 mem_addr=00002f3e mem_wd=00002f3c mem_rd=00000f17
COMMIT t=3065000 wb_pc=00000320 wb_we=1 wb_rd=x0 wb_val=bccc2333 IF_pc=0000032c IF_inst=00210103 ID_pc=00000328 ID_inst=00e10123 EX_pc=00000324 EX_alu=00002f3e mem_stall=1 mem_commit=0 mem_we=0000 mem_addr=00002f3e mem_wd=00220000 mem_rd=bccc2333
MEM_WRITE t=3075000 pc=00000320 addr=00002f3e wd=00220000 ctrl=1
COMMIT t=3085000 wb_pc=00000320 wb_we=0 wb_rd=x2 wb_val=00002f3e IF_pc=0000032c IF_inst=00210103 ID_pc=00000328 ID_inst=00e10123 EX_pc=00000000 EX_alu=00000000 mem_stall=1 mem_commit=0 mem_we=0000 mem_addr=00002f3e mem_wd=003c0000 mem_rd=bc222333
COMMIT t=3125000 wb_pc=00000000 wb_we=0 wb_rd=x0 wb_val=00000004 IF_pc=00000334 IF_inst=407112e3 ID_pc=00000330 ID_inst=02200393 EX_pc=0000032c EX_alu=00002f3e mem_stall=0 mem_commit=1 mem_we=0100 mem_addr=00002f3e mem_wd=00220000 mem_rd=bc222333
MEM_WRITE t=3125000 pc=00000000 addr=00002f3e wd=00220000 ctrl=1
COMMIT t=3135000 wb_pc=00000328 wb_we=0 wb_rd=x2 wb_val=00002f3e IF_pc=00000334 IF_inst=407112e3 ID_pc=00000330 ID_inst=02200393 EX_pc=00000000 EX_alu=00000000 mem_stall=1 mem_commit=0 mem_we=0000 mem_addr=00002f3e mem_wd=003c0000 mem_rd=bc222333
COMMIT t=3175000 wb_pc=00000330 wb_we=1 wb_rd=x7 wb_val=00000022 IF_pc=00000340 IF_inst=00212423 ID_pc=0000033c ID_inst=c0410113 EX_pc=00000338 EX_alu=00003338 mem_stall=0 mem_commit=0 mem_we=0000 mem_addr=00000f38 mem_wd=00000022 mem_rd=00000f17
COMMIT t=3185000 wb_pc=00000334 wb_we=0 wb_rd=x5 wb_val=00000f38 IF_pc=00000344 IF_inst=00812203 ID_pc=00000340 ID_inst=00212423 EX_pc=0000033c EX_alu=00002f3c mem_stall=0 mem_commit=0 mem_we=0000 mem_addr=00003338 mem_wd=00000000 mem_rd=0ff0000f
COMMIT t=3195000 wb_pc=00000338 wb_we=1 wb_rd=x2 wb_val=00003338 IF_pc=00000348 IF_inst=00120123 ID_pc=00000344 ID_inst=00812203 EX_pc=00000340 EX_alu=00002f44 mem_stall=0 mem_commit=0 mem_we=0000 mem_addr=00002f3c mem_wd=0000003c mem_rd=00000000
COMMIT t=3205000 wb_pc=0000033c wb_we=1 wb_rd=x2 wb_val=00002f3c IF_pc=0000034c IF_inst=3e2216e3 ID_pc=00000348 ID_inst=00120123 EX_pc=00000344 EX_alu=00002f44 mem_stall=1 mem_commit=0 mem_we=0000 mem_addr=00002f44 mem_wd=00002f3c mem_rd=bc222333
COMMIT t=3215000 wb_pc=0000033c wb_we=1 wb_rd=x2 wb_val=00002f3c IF_pc=0000034c IF_inst=3e2216e3 ID_pc=00000348 ID_inst=00120123 EX_pc=00000344 EX_alu=00002f44 mem_stall=0 mem_commit=1 mem_we=1111 mem_addr=00002f44 mem_wd=00002f3c mem_rd=00002f3c
MEM_WRITE t=3215000 pc=0000033c addr=00002f44 wd=00002f3c ctrl=1
COMMIT t=3225000 wb_pc=00000340 wb_we=0 wb_rd=x8 wb_val=00002f44 IF_pc=0000034c IF_inst=3e2216e3 ID_pc=00000348 ID_inst=00120123 EX_pc=00000000 EX_alu=00000000 mem_stall=1 mem_commit=0 mem_we=0000 mem_addr=00002f44 mem_wd=00000000 mem_rd=00002f3c
COMMIT t=3265000 wb_pc=00000000 wb_we=0 wb_rd=x0 wb_val=00000004 IF_pc=00000354 IF_inst=3e7712e3 ID_pc=00000350 ID_inst=00220703 EX_pc=0000034c EX_alu=00000f38 mem_stall=0 mem_commit=1 mem_we=0100 mem_addr=00002f3e mem_wd=00220000 mem_rd=bc222333
MEM_WRITE t=3265000 pc=00000000 addr=00002f3e wd=00220000 ctrl=1
COMMIT t=3275000 wb_pc=00000348 wb_we=0 wb_rd=x2 wb_val=00002f3e IF_pc=00000358 IF_inst=00b00193 ID_pc=00000354 ID_inst=3e7712e3 EX_pc=00000350 EX_alu=00002f3e mem_stall=0 mem_commit=0 mem_we=0000 mem_addr=00000f38 mem_wd=00002f3c mem_rd=bc222333
COMMIT t=3295000 wb_pc=0000034c wb_we=0 wb_rd=x13 wb_val=00000f38 IF_pc=00000358 IF_inst=00b00193 ID_pc=00000354 ID_inst=3e7712e3 EX_pc=00000000 EX_alu=00000000 mem_stall=0 mem_commit=1 mem_we=0000 mem_addr=00002f3e mem_wd=003c0000 mem_rd=bc222333
COMMIT t=3325000 wb_pc=00000354 wb_we=0 wb_rd=x5 wb_val=00000f38 IF_pc=00000364 IF_inst=01200093 ID_pc=00000360 ID_inst=be010113 EX_pc=0000035c EX_alu=0000335c mem_stall=0 mem_commit=0 mem_we=0000 mem_addr=0000000b mem_wd=00000000 mem_rd=0ff0000f
COMMIT t=3335000 wb_pc=00000358 wb_we=1 wb_rd=x3 wb_val=0000000b IF_pc=00000368 IF_inst=001101a3 ID_pc=00000364 ID_inst=01200093 EX_pc=00000360 EX_alu=00002f3c mem_stall=0 mem_commit=0 mem_we=0000 mem_addr=0000335c mem_wd=00000000 mem_rd=00800f93
COMMIT t=3345000 wb_pc=0000035c wb_we=1 wb_rd=x2 wb_val=0000335c IF_pc=0000036c IF_inst=00310703 ID_pc=00000368 ID_inst=001101a3 EX_pc=00000364 EX_alu=00000012 mem_stall=0 mem_commit=0 mem_we=0000 mem_addr=00002f3c mem_wd=00000000 mem_rd=00000000
COMMIT t=3355000 wb_pc=00000360 wb_we=1 wb_rd=x2 wb_val=00002f3c IF_pc=0000036c IF_inst=00310703 ID_pc=00000368 ID_inst=001101a3 EX_pc=00000368 EX_alu=00002f3f mem_stall=0 mem_commit=0 mem_we=0000 mem_addr=00000012 mem_wd=00000000 mem_rd=bc222333
COMMIT t=3365000 wb_pc=00000364 wb_we=1 wb_rd=x1 wb_val=00000012 IF_pc=00000370 IF_inst=00e101a3 ID_pc=0000036c ID_inst=00310703 EX_pc=00000368 EX_alu=00002f3f mem_stall=1 mem_commit=0 mem_we=0000 mem_addr=00002f3f mem_wd=00000022 mem_rd=00900f93
COMMIT t=3385000 wb_pc=00000368 wb_we=1 wb_rd=x0 wb_val=bc222333 IF_pc=00000374 IF_inst=00310103 ID_pc=00000370 ID_inst=00e101a3 EX_pc=0000036c EX_alu=00002f3f mem_stall=1 mem_commit=0 mem_we=0000 mem_addr=00002f3f mem_wd=12000000 mem_rd=bc222333
MEM_WRITE t=3395000 pc=00000368 addr=00002f3f wd=12000000 ctrl=1
COMMIT t=3405000 wb_pc=00000368 wb_we=0 wb_rd=x3 wb_val=00002f3f IF_pc=00000374 IF_inst=00310103 ID_pc=00000370 ID_inst=00e101a3 EX_pc=00000000 EX_alu=00000000 mem_stall=1 mem_commit=0 mem_we=0000 mem_addr=00002f3f mem_wd=0b000000 mem_rd=12222333
COMMIT t=3445000 wb_pc=00000000 wb_we=0 wb_rd=x0 wb_val=00000004 IF_pc=0000037c IF_inst=3a711ee3 ID_pc=00000378 ID_inst=01200393 EX_pc=00000374 EX_alu=00002f3f mem_stall=0 mem_commit=1 mem_we=1000 mem_addr=00002f3f mem_wd=12000000 mem_rd=12222333
MEM_WRITE t=3445000 pc=00000000 addr=00002f3f wd=12000000 ctrl=1
COMMIT t=3455000 wb_pc=00000370 wb_we=0 wb_rd=x3 wb_val=00002f3f IF_pc=00000380 IF_inst=00003117 ID_pc=0000037c ID_inst=3a711ee3 EX_pc=00000378 EX_alu=00000012 mem_stall=1 mem_commit=0 mem_we=0000 mem_addr=00002f3f mem_wd=0b000000 mem_rd=12222333
COMMIT t=3475000 wb_pc=00000374 wb_we=1 wb_rd=x2 wb_val=00000012 IF_pc=00000384 IF_inst=bbc10113 ID_pc=00000380 ID_inst=00003117 EX_pc=0000037c EX_alu=00000f38 mem_stall=0 mem_commit=0 mem_we=0000 mem_addr=00000012 mem_wd=00000000 mem_rd=12222333
COMMIT t=3495000 wb_pc=0000037c wb_we=0 wb_rd=x29 wb_val=00000f38 IF_pc=0000038c IF_inst=00812203 ID_pc=00000388 ID_inst=00212423 EX_pc=00000384 EX_alu=00002f3c mem_stall=0 mem_commit=0 mem_we=0000 mem_addr=00003380 mem_wd=00000000 mem_rd=0ff0000f
COMMIT t=3505000 wb_pc=00000380 wb_we=1 wb_rd=x2 wb_val=00003380 IF_pc=00000390 IF_inst=001201a3 ID_pc=0000038c ID_inst=00812203 EX_pc=00000388 EX_alu=00002f44 mem_stall=0 mem_commit=0 mem_we=0000 mem_addr=00002f3c mem_wd=00000000 mem_rd=00000000
COMMIT t=3515000 wb_pc=00000384 wb_we=1 wb_rd=x2 wb_val=00002f3c IF_pc=00000394 IF_inst=3a2212e3 ID_pc=00000390 ID_inst=001201a3 EX_pc=0000038c EX_alu=00002f44 mem_stall=1 mem_commit=0 mem_we=0000 mem_addr=00002f44 mem_wd=00002f3c mem_rd=12222333
COMMIT t=3525000 wb_pc=00000384 wb_we=1 wb_rd=x2 wb_val=00002f3c IF_pc=00000394 IF_inst=3a2212e3 ID_pc=00000390 ID_inst=001201a3 EX_pc=0000038c EX_alu=00002f44 mem_stall=0 mem_commit=1 mem_we=1111 mem_addr=00002f44 mem_wd=00002f3c mem_rd=00002f3c
MEM_WRITE t=3525000 pc=00000384 addr=00002f44 wd=00002f3c ctrl=1
COMMIT t=3535000 wb_pc=00000388 wb_we=0 wb_rd=x8 wb_val=00002f44 IF_pc=00000394 IF_inst=3a2212e3 ID_pc=00000390 ID_inst=001201a3 EX_pc=00000000 EX_alu=00000000 mem_stall=1 mem_commit=0 mem_we=0000 mem_addr=00002f44 mem_wd=00000000 mem_rd=00002f3c
COMMIT t=3575000 wb_pc=00000000 wb_we=0 wb_rd=x0 wb_val=00000004 IF_pc=0000039c IF_inst=38771ee3 ID_pc=00000398 ID_inst=00320703 EX_pc=00000394 EX_alu=00000f38 mem_stall=0 mem_commit=1 mem_we=1000 mem_addr=00002f3f mem_wd=12000000 mem_rd=12222333
MEM_WRITE t=3575000 pc=00000000 addr=00002f3f wd=12000000 ctrl=1
COMMIT t=3585000 wb_pc=00000390 wb_we=0 wb_rd=x3 wb_val=00002f3f IF_pc=000003a0 IF_inst=00c00193 ID_pc=0000039c ID_inst=38771ee3 EX_pc=00000398 EX_alu=00002f3f mem_stall=0 mem_commit=0 mem_we=0000 mem_addr=00000f38 mem_wd=00002f3c mem_rd=12222333
COMMIT t=3605000 wb_pc=00000394 wb_we=0 wb_rd=x5 wb_val=00000f38 IF_pc=000003a0 IF_inst=00c00193 ID_pc=0000039c ID_inst=38771ee3 EX_pc=00000000 EX_alu=00000000 mem_stall=0 mem_commit=1 mem_we=0000 mem_addr=00002f3f mem_wd=0b000000 mem_rd=12222333
COMMIT t=3635000 wb_pc=0000039c wb_we=0 wb_rd=x29 wb_val=00000f38 IF_pc=000003ac IF_inst=01100093 ID_pc=000003a8 ID_inst=b9810113 EX_pc=000003a4 EX_alu=000033a4 mem_stall=0 mem_commit=0 mem_we=0000 mem_addr=0000000c mem_wd=00000000 mem_rd=0ff0000f
COMMIT t=3645000 wb_pc=000003a0 wb_we=1 wb_rd=x3 wb_val=0000000c IF_pc=000003b0 IF_inst=00110223 ID_pc=000003ac ID_inst=01100093 EX_pc=000003a8 EX_alu=00002f3c mem_stall=0 mem_commit=0 mem_we=0000 mem_addr=000033a4 mem_wd=00000000 mem_rd=03ff0a63
COMMIT t=3655000 wb_pc=000003a4 wb_we=1 wb_rd=x2 wb_val=000033a4 IF_pc=000003b4 IF_inst=00410703 ID_pc=000003b0 ID_inst=00110223 EX_pc=000003ac EX_alu=00000011 mem_stall=0 mem_commit=0 mem_we=0000 mem_addr=00002f3c mem_wd=00000000 mem_rd=00000000
COMMIT t=3665000 wb_pc=000003a8 wb_we=1 wb_rd=x2 wb_val=00002f3c IF_pc=000003b4 IF_inst=00410703 ID_pc=000003b0 ID_inst=00110223 EX_pc=000003b0 EX_alu=00002f40 mem_stall=0 mem_commit=0 mem_we=0000 mem_addr=00000011 mem_wd=00000000 mem_rd=12222333
COMMIT t=3675000 wb_pc=000003ac wb_we=1 wb_rd=x1 wb_val=00000011 IF_pc=000003b8 IF_inst=00e10223 ID_pc=000003b4 ID_inst=00410703 EX_pc=000003b0 EX_alu=00002f40 mem_stall=1 mem_commit=0 mem_we=0000 mem_addr=00002f40 mem_wd=00000012 mem_rd=00900f93
COMMIT t=3695000 wb_pc=000003b0 wb_we=1 wb_rd=x0 wb_val=deadabbb IF_pc=000003bc IF_inst=00410103 ID_pc=000003b8 ID_inst=00e10223 EX_pc=000003b4 EX_alu=00002f40 mem_stall=1 mem_commit=0 mem_we=0000 mem_addr=00002f40 mem_wd=00000011 mem_rd=deadabbb
MEM_WRITE t=3705000 pc=000003b0 addr=00002f40 wd=00000011 ctrl=1
COMMIT t=3715000 wb_pc=000003b0 wb_we=0 wb_rd=x4 wb_val=00002f40 IF_pc=000003bc IF_inst=00410103 ID_pc=000003b8 ID_inst=00e10223 EX_pc=00000000 EX_alu=00000000 mem_stall=1 mem_commit=0 mem_we=0000 mem_addr=00002f40 mem_wd=0000003c mem_rd=deadab11
COMMIT t=3755000 wb_pc=00000000 wb_we=0 wb_rd=x0 wb_val=00000004 IF_pc=000003c4 IF_inst=36711ae3 ID_pc=000003c0 ID_inst=01100393 EX_pc=000003bc EX_alu=00002f40 mem_stall=0 mem_commit=1 mem_we=0001 mem_addr=00002f40 mem_wd=00000011 mem_rd=deadab11
MEM_WRITE t=3755000 pc=00000000 addr=00002f40 wd=00000011 ctrl=1
COMMIT t=3765000 wb_pc=000003b8 wb_we=0 wb_rd=x4 wb_val=00002f40 IF_pc=000003c8 IF_inst=00003117 ID_pc=000003c4 ID_inst=36711ae3 EX_pc=000003c0 EX_alu=00000011 mem_stall=1 mem_commit=0 mem_we=0000 mem_addr=00002f40 mem_wd=0000003c mem_rd=deadab11
COMMIT t=3785000 wb_pc=000003bc wb_we=1 wb_rd=x2 wb_val=00000011 IF_pc=000003cc IF_inst=b7410113 ID_pc=000003c8 ID_inst=00003117 EX_pc=000003c4 EX_alu=00000f38 mem_stall=0 mem_commit=0 mem_we=0000 mem_addr=00000011 mem_wd=00000000 mem_rd=deadab11
COMMIT t=3805000 wb_pc=000003c4 wb_we=0 wb_rd=x21 wb_val=00000f38 IF_pc=000003d4 IF_inst=00812203 ID_pc=000003d0 ID_inst=00212423 EX_pc=000003cc EX_alu=00002f3c mem_stall=0 mem_commit=0 mem_we=0000 mem_addr=000033c8 mem_wd=00000000 mem_rd=0ff0000f
COMMIT t=3815000 wb_pc=000003c8 wb_we=1 wb_rd=x2 wb_val=000033c8 IF_pc=000003d8 IF_inst=00120223 ID_pc=000003d4 ID_inst=00812203 EX_pc=000003d0 EX_alu=00002f44 mem_stall=0 mem_commit=0 mem_we=0000 mem_addr=00002f3c mem_wd=00000000 mem_rd=00000000
COMMIT t=3825000 wb_pc=000003cc wb_we=1 wb_rd=x2 wb_val=00002f3c IF_pc=000003dc IF_inst=34221ee3 ID_pc=000003d8 ID_inst=00120223 EX_pc=000003d4 EX_alu=00002f44 mem_stall=1 mem_commit=0 mem_we=0000 mem_addr=00002f44 mem_wd=00002f3c mem_rd=12222333
COMMIT t=3835000 wb_pc=000003cc wb_we=1 wb_rd=x2 wb_val=00002f3c IF_pc=000003dc IF_inst=34221ee3 ID_pc=000003d8 ID_inst=00120223 EX_pc=000003d4 EX_alu=00002f44 mem_stall=0 mem_commit=1 mem_we=1111 mem_addr=00002f44 mem_wd=00002f3c mem_rd=00002f3c
MEM_WRITE t=3835000 pc=000003cc addr=00002f44 wd=00002f3c ctrl=1
COMMIT t=3845000 wb_pc=000003d0 wb_we=0 wb_rd=x8 wb_val=00002f44 IF_pc=000003dc IF_inst=34221ee3 ID_pc=000003d8 ID_inst=00120223 EX_pc=00000000 EX_alu=00000000 mem_stall=1 mem_commit=0 mem_we=0000 mem_addr=00002f44 mem_wd=00000000 mem_rd=00002f3c
COMMIT t=3885000 wb_pc=00000000 wb_we=0 wb_rd=x0 wb_val=00000004 IF_pc=000003e4 IF_inst=34771ae3 ID_pc=000003e0 ID_inst=00420703 EX_pc=000003dc EX_alu=00000f38 mem_stall=0 mem_commit=1 mem_we=0001 mem_addr=00002f40 mem_wd=00000011 mem_rd=deadab11
MEM_WRITE t=3885000 pc=00000000 addr=00002f40 wd=00000011 ctrl=1
COMMIT t=3895000 wb_pc=000003d8 wb_we=0 wb_rd=x4 wb_val=00002f40 IF_pc=000003e8 IF_inst=00d00193 ID_pc=000003e4 ID_inst=34771ae3 EX_pc=000003e0 EX_alu=00002f40 mem_stall=0 mem_commit=0 mem_we=0000 mem_addr=00000f38 mem_wd=00002f3c mem_rd=deadab11
COMMIT t=3915000 wb_pc=000003dc wb_we=0 wb_rd=x29 wb_val=00000f38 IF_pc=000003e8 IF_inst=00d00193 ID_pc=000003e4 ID_inst=34771ae3 EX_pc=00000000 EX_alu=00000000 mem_stall=0 mem_commit=1 mem_we=0000 mem_addr=00002f40 mem_wd=0000003c mem_rd=deadab11
COMMIT t=3945000 wb_pc=000003e4 wb_we=0 wb_rd=x21 wb_val=00000f38 IF_pc=000003f4 IF_inst=00100093 ID_pc=000003f0 ID_inst=b5010113 EX_pc=000003ec EX_alu=000033ec mem_stall=0 mem_commit=0 mem_we=0000 mem_addr=0000000d mem_wd=00000000 mem_rd=0ff0000f
COMMIT t=3955000 wb_pc=000003e8 wb_we=1 wb_rd=x3 wb_val=0000000d IF_pc=000003f8 IF_inst=001102a3 ID_pc=000003f4 ID_inst=00100093 EX_pc=000003f0 EX_alu=00002f3c mem_stall=0 mem_commit=0 mem_we=0000 mem_addr=000033ec mem_wd=00000000 mem_rd=03ff0a63
COMMIT t=3965000 wb_pc=000003ec wb_we=1 wb_rd=x2 wb_val=000033ec IF_pc=000003fc IF_inst=00510703 ID_pc=000003f8 ID_inst=001102a3 EX_pc=000003f4 EX_alu=00000001 mem_stall=0 mem_commit=0 mem_we=0000 mem_addr=00002f3c mem_wd=00000000 mem_rd=00000000
COMMIT t=3975000 wb_pc=000003f0 wb_we=1 wb_rd=x2 wb_val=00002f3c IF_pc=000003fc IF_inst=00510703 ID_pc=000003f8 ID_inst=001102a3 EX_pc=000003f8 EX_alu=00002f41 mem_stall=0 mem_commit=0 mem_we=0000 mem_addr=00000001 mem_wd=00001100 mem_rd=12222333
COMMIT t=3985000 wb_pc=000003f4 wb_we=1 wb_rd=x1 wb_val=00000001 IF_pc=00000400 IF_inst=00e102a3 ID_pc=000003fc ID_inst=00510703 EX_pc=000003f8 EX_alu=00002f41 mem_stall=1 mem_commit=0 mem_we=0000 mem_addr=00002f41 mem_wd=00000011 mem_rd=0540006f
COMMIT t=4005000 wb_pc=000003f8 wb_we=1 wb_rd=x0 wb_val=deadab11 IF_pc=00000404 IF_inst=00510103 ID_pc=00000400 ID_inst=00e102a3 EX_pc=000003fc EX_alu=00002f41 mem_stall=1 mem_commit=0 mem_we=0000 mem_addr=00002f41 mem_wd=00000100 mem_rd=deadab11
MEM_WRITE t=4015000 pc=000003f8 addr=00002f41 wd=00000100 ctrl=1
COMMIT t=4025000 wb_pc=000003f8 wb_we=0 wb_rd=x5 wb_val=00002f41 IF_pc=00000404 IF_inst=00510103 ID_pc=00000400 ID_inst=00e102a3 EX_pc=00000000 EX_alu=00000000 mem_stall=1 mem_commit=0 mem_we=0000 mem_addr=00002f41 mem_wd=00000000 mem_rd=dead0111
COMMIT t=4065000 wb_pc=00000000 wb_we=0 wb_rd=x0 wb_val=00000004 IF_pc=0000040c IF_inst=327116e3 ID_pc=00000408 ID_inst=00100393 EX_pc=00000404 EX_alu=00002f41 mem_stall=0 mem_commit=1 mem_we=0010 mem_addr=00002f41 mem_wd=00000100 mem_rd=dead0111
MEM_WRITE t=4065000 pc=00000000 addr=00002f41 wd=00000100 ctrl=1
COMMIT t=4075000 wb_pc=00000400 wb_we=0 wb_rd=x5 wb_val=00002f41 IF_pc=00000410 IF_inst=00003117 ID_pc=0000040c ID_inst=327116e3 EX_pc=00000408 EX_alu=00000001 mem_stall=1 mem_commit=0 mem_we=0000 mem_addr=00002f41 mem_wd=00000000 mem_rd=dead0111
COMMIT t=4095000 wb_pc=00000404 wb_we=1 wb_rd=x2 wb_val=00000001 IF_pc=00000414 IF_inst=b2c10113 ID_pc=00000410 ID_inst=00003117 EX_pc=0000040c EX_alu=00000f38 mem_stall=0 mem_commit=0 mem_we=0000 mem_addr=00000001 mem_wd=00000100 mem_rd=dead0111
COMMIT t=4115000 wb_pc=0000040c wb_we=0 wb_rd=x13 wb_val=00000f38 IF_pc=0000041c IF_inst=00812203 ID_pc=00000418 ID_inst=00212423 EX_pc=00000414 EX_alu=00002f3c mem_stall=0 mem_commit=0 mem_we=0000 mem_addr=00003410 mem_wd=00000000 mem_rd=0ff0000f
COMMIT t=4125000 wb_pc=00000410 wb_we=1 wb_rd=x2 wb_val=00003410 IF_pc=00000420 IF_inst=001202a3 ID_pc=0000041c ID_inst=00812203 EX_pc=00000418 EX_alu=00002f44 mem_stall=0 mem_commit=0 mem_we=0000 mem_addr=00002f3c mem_wd=00000000 mem_rd=00000000
COMMIT t=4135000 wb_pc=00000414 wb_we=1 wb_rd=x2 wb_val=00002f3c IF_pc=00000424 IF_inst=30221ae3 ID_pc=00000420 ID_inst=001202a3 EX_pc=0000041c EX_alu=00002f44 mem_stall=1 mem_commit=0 mem_we=0000 mem_addr=00002f44 mem_wd=00002f3c mem_rd=12222333
COMMIT t=4145000 wb_pc=00000414 wb_we=1 wb_rd=x2 wb_val=00002f3c IF_pc=00000424 IF_inst=30221ae3 ID_pc=00000420 ID_inst=001202a3 EX_pc=0000041c EX_alu=00002f44 mem_stall=0 mem_commit=1 mem_we=1111 mem_addr=00002f44 mem_wd=00002f3c mem_rd=00002f3c
MEM_WRITE t=4145000 pc=00000414 addr=00002f44 wd=00002f3c ctrl=1
COMMIT t=4155000 wb_pc=00000418 wb_we=0 wb_rd=x8 wb_val=00002f44 IF_pc=00000424 IF_inst=30221ae3 ID_pc=00000420 ID_inst=001202a3 EX_pc=00000000 EX_alu=00000000 mem_stall=1 mem_commit=0 mem_we=0000 mem_addr=00002f44 mem_wd=00000000 mem_rd=00002f3c
COMMIT t=4195000 wb_pc=00000000 wb_we=0 wb_rd=x0 wb_val=00000004 IF_pc=0000042c IF_inst=307716e3 ID_pc=00000428 ID_inst=00520703 EX_pc=00000424 EX_alu=00000f38 mem_stall=0 mem_commit=1 mem_we=0010 mem_addr=00002f41 mem_wd=00000100 mem_rd=dead0111
MEM_WRITE t=4195000 pc=00000000 addr=00002f41 wd=00000100 ctrl=1
COMMIT t=4205000 wb_pc=00000420 wb_we=0 wb_rd=x5 wb_val=00002f41 IF_pc=00000430 IF_inst=00e00193 ID_pc=0000042c ID_inst=307716e3 EX_pc=00000428 EX_alu=00002f41 mem_stall=0 mem_commit=0 mem_we=0000 mem_addr=00000f38 mem_wd=00002f3c mem_rd=dead0111
COMMIT t=4225000 wb_pc=00000424 wb_we=0 wb_rd=x21 wb_val=00000f38 IF_pc=00000430 IF_inst=00e00193 ID_pc=0000042c ID_inst=307716e3 EX_pc=00000000 EX_alu=00000000 mem_stall=0 mem_commit=1 mem_we=0000 mem_addr=00002f41 mem_wd=00000000 mem_rd=dead0111
COMMIT t=4255000 wb_pc=0000042c wb_we=0 wb_rd=x13 wb_val=00000f38 IF_pc=0000043c IF_inst=03300093 ID_pc=00000438 ID_inst=b0810113 EX_pc=00000434 EX_alu=00003434 mem_stall=0 mem_commit=0 mem_we=0000 mem_addr=0000000e mem_wd=00010000 mem_rd=0ff0000f
COMMIT t=4265000 wb_pc=00000430 wb_we=1 wb_rd=x3 wb_val=0000000e IF_pc=00000440 IF_inst=00110023 ID_pc=0000043c ID_inst=03300093 EX_pc=00000438 EX_alu=00002f3c mem_stall=0 mem_commit=0 mem_we=0000 mem_addr=00003434 mem_wd=00000000 mem_rd=03ff0a63
COMMIT t=4275000 wb_pc=00000434 wb_we=1 wb_rd=x2 wb_val=00003434 IF_pc=00000444 IF_inst=00014703 ID_pc=00000440 ID_inst=00110023 EX_pc=0000043c EX_alu=00000033 mem_stall=0 mem_commit=0 mem_we=0000 mem_addr=00002f3c mem_wd=00000000 mem_rd=00000000
COMMIT t=4285000 wb_pc=00000438 wb_we=1 wb_rd=x2 wb_val=00002f3c IF_pc=00000444 IF_inst=00014703 ID_pc=00000440 ID_inst=00110023 EX_pc=00000440 EX_alu=00002f3c mem_stall=0 mem_commit=0 mem_we=0000 mem_addr=00000033 mem_wd=00000000 mem_rd=12222333
COMMIT t=4295000 wb_pc=0000043c wb_we=1 wb_rd=x1 wb_val=00000033 IF_pc=00000448 IF_inst=00e10023 ID_pc=00000444 ID_inst=00014703 EX_pc=00000440 EX_alu=00002f3c mem_stall=1 mem_commit=0 mem_we=0000 mem_addr=00002f3c mem_wd=00000001 mem_rd=34202f73
COMMIT t=4315000 wb_pc=00000440 wb_we=1 wb_rd=x0 wb_val=12222333 IF_pc=0000044c IF_inst=00014103 ID_pc=00000448 ID_inst=00e10023 EX_pc=00000444 EX_alu=00002f3c mem_stall=1 mem_commit=0 mem_we=0000 mem_addr=00002f3c mem_wd=00000033 mem_rd=12222333
MEM_WRITE t=4325000 pc=00000440 addr=00002f3c wd=00000033 ctrl=1
COMMIT t=4335000 wb_pc=00000440 wb_we=0 wb_rd=x0 wb_val=00002f3c IF_pc=0000044c IF_inst=00014103 ID_pc=00000448 ID_inst=00e10023 EX_pc=00000000 EX_alu=00000000 mem_stall=1 mem_commit=0 mem_we=0000 mem_addr=00002f3c mem_wd=00000000 mem_rd=12222333
COMMIT t=4375000 wb_pc=00000000 wb_we=0 wb_rd=x0 wb_val=00000004 IF_pc=00000454 IF_inst=2e7112e3 ID_pc=00000450 ID_inst=03300393 EX_pc=0000044c EX_alu=00002f3c mem_stall=0 mem_commit=1 mem_we=0001 mem_addr=00002f3c mem_wd=00000033 mem_rd=12222333
MEM_WRITE t=4375000 pc=00000000 addr=00002f3c wd=00000033 ctrl=1
COMMIT t=4385000 wb_pc=00000448 wb_we=0 wb_rd=x0 wb_val=00002f3c IF_pc=00000458 IF_inst=00003117 ID_pc=00000454 ID_inst=2e7112e3 EX_pc=00000450 EX_alu=00000033 mem_stall=1 mem_commit=0 mem_we=0000 mem_addr=00002f3c mem_wd=00000000 mem_rd=12222333
COMMIT t=4405000 wb_pc=0000044c wb_we=1 wb_rd=x2 wb_val=00000033 IF_pc=0000045c IF_inst=ae410113 ID_pc=00000458 ID_inst=00003117 EX_pc=00000454 EX_alu=00000f38 mem_stall=0 mem_commit=0 mem_we=0000 mem_addr=00000033 mem_wd=00000000 mem_rd=12222333
COMMIT t=4425000 wb_pc=00000454 wb_we=0 wb_rd=x5 wb_val=00000f38 IF_pc=00000464 IF_inst=00812203 ID_pc=00000460 ID_inst=00212423 EX_pc=0000045c EX_alu=00002f3c mem_stall=0 mem_commit=0 mem_we=0000 mem_addr=00003458 mem_wd=00000000 mem_rd=0ff0000f
COMMIT t=4435000 wb_pc=00000458 wb_we=1 wb_rd=x2 wb_val=00003458 IF_pc=00000468 IF_inst=00120023 ID_pc=00000464 ID_inst=00812203 EX_pc=00000460 EX_alu=00002f44 mem_stall=0 mem_commit=0 mem_we=0000 mem_addr=00002f3c mem_wd=0000003c mem_rd=00000000
COMMIT t=4445000 wb_pc=0000045c wb_we=1 wb_rd=x2 wb_val=00002f3c IF_pc=0000046c IF_inst=2c2216e3 ID_pc=00000468 ID_inst=00120023 EX_pc=00000464 EX_alu=00002f44 mem_stall=1 mem_commit=0 mem_we=0000 mem_addr=00002f44 mem_wd=00002f3c mem_rd=12222333
COMMIT t=4455000 wb_pc=0000045c wb_we=1 wb_rd=x2 wb_val=00002f3c IF_pc=0000046c IF_inst=2c2216e3 ID_pc=00000468 ID_inst=00120023 EX_pc=00000464 EX_alu=00002f44 mem_stall=0 mem_commit=1 mem_we=1111 mem_addr=00002f44 mem_wd=00002f3c mem_rd=00002f3c
MEM_WRITE t=4455000 pc=0000045c addr=00002f44 wd=00002f3c ctrl=1
COMMIT t=4465000 wb_pc=00000460 wb_we=0 wb_rd=x8 wb_val=00002f44 IF_pc=0000046c IF_inst=2c2216e3 ID_pc=00000468 ID_inst=00120023 EX_pc=00000000 EX_alu=00000000 mem_stall=1 mem_commit=0 mem_we=0000 mem_addr=00002f44 mem_wd=00000000 mem_rd=00002f3c
COMMIT t=4505000 wb_pc=00000000 wb_we=0 wb_rd=x0 wb_val=00000004 IF_pc=00000474 IF_inst=2c7712e3 ID_pc=00000470 ID_inst=00024703 EX_pc=0000046c EX_alu=00000f38 mem_stall=0 mem_commit=1 mem_we=0001 mem_addr=00002f3c mem_wd=00000033 mem_rd=12222333
MEM_WRITE t=4505000 pc=00000000 addr=00002f3c wd=00000033 ctrl=1
COMMIT t=4515000 wb_pc=00000468 wb_we=0 wb_rd=x0 wb_val=00002f3c IF_pc=00000478 IF_inst=00f00193 ID_pc=00000474 ID_inst=2c7712e3 EX_pc=00000470 EX_alu=00002f3c mem_stall=0 mem_commit=0 mem_we=0000 mem_addr=00000f38 mem_wd=00002f3c mem_rd=12222333
COMMIT t=4535000 wb_pc=0000046c wb_we=0 wb_rd=x13 wb_val=00000f38 IF_pc=00000478 IF_inst=00f00193 ID_pc=00000474 ID_inst=2c7712e3 EX_pc=00000000 EX_alu=00000000 mem_stall=0 mem_commit=1 mem_we=0000 mem_addr=00002f3c mem_wd=00000000 mem_rd=12222333
COMMIT t=4565000 wb_pc=00000474 wb_we=0 wb_rd=x5 wb_val=00000f38 IF_pc=00000484 IF_inst=02300093 ID_pc=00000480 ID_inst=ac010113 EX_pc=0000047c EX_alu=0000347c mem_stall=0 mem_commit=0 mem_we=0000 mem_addr=0000000f mem_wd=00000000 mem_rd=0ff0000f
COMMIT t=4575000 wb_pc=00000478 wb_we=1 wb_rd=x3 wb_val=0000000f IF_pc=00000488 IF_inst=001100a3 ID_pc=00000484 ID_inst=02300093 EX_pc=00000480 EX_alu=00002f3c mem_stall=0 mem_commit=0 mem_we=0000 mem_addr=0000347c mem_wd=00000000 mem_rd=03ff0a63
COMMIT t=4585000 wb_pc=0000047c wb_we=1 wb_rd=x2 wb_val=0000347c IF_pc=0000048c IF_inst=00114703 ID_pc=00000488 ID_inst=001100a3 EX_pc=00000484 EX_alu=00000023 mem_stall=0 mem_commit=0 mem_we=0000 mem_addr=00002f3c mem_wd=00000000 mem_rd=00000000
COMMIT t=4595000 wb_pc=00000480 wb_we=1 wb_rd=x2 wb_val=00002f3c IF_pc=0000048c IF_inst=00114703 ID_pc=00000488 ID_inst=001100a3 EX_pc=00000488 EX_alu=00002f3d mem_stall=0 mem_commit=0 mem_we=0000 mem_addr=00000023 mem_wd=0f000000 mem_rd=12222333
COMMIT t=4605000 wb_pc=00000484 wb_we=1 wb_rd=x1 wb_val=00000023 IF_pc=00000490 IF_inst=00e100a3 ID_pc=0000048c ID_inst=00114703 EX_pc=00000488 EX_alu=00002f3d mem_stall=1 mem_commit=0 mem_we=0000 mem_addr=00002f3d mem_wd=00000023 mem_rd=00000f17
COMMIT t=4625000 wb_pc=00000488 wb_we=1 wb_rd=x0 wb_val=12222333 IF_pc=00000494 IF_inst=00114103 ID_pc=00000490 ID_inst=00e100a3 EX_pc=0000048c EX_alu=00002f3d mem_stall=1 mem_commit=0 mem_we=0000 mem_addr=00002f3d mem_wd=00002300 mem_rd=12222333
MEM_WRITE t=4635000 pc=00000488 addr=00002f3d wd=00002300 ctrl=1
COMMIT t=4645000 wb_pc=00000488 wb_we=0 wb_rd=x1 wb_val=00002f3d IF_pc=00000494 IF_inst=00114103 ID_pc=00000490 ID_inst=00e100a3 EX_pc=00000000 EX_alu=00000000 mem_stall=1 mem_commit=0 mem_we=0000 mem_addr=00002f3d mem_wd=00002300 mem_rd=12222333
COMMIT t=4685000 wb_pc=00000000 wb_we=0 wb_rd=x0 wb_val=00000004 IF_pc=0000049c IF_inst=28711ee3 ID_pc=00000498 ID_inst=02300393 EX_pc=00000494 EX_alu=00002f3d mem_stall=0 mem_commit=1 mem_we=0010 mem_addr=00002f3d mem_wd=00002300 mem_rd=12222333
MEM_WRITE t=4685000 pc=00000000 addr=00002f3d wd=00002300 ctrl=1
COMMIT t=4695000 wb_pc=00000490 wb_we=0 wb_rd=x1 wb_val=00002f3d IF_pc=000004a0 IF_inst=00003117 ID_pc=0000049c ID_inst=28711ee3 EX_pc=00000498 EX_alu=00000023 mem_stall=1 mem_commit=0 mem_we=0000 mem_addr=00002f3d mem_wd=00002300 mem_rd=12222333
COMMIT t=4715000 wb_pc=00000494 wb_we=1 wb_rd=x2 wb_val=00000023 IF_pc=000004a4 IF_inst=a9c10113 ID_pc=000004a0 ID_inst=00003117 EX_pc=0000049c EX_alu=00000f38 mem_stall=0 mem_commit=0 mem_we=0000 mem_addr=00000023 mem_wd=0f000000 mem_rd=12222333
COMMIT t=4735000 wb_pc=0000049c wb_we=0 wb_rd=x29 wb_val=00000f38 IF_pc=000004ac IF_inst=00812203 ID_pc=000004a8 ID_inst=00212423 EX_pc=000004a4 EX_alu=00002f3c mem_stall=0 mem_commit=0 mem_we=0000 mem_addr=000034a0 mem_wd=00000000 mem_rd=0ff0000f
COMMIT t=4745000 wb_pc=000004a0 wb_we=1 wb_rd=x2 wb_val=000034a0 IF_pc=000004b0 IF_inst=001200a3 ID_pc=000004ac ID_inst=00812203 EX_pc=000004a8 EX_alu=00002f44 mem_stall=0 mem_commit=0 mem_we=0000 mem_addr=00002f3c mem_wd=00000000 mem_rd=00000000
COMMIT t=4755000 wb_pc=000004a4 wb_we=1 wb_rd=x2 wb_val=00002f3c IF_pc=000004b4 IF_inst=282212e3 ID_pc=000004b0 ID_inst=001200a3 EX_pc=000004ac EX_alu=00002f44 mem_stall=1 mem_commit=0 mem_we=0000 mem_addr=00002f44 mem_wd=00002f3c mem_rd=12222333
COMMIT t=4765000 wb_pc=000004a4 wb_we=1 wb_rd=x2 wb_val=00002f3c IF_pc=000004b4 IF_inst=282212e3 ID_pc=000004b0 ID_inst=001200a3 EX_pc=000004ac EX_alu=00002f44 mem_stall=0 mem_commit=1 mem_we=1111 mem_addr=00002f44 mem_wd=00002f3c mem_rd=00002f3c
MEM_WRITE t=4765000 pc=000004a4 addr=00002f44 wd=00002f3c ctrl=1
COMMIT t=4775000 wb_pc=000004a8 wb_we=0 wb_rd=x8 wb_val=00002f44 IF_pc=000004b4 IF_inst=282212e3 ID_pc=000004b0 ID_inst=001200a3 EX_pc=00000000 EX_alu=00000000 mem_stall=1 mem_commit=0 mem_we=0000 mem_addr=00002f44 mem_wd=00000000 mem_rd=00002f3c
COMMIT t=4815000 wb_pc=00000000 wb_we=0 wb_rd=x0 wb_val=00000004 IF_pc=000004bc IF_inst=26771ee3 ID_pc=000004b8 ID_inst=00124703 EX_pc=000004b4 EX_alu=00000f38 mem_stall=0 mem_commit=1 mem_we=0010 mem_addr=00002f3d mem_wd=00002300 mem_rd=12222333
MEM_WRITE t=4815000 pc=00000000 addr=00002f3d wd=00002300 ctrl=1
COMMIT t=4825000 wb_pc=000004b0 wb_we=0 wb_rd=x1 wb_val=00002f3d IF_pc=000004c0 IF_inst=01000193 ID_pc=000004bc ID_inst=26771ee3 EX_pc=000004b8 EX_alu=00002f3d mem_stall=0 mem_commit=0 mem_we=0000 mem_addr=00000f38 mem_wd=00002f3c mem_rd=12222333
COMMIT t=4845000 wb_pc=000004b4 wb_we=0 wb_rd=x5 wb_val=00000f38 IF_pc=000004c0 IF_inst=01000193 ID_pc=000004bc ID_inst=26771ee3 EX_pc=00000000 EX_alu=00000000 mem_stall=0 mem_commit=1 mem_we=0000 mem_addr=00002f3d mem_wd=00002300 mem_rd=12222333
COMMIT t=4875000 wb_pc=000004bc wb_we=0 wb_rd=x29 wb_val=00000f38 IF_pc=000004cc IF_inst=02200093 ID_pc=000004c8 ID_inst=a7810113 EX_pc=000004c4 EX_alu=000034c4 mem_stall=0 mem_commit=0 mem_we=0000 mem_addr=00000010 mem_wd=00000000 mem_rd=0ff0000f
COMMIT t=4885000 wb_pc=000004c0 wb_we=1 wb_rd=x3 wb_val=00000010 IF_pc=000004d0 IF_inst=00110123 ID_pc=000004cc ID_inst=02200093 EX_pc=000004c8 EX_alu=00002f3c mem_stall=0 mem_commit=0 mem_we=0000 mem_addr=000034c4 mem_wd=00000000 mem_rd=00900f93
COMMIT t=4895000 wb_pc=000004c4 wb_we=1 wb_rd=x2 wb_val=000034c4 IF_pc=000004d4 IF_inst=00214703 ID_pc=000004d0 ID_inst=00110123 EX_pc=000004cc EX_alu=00000022 mem_stall=0 mem_commit=0 mem_we=0000 mem_addr=00002f3c mem_wd=00000000 mem_rd=00000000
COMMIT t=4905000 wb_pc=000004c8 wb_we=1 wb_rd=x2 wb_val=00002f3c IF_pc=000004d4 IF_inst=00214703 ID_pc=000004d0 ID_inst=00110123 EX_pc=000004d0 EX_alu=00002f3e mem_stall=0 mem_commit=0 mem_we=0000 mem_addr=00000022 mem_wd=003c0000 mem_rd=12222333
COMMIT t=4915000 wb_pc=000004cc wb_we=1 wb_rd=x1 wb_val=00000022 IF_pc=000004d8 IF_inst=00e10123 ID_pc=000004d4 ID_inst=00214703 EX_pc=000004d0 EX_alu=00002f3e mem_stall=1 mem_commit=0 mem_we=0000 mem_addr=00002f3e mem_wd=00002f3c mem_rd=00000f17
COMMIT t=4935000 wb_pc=000004d0 wb_we=1 wb_rd=x0 wb_val=12222333 IF_pc=000004dc IF_inst=00214103 ID_pc=000004d8 ID_inst=00e10123 EX_pc=000004d4 EX_alu=00002f3e mem_stall=1 mem_commit=0 mem_we=0000 mem_addr=00002f3e mem_wd=00220000 mem_rd=12222333
MEM_WRITE t=4945000 pc=000004d0 addr=00002f3e wd=00220000 ctrl=1
COMMIT t=4955000 wb_pc=000004d0 wb_we=0 wb_rd=x2 wb_val=00002f3e IF_pc=000004dc IF_inst=00214103 ID_pc=000004d8 ID_inst=00e10123 EX_pc=00000000 EX_alu=00000000 mem_stall=1 mem_commit=0 mem_we=0000 mem_addr=00002f3e mem_wd=003c0000 mem_rd=12222333
COMMIT t=4995000 wb_pc=00000000 wb_we=0 wb_rd=x0 wb_val=00000004 IF_pc=000004e4 IF_inst=24711ae3 ID_pc=000004e0 ID_inst=02200393 EX_pc=000004dc EX_alu=00002f3e mem_stall=0 mem_commit=1 mem_we=0100 mem_addr=00002f3e mem_wd=00220000 mem_rd=12222333
MEM_WRITE t=4995000 pc=00000000 addr=00002f3e wd=00220000 ctrl=1
COMMIT t=5005000 wb_pc=000004d8 wb_we=0 wb_rd=x2 wb_val=00002f3e IF_pc=000004e4 IF_inst=24711ae3 ID_pc=000004e0 ID_inst=02200393 EX_pc=00000000 EX_alu=00000000 mem_stall=1 mem_commit=0 mem_we=0000 mem_addr=00002f3e mem_wd=003c0000 mem_rd=12222333
COMMIT t=5045000 wb_pc=000004e0 wb_we=1 wb_rd=x7 wb_val=00000022 IF_pc=000004f0 IF_inst=00212423 ID_pc=000004ec ID_inst=a5410113 EX_pc=000004e8 EX_alu=000034e8 mem_stall=0 mem_commit=0 mem_we=0000 mem_addr=00000f38 mem_wd=00000022 mem_rd=00000f17
COMMIT t=5055000 wb_pc=000004e4 wb_we=0 wb_rd=x21 wb_val=00000f38 IF_pc=000004f4 IF_inst=00812203 ID_pc=000004f0 ID_inst=00212423 EX_pc=000004ec EX_alu=00002f3c mem_stall=0 mem_commit=0 mem_we=0000 mem_addr=000034e8 mem_wd=00000000 mem_rd=0ff0000f
COMMIT t=5065000 wb_pc=000004e8 wb_we=1 wb_rd=x2 wb_val=000034e8 IF_pc=000004f8 IF_inst=00120123 ID_pc=000004f4 ID_inst=00812203 EX_pc=000004f0 EX_alu=00002f44 mem_stall=0 mem_commit=0 mem_we=0000 mem_addr=00002f3c mem_wd=00000000 mem_rd=00000000
COMMIT t=5075000 wb_pc=000004ec wb_we=1 wb_rd=x2 wb_val=00002f3c IF_pc=000004fc IF_inst=22221ee3 ID_pc=000004f8 ID_inst=00120123 EX_pc=000004f4 EX_alu=00002f44 mem_stall=1 mem_commit=0 mem_we=0000 mem_addr=00002f44 mem_wd=00002f3c mem_rd=12222333
COMMIT t=5085000 wb_pc=000004ec wb_we=1 wb_rd=x2 wb_val=00002f3c IF_pc=000004fc IF_inst=22221ee3 ID_pc=000004f8 ID_inst=00120123 EX_pc=000004f4 EX_alu=00002f44 mem_stall=0 mem_commit=1 mem_we=1111 mem_addr=00002f44 mem_wd=00002f3c mem_rd=00002f3c
MEM_WRITE t=5085000 pc=000004ec addr=00002f44 wd=00002f3c ctrl=1
COMMIT t=5095000 wb_pc=000004f0 wb_we=0 wb_rd=x8 wb_val=00002f44 IF_pc=000004fc IF_inst=22221ee3 ID_pc=000004f8 ID_inst=00120123 EX_pc=00000000 EX_alu=00000000 mem_stall=1 mem_commit=0 mem_we=0000 mem_addr=00002f44 mem_wd=00000000 mem_rd=00002f3c
COMMIT t=5135000 wb_pc=00000000 wb_we=0 wb_rd=x0 wb_val=00000004 IF_pc=00000504 IF_inst=22771ae3 ID_pc=00000500 ID_inst=00224703 EX_pc=000004fc EX_alu=00000f38 mem_stall=0 mem_commit=1 mem_we=0100 mem_addr=00002f3e mem_wd=00220000 mem_rd=12222333
MEM_WRITE t=5135000 pc=00000000 addr=00002f3e wd=00220000 ctrl=1
COMMIT t=5145000 wb_pc=000004f8 wb_we=0 wb_rd=x2 wb_val=00002f3e IF_pc=00000508 IF_inst=01100193 ID_pc=00000504 ID_inst=22771ae3 EX_pc=00000500 EX_alu=00002f3e mem_stall=0 mem_commit=0 mem_we=0000 mem_addr=00000f38 mem_wd=00002f3c mem_rd=12222333
COMMIT t=5165000 wb_pc=000004fc wb_we=0 wb_rd=x29 wb_val=00000f38 IF_pc=00000508 IF_inst=01100193 ID_pc=00000504 ID_inst=22771ae3 EX_pc=00000000 EX_alu=00000000 mem_stall=0 mem_commit=1 mem_we=0000 mem_addr=00002f3e mem_wd=003c0000 mem_rd=12222333
COMMIT t=5195000 wb_pc=00000504 wb_we=0 wb_rd=x21 wb_val=00000f38 IF_pc=00000514 IF_inst=01200093 ID_pc=00000510 ID_inst=a3010113 EX_pc=0000050c EX_alu=0000350c mem_stall=0 mem_commit=0 mem_we=0000 mem_addr=00000011 mem_wd=00000000 mem_rd=0ff0000f
COMMIT t=5205000 wb_pc=00000508 wb_we=1 wb_rd=x3 wb_val=00000011 IF_pc=00000518 IF_inst=001101a3 ID_pc=00000514 ID_inst=01200093 EX_pc=00000510 EX_alu=00002f3c mem_stall=0 mem_commit=0 mem_we=0000 mem_addr=0000350c mem_wd=00000000 mem_rd=00900f93
COMMIT t=5215000 wb_pc=0000050c wb_we=1 wb_rd=x2 wb_val=0000350c IF_pc=0000051c IF_inst=00314703 ID_pc=00000518 ID_inst=001101a3 EX_pc=00000514 EX_alu=00000012 mem_stall=0 mem_commit=0 mem_we=0000 mem_addr=00002f3c mem_wd=00000000 mem_rd=00000000
COMMIT t=5225000 wb_pc=00000510 wb_we=1 wb_rd=x2 wb_val=00002f3c IF_pc=0000051c IF_inst=00314703 ID_pc=00000518 ID_inst=001101a3 EX_pc=00000518 EX_alu=00002f3f mem_stall=0 mem_commit=0 mem_we=0000 mem_addr=00000012 mem_wd=00000000 mem_rd=12222333
COMMIT t=5235000 wb_pc=00000514 wb_we=1 wb_rd=x1 wb_val=00000012 IF_pc=00000520 IF_inst=00e101a3 ID_pc=0000051c ID_inst=00314703 EX_pc=00000518 EX_alu=00002f3f mem_stall=1 mem_commit=0 mem_we=0000 mem_addr=00002f3f mem_wd=00000022 mem_rd=00900f93
COMMIT t=5255000 wb_pc=00000518 wb_we=1 wb_rd=x0 wb_val=12222333 IF_pc=00000524 IF_inst=00314103 ID_pc=00000520 ID_inst=00e101a3 EX_pc=0000051c EX_alu=00002f3f mem_stall=1 mem_commit=0 mem_we=0000 mem_addr=00002f3f mem_wd=12000000 mem_rd=12222333
MEM_WRITE t=5265000 pc=00000518 addr=00002f3f wd=12000000 ctrl=1
COMMIT t=5275000 wb_pc=00000518 wb_we=0 wb_rd=x3 wb_val=00002f3f IF_pc=00000524 IF_inst=00314103 ID_pc=00000520 ID_inst=00e101a3 EX_pc=00000000 EX_alu=00000000 mem_stall=1 mem_commit=0 mem_we=0000 mem_addr=00002f3f mem_wd=11000000 mem_rd=12222333
COMMIT t=5315000 wb_pc=00000000 wb_we=0 wb_rd=x0 wb_val=00000004 IF_pc=0000052c IF_inst=207116e3 ID_pc=00000528 ID_inst=01200393 EX_pc=00000524 EX_alu=00002f3f mem_stall=0 mem_commit=1 mem_we=1000 mem_addr=00002f3f mem_wd=12000000 mem_rd=12222333
MEM_WRITE t=5315000 pc=00000000 addr=00002f3f wd=12000000 ctrl=1
COMMIT t=5325000 wb_pc=00000520 wb_we=0 wb_rd=x3 wb_val=00002f3f IF_pc=00000530 IF_inst=00003117 ID_pc=0000052c ID_inst=207116e3 EX_pc=00000528 EX_alu=00000012 mem_stall=1 mem_commit=0 mem_we=0000 mem_addr=00002f3f mem_wd=11000000 mem_rd=12222333
COMMIT t=5345000 wb_pc=00000524 wb_we=1 wb_rd=x2 wb_val=00000012 IF_pc=00000534 IF_inst=a0c10113 ID_pc=00000530 ID_inst=00003117 EX_pc=0000052c EX_alu=00000f38 mem_stall=0 mem_commit=0 mem_we=0000 mem_addr=00000012 mem_wd=00000000 mem_rd=12222333
COMMIT t=5365000 wb_pc=0000052c wb_we=0 wb_rd=x13 wb_val=00000f38 IF_pc=0000053c IF_inst=00812203 ID_pc=00000538 ID_inst=00212423 EX_pc=00000534 EX_alu=00002f3c mem_stall=0 mem_commit=0 mem_we=0000 mem_addr=00003530 mem_wd=00000000 mem_rd=0ff0000f
COMMIT t=5375000 wb_pc=00000530 wb_we=1 wb_rd=x2 wb_val=00003530 IF_pc=00000540 IF_inst=001201a3 ID_pc=0000053c ID_inst=00812203 EX_pc=00000538 EX_alu=00002f44 mem_stall=0 mem_commit=0 mem_we=0000 mem_addr=00002f3c mem_wd=00000000 mem_rd=00000000
COMMIT t=5385000 wb_pc=00000534 wb_we=1 wb_rd=x2 wb_val=00002f3c IF_pc=00000544 IF_inst=1e221ae3 ID_pc=00000540 ID_inst=001201a3 EX_pc=0000053c EX_alu=00002f44 mem_stall=1 mem_commit=0 mem_we=0000 mem_addr=00002f44 mem_wd=00002f3c mem_rd=12222333
COMMIT t=5395000 wb_pc=00000534 wb_we=1 wb_rd=x2 wb_val=00002f3c IF_pc=00000544 IF_inst=1e221ae3 ID_pc=00000540 ID_inst=001201a3 EX_pc=0000053c EX_alu=00002f44 mem_stall=0 mem_commit=1 mem_we=1111 mem_addr=00002f44 mem_wd=00002f3c mem_rd=00002f3c
MEM_WRITE t=5395000 pc=00000534 addr=00002f44 wd=00002f3c ctrl=1
COMMIT t=5405000 wb_pc=00000538 wb_we=0 wb_rd=x8 wb_val=00002f44 IF_pc=00000544 IF_inst=1e221ae3 ID_pc=00000540 ID_inst=001201a3 EX_pc=00000000 EX_alu=00000000 mem_stall=1 mem_commit=0 mem_we=0000 mem_addr=00002f44 mem_wd=00000000 mem_rd=00002f3c
COMMIT t=5445000 wb_pc=00000000 wb_we=0 wb_rd=x0 wb_val=00000004 IF_pc=0000054c IF_inst=1e7716e3 ID_pc=00000548 ID_inst=00324703 EX_pc=00000544 EX_alu=00000f38 mem_stall=0 mem_commit=1 mem_we=1000 mem_addr=00002f3f mem_wd=12000000 mem_rd=12222333
MEM_WRITE t=5445000 pc=00000000 addr=00002f3f wd=12000000 ctrl=1
COMMIT t=5455000 wb_pc=00000540 wb_we=0 wb_rd=x3 wb_val=00002f3f IF_pc=00000550 IF_inst=01200193 ID_pc=0000054c ID_inst=1e7716e3 EX_pc=00000548 EX_alu=00002f3f mem_stall=0 mem_commit=0 mem_we=0000 mem_addr=00000f38 mem_wd=00002f3c mem_rd=12222333
COMMIT t=5475000 wb_pc=00000544 wb_we=0 wb_rd=x21 wb_val=00000f38 IF_pc=00000550 IF_inst=01200193 ID_pc=0000054c ID_inst=1e7716e3 EX_pc=00000000 EX_alu=00000000 mem_stall=0 mem_commit=1 mem_we=0000 mem_addr=00002f3f mem_wd=11000000 mem_rd=12222333
COMMIT t=5505000 wb_pc=0000054c wb_we=0 wb_rd=x13 wb_val=00000f38 IF_pc=0000055c IF_inst=01100093 ID_pc=00000558 ID_inst=9e810113 EX_pc=00000554 EX_alu=00003554 mem_stall=0 mem_commit=0 mem_we=0000 mem_addr=00000012 mem_wd=00000000 mem_rd=0ff0000f
COMMIT t=5515000 wb_pc=00000550 wb_we=1 wb_rd=x3 wb_val=00000012 IF_pc=00000560 IF_inst=00110223 ID_pc=0000055c ID_inst=01100093 EX_pc=00000558 EX_alu=00002f3c mem_stall=0 mem_commit=0 mem_we=0000 mem_addr=00003554 mem_wd=00000000 mem_rd=00900f93
COMMIT t=5525000 wb_pc=00000554 wb_we=1 wb_rd=x2 wb_val=00003554 IF_pc=00000564 IF_inst=00414703 ID_pc=00000560 ID_inst=00110223 EX_pc=0000055c EX_alu=00000011 mem_stall=0 mem_commit=0 mem_we=0000 mem_addr=00002f3c mem_wd=00000000 mem_rd=00000000
COMMIT t=5535000 wb_pc=00000558 wb_we=1 wb_rd=x2 wb_val=00002f3c IF_pc=00000564 IF_inst=00414703 ID_pc=00000560 ID_inst=00110223 EX_pc=00000560 EX_alu=00002f40 mem_stall=0 mem_commit=0 mem_we=0000 mem_addr=00000011 mem_wd=00000000 mem_rd=12222333
COMMIT t=5545000 wb_pc=0000055c wb_we=1 wb_rd=x1 wb_val=00000011 IF_pc=00000568 IF_inst=00e10223 ID_pc=00000564 ID_inst=00414703 EX_pc=00000560 EX_alu=00002f40 mem_stall=1 mem_commit=0 mem_we=0000 mem_addr=00002f40 mem_wd=00000012 mem_rd=00900f93
COMMIT t=5565000 wb_pc=00000560 wb_we=1 wb_rd=x0 wb_val=dead0111 IF_pc=0000056c IF_inst=00414103 ID_pc=00000568 ID_inst=00e10223 EX_pc=00000564 EX_alu=00002f40 mem_stall=1 mem_commit=0 mem_we=0000 mem_addr=00002f40 mem_wd=00000011 mem_rd=dead0111
MEM_WRITE t=5575000 pc=00000560 addr=00002f40 wd=00000011 ctrl=1
COMMIT t=5585000 wb_pc=00000560 wb_we=0 wb_rd=x4 wb_val=00002f40 IF_pc=0000056c IF_inst=00414103 ID_pc=00000568 ID_inst=00e10223 EX_pc=00000000 EX_alu=00000000 mem_stall=1 mem_commit=0 mem_we=0000 mem_addr=00002f40 mem_wd=0000003c mem_rd=dead0111
COMMIT t=5625000 wb_pc=00000000 wb_we=0 wb_rd=x0 wb_val=00000004 IF_pc=00000574 IF_inst=1c7112e3 ID_pc=00000570 ID_inst=01100393 EX_pc=0000056c EX_alu=00002f40 mem_stall=0 mem_commit=1 mem_we=0001 mem_addr=00002f40 mem_wd=00000011 mem_rd=dead0111
MEM_WRITE t=5625000 pc=00000000 addr=00002f40 wd=00000011 ctrl=1
COMMIT t=5635000 wb_pc=00000568 wb_we=0 wb_rd=x4 wb_val=00002f40 IF_pc=00000578 IF_inst=00003117 ID_pc=00000574 ID_inst=1c7112e3 EX_pc=00000570 EX_alu=00000011 mem_stall=1 mem_commit=0 mem_we=0000 mem_addr=00002f40 mem_wd=0000003c mem_rd=dead0111
COMMIT t=5655000 wb_pc=0000056c wb_we=1 wb_rd=x2 wb_val=00000011 IF_pc=0000057c IF_inst=9c410113 ID_pc=00000578 ID_inst=00003117 EX_pc=00000574 EX_alu=00000f38 mem_stall=0 mem_commit=0 mem_we=0000 mem_addr=00000011 mem_wd=00000000 mem_rd=dead0111
COMMIT t=5675000 wb_pc=00000574 wb_we=0 wb_rd=x5 wb_val=00000f38 IF_pc=00000584 IF_inst=00812203 ID_pc=00000580 ID_inst=00212423 EX_pc=0000057c EX_alu=00002f3c mem_stall=0 mem_commit=0 mem_we=0000 mem_addr=00003578 mem_wd=00000000 mem_rd=0ff0000f
COMMIT t=5685000 wb_pc=00000578 wb_we=1 wb_rd=x2 wb_val=00003578 IF_pc=00000588 IF_inst=00120223 ID_pc=00000584 ID_inst=00812203 EX_pc=00000580 EX_alu=00002f44 mem_stall=0 mem_commit=0 mem_we=0000 mem_addr=00002f3c mem_wd=0000003c mem_rd=00000000
COMMIT t=5695000 wb_pc=0000057c wb_we=1 wb_rd=x2 wb_val=00002f3c IF_pc=0000058c IF_inst=1a2216e3 ID_pc=00000588 ID_inst=00120223 EX_pc=00000584 EX_alu=00002f44 mem_stall=1 mem_commit=0 mem_we=0000 mem_addr=00002f44 mem_wd=00002f3c mem_rd=12222333
COMMIT t=5705000 wb_pc=0000057c wb_we=1 wb_rd=x2 wb_val=00002f3c IF_pc=0000058c IF_inst=1a2216e3 ID_pc=00000588 ID_inst=00120223 EX_pc=00000584 EX_alu=00002f44 mem_stall=0 mem_commit=1 mem_we=1111 mem_addr=00002f44 mem_wd=00002f3c mem_rd=00002f3c
MEM_WRITE t=5705000 pc=0000057c addr=00002f44 wd=00002f3c ctrl=1
COMMIT t=5715000 wb_pc=00000580 wb_we=0 wb_rd=x8 wb_val=00002f44 IF_pc=0000058c IF_inst=1a2216e3 ID_pc=00000588 ID_inst=00120223 EX_pc=00000000 EX_alu=00000000 mem_stall=1 mem_commit=0 mem_we=0000 mem_addr=00002f44 mem_wd=00000000 mem_rd=00002f3c
COMMIT t=5755000 wb_pc=00000000 wb_we=0 wb_rd=x0 wb_val=00000004 IF_pc=00000594 IF_inst=1a7712e3 ID_pc=00000590 ID_inst=00424703 EX_pc=0000058c EX_alu=00000f38 mem_stall=0 mem_commit=1 mem_we=0001 mem_addr=00002f40 mem_wd=00000011 mem_rd=dead0111
MEM_WRITE t=5755000 pc=00000000 addr=00002f40 wd=00000011 ctrl=1
COMMIT t=5765000 wb_pc=00000588 wb_we=0 wb_rd=x4 wb_val=00002f40 IF_pc=00000598 IF_inst=01300193 ID_pc=00000594 ID_inst=1a7712e3 EX_pc=00000590 EX_alu=00002f40 mem_stall=0 mem_commit=0 mem_we=0000 mem_addr=00000f38 mem_wd=00002f3c mem_rd=dead0111
COMMIT t=5785000 wb_pc=0000058c wb_we=0 wb_rd=x13 wb_val=00000f38 IF_pc=00000598 IF_inst=01300193 ID_pc=00000594 ID_inst=1a7712e3 EX_pc=00000000 EX_alu=00000000 mem_stall=0 mem_commit=1 mem_we=0000 mem_addr=00002f40 mem_wd=0000003c mem_rd=dead0111
COMMIT t=5815000 wb_pc=00000594 wb_we=0 wb_rd=x5 wb_val=00000f38 IF_pc=000005a4 IF_inst=00100093 ID_pc=000005a0 ID_inst=9a010113 EX_pc=0000059c EX_alu=0000359c mem_stall=0 mem_commit=0 mem_we=0000 mem_addr=00000013 mem_wd=00000000 mem_rd=0ff0000f
COMMIT t=5825000 wb_pc=00000598 wb_we=1 wb_rd=x3 wb_val=00000013 IF_pc=000005a8 IF_inst=001102a3 ID_pc=000005a4 ID_inst=00100093 EX_pc=000005a0 EX_alu=00002f3c mem_stall=0 mem_commit=0 mem_we=0000 mem_addr=0000359c mem_wd=00000000 mem_rd=00900f93
COMMIT t=5835000 wb_pc=0000059c wb_we=1 wb_rd=x2 wb_val=0000359c IF_pc=000005ac IF_inst=00514703 ID_pc=000005a8 ID_inst=001102a3 EX_pc=000005a4 EX_alu=00000001 mem_stall=0 mem_commit=0 mem_we=0000 mem_addr=00002f3c mem_wd=00000000 mem_rd=00000000
COMMIT t=5845000 wb_pc=000005a0 wb_we=1 wb_rd=x2 wb_val=00002f3c IF_pc=000005ac IF_inst=00514703 ID_pc=000005a8 ID_inst=001102a3 EX_pc=000005a8 EX_alu=00002f41 mem_stall=0 mem_commit=0 mem_we=0000 mem_addr=00000001 mem_wd=00001100 mem_rd=12222333
COMMIT t=5855000 wb_pc=000005a4 wb_we=1 wb_rd=x1 wb_val=00000001 IF_pc=000005b0 IF_inst=00e102a3 ID_pc=000005ac ID_inst=00514703 EX_pc=000005a8 EX_alu=00002f41 mem_stall=1 mem_commit=0 mem_we=0000 mem_addr=00002f41 mem_wd=00000011 mem_rd=0540006f
COMMIT t=5875000 wb_pc=000005a8 wb_we=1 wb_rd=x0 wb_val=dead0111 IF_pc=000005b4 IF_inst=00514103 ID_pc=000005b0 ID_inst=00e102a3 EX_pc=000005ac EX_alu=00002f41 mem_stall=1 mem_commit=0 mem_we=0000 mem_addr=00002f41 mem_wd=00000100 mem_rd=dead0111
MEM_WRITE t=5885000 pc=000005a8 addr=00002f41 wd=00000100 ctrl=1
COMMIT t=5895000 wb_pc=000005a8 wb_we=0 wb_rd=x5 wb_val=00002f41 IF_pc=000005b4 IF_inst=00514103 ID_pc=000005b0 ID_inst=00e102a3 EX_pc=00000000 EX_alu=00000000 mem_stall=1 mem_commit=0 mem_we=0000 mem_addr=00002f41 mem_wd=00000000 mem_rd=dead0111
COMMIT t=5935000 wb_pc=00000000 wb_we=0 wb_rd=x0 wb_val=00000004 IF_pc=000005bc IF_inst=16711ee3 ID_pc=000005b8 ID_inst=00100393 EX_pc=000005b4 EX_alu=00002f41 mem_stall=0 mem_commit=1 mem_we=0010 mem_addr=00002f41 mem_wd=00000100 mem_rd=dead0111
MEM_WRITE t=5935000 pc=00000000 addr=00002f41 wd=00000100 ctrl=1
COMMIT t=5945000 wb_pc=000005b0 wb_we=0 wb_rd=x5 wb_val=00002f41 IF_pc=000005c0 IF_inst=00003117 ID_pc=000005bc ID_inst=16711ee3 EX_pc=000005b8 EX_alu=00000001 mem_stall=1 mem_commit=0 mem_we=0000 mem_addr=00002f41 mem_wd=00000000 mem_rd=dead0111
COMMIT t=5965000 wb_pc=000005b4 wb_we=1 wb_rd=x2 wb_val=00000001 IF_pc=000005c4 IF_inst=97c10113 ID_pc=000005c0 ID_inst=00003117 EX_pc=000005bc EX_alu=00000f38 mem_stall=0 mem_commit=0 mem_we=0000 mem_addr=00000001 mem_wd=00000100 mem_rd=dead0111
COMMIT t=5985000 wb_pc=000005bc wb_we=0 wb_rd=x29 wb_val=00000f38 IF_pc=000005cc IF_inst=00812203 ID_pc=000005c8 ID_inst=00212423 EX_pc=000005c4 EX_alu=00002f3c mem_stall=0 mem_commit=0 mem_we=0000 mem_addr=000035c0 mem_wd=00000000 mem_rd=0ff0000f
COMMIT t=5995000 wb_pc=000005c0 wb_we=1 wb_rd=x2 wb_val=000035c0 IF_pc=000005d0 IF_inst=001202a3 ID_pc=000005cc ID_inst=00812203 EX_pc=000005c8 EX_alu=00002f44 mem_stall=0 mem_commit=0 mem_we=0000 mem_addr=00002f3c mem_wd=00000000 mem_rd=00000000
COMMIT t=6005000 wb_pc=000005c4 wb_we=1 wb_rd=x2 wb_val=00002f3c IF_pc=000005d4 IF_inst=162212e3 ID_pc=000005d0 ID_inst=001202a3 EX_pc=000005cc EX_alu=00002f44 mem_stall=1 mem_commit=0 mem_we=0000 mem_addr=00002f44 mem_wd=00002f3c mem_rd=12222333
COMMIT t=6015000 wb_pc=000005c4 wb_we=1 wb_rd=x2 wb_val=00002f3c IF_pc=000005d4 IF_inst=162212e3 ID_pc=000005d0 ID_inst=001202a3 EX_pc=000005cc EX_alu=00002f44 mem_stall=0 mem_commit=1 mem_we=1111 mem_addr=00002f44 mem_wd=00002f3c mem_rd=00002f3c
MEM_WRITE t=6015000 pc=000005c4 addr=00002f44 wd=00002f3c ctrl=1
COMMIT t=6025000 wb_pc=000005c8 wb_we=0 wb_rd=x8 wb_val=00002f44 IF_pc=000005d4 IF_inst=162212e3 ID_pc=000005d0 ID_inst=001202a3 EX_pc=00000000 EX_alu=00000000 mem_stall=1 mem_commit=0 mem_we=0000 mem_addr=00002f44 mem_wd=00000000 mem_rd=00002f3c
COMMIT t=6065000 wb_pc=00000000 wb_we=0 wb_rd=x0 wb_val=00000004 IF_pc=000005dc IF_inst=14771ee3 ID_pc=000005d8 ID_inst=00524703 EX_pc=000005d4 EX_alu=00000f38 mem_stall=0 mem_commit=1 mem_we=0010 mem_addr=00002f41 mem_wd=00000100 mem_rd=dead0111
MEM_WRITE t=6065000 pc=00000000 addr=00002f41 wd=00000100 ctrl=1
COMMIT t=6075000 wb_pc=000005d0 wb_we=0 wb_rd=x5 wb_val=00002f41 IF_pc=000005e0 IF_inst=01400193 ID_pc=000005dc ID_inst=14771ee3 EX_pc=000005d8 EX_alu=00002f41 mem_stall=0 mem_commit=0 mem_we=0000 mem_addr=00000f38 mem_wd=00002f3c mem_rd=dead0111
COMMIT t=6095000 wb_pc=000005d4 wb_we=0 wb_rd=x5 wb_val=00000f38 IF_pc=000005e0 IF_inst=01400193 ID_pc=000005dc ID_inst=14771ee3 EX_pc=00000000 EX_alu=00000000 mem_stall=0 mem_commit=1 mem_we=0000 mem_addr=00002f41 mem_wd=00000000 mem_rd=dead0111
COMMIT t=6125000 wb_pc=000005dc wb_we=0 wb_rd=x29 wb_val=00000f38 IF_pc=000005ec IF_inst=aabbd0b7 ID_pc=000005e8 ID_inst=95810113 EX_pc=000005e4 EX_alu=000035e4 mem_stall=0 mem_commit=0 mem_we=0000 mem_addr=00000014 mem_wd=00000000 mem_rd=0ff0000f
COMMIT t=6135000 wb_pc=000005e0 wb_we=1 wb_rd=x3 wb_val=00000014 IF_pc=000005f0 IF_inst=cdd08093 ID_pc=000005ec ID_inst=aabbd0b7 EX_pc=000005e8 EX_alu=00002f3c mem_stall=0 mem_commit=0 mem_we=0000 mem_addr=000035e4 mem_wd=00000000 mem_rd=03ff0663
COMMIT t=6145000 wb_pc=000005e4 wb_we=1 wb_rd=x2 wb_val=000035e4 IF_pc=000005f4 IF_inst=00112023 ID_pc=000005f0 ID_inst=cdd08093 EX_pc=000005ec EX_alu=aabbd000 mem_stall=0 mem_commit=0 mem_we=0000 mem_addr=00002f3c mem_wd=00000000 mem_rd=00000000
COMMIT t=6155000 wb_pc=000005e8 wb_we=1 wb_rd=x2 wb_val=00002f3c IF_pc=000005f8 IF_inst=00012703 ID_pc=000005f4 ID_inst=00112023 EX_pc=000005f0 EX_alu=aabbccdd mem_stall=0 mem_commit=0 mem_we=0000 mem_addr=aabbd000 mem_wd=00000000 mem_rd=12222333
COMMIT t=6165000 wb_pc=000005ec wb_we=1 wb_rd=x1 wb_val=aabbd000 IF_pc=000005fc IF_inst=00e12023 ID_pc=000005f8 ID_inst=00012703 EX_pc=000005f4 EX_alu=00002f3c mem_stall=0 mem_commit=0 mem_we=0000 mem_addr=aabbccdd mem_wd=00000000 mem_rd=00000000
COMMIT t=6175000 wb_pc=000005f0 wb_we=1 wb_rd=x1 wb_val=aabbccdd IF_pc=00000600 IF_inst=00012103 ID_pc=000005fc ID_inst=00e12023 EX_pc=000005f8 EX_alu=00002f3c mem_stall=1 mem_commit=0 mem_we=0000 mem_addr=00002f3c mem_wd=aabbccdd mem_rd=00000000
COMMIT t=6185000 wb_pc=000005f0 wb_we=1 wb_rd=x1 wb_val=aabbccdd IF_pc=00000600 IF_inst=00012103 ID_pc=000005fc ID_inst=00e12023 EX_pc=000005f8 EX_alu=00002f3c mem_stall=0 mem_commit=1 mem_we=1111 mem_addr=00002f3c mem_wd=aabbccdd mem_rd=12222333
MEM_WRITE t=6185000 pc=000005f0 addr=00002f3c wd=aabbccdd ctrl=1
COMMIT t=6195000 wb_pc=000005f4 wb_we=0 wb_rd=x0 wb_val=00002f3c IF_pc=00000600 IF_inst=00012103 ID_pc=000005fc ID_inst=00e12023 EX_pc=00000000 EX_alu=00000000 mem_stall=1 mem_commit=0 mem_we=0000 mem_addr=00002f3c mem_wd=00000000 mem_rd=aabbccdd
COMMIT t=6235000 wb_pc=00000000 wb_we=0 wb_rd=x0 wb_val=00000004 IF_pc=00000608 IF_inst=cdd38393 ID_pc=00000604 ID_inst=aabbd3b7 EX_pc=00000600 EX_alu=00002f3c mem_stall=0 mem_commit=1 mem_we=1111 mem_addr=00002f3c mem_wd=aabbccdd mem_rd=aabbccdd
MEM_WRITE t=6235000 pc=00000000 addr=00002f3c wd=aabbccdd ctrl=1
COMMIT t=6245000 wb_pc=000005fc wb_we=0 wb_rd=x0 wb_val=00002f3c IF_pc=0000060c IF_inst=127116e3 ID_pc=00000608 ID_inst=cdd38393 EX_pc=00000604 EX_alu=aabbd000 mem_stall=1 mem_commit=0 mem_we=0000 mem_addr=00002f3c mem_wd=00000000 mem_rd=aabbccdd
COMMIT t=6265000 wb_pc=00000600 wb_we=1 wb_rd=x2 wb_val=aabbccdd IF_pc=00000610 IF_inst=00003117 ID_pc=0000060c ID_inst=127116e3 EX_pc=00000608 EX_alu=aabbccdd mem_stall=0 mem_commit=0 mem_we=0000 mem_addr=aabbd000 mem_wd=00000000 mem_rd=aabbccdd
COMMIT t=6285000 wb_pc=00000608 wb_we=1 wb_rd=x7 wb_val=aabbccdd IF_pc=00000618 IF_inst=00212423 ID_pc=00000614 ID_inst=92c10113 EX_pc=00000610 EX_alu=00003610 mem_stall=0 mem_commit=0 mem_we=0000 mem_addr=00000f38 mem_wd=0000ccdd mem_rd=00000000
COMMIT t=6295000 wb_pc=0000060c wb_we=0 wb_rd=x13 wb_val=00000f38 IF_pc=0000061c IF_inst=00812203 ID_pc=00000618 ID_inst=00212423 EX_pc=00000614 EX_alu=00002f3c mem_stall=0 mem_commit=0 mem_we=0000 mem_addr=00003610 mem_wd=00000000 mem_rd=0ff0000f
COMMIT t=6305000 wb_pc=00000610 wb_we=1 wb_rd=x2 wb_val=00003610 IF_pc=00000620 IF_inst=00122023 ID_pc=0000061c ID_inst=00812203 EX_pc=00000618 EX_alu=00002f44 mem_stall=0 mem_commit=0 mem_we=0000 mem_addr=00002f3c mem_wd=00000000 mem_rd=00000000
COMMIT t=6315000 wb_pc=00000614 wb_we=1 wb_rd=x2 wb_val=00002f3c IF_pc=00000624 IF_inst=10221ae3 ID_pc=00000620 ID_inst=00122023 EX_pc=0000061c EX_alu=00002f44 mem_stall=1 mem_commit=0 mem_we=0000 mem_addr=00002f44 mem_wd=00002f3c mem_rd=aabbccdd
COMMIT t=6325000 wb_pc=00000614 wb_we=1 wb_rd=x2 wb_val=00002f3c IF_pc=00000624 IF_inst=10221ae3 ID_pc=00000620 ID_inst=00122023 EX_pc=0000061c EX_alu=00002f44 mem_stall=0 mem_commit=1 mem_we=1111 mem_addr=00002f44 mem_wd=00002f3c mem_rd=00002f3c
MEM_WRITE t=6325000 pc=00000614 addr=00002f44 wd=00002f3c ctrl=1
COMMIT t=6335000 wb_pc=00000618 wb_we=0 wb_rd=x8 wb_val=00002f44 IF_pc=00000624 IF_inst=10221ae3 ID_pc=00000620 ID_inst=00122023 EX_pc=00000000 EX_alu=00000000 mem_stall=1 mem_commit=0 mem_we=0000 mem_addr=00002f44 mem_wd=00000000 mem_rd=00002f3c
COMMIT t=6375000 wb_pc=00000000 wb_we=0 wb_rd=x0 wb_val=00000004 IF_pc=0000062c IF_inst=107716e3 ID_pc=00000628 ID_inst=00022703 EX_pc=00000624 EX_alu=00000f38 mem_stall=0 mem_commit=1 mem_we=1111 mem_addr=00002f3c mem_wd=aabbccdd mem_rd=aabbccdd
MEM_WRITE t=6375000 pc=00000000 addr=00002f3c wd=aabbccdd ctrl=1
COMMIT t=6385000 wb_pc=00000620 wb_we=0 wb_rd=x0 wb_val=00002f3c IF_pc=00000630 IF_inst=01500193 ID_pc=0000062c ID_inst=107716e3 EX_pc=00000628 EX_alu=00002f3c mem_stall=0 mem_commit=0 mem_we=0000 mem_addr=00000f38 mem_wd=00002f3c mem_rd=aabbccdd
COMMIT t=6405000 wb_pc=00000624 wb_we=0 wb_rd=x21 wb_val=00000f38 IF_pc=00000630 IF_inst=01500193 ID_pc=0000062c ID_inst=107716e3 EX_pc=00000000 EX_alu=00000000 mem_stall=0 mem_commit=1 mem_we=0000 mem_addr=00002f3c mem_wd=00000000 mem_rd=aabbccdd
COMMIT t=6435000 wb_pc=0000062c wb_we=0 wb_rd=x13 wb_val=00000f38 IF_pc=0000063c IF_inst=daabc0b7 ID_pc=00000638 ID_inst=90810113 EX_pc=00000634 EX_alu=00003634 mem_stall=0 mem_commit=0 mem_we=0000 mem_addr=00000015 mem_wd=00000000 mem_rd=0ff0000f
COMMIT t=6445000 wb_pc=00000630 wb_we=1 wb_rd=x3 wb_val=00000015 IF_pc=00000640 IF_inst=ccd08093 ID_pc=0000063c ID_inst=daabc0b7 EX_pc=00000638 EX_alu=00002f3c mem_stall=0 mem_commit=0 mem_we=0000 mem_addr=00003634 mem_wd=00000000 mem_rd=03ff0663
COMMIT t=6455000 wb_pc=00000634 wb_we=1 wb_rd=x2 wb_val=00003634 IF_pc=00000644 IF_inst=00112223 ID_pc=00000640 ID_inst=ccd08093 EX_pc=0000063c EX_alu=daabc000 mem_stall=0 mem_commit=0 mem_we=0000 mem_addr=00002f3c mem_wd=00000000 mem_rd=00000000
COMMIT t=6465000 wb_pc=00000638 wb_we=1 wb_rd=x2 wb_val=00002f3c IF_pc=00000648 IF_inst=00412703 ID_pc=00000644 ID_inst=00112223 EX_pc=00000640 EX_alu=daabbccd mem_stall=0 mem_commit=0 mem_we=0000 mem_addr=daabc000 mem_wd=00000000 mem_rd=aabbccdd
COMMIT t=6475000 wb_pc=0000063c wb_we=1 wb_rd=x1 wb_val=daabc000 IF_pc=0000064c IF_inst=00e12223 ID_pc=00000648 ID_inst=00412703 EX_pc=00000644 EX_alu=00002f40 mem_stall=0 mem_commit=0 mem_we=0000 mem_addr=daabbccd mem_wd=00000000 mem_rd=00000000
COMMIT t=6485000 wb_pc=00000640 wb_we=1 wb_rd=x1 wb_val=daabbccd IF_pc=00000650 IF_inst=00412103 ID_pc=0000064c ID_inst=00e12223 EX_pc=00000648 EX_alu=00002f40 mem_stall=1 mem_commit=0 mem_we=0000 mem_addr=00002f40 mem_wd=daabbccd mem_rd=00000000
COMMIT t=6495000 wb_pc=00000640 wb_we=1 wb_rd=x1 wb_val=daabbccd IF_pc=00000650 IF_inst=00412103 ID_pc=0000064c ID_inst=00e12223 EX_pc=00000648 EX_alu=00002f40 mem_stall=0 mem_commit=1 mem_we=1111 mem_addr=00002f40 mem_wd=daabbccd mem_rd=dead0111
MEM_WRITE t=6495000 pc=00000640 addr=00002f40 wd=daabbccd ctrl=1
COMMIT t=6505000 wb_pc=00000644 wb_we=0 wb_rd=x4 wb_val=00002f40 IF_pc=00000650 IF_inst=00412103 ID_pc=0000064c ID_inst=00e12223 EX_pc=00000000 EX_alu=00000000 mem_stall=1 mem_commit=0 mem_we=0000 mem_addr=00002f40 mem_wd=00002f3c mem_rd=daabbccd
COMMIT t=6545000 wb_pc=00000000 wb_we=0 wb_rd=x0 wb_val=00000004 IF_pc=00000658 IF_inst=ccd38393 ID_pc=00000654 ID_inst=daabc3b7 EX_pc=00000650 EX_alu=00002f40 mem_stall=0 mem_commit=1 mem_we=1111 mem_addr=00002f40 mem_wd=daabbccd mem_rd=daabbccd
MEM_WRITE t=6545000 pc=00000000 addr=00002f40 wd=daabbccd ctrl=1
COMMIT t=6555000 wb_pc=0000064c wb_we=0 wb_rd=x4 wb_val=00002f40 IF_pc=0000065c IF_inst=0c711ee3 ID_pc=00000658 ID_inst=ccd38393 EX_pc=00000654 EX_alu=daabc000 mem_stall=1 mem_commit=0 mem_we=0000 mem_addr=00002f40 mem_wd=00002f3c mem_rd=daabbccd
COMMIT t=6575000 wb_pc=00000650 wb_we=1 wb_rd=x2 wb_val=daabbccd IF_pc=00000660 IF_inst=00003117 ID_pc=0000065c ID_inst=0c711ee3 EX_pc=00000658 EX_alu=daabbccd mem_stall=0 mem_commit=0 mem_we=0000 mem_addr=daabc000 mem_wd=00000000 mem_rd=daabbccd
COMMIT t=6595000 wb_pc=00000658 wb_we=1 wb_rd=x7 wb_val=daabbccd IF_pc=00000668 IF_inst=00212423 ID_pc=00000664 ID_inst=8dc10113 EX_pc=00000660 EX_alu=00003660 mem_stall=0 mem_commit=0 mem_we=0000 mem_addr=00000f38 mem_wd=0000bccd mem_rd=00000000
COMMIT t=6605000 wb_pc=0000065c wb_we=0 wb_rd=x29 wb_val=00000f38 IF_pc=0000066c IF_inst=00812203 ID_pc=00000668 ID_inst=00212423 EX_pc=00000664 EX_alu=00002f3c mem_stall=0 mem_commit=0 mem_we=0000 mem_addr=00003660 mem_wd=00000000 mem_rd=0ff0000f
COMMIT t=6615000 wb_pc=00000660 wb_we=1 wb_rd=x2 wb_val=00003660 IF_pc=00000670 IF_inst=00122223 ID_pc=0000066c ID_inst=00812203 EX_pc=00000668 EX_alu=00002f44 mem_stall=0 mem_commit=0 mem_we=0000 mem_addr=00002f3c mem_wd=00000000 mem_rd=00000000
COMMIT t=6625000 wb_pc=00000664 wb_we=1 wb_rd=x2 wb_val=00002f3c IF_pc=00000674 IF_inst=0c2212e3 ID_pc=00000670 ID_inst=00122223 EX_pc=0000066c EX_alu=00002f44 mem_stall=1 mem_commit=0 mem_we=0000 mem_addr=00002f44 mem_wd=00002f3c mem_rd=aabbccdd
COMMIT t=6635000 wb_pc=00000664 wb_we=1 wb_rd=x2 wb_val=00002f3c IF_pc=00000674 IF_inst=0c2212e3 ID_pc=00000670 ID_inst=00122223 EX_pc=0000066c EX_alu=00002f44 mem_stall=0 mem_commit=1 mem_we=1111 mem_addr=00002f44 mem_wd=00002f3c mem_rd=00002f3c
MEM_WRITE t=6635000 pc=00000664 addr=00002f44 wd=00002f3c ctrl=1
COMMIT t=6645000 wb_pc=00000668 wb_we=0 wb_rd=x8 wb_val=00002f44 IF_pc=00000674 IF_inst=0c2212e3 ID_pc=00000670 ID_inst=00122223 EX_pc=00000000 EX_alu=00000000 mem_stall=1 mem_commit=0 mem_we=0000 mem_addr=00002f44 mem_wd=00000000 mem_rd=00002f3c
COMMIT t=6685000 wb_pc=00000000 wb_we=0 wb_rd=x0 wb_val=00000004 IF_pc=0000067c IF_inst=0a771ee3 ID_pc=00000678 ID_inst=00422703 EX_pc=00000674 EX_alu=00000f38 mem_stall=0 mem_commit=1 mem_we=1111 mem_addr=00002f40 mem_wd=daabbccd mem_rd=daabbccd
MEM_WRITE t=6685000 pc=00000000 addr=00002f40 wd=daabbccd ctrl=1
COMMIT t=6695000 wb_pc=00000670 wb_we=0 wb_rd=x4 wb_val=00002f40 IF_pc=00000680 IF_inst=01600193 ID_pc=0000067c ID_inst=0a771ee3 EX_pc=00000678 EX_alu=00002f40 mem_stall=0 mem_commit=0 mem_we=0000 mem_addr=00000f38 mem_wd=00002f3c mem_rd=daabbccd
COMMIT t=6715000 wb_pc=00000674 wb_we=0 wb_rd=x5 wb_val=00000f38 IF_pc=00000680 IF_inst=01600193 ID_pc=0000067c ID_inst=0a771ee3 EX_pc=00000000 EX_alu=00000000 mem_stall=0 mem_commit=1 mem_we=0000 mem_addr=00002f40 mem_wd=00002f3c mem_rd=daabbccd
COMMIT t=6745000 wb_pc=0000067c wb_we=0 wb_rd=x29 wb_val=00000f38 IF_pc=0000068c IF_inst=ddaac0b7 ID_pc=00000688 ID_inst=8b810113 EX_pc=00000684 EX_alu=00003684 mem_stall=0 mem_commit=0 mem_we=0000 mem_addr=00000016 mem_wd=00000000 mem_rd=0ff0000f
COMMIT t=6755000 wb_pc=00000680 wb_we=1 wb_rd=x3 wb_val=00000016 IF_pc=00000690 IF_inst=bcc08093 ID_pc=0000068c ID_inst=ddaac0b7 EX_pc=00000688 EX_alu=00002f3c mem_stall=0 mem_commit=0 mem_we=0000 mem_addr=00003684 mem_wd=00000000 mem_rd=03ff0663
COMMIT t=6765000 wb_pc=00000684 wb_we=1 wb_rd=x2 wb_val=00003684 IF_pc=00000694 IF_inst=00112423 ID_pc=00000690 ID_inst=bcc08093 EX_pc=0000068c EX_alu=ddaac000 mem_stall=0 mem_commit=0 mem_we=0000 mem_addr=00002f3c mem_wd=00000000 mem_rd=00000000
COMMIT t=6775000 wb_pc=00000688 wb_we=1 wb_rd=x2 wb_val=00002f3c IF_pc=00000698 IF_inst=00812703 ID_pc=00000694 ID_inst=00112423 EX_pc=00000690 EX_alu=ddaabbcc mem_stall=0 mem_commit=0 mem_we=0000 mem_addr=ddaac000 mem_wd=00000000 mem_rd=aabbccdd
COMMIT t=6785000 wb_pc=0000068c wb_we=1 wb_rd=x1 wb_val=ddaac000 IF_pc=0000069c IF_inst=00e12423 ID_pc=00000698 ID_inst=00812703 EX_pc=00000694 EX_alu=00002f44 mem_stall=0 mem_commit=0 mem_we=0000 mem_addr=ddaabbcc mem_wd=00000000 mem_rd=00000000
COMMIT t=6795000 wb_pc=00000690 wb_we=1 wb_rd=x1 wb_val=ddaabbcc IF_pc=000006a0 IF_inst=00812103 ID_pc=0000069c ID_inst=00e12423 EX_pc=00000698 EX_alu=00002f44 mem_stall=1 mem_commit=0 mem_we=0000 mem_addr=00002f44 mem_wd=ddaabbcc mem_rd=00000000
COMMIT t=6805000 wb_pc=00000690 wb_we=1 wb_rd=x1 wb_val=ddaabbcc IF_pc=000006a0 IF_inst=00812103 ID_pc=0000069c ID_inst=00e12423 EX_pc=00000698 EX_alu=00002f44 mem_stall=0 mem_commit=1 mem_we=1111 mem_addr=00002f44 mem_wd=ddaabbcc mem_rd=00002f3c
MEM_WRITE t=6805000 pc=00000690 addr=00002f44 wd=ddaabbcc ctrl=1
COMMIT t=6815000 wb_pc=00000694 wb_we=0 wb_rd=x8 wb_val=00002f44 IF_pc=000006a0 IF_inst=00812103 ID_pc=0000069c ID_inst=00e12423 EX_pc=00000000 EX_alu=00000000 mem_stall=1 mem_commit=0 mem_we=0000 mem_addr=00002f44 mem_wd=00000000 mem_rd=ddaabbcc
COMMIT t=6855000 wb_pc=00000000 wb_we=0 wb_rd=x0 wb_val=00000004 IF_pc=000006a8 IF_inst=bcc38393 ID_pc=000006a4 ID_inst=ddaac3b7 EX_pc=000006a0 EX_alu=00002f44 mem_stall=0 mem_commit=1 mem_we=1111 mem_addr=00002f44 mem_wd=ddaabbcc mem_rd=ddaabbcc
MEM_WRITE t=6855000 pc=00000000 addr=00002f44 wd=ddaabbcc ctrl=1
COMMIT t=6865000 wb_pc=0000069c wb_we=0 wb_rd=x8 wb_val=00002f44 IF_pc=000006ac IF_inst=087116e3 ID_pc=000006a8 ID_inst=bcc38393 EX_pc=000006a4 EX_alu=ddaac000 mem_stall=1 mem_commit=0 mem_we=0000 mem_addr=00002f44 mem_wd=00000000 mem_rd=ddaabbcc
COMMIT t=6885000 wb_pc=000006a0 wb_we=1 wb_rd=x2 wb_val=ddaabbcc IF_pc=000006b0 IF_inst=00003117 ID_pc=000006ac ID_inst=087116e3 EX_pc=000006a8 EX_alu=ddaabbcc mem_stall=0 mem_commit=0 mem_we=0000 mem_addr=ddaac000 mem_wd=00000000 mem_rd=ddaabbcc
COMMIT t=6905000 wb_pc=000006a8 wb_we=1 wb_rd=x7 wb_val=ddaabbcc IF_pc=000006b8 IF_inst=00212423 ID_pc=000006b4 ID_inst=88c10113 EX_pc=000006b0 EX_alu=000036b0 mem_stall=0 mem_commit=0 mem_we=0000 mem_addr=00000f38 mem_wd=0000bbcc mem_rd=00000000
COMMIT t=6915000 wb_pc=000006ac wb_we=0 wb_rd=x13 wb_val=00000f38 IF_pc=000006bc IF_inst=00812203 ID_pc=000006b8 ID_inst=00212423 EX_pc=000006b4 EX_alu=00002f3c mem_stall=0 mem_commit=0 mem_we=0000 mem_addr=000036b0 mem_wd=00000000 mem_rd=0ff0000f
COMMIT t=6925000 wb_pc=000006b0 wb_we=1 wb_rd=x2 wb_val=000036b0 IF_pc=000006c0 IF_inst=00122423 ID_pc=000006bc ID_inst=00812203 EX_pc=000006b8 EX_alu=00002f44 mem_stall=0 mem_commit=0 mem_we=0000 mem_addr=00002f3c mem_wd=00000000 mem_rd=00000000
COMMIT t=6935000 wb_pc=000006b4 wb_we=1 wb_rd=x2 wb_val=00002f3c IF_pc=000006c4 IF_inst=06221ae3 ID_pc=000006c0 ID_inst=00122423 EX_pc=000006bc EX_alu=00002f44 mem_stall=1 mem_commit=0 mem_we=0000 mem_addr=00002f44 mem_wd=00002f3c mem_rd=aabbccdd
COMMIT t=6945000 wb_pc=000006b4 wb_we=1 wb_rd=x2 wb_val=00002f3c IF_pc=000006c4 IF_inst=06221ae3 ID_pc=000006c0 ID_inst=00122423 EX_pc=000006bc EX_alu=00002f44 mem_stall=0 mem_commit=1 mem_we=1111 mem_addr=00002f44 mem_wd=00002f3c mem_rd=ddaabbcc
MEM_WRITE t=6945000 pc=000006b4 addr=00002f44 wd=00002f3c ctrl=1
COMMIT t=6955000 wb_pc=000006b8 wb_we=0 wb_rd=x8 wb_val=00002f44 IF_pc=000006c4 IF_inst=06221ae3 ID_pc=000006c0 ID_inst=00122423 EX_pc=00000000 EX_alu=00000000 mem_stall=1 mem_commit=0 mem_we=0000 mem_addr=00002f44 mem_wd=00000000 mem_rd=00002f3c
COMMIT t=6995000 wb_pc=00000000 wb_we=0 wb_rd=x0 wb_val=00000004 IF_pc=000006cc IF_inst=067716e3 ID_pc=000006c8 ID_inst=00822703 EX_pc=000006c4 EX_alu=00000f38 mem_stall=0 mem_commit=1 mem_we=1111 mem_addr=00002f44 mem_wd=ddaabbcc mem_rd=00002f3c
MEM_WRITE t=6995000 pc=00000000 addr=00002f44 wd=ddaabbcc ctrl=1
COMMIT t=7005000 wb_pc=000006c0 wb_we=0 wb_rd=x8 wb_val=00002f44 IF_pc=000006d0 IF_inst=01700193 ID_pc=000006cc ID_inst=067716e3 EX_pc=000006c8 EX_alu=00002f44 mem_stall=0 mem_commit=0 mem_we=0000 mem_addr=00000f38 mem_wd=00002f3c mem_rd=ddaabbcc
COMMIT t=7025000 wb_pc=000006c4 wb_we=0 wb_rd=x21 wb_val=00000f38 IF_pc=000006d0 IF_inst=01700193 ID_pc=000006cc ID_inst=067716e3 EX_pc=00000000 EX_alu=00000000 mem_stall=0 mem_commit=1 mem_we=0000 mem_addr=00002f44 mem_wd=00000000 mem_rd=ddaabbcc
COMMIT t=7055000 wb_pc=000006cc wb_we=0 wb_rd=x13 wb_val=00000f38 IF_pc=000006dc IF_inst=cddab0b7 ID_pc=000006d8 ID_inst=86810113 EX_pc=000006d4 EX_alu=000036d4 mem_stall=0 mem_commit=0 mem_we=0000 mem_addr=00000017 mem_wd=00000000 mem_rd=0ff0000f
COMMIT t=7065000 wb_pc=000006d0 wb_we=1 wb_rd=x3 wb_val=00000017 IF_pc=000006e0 IF_inst=bbc08093 ID_pc=000006dc ID_inst=cddab0b7 EX_pc=000006d8 EX_alu=00002f3c mem_stall=0 mem_commit=0 mem_we=0000 mem_addr=000036d4 mem_wd=00000000 mem_rd=03ff0663
COMMIT t=7075000 wb_pc=000006d4 wb_we=1 wb_rd=x2 wb_val=000036d4 IF_pc=000006e4 IF_inst=00112623 ID_pc=000006e0 ID_inst=bbc08093 EX_pc=000006dc EX_alu=cddab000 mem_stall=0 mem_commit=0 mem_we=0000 mem_addr=00002f3c mem_wd=00000000 mem_rd=00000000
COMMIT t=7085000 wb_pc=000006d8 wb_we=1 wb_rd=x2 wb_val=00002f3c IF_pc=000006e8 IF_inst=00c12703 ID_pc=000006e4 ID_inst=00112623 EX_pc=000006e0 EX_alu=cddaabbc mem_stall=0 mem_commit=0 mem_we=0000 mem_addr=cddab000 mem_wd=00000000 mem_rd=aabbccdd
COMMIT t=7095000 wb_pc=000006dc wb_we=1 wb_rd=x1 wb_val=cddab000 IF_pc=000006ec IF_inst=00e12623 ID_pc=000006e8 ID_inst=00c12703 EX_pc=000006e4 EX_alu=00002f48 mem_stall=0 mem_commit=0 mem_we=0000 mem_addr=cddaabbc mem_wd=00000000 mem_rd=00000000
COMMIT t=7105000 wb_pc=000006e0 wb_we=1 wb_rd=x1 wb_val=cddaabbc IF_pc=000006f0 IF_inst=00c12103 ID_pc=000006ec ID_inst=00e12623 EX_pc=000006e8 EX_alu=00002f48 mem_stall=1 mem_commit=0 mem_we=0000 mem_addr=00002f48 mem_wd=cddaabbc mem_rd=00000000
COMMIT t=7115000 wb_pc=000006e0 wb_we=1 wb_rd=x1 wb_val=cddaabbc IF_pc=000006f0 IF_inst=00c12103 ID_pc=000006ec ID_inst=00e12623 EX_pc=000006e8 EX_alu=00002f48 mem_stall=0 mem_commit=1 mem_we=1111 mem_addr=00002f48 mem_wd=cddaabbc mem_rd=deadbeef
MEM_WRITE t=7115000 pc=000006e0 addr=00002f48 wd=cddaabbc ctrl=1
COMMIT t=7125000 wb_pc=000006e4 wb_we=0 wb_rd=x12 wb_val=00002f48 IF_pc=000006f0 IF_inst=00c12103 ID_pc=000006ec ID_inst=00e12623 EX_pc=00000000 EX_alu=00000000 mem_stall=1 mem_commit=0 mem_we=0000 mem_addr=00002f48 mem_wd=00000000 mem_rd=cddaabbc
COMMIT t=7165000 wb_pc=00000000 wb_we=0 wb_rd=x0 wb_val=00000004 IF_pc=000006f8 IF_inst=bbc38393 ID_pc=000006f4 ID_inst=cddab3b7 EX_pc=000006f0 EX_alu=00002f48 mem_stall=0 mem_commit=1 mem_we=1111 mem_addr=00002f48 mem_wd=cddaabbc mem_rd=cddaabbc
MEM_WRITE t=7165000 pc=00000000 addr=00002f48 wd=cddaabbc ctrl=1
COMMIT t=7175000 wb_pc=000006ec wb_we=0 wb_rd=x12 wb_val=00002f48 IF_pc=000006fc IF_inst=02711ee3 ID_pc=000006f8 ID_inst=bbc38393 EX_pc=000006f4 EX_alu=cddab000 mem_stall=1 mem_commit=0 mem_we=0000 mem_addr=00002f48 mem_wd=00000000 mem_rd=cddaabbc
COMMIT t=7195000 wb_pc=000006f0 wb_we=1 wb_rd=x2 wb_val=cddaabbc IF_pc=00000700 IF_inst=00003117 ID_pc=000006fc ID_inst=02711ee3 EX_pc=000006f8 EX_alu=cddaabbc mem_stall=0 mem_commit=0 mem_we=0000 mem_addr=cddab000 mem_wd=00000000 mem_rd=cddaabbc
COMMIT t=7215000 wb_pc=000006f8 wb_we=1 wb_rd=x7 wb_val=cddaabbc IF_pc=00000708 IF_inst=00212423 ID_pc=00000704 ID_inst=83c10113 EX_pc=00000700 EX_alu=00003700 mem_stall=0 mem_commit=0 mem_we=0000 mem_addr=00000f38 mem_wd=0000abbc mem_rd=00000000
COMMIT t=7225000 wb_pc=000006fc wb_we=0 wb_rd=x29 wb_val=00000f38 IF_pc=0000070c IF_inst=00812203 ID_pc=00000708 ID_inst=00212423 EX_pc=00000704 EX_alu=00002f3c mem_stall=0 mem_commit=0 mem_we=0000 mem_addr=00003700 mem_wd=00000000 mem_rd=0ff0000f
COMMIT t=7235000 wb_pc=00000700 wb_we=1 wb_rd=x2 wb_val=00003700 IF_pc=00000710 IF_inst=00122623 ID_pc=0000070c ID_inst=00812203 EX_pc=00000708 EX_alu=00002f44 mem_stall=0 mem_commit=0 mem_we=0000 mem_addr=00002f3c mem_wd=00000000 mem_rd=00000000
COMMIT t=7245000 wb_pc=00000704 wb_we=1 wb_rd=x2 wb_val=00002f3c IF_pc=00000714 IF_inst=022212e3 ID_pc=00000710 ID_inst=00122623 EX_pc=0000070c EX_alu=00002f44 mem_stall=1 mem_commit=0 mem_we=0000 mem_addr=00002f44 mem_wd=00002f3c mem_rd=aabbccdd
COMMIT t=7255000 wb_pc=00000704 wb_we=1 wb_rd=x2 wb_val=00002f3c IF_pc=00000714 IF_inst=022212e3 ID_pc=00000710 ID_inst=00122623 EX_pc=0000070c EX_alu=00002f44 mem_stall=0 mem_commit=1 mem_we=1111 mem_addr=00002f44 mem_wd=00002f3c mem_rd=ddaabbcc
MEM_WRITE t=7255000 pc=00000704 addr=00002f44 wd=00002f3c ctrl=1
COMMIT t=7265000 wb_pc=00000708 wb_we=0 wb_rd=x8 wb_val=00002f44 IF_pc=00000714 IF_inst=022212e3 ID_pc=00000710 ID_inst=00122623 EX_pc=00000000 EX_alu=00000000 mem_stall=1 mem_commit=0 mem_we=0000 mem_addr=00002f44 mem_wd=00000000 mem_rd=00002f3c
COMMIT t=7305000 wb_pc=00000000 wb_we=0 wb_rd=x0 wb_val=00000004 IF_pc=0000071c IF_inst=00771ee3 ID_pc=00000718 ID_inst=00c22703 EX_pc=00000714 EX_alu=00000f38 mem_stall=0 mem_commit=1 mem_we=1111 mem_addr=00002f48 mem_wd=cddaabbc mem_rd=cddaabbc
MEM_WRITE t=7305000 pc=00000000 addr=00002f48 wd=cddaabbc ctrl=1
COMMIT t=7315000 wb_pc=00000710 wb_we=0 wb_rd=x12 wb_val=00002f48 IF_pc=00000720 IF_inst=01800193 ID_pc=0000071c ID_inst=00771ee3 EX_pc=00000718 EX_alu=00002f48 mem_stall=0 mem_commit=0 mem_we=0000 mem_addr=00000f38 mem_wd=00002f3c mem_rd=cddaabbc
COMMIT t=7335000 wb_pc=00000714 wb_we=0 wb_rd=x5 wb_val=00000f38 IF_pc=00000720 IF_inst=01800193 ID_pc=0000071c ID_inst=00771ee3 EX_pc=00000000 EX_alu=00000000 mem_stall=0 mem_commit=1 mem_we=0000 mem_addr=00002f48 mem_wd=00000000 mem_rd=cddaabbc
COMMIT t=7365000 wb_pc=0000071c wb_we=0 wb_rd=x29 wb_val=00000f38 IF_pc=0000072c IF_inst=ccddb0b7 ID_pc=00000728 ID_inst=81810113 EX_pc=00000724 EX_alu=00003724 mem_stall=0 mem_commit=0 mem_we=0000 mem_addr=00000018 mem_wd=00000000 mem_rd=0ff0000f
COMMIT t=7375000 wb_pc=00000720 wb_we=1 wb_rd=x3 wb_val=00000018 IF_pc=00000730 IF_inst=abb08093 ID_pc=0000072c ID_inst=ccddb0b7 EX_pc=00000728 EX_alu=00002f3c mem_stall=0 mem_commit=0 mem_we=0000 mem_addr=00003724 mem_wd=00000000 mem_rd=00b00f93
COMMIT t=7385000 wb_pc=00000724 wb_we=1 wb_rd=x2 wb_val=00003724 IF_pc=00000734 IF_inst=00112823 ID_pc=00000730 ID_inst=abb08093 EX_pc=0000072c EX_alu=ccddb000 mem_stall=0 mem_commit=0 mem_we=0000 mem_addr=00002f3c mem_wd=00000000 mem_rd=00000000
COMMIT t=7395000 wb_pc=00000728 wb_we=1 wb_rd=x2 wb_val=00002f3c IF_pc=00000738 IF_inst=01012703 ID_pc=00000734 ID_inst=00112823 EX_pc=00000730 EX_alu=ccddaabb mem_stall=0 mem_commit=0 mem_we=0000 mem_addr=ccddb000 mem_wd=00000000 mem_rd=aabbccdd
COMMIT t=7405000 wb_pc=0000072c wb_we=1 wb_rd=x1 wb_val=ccddb000 IF_pc=0000073c IF_inst=00e12823 ID_pc=00000738 ID_inst=01012703 EX_pc=00000734 EX_alu=00002f4c mem_stall=0 mem_commit=0 mem_we=0000 mem_addr=ccddaabb mem_wd=00000000 mem_rd=00000000
COMMIT t=7415000 wb_pc=00000730 wb_we=1 wb_rd=x1 wb_val=ccddaabb IF_pc=00000740 IF_inst=01012103 ID_pc=0000073c ID_inst=00e12823 EX_pc=00000738 EX_alu=00002f4c mem_stall=1 mem_commit=0 mem_we=0000 mem_addr=00002f4c mem_wd=ccddaabb mem_rd=00000000
COMMIT t=7425000 wb_pc=00000730 wb_we=1 wb_rd=x1 wb_val=ccddaabb IF_pc=00000740 IF_inst=01012103 ID_pc=0000073c ID_inst=00e12823 EX_pc=00000738 EX_alu=00002f4c mem_stall=0 mem_commit=1 mem_we=1111 mem_addr=00002f4c mem_wd=ccddaabb mem_rd=deadbeef
MEM_WRITE t=7425000 pc=00000730 addr=00002f4c wd=ccddaabb ctrl=1
COMMIT t=7435000 wb_pc=00000734 wb_we=0 wb_rd=x16 wb_val=00002f4c IF_pc=00000740 IF_inst=01012103 ID_pc=0000073c ID_inst=00e12823 EX_pc=00000000 EX_alu=00000000 mem_stall=1 mem_commit=0 mem_we=0000 mem_addr=00002f4c mem_wd=00000000 mem_rd=ccddaabb
COMMIT t=7475000 wb_pc=00000000 wb_we=0 wb_rd=x0 wb_val=00000004 IF_pc=00000748 IF_inst=abb38393 ID_pc=00000744 ID_inst=ccddb3b7 EX_pc=00000740 EX_alu=00002f4c mem_stall=0 mem_commit=1 mem_we=1111 mem_addr=00002f4c mem_wd=ccddaabb mem_rd=ccddaabb
MEM_WRITE t=7475000 pc=00000000 addr=00002f4c wd=ccddaabb ctrl=1
COMMIT t=7485000 wb_pc=0000073c wb_we=0 wb_rd=x16 wb_val=00002f4c IF_pc=0000074c IF_inst=7e711663 ID_pc=00000748 ID_inst=abb38393 EX_pc=00000744 EX_alu=ccddb000 mem_stall=1 mem_commit=0 mem_we=0000 mem_addr=00002f4c mem_wd=00000000 mem_rd=ccddaabb
COMMIT t=7505000 wb_pc=00000740 wb_we=1 wb_rd=x2 wb_val=ccddaabb IF_pc=00000750 IF_inst=00002117 ID_pc=0000074c ID_inst=7e711663 EX_pc=00000748 EX_alu=ccddaabb mem_stall=0 mem_commit=0 mem_we=0000 mem_addr=ccddb000 mem_wd=00000000 mem_rd=ccddaabb
COMMIT t=7525000 wb_pc=00000748 wb_we=1 wb_rd=x7 wb_val=ccddaabb IF_pc=00000758 IF_inst=00212423 ID_pc=00000754 ID_inst=7ec10113 EX_pc=00000750 EX_alu=00002750 mem_stall=0 mem_commit=0 mem_we=0000 mem_addr=00000f38 mem_wd=0000aabb mem_rd=00000000
COMMIT t=7535000 wb_pc=0000074c wb_we=0 wb_rd=x12 wb_val=00000f38 IF_pc=0000075c IF_inst=00812203 ID_pc=00000758 ID_inst=00212423 EX_pc=00000754 EX_alu=00002f3c mem_stall=0 mem_commit=0 mem_we=0000 mem_addr=00002750 mem_wd=00000000 mem_rd=0ff0000f
COMMIT t=7545000 wb_pc=00000750 wb_we=1 wb_rd=x2 wb_val=00002750 IF_pc=00000760 IF_inst=00122823 ID_pc=0000075c ID_inst=00812203 EX_pc=00000758 EX_alu=00002f44 mem_stall=0 mem_commit=0 mem_we=0000 mem_addr=00002f3c mem_wd=00000000 mem_rd=00000000
COMMIT t=7555000 wb_pc=00000754 wb_we=1 wb_rd=x2 wb_val=00002f3c IF_pc=00000764 IF_inst=7c221a63 ID_pc=00000760 ID_inst=00122823 EX_pc=0000075c EX_alu=00002f44 mem_stall=1 mem_commit=0 mem_we=0000 mem_addr=00002f44 mem_wd=00002f3c mem_rd=aabbccdd
COMMIT t=7565000 wb_pc=00000754 wb_we=1 wb_rd=x2 wb_val=00002f3c IF_pc=00000764 IF_inst=7c221a63 ID_pc=00000760 ID_inst=00122823 EX_pc=0000075c EX_alu=00002f44 mem_stall=0 mem_commit=1 mem_we=1111 mem_addr=00002f44 mem_wd=00002f3c mem_rd=00002f3c
MEM_WRITE t=7565000 pc=00000754 addr=00002f44 wd=00002f3c ctrl=1
COMMIT t=7575000 wb_pc=00000758 wb_we=0 wb_rd=x8 wb_val=00002f44 IF_pc=00000764 IF_inst=7c221a63 ID_pc=00000760 ID_inst=00122823 EX_pc=00000000 EX_alu=00000000 mem_stall=1 mem_commit=0 mem_we=0000 mem_addr=00002f44 mem_wd=00000000 mem_rd=00002f3c
COMMIT t=7615000 wb_pc=00000000 wb_we=0 wb_rd=x0 wb_val=00000004 IF_pc=0000076c IF_inst=7c771663 ID_pc=00000768 ID_inst=01022703 EX_pc=00000764 EX_alu=00000f38 mem_stall=0 mem_commit=1 mem_we=1111 mem_addr=00002f4c mem_wd=ccddaabb mem_rd=ccddaabb
MEM_WRITE t=7615000 pc=00000000 addr=00002f4c wd=ccddaabb ctrl=1
COMMIT t=7625000 wb_pc=00000760 wb_we=0 wb_rd=x16 wb_val=00002f4c IF_pc=00000770 IF_inst=01900193 ID_pc=0000076c ID_inst=7c771663 EX_pc=00000768 EX_alu=00002f4c mem_stall=0 mem_commit=0 mem_we=0000 mem_addr=00000f38 mem_wd=00002f3c mem_rd=ccddaabb
COMMIT t=7645000 wb_pc=00000764 wb_we=0 wb_rd=x20 wb_val=00000f38 IF_pc=00000770 IF_inst=01900193 ID_pc=0000076c ID_inst=7c771663 EX_pc=00000000 EX_alu=00000000 mem_stall=0 mem_commit=1 mem_we=0000 mem_addr=00002f4c mem_wd=00000000 mem_rd=ccddaabb
COMMIT t=7675000 wb_pc=0000076c wb_we=0 wb_rd=x12 wb_val=00000f38 IF_pc=0000077c IF_inst=bccde0b7 ID_pc=00000778 ID_inst=7c810113 EX_pc=00000774 EX_alu=00002774 mem_stall=0 mem_commit=0 mem_we=0000 mem_addr=00000019 mem_wd=00000000 mem_rd=0ff0000f
COMMIT t=7685000 wb_pc=00000770 wb_we=1 wb_rd=x3 wb_val=00000019 IF_pc=00000780 IF_inst=aab08093 ID_pc=0000077c ID_inst=bccde0b7 EX_pc=00000778 EX_alu=00002f3c mem_stall=0 mem_commit=0 mem_we=0000 mem_addr=00002774 mem_wd=00000000 mem_rd=00b00f93
COMMIT t=7695000 wb_pc=00000774 wb_we=1 wb_rd=x2 wb_val=00002774 IF_pc=00000784 IF_inst=00112a23 ID_pc=00000780 ID_inst=aab08093 EX_pc=0000077c EX_alu=bccde000 mem_stall=0 mem_commit=0 mem_we=0000 mem_addr=00002f3c mem_wd=00000000 mem_rd=00000000
COMMIT t=7705000 wb_pc=00000778 wb_we=1 wb_rd=x2 wb_val=00002f3c IF_pc=00000788 IF_inst=01412703 ID_pc=00000784 ID_inst=00112a23 EX_pc=00000780 EX_alu=bccddaab mem_stall=0 mem_commit=0 mem_we=0000 mem_addr=bccde000 mem_wd=00000000 mem_rd=aabbccdd
COMMIT t=7715000 wb_pc=0000077c wb_we=1 wb_rd=x1 wb_val=bccde000 IF_pc=0000078c IF_inst=00e12a23 ID_pc=00000788 ID_inst=01412703 EX_pc=00000784 EX_alu=00002f50 mem_stall=0 mem_commit=0 mem_we=0000 mem_addr=bccddaab mem_wd=00000000 mem_rd=00000000
COMMIT t=7725000 wb_pc=00000780 wb_we=1 wb_rd=x1 wb_val=bccddaab IF_pc=00000790 IF_inst=01412103 ID_pc=0000078c ID_inst=00e12a23 EX_pc=00000788 EX_alu=00002f50 mem_stall=1 mem_commit=0 mem_we=0000 mem_addr=00002f50 mem_wd=bccddaab mem_rd=00000000
COMMIT t=7735000 wb_pc=00000780 wb_we=1 wb_rd=x1 wb_val=bccddaab IF_pc=00000790 IF_inst=01412103 ID_pc=0000078c ID_inst=00e12a23 EX_pc=00000788 EX_alu=00002f50 mem_stall=0 mem_commit=1 mem_we=1111 mem_addr=00002f50 mem_wd=bccddaab mem_rd=deadbeef
MEM_WRITE t=7735000 pc=00000780 addr=00002f50 wd=bccddaab ctrl=1
COMMIT t=7745000 wb_pc=00000784 wb_we=0 wb_rd=x20 wb_val=00002f50 IF_pc=00000790 IF_inst=01412103 ID_pc=0000078c ID_inst=00e12a23 EX_pc=00000000 EX_alu=00000000 mem_stall=1 mem_commit=0 mem_we=0000 mem_addr=00002f50 mem_wd=00000000 mem_rd=bccddaab
COMMIT t=7785000 wb_pc=00000000 wb_we=0 wb_rd=x0 wb_val=00000004 IF_pc=00000798 IF_inst=aab38393 ID_pc=00000794 ID_inst=bccde3b7 EX_pc=00000790 EX_alu=00002f50 mem_stall=0 mem_commit=1 mem_we=1111 mem_addr=00002f50 mem_wd=bccddaab mem_rd=bccddaab
MEM_WRITE t=7785000 pc=00000000 addr=00002f50 wd=bccddaab ctrl=1
COMMIT t=7795000 wb_pc=0000078c wb_we=0 wb_rd=x20 wb_val=00002f50 IF_pc=0000079c IF_inst=78711e63 ID_pc=00000798 ID_inst=aab38393 EX_pc=00000794 EX_alu=bccde000 mem_stall=1 mem_commit=0 mem_we=0000 mem_addr=00002f50 mem_wd=00000000 mem_rd=bccddaab
COMMIT t=7815000 wb_pc=00000790 wb_we=1 wb_rd=x2 wb_val=bccddaab IF_pc=000007a0 IF_inst=00002117 ID_pc=0000079c ID_inst=78711e63 EX_pc=00000798 EX_alu=bccddaab mem_stall=0 mem_commit=0 mem_we=0000 mem_addr=bccde000 mem_wd=00000000 mem_rd=bccddaab
COMMIT t=7835000 wb_pc=00000798 wb_we=1 wb_rd=x7 wb_val=bccddaab IF_pc=000007a8 IF_inst=00212423 ID_pc=000007a4 ID_inst=79c10113 EX_pc=000007a0 EX_alu=000027a0 mem_stall=0 mem_commit=0 mem_we=0000 mem_addr=00000f38 mem_wd=0000daab mem_rd=00000000
COMMIT t=7845000 wb_pc=0000079c wb_we=0 wb_rd=x28 wb_val=00000f38 IF_pc=000007ac IF_inst=00812203 ID_pc=000007a8 ID_inst=00212423 EX_pc=000007a4 EX_alu=00002f3c mem_stall=0 mem_commit=0 mem_we=0000 mem_addr=000027a0 mem_wd=00000000 mem_rd=0ff0000f
COMMIT t=7855000 wb_pc=000007a0 wb_we=1 wb_rd=x2 wb_val=000027a0 IF_pc=000007b0 IF_inst=00122a23 ID_pc=000007ac ID_inst=00812203 EX_pc=000007a8 EX_alu=00002f44 mem_stall=0 mem_commit=0 mem_we=0000 mem_addr=00002f3c mem_wd=00000000 mem_rd=00000000
COMMIT t=7865000 wb_pc=000007a4 wb_we=1 wb_rd=x2 wb_val=00002f3c IF_pc=000007b4 IF_inst=78221263 ID_pc=000007b0 ID_inst=00122a23 EX_pc=000007ac EX_alu=00002f44 mem_stall=1 mem_commit=0 mem_we=0000 mem_addr=00002f44 mem_wd=00002f3c mem_rd=aabbccdd
COMMIT t=7875000 wb_pc=000007a4 wb_we=1 wb_rd=x2 wb_val=00002f3c IF_pc=000007b4 IF_inst=78221263 ID_pc=000007b0 ID_inst=00122a23 EX_pc=000007ac EX_alu=00002f44 mem_stall=0 mem_commit=1 mem_we=1111 mem_addr=00002f44 mem_wd=00002f3c mem_rd=00002f3c
MEM_WRITE t=7875000 pc=000007a4 addr=00002f44 wd=00002f3c ctrl=1
COMMIT t=7885000 wb_pc=000007a8 wb_we=0 wb_rd=x8 wb_val=00002f44 IF_pc=000007b4 IF_inst=78221263 ID_pc=000007b0 ID_inst=00122a23 EX_pc=00000000 EX_alu=00000000 mem_stall=1 mem_commit=0 mem_we=0000 mem_addr=00002f44 mem_wd=00000000 mem_rd=00002f3c
COMMIT t=7925000 wb_pc=00000000 wb_we=0 wb_rd=x0 wb_val=00000004 IF_pc=000007bc IF_inst=76771e63 ID_pc=000007b8 ID_inst=01422703 EX_pc=000007b4 EX_alu=00000f38 mem_stall=0 mem_commit=1 mem_we=1111 mem_addr=00002f50 mem_wd=bccddaab mem_rd=bccddaab
MEM_WRITE t=7925000 pc=00000000 addr=00002f50 wd=bccddaab ctrl=1
COMMIT t=7935000 wb_pc=000007b0 wb_we=0 wb_rd=x20 wb_val=00002f50 IF_pc=000007c0 IF_inst=01a00193 ID_pc=000007bc ID_inst=76771e63 EX_pc=000007b8 EX_alu=00002f50 mem_stall=0 mem_commit=0 mem_we=0000 mem_addr=00000f38 mem_wd=00002f3c mem_rd=bccddaab
COMMIT t=7955000 wb_pc=000007b4 wb_we=0 wb_rd=x4 wb_val=00000f38 IF_pc=000007c0 IF_inst=01a00193 ID_pc=000007bc ID_inst=76771e63 EX_pc=00000000 EX_alu=00000000 mem_stall=0 mem_commit=1 mem_we=0000 mem_addr=00002f50 mem_wd=00000000 mem_rd=bccddaab
COMMIT t=7985000 wb_pc=000007bc wb_we=0 wb_rd=x28 wb_val=00000f38 IF_pc=000007cc IF_inst=001120b7 ID_pc=000007c8 ID_inst=77810113 EX_pc=000007c4 EX_alu=000027c4 mem_stall=0 mem_commit=0 mem_we=0000 mem_addr=0000001a mem_wd=00000000 mem_rd=0ff0000f
COMMIT t=7995000 wb_pc=000007c0 wb_we=1 wb_rd=x3 wb_val=0000001a IF_pc=000007d0 IF_inst=23308093 ID_pc=000007cc ID_inst=001120b7 EX_pc=000007c8 EX_alu=00002f3c mem_stall=0 mem_commit=0 mem_we=0000 mem_addr=000027c4 mem_wd=00000000 mem_rd=00b00f93
COMMIT t=8005000 wb_pc=000007c4 wb_we=1 wb_rd=x2 wb_val=000027c4 IF_pc=000007d4 IF_inst=00112023 ID_pc=000007d0 ID_inst=23308093 EX_pc=000007cc EX_alu=00112000 mem_stall=0 mem_commit=0 mem_we=0000 mem_addr=00002f3c mem_wd=00000000 mem_rd=00000000
COMMIT t=8015000 wb_pc=000007c8 wb_we=1 wb_rd=x2 wb_val=00002f3c IF_pc=000007d8 IF_inst=00012703 ID_pc=000007d4 ID_inst=00112023 EX_pc=000007d0 EX_alu=00112233 mem_stall=0 mem_commit=0 mem_we=0000 mem_addr=00112000 mem_wd=bccddaab mem_rd=aabbccdd
COMMIT t=8025000 wb_pc=000007cc wb_we=1 wb_rd=x1 wb_val=00112000 IF_pc=000007dc IF_inst=00e12023 ID_pc=000007d8 ID_inst=00012703 EX_pc=000007d4 EX_alu=00002f3c mem_stall=0 mem_commit=0 mem_we=0000 mem_addr=00112233 mem_wd=00000000 mem_rd=00000000
COMMIT t=8035000 wb_pc=000007d0 wb_we=1 wb_rd=x1 wb_val=00112233 IF_pc=000007e0 IF_inst=00012103 ID_pc=000007dc ID_inst=00e12023 EX_pc=000007d8 EX_alu=00002f3c mem_stall=1 mem_commit=0 mem_we=0000 mem_addr=00002f3c mem_wd=00112233 mem_rd=00000000
COMMIT t=8045000 wb_pc=000007d0 wb_we=1 wb_rd=x1 wb_val=00112233 IF_pc=000007e0 IF_inst=00012103 ID_pc=000007dc ID_inst=00e12023 EX_pc=000007d8 EX_alu=00002f3c mem_stall=0 mem_commit=1 mem_we=1111 mem_addr=00002f3c mem_wd=00112233 mem_rd=aabbccdd
MEM_WRITE t=8045000 pc=000007d0 addr=00002f3c wd=00112233 ctrl=1
COMMIT t=8055000 wb_pc=000007d4 wb_we=0 wb_rd=x0 wb_val=00002f3c IF_pc=000007e0 IF_inst=00012103 ID_pc=000007dc ID_inst=00e12023 EX_pc=00000000 EX_alu=00000000 mem_stall=1 mem_commit=0 mem_we=0000 mem_addr=00002f3c mem_wd=00000000 mem_rd=00112233
COMMIT t=8095000 wb_pc=00000000 wb_we=0 wb_rd=x0 wb_val=00000004 IF_pc=000007e8 IF_inst=23338393 ID_pc=000007e4 ID_inst=001123b7 EX_pc=000007e0 EX_alu=00002f3c mem_stall=0 mem_commit=1 mem_we=1111 mem_addr=00002f3c mem_wd=00112233 mem_rd=00112233
MEM_WRITE t=8095000 pc=00000000 addr=00002f3c wd=00112233 ctrl=1
COMMIT t=8105000 wb_pc=000007dc wb_we=0 wb_rd=x0 wb_val=00002f3c IF_pc=000007e8 IF_inst=23338393 ID_pc=000007e4 ID_inst=001123b7 EX_pc=00000000 EX_alu=00000000 mem_stall=1 mem_commit=0 mem_we=0000 mem_addr=00002f3c mem_wd=00000000 mem_rd=00112233
COMMIT t=8145000 wb_pc=000007e4 wb_we=1 wb_rd=x7 wb_val=00112000 IF_pc=000007f4 IF_inst=74c10113 ID_pc=000007f0 ID_inst=00002117 EX_pc=000007ec EX_alu=00000f38 mem_stall=0 mem_commit=0 mem_we=0000 mem_addr=00112233 mem_wd=00000000 mem_rd=00000000
COMMIT t=8155000 wb_pc=000007e8 wb_we=1 wb_rd=x7 wb_val=00112233 IF_pc=000007f8 IF_inst=00212423 ID_pc=000007f4 ID_inst=74c10113 EX_pc=000007f0 EX_alu=000027f0 mem_stall=0 mem_commit=0 mem_we=0000 mem_addr=00000f38 mem_wd=00002233 mem_rd=00000000
COMMIT t=8165000 wb_pc=000007ec wb_we=0 wb_rd=x12 wb_val=00000f38 IF_pc=000007fc IF_inst=00812203 ID_pc=000007f8 ID_inst=00212423 EX_pc=000007f4 EX_alu=00002f3c mem_stall=0 mem_commit=0 mem_we=0000 mem_addr=000027f0 mem_wd=00000000 mem_rd=0ff0000f
COMMIT t=8175000 wb_pc=000007f0 wb_we=1 wb_rd=x2 wb_val=000027f0 IF_pc=00000800 IF_inst=00122023 ID_pc=000007fc ID_inst=00812203 EX_pc=000007f8 EX_alu=00002f44 mem_stall=0 mem_commit=0 mem_we=0000 mem_addr=00002f3c mem_wd=00000000 mem_rd=00000000
COMMIT t=8185000 wb_pc=000007f4 wb_we=1 wb_rd=x2 wb_val=00002f3c IF_pc=00000804 IF_inst=72221a63 ID_pc=00000800 ID_inst=00122023 EX_pc=000007fc EX_alu=00002f44 mem_stall=1 mem_commit=0 mem_we=0000 mem_addr=00002f44 mem_wd=00002f3c mem_rd=00112233
COMMIT t=8195000 wb_pc=000007f4 wb_we=1 wb_rd=x2 wb_val=00002f3c IF_pc=00000804 IF_inst=72221a63 ID_pc=00000800 ID_inst=00122023 EX_pc=000007fc EX_alu=00002f44 mem_stall=0 mem_commit=1 mem_we=1111 mem_addr=00002f44 mem_wd=00002f3c mem_rd=00002f3c
MEM_WRITE t=8195000 pc=000007f4 addr=00002f44 wd=00002f3c ctrl=1
COMMIT t=8205000 wb_pc=000007f8 wb_we=0 wb_rd=x8 wb_val=00002f44 IF_pc=00000804 IF_inst=72221a63 ID_pc=00000800 ID_inst=00122023 EX_pc=00000000 EX_alu=00000000 mem_stall=1 mem_commit=0 mem_we=0000 mem_addr=00002f44 mem_wd=00000000 mem_rd=00002f3c
COMMIT t=8245000 wb_pc=00000000 wb_we=0 wb_rd=x0 wb_val=00000004 IF_pc=0000080c IF_inst=72771663 ID_pc=00000808 ID_inst=00022703 EX_pc=00000804 EX_alu=00000f38 mem_stall=0 mem_commit=1 mem_we=1111 mem_addr=00002f3c mem_wd=00112233 mem_rd=00112233
MEM_WRITE t=8245000 pc=00000000 addr=00002f3c wd=00112233 ctrl=1
COMMIT t=8255000 wb_pc=00000800 wb_we=0 wb_rd=x0 wb_val=00002f3c IF_pc=00000810 IF_inst=01b00193 ID_pc=0000080c ID_inst=72771663 EX_pc=00000808 EX_alu=00002f3c mem_stall=0 mem_commit=0 mem_we=0000 mem_addr=00000f38 mem_wd=00002f3c mem_rd=00112233
COMMIT t=8275000 wb_pc=00000804 wb_we=0 wb_rd=x20 wb_val=00000f38 IF_pc=00000810 IF_inst=01b00193 ID_pc=0000080c ID_inst=72771663 EX_pc=00000000 EX_alu=00000000 mem_stall=0 mem_commit=1 mem_we=0000 mem_addr=00002f3c mem_wd=00000000 mem_rd=00112233
COMMIT t=8305000 wb_pc=0000080c wb_we=0 wb_rd=x12 wb_val=00000f38 IF_pc=0000081c IF_inst=300110b7 ID_pc=00000818 ID_inst=72810113 EX_pc=00000814 EX_alu=00002814 mem_stall=0 mem_commit=0 mem_we=0000 mem_addr=0000001b mem_wd=00000000 mem_rd=0ff0000f
COMMIT t=8315000 wb_pc=00000810 wb_we=1 wb_rd=x3 wb_val=0000001b IF_pc=00000820 IF_inst=22308093 ID_pc=0000081c ID_inst=300110b7 EX_pc=00000818 EX_alu=00002f3c mem_stall=0 mem_commit=0 mem_we=0000 mem_addr=00002814 mem_wd=00000000 mem_rd=00b00f93
COMMIT t=8325000 wb_pc=00000814 wb_we=1 wb_rd=x2 wb_val=00002814 IF_pc=00000824 IF_inst=00112223 ID_pc=00000820 ID_inst=22308093 EX_pc=0000081c EX_alu=30011000 mem_stall=0 mem_commit=0 mem_we=0000 mem_addr=00002f3c mem_wd=00000000 mem_rd=00000000
COMMIT t=8335000 wb_pc=00000818 wb_we=1 wb_rd=x2 wb_val=00002f3c IF_pc=00000828 IF_inst=00412703 ID_pc=00000824 ID_inst=00112223 EX_pc=00000820 EX_alu=30011223 mem_stall=0 mem_commit=0 mem_we=0000 mem_addr=30011000 mem_wd=00000000 mem_rd=00112233
COMMIT t=8345000 wb_pc=0000081c wb_we=1 wb_rd=x1 wb_val=30011000 IF_pc=0000082c IF_inst=00e12223 ID_pc=00000828 ID_inst=00412703 EX_pc=00000824 EX_alu=00002f40 mem_stall=0 mem_commit=0 mem_we=0000 mem_addr=30011223 mem_wd=1b000000 mem_rd=00000000
COMMIT t=8355000 wb_pc=00000820 wb_we=1 wb_rd=x1 wb_val=30011223 IF_pc=00000830 IF_inst=00412103 ID_pc=0000082c ID_inst=00e12223 EX_pc=00000828 EX_alu=00002f40 mem_stall=1 mem_commit=0 mem_we=0000 mem_addr=00002f40 mem_wd=30011223 mem_rd=00000000
COMMIT t=8365000 wb_pc=00000820 wb_we=1 wb_rd=x1 wb_val=30011223 IF_pc=00000830 IF_inst=00412103 ID_pc=0000082c ID_inst=00e12223 EX_pc=00000828 EX_alu=00002f40 mem_stall=0 mem_commit=1 mem_we=1111 mem_addr=00002f40 mem_wd=30011223 mem_rd=daabbccd
MEM_WRITE t=8365000 pc=00000820 addr=00002f40 wd=30011223 ctrl=1
COMMIT t=8375000 wb_pc=00000824 wb_we=0 wb_rd=x4 wb_val=00002f40 IF_pc=00000830 IF_inst=00412103 ID_pc=0000082c ID_inst=00e12223 EX_pc=00000000 EX_alu=00000000 mem_stall=1 mem_commit=0 mem_we=0000 mem_addr=00002f40 mem_wd=00002f3c mem_rd=30011223
COMMIT t=8415000 wb_pc=00000000 wb_we=0 wb_rd=x0 wb_val=00000004 IF_pc=00000838 IF_inst=22338393 ID_pc=00000834 ID_inst=300113b7 EX_pc=00000830 EX_alu=00002f40 mem_stall=0 mem_commit=1 mem_we=1111 mem_addr=00002f40 mem_wd=30011223 mem_rd=30011223
MEM_WRITE t=8415000 pc=00000000 addr=00002f40 wd=30011223 ctrl=1
COMMIT t=8425000 wb_pc=0000082c wb_we=0 wb_rd=x4 wb_val=00002f40 IF_pc=00000838 IF_inst=22338393 ID_pc=00000834 ID_inst=300113b7 EX_pc=00000000 EX_alu=00000000 mem_stall=1 mem_commit=0 mem_we=0000 mem_addr=00002f40 mem_wd=00002f3c mem_rd=30011223
COMMIT t=8465000 wb_pc=00000834 wb_we=1 wb_rd=x7 wb_val=30011000 IF_pc=00000844 IF_inst=6fc10113 ID_pc=00000840 ID_inst=00002117 EX_pc=0000083c EX_alu=00000f38 mem_stall=0 mem_commit=0 mem_we=0000 mem_addr=30011223 mem_wd=1b000000 mem_rd=00000000
COMMIT t=8475000 wb_pc=00000838 wb_we=1 wb_rd=x7 wb_val=30011223 IF_pc=00000848 IF_inst=00212423 ID_pc=00000844 ID_inst=6fc10113 EX_pc=00000840 EX_alu=00002840 mem_stall=0 mem_commit=0 mem_we=0000 mem_addr=00000f38 mem_wd=00001223 mem_rd=00000000
COMMIT t=8485000 wb_pc=0000083c wb_we=0 wb_rd=x28 wb_val=00000f38 IF_pc=0000084c IF_inst=00812203 ID_pc=00000848 ID_inst=00212423 EX_pc=00000844 EX_alu=00002f3c mem_stall=0 mem_commit=0 mem_we=0000 mem_addr=00002840 mem_wd=00000000 mem_rd=0ff0000f
COMMIT t=8495000 wb_pc=00000840 wb_we=1 wb_rd=x2 wb_val=00002840 IF_pc=00000850 IF_inst=00122223 ID_pc=0000084c ID_inst=00812203 EX_pc=00000848 EX_alu=00002f44 mem_stall=0 mem_commit=0 mem_we=0000 mem_addr=00002f3c mem_wd=00000000 mem_rd=00000000
COMMIT t=8505000 wb_pc=00000844 wb_we=1 wb_rd=x2 wb_val=00002f3c IF_pc=00000854 IF_inst=6e221263 ID_pc=00000850 ID_inst=00122223 EX_pc=0000084c EX_alu=00002f44 mem_stall=1 mem_commit=0 mem_we=0000 mem_addr=00002f44 mem_wd=00002f3c mem_rd=00112233
COMMIT t=8515000 wb_pc=00000844 wb_we=1 wb_rd=x2 wb_val=00002f3c IF_pc=00000854 IF_inst=6e221263 ID_pc=00000850 ID_inst=00122223 EX_pc=0000084c EX_alu=00002f44 mem_stall=0 mem_commit=1 mem_we=1111 mem_addr=00002f44 mem_wd=00002f3c mem_rd=00002f3c
MEM_WRITE t=8515000 pc=00000844 addr=00002f44 wd=00002f3c ctrl=1
COMMIT t=8525000 wb_pc=00000848 wb_we=0 wb_rd=x8 wb_val=00002f44 IF_pc=00000854 IF_inst=6e221263 ID_pc=00000850 ID_inst=00122223 EX_pc=00000000 EX_alu=00000000 mem_stall=1 mem_commit=0 mem_we=0000 mem_addr=00002f44 mem_wd=00000000 mem_rd=00002f3c
COMMIT t=8565000 wb_pc=00000000 wb_we=0 wb_rd=x0 wb_val=00000004 IF_pc=0000085c IF_inst=6c771e63 ID_pc=00000858 ID_inst=00422703 EX_pc=00000854 EX_alu=00000f38 mem_stall=0 mem_commit=1 mem_we=1111 mem_addr=00002f40 mem_wd=30011223 mem_rd=30011223
MEM_WRITE t=8565000 pc=00000000 addr=00002f40 wd=30011223 ctrl=1
COMMIT t=8575000 wb_pc=00000850 wb_we=0 wb_rd=x4 wb_val=00002f40 IF_pc=00000860 IF_inst=01c00193 ID_pc=0000085c ID_inst=6c771e63 EX_pc=00000858 EX_alu=00002f40 mem_stall=0 mem_commit=0 mem_we=0000 mem_addr=00000f38 mem_wd=00002f3c mem_rd=30011223
COMMIT t=8595000 wb_pc=00000854 wb_we=0 wb_rd=x4 wb_val=00000f38 IF_pc=00000860 IF_inst=01c00193 ID_pc=0000085c ID_inst=6c771e63 EX_pc=00000000 EX_alu=00000000 mem_stall=0 mem_commit=1 mem_we=0000 mem_addr=00002f40 mem_wd=00002f3c mem_rd=30011223
COMMIT t=8625000 wb_pc=0000085c wb_we=0 wb_rd=x28 wb_val=00000f38 IF_pc=0000086c IF_inst=330010b7 ID_pc=00000868 ID_inst=6d810113 EX_pc=00000864 EX_alu=00002864 mem_stall=0 mem_commit=0 mem_we=0000 mem_addr=0000001c mem_wd=00000000 mem_rd=0ff0000f
COMMIT t=8635000 wb_pc=00000860 wb_we=1 wb_rd=x3 wb_val=0000001c IF_pc=00000870 IF_inst=12208093 ID_pc=0000086c ID_inst=330010b7 EX_pc=00000868 EX_alu=00002f3c mem_stall=0 mem_commit=0 mem_we=0000 mem_addr=00002864 mem_wd=00000000 mem_rd=03ff0263
COMMIT t=8645000 wb_pc=00000864 wb_we=1 wb_rd=x2 wb_val=00002864 IF_pc=00000874 IF_inst=00112423 ID_pc=00000870 ID_inst=12208093 EX_pc=0000086c EX_alu=33001000 mem_stall=0 mem_commit=0 mem_we=0000 mem_addr=00002f3c mem_wd=00000000 mem_rd=00000000
COMMIT t=8655000 wb_pc=00000868 wb_we=1 wb_rd=x2 wb_val=00002f3c IF_pc=00000878 IF_inst=00812703 ID_pc=00000874 ID_inst=00112423 EX_pc=00000870 EX_alu=33001122 mem_stall=0 mem_commit=0 mem_we=0000 mem_addr=33001000 mem_wd=00000000 mem_rd=00112233
COMMIT t=8665000 wb_pc=0000086c wb_we=1 wb_rd=x1 wb_val=33001000 IF_pc=0000087c IF_inst=00e12423 ID_pc=00000878 ID_inst=00812703 EX_pc=00000874 EX_alu=00002f44 mem_stall=0 mem_commit=0 mem_we=0000 mem_addr=33001122 mem_wd=003c0000 mem_rd=00000000
COMMIT t=8675000 wb_pc=00000870 wb_we=1 wb_rd=x1 wb_val=33001122 IF_pc=00000880 IF_inst=00812103 ID_pc=0000087c ID_inst=00e12423 EX_pc=00000878 EX_alu=00002f44 mem_stall=1 mem_commit=0 mem_we=0000 mem_addr=00002f44 mem_wd=33001122 mem_rd=00000000
COMMIT t=8685000 wb_pc=00000870 wb_we=1 wb_rd=x1 wb_val=33001122 IF_pc=00000880 IF_inst=00812103 ID_pc=0000087c ID_inst=00e12423 EX_pc=00000878 EX_alu=00002f44 mem_stall=0 mem_commit=1 mem_we=1111 mem_addr=00002f44 mem_wd=33001122 mem_rd=00002f3c
MEM_WRITE t=8685000 pc=00000870 addr=00002f44 wd=33001122 ctrl=1
COMMIT t=8695000 wb_pc=00000874 wb_we=0 wb_rd=x8 wb_val=00002f44 IF_pc=00000880 IF_inst=00812103 ID_pc=0000087c ID_inst=00e12423 EX_pc=00000000 EX_alu=00000000 mem_stall=1 mem_commit=0 mem_we=0000 mem_addr=00002f44 mem_wd=00000000 mem_rd=33001122
COMMIT t=8735000 wb_pc=00000000 wb_we=0 wb_rd=x0 wb_val=00000004 IF_pc=00000888 IF_inst=12238393 ID_pc=00000884 ID_inst=330013b7 EX_pc=00000880 EX_alu=00002f44 mem_stall=0 mem_commit=1 mem_we=1111 mem_addr=00002f44 mem_wd=33001122 mem_rd=33001122
MEM_WRITE t=8735000 pc=00000000 addr=00002f44 wd=33001122 ctrl=1
COMMIT t=8745000 wb_pc=0000087c wb_we=0 wb_rd=x8 wb_val=00002f44 IF_pc=0000088c IF_inst=6a711663 ID_pc=00000888 ID_inst=12238393 EX_pc=00000884 EX_alu=33001000 mem_stall=1 mem_commit=0 mem_we=0000 mem_addr=00002f44 mem_wd=00000000 mem_rd=33001122
COMMIT t=8765000 wb_pc=00000880 wb_we=1 wb_rd=x2 wb_val=33001122 IF_pc=00000890 IF_inst=00002117 ID_pc=0000088c ID_inst=6a711663 EX_pc=00000888 EX_alu=33001122 mem_stall=0 mem_commit=0 mem_we=0000 mem_addr=33001000 mem_wd=00000000 mem_rd=33001122
COMMIT t=8785000 wb_pc=00000888 wb_we=1 wb_rd=x7 wb_val=33001122 IF_pc=00000898 IF_inst=00212423 ID_pc=00000894 ID_inst=6ac10113 EX_pc=00000890 EX_alu=00002890 mem_stall=0 mem_commit=0 mem_we=0000 mem_addr=00000f38 mem_wd=00001122 mem_rd=00000000
COMMIT t=8795000 wb_pc=0000088c wb_we=0 wb_rd=x12 wb_val=00000f38 IF_pc=0000089c IF_inst=00812203 ID_pc=00000898 ID_inst=00212423 EX_pc=00000894 EX_alu=00002f3c mem_stall=0 mem_commit=0 mem_we=0000 mem_addr=00002890 mem_wd=00000000 mem_rd=0ff0000f
COMMIT t=8805000 wb_pc=00000890 wb_we=1 wb_rd=x2 wb_val=00002890 IF_pc=000008a0 IF_inst=00122423 ID_pc=0000089c ID_inst=00812203 EX_pc=00000898 EX_alu=00002f44 mem_stall=0 mem_commit=0 mem_we=0000 mem_addr=00002f3c mem_wd=00000000 mem_rd=00000000
COMMIT t=8815000 wb_pc=00000894 wb_we=1 wb_rd=x2 wb_val=00002f3c IF_pc=000008a4 IF_inst=68221a63 ID_pc=000008a0 ID_inst=00122423 EX_pc=0000089c EX_alu=00002f44 mem_stall=1 mem_commit=0 mem_we=0000 mem_addr=00002f44 mem_wd=00002f3c mem_rd=00112233
COMMIT t=8825000 wb_pc=00000894 wb_we=1 wb_rd=x2 wb_val=00002f3c IF_pc=000008a4 IF_inst=68221a63 ID_pc=000008a0 ID_inst=00122423 EX_pc=0000089c EX_alu=00002f44 mem_stall=0 mem_commit=1 mem_we=1111 mem_addr=00002f44 mem_wd=00002f3c mem_rd=33001122
MEM_WRITE t=8825000 pc=00000894 addr=00002f44 wd=00002f3c ctrl=1
COMMIT t=8835000 wb_pc=00000898 wb_we=0 wb_rd=x8 wb_val=00002f44 IF_pc=000008a4 IF_inst=68221a63 ID_pc=000008a0 ID_inst=00122423 EX_pc=00000000 EX_alu=00000000 mem_stall=1 mem_commit=0 mem_we=0000 mem_addr=00002f44 mem_wd=00000000 mem_rd=00002f3c
COMMIT t=8875000 wb_pc=00000000 wb_we=0 wb_rd=x0 wb_val=00000004 IF_pc=000008ac IF_inst=68771663 ID_pc=000008a8 ID_inst=00822703 EX_pc=000008a4 EX_alu=00000f38 mem_stall=0 mem_commit=1 mem_we=1111 mem_addr=00002f44 mem_wd=33001122 mem_rd=00002f3c
MEM_WRITE t=8875000 pc=00000000 addr=00002f44 wd=33001122 ctrl=1
COMMIT t=8885000 wb_pc=000008a0 wb_we=0 wb_rd=x8 wb_val=00002f44 IF_pc=000008b0 IF_inst=01d00193 ID_pc=000008ac ID_inst=68771663 EX_pc=000008a8 EX_alu=00002f44 mem_stall=0 mem_commit=0 mem_we=0000 mem_addr=00000f38 mem_wd=00002f3c mem_rd=33001122
COMMIT t=8905000 wb_pc=000008a4 wb_we=0 wb_rd=x20 wb_val=00000f38 IF_pc=000008b0 IF_inst=01d00193 ID_pc=000008ac ID_inst=68771663 EX_pc=00000000 EX_alu=00000000 mem_stall=0 mem_commit=1 mem_we=0000 mem_addr=00002f44 mem_wd=00000000 mem_rd=33001122
COMMIT t=8935000 wb_pc=000008ac wb_we=0 wb_rd=x12 wb_val=00000f38 IF_pc=000008bc IF_inst=233000b7 ID_pc=000008b8 ID_inst=68810113 EX_pc=000008b4 EX_alu=000028b4 mem_stall=0 mem_commit=0 mem_we=0000 mem_addr=0000001d mem_wd=00000000 mem_rd=0ff0000f
COMMIT t=8945000 wb_pc=000008b0 wb_we=1 wb_rd=x3 wb_val=0000001d IF_pc=000008c0 IF_inst=11208093 ID_pc=000008bc ID_inst=233000b7 EX_pc=000008b8 EX_alu=00002f3c mem_stall=0 mem_commit=0 mem_we=0000 mem_addr=000028b4 mem_wd=00000000 mem_rd=03ff0263
COMMIT t=8955000 wb_pc=000008b4 wb_we=1 wb_rd=x2 wb_val=000028b4 IF_pc=000008c4 IF_inst=00112623 ID_pc=000008c0 ID_inst=11208093 EX_pc=000008bc EX_alu=23300000 mem_stall=0 mem_commit=0 mem_we=0000 mem_addr=00002f3c mem_wd=00000000 mem_rd=00000000
COMMIT t=8965000 wb_pc=000008b8 wb_we=1 wb_rd=x2 wb_val=00002f3c IF_pc=000008c8 IF_inst=00c12703 ID_pc=000008c4 ID_inst=00112623 EX_pc=000008c0 EX_alu=23300112 mem_stall=0 mem_commit=0 mem_we=0000 mem_addr=23300000 mem_wd=00000000 mem_rd=00112233
COMMIT t=8975000 wb_pc=000008bc wb_we=1 wb_rd=x1 wb_val=23300000 IF_pc=000008cc IF_inst=00e12623 ID_pc=000008c8 ID_inst=00c12703 EX_pc=000008c4 EX_alu=00002f48 mem_stall=0 mem_commit=0 mem_we=0000 mem_addr=23300112 mem_wd=00000000 mem_rd=00000000
COMMIT t=8985000 wb_pc=000008c0 wb_we=1 wb_rd=x1 wb_val=23300112 IF_pc=000008d0 IF_inst=00c12103 ID_pc=000008cc ID_inst=00e12623 EX_pc=000008c8 EX_alu=00002f48 mem_stall=1 mem_commit=0 mem_we=0000 mem_addr=00002f48 mem_wd=23300112 mem_rd=00000000
COMMIT t=8995000 wb_pc=000008c0 wb_we=1 wb_rd=x1 wb_val=23300112 IF_pc=000008d0 IF_inst=00c12103 ID_pc=000008cc ID_inst=00e12623 EX_pc=000008c8 EX_alu=00002f48 mem_stall=0 mem_commit=1 mem_we=1111 mem_addr=00002f48 mem_wd=23300112 mem_rd=cddaabbc
MEM_WRITE t=8995000 pc=000008c0 addr=00002f48 wd=23300112 ctrl=1
COMMIT t=9005000 wb_pc=000008c4 wb_we=0 wb_rd=x12 wb_val=00002f48 IF_pc=000008d0 IF_inst=00c12103 ID_pc=000008cc ID_inst=00e12623 EX_pc=00000000 EX_alu=00000000 mem_stall=1 mem_commit=0 mem_we=0000 mem_addr=00002f48 mem_wd=00000000 mem_rd=23300112
COMMIT t=9045000 wb_pc=00000000 wb_we=0 wb_rd=x0 wb_val=00000004 IF_pc=000008d8 IF_inst=11238393 ID_pc=000008d4 ID_inst=233003b7 EX_pc=000008d0 EX_alu=00002f48 mem_stall=0 mem_commit=1 mem_we=1111 mem_addr=00002f48 mem_wd=23300112 mem_rd=23300112
MEM_WRITE t=9045000 pc=00000000 addr=00002f48 wd=23300112 ctrl=1
COMMIT t=9055000 wb_pc=000008cc wb_we=0 wb_rd=x12 wb_val=00002f48 IF_pc=000008dc IF_inst=64711e63 ID_pc=000008d8 ID_inst=11238393 EX_pc=000008d4 EX_alu=23300000 mem_stall=1 mem_commit=0 mem_we=0000 mem_addr=00002f48 mem_wd=00000000 mem_rd=23300112
COMMIT t=9075000 wb_pc=000008d0 wb_we=1 wb_rd=x2 wb_val=23300112 IF_pc=000008e0 IF_inst=00002117 ID_pc=000008dc ID_inst=64711e63 EX_pc=000008d8 EX_alu=23300112 mem_stall=0 mem_commit=0 mem_we=0000 mem_addr=23300000 mem_wd=00000000 mem_rd=23300112
COMMIT t=9095000 wb_pc=000008d8 wb_we=1 wb_rd=x7 wb_val=23300112 IF_pc=000008e8 IF_inst=00212423 ID_pc=000008e4 ID_inst=65c10113 EX_pc=000008e0 EX_alu=000028e0 mem_stall=0 mem_commit=0 mem_we=0000 mem_addr=00000f38 mem_wd=00000112 mem_rd=00000000
COMMIT t=9105000 wb_pc=000008dc wb_we=0 wb_rd=x28 wb_val=00000f38 IF_pc=000008ec IF_inst=00812203 ID_pc=000008e8 ID_inst=00212423 EX_pc=000008e4 EX_alu=00002f3c mem_stall=0 mem_commit=0 mem_we=0000 mem_addr=000028e0 mem_wd=00000000 mem_rd=0ff0000f
COMMIT t=9115000 wb_pc=000008e0 wb_we=1 wb_rd=x2 wb_val=000028e0 IF_pc=000008f0 IF_inst=00122623 ID_pc=000008ec ID_inst=00812203 EX_pc=000008e8 EX_alu=00002f44 mem_stall=0 mem_commit=0 mem_we=0000 mem_addr=00002f3c mem_wd=00000000 mem_rd=00000000
COMMIT t=9125000 wb_pc=000008e4 wb_we=1 wb_rd=x2 wb_val=00002f3c IF_pc=000008f4 IF_inst=64221263 ID_pc=000008f0 ID_inst=00122623 EX_pc=000008ec EX_alu=00002f44 mem_stall=1 mem_commit=0 mem_we=0000 mem_addr=00002f44 mem_wd=00002f3c mem_rd=00112233
COMMIT t=9135000 wb_pc=000008e4 wb_we=1 wb_rd=x2 wb_val=00002f3c IF_pc=000008f4 IF_inst=64221263 ID_pc=000008f0 ID_inst=00122623 EX_pc=000008ec EX_alu=00002f44 mem_stall=0 mem_commit=1 mem_we=1111 mem_addr=00002f44 mem_wd=00002f3c mem_rd=33001122
MEM_WRITE t=9135000 pc=000008e4 addr=00002f44 wd=00002f3c ctrl=1
COMMIT t=9145000 wb_pc=000008e8 wb_we=0 wb_rd=x8 wb_val=00002f44 IF_pc=000008f4 IF_inst=64221263 ID_pc=000008f0 ID_inst=00122623 EX_pc=00000000 EX_alu=00000000 mem_stall=1 mem_commit=0 mem_we=0000 mem_addr=00002f44 mem_wd=00000000 mem_rd=00002f3c
COMMIT t=9185000 wb_pc=00000000 wb_we=0 wb_rd=x0 wb_val=00000004 IF_pc=000008fc IF_inst=62771e63 ID_pc=000008f8 ID_inst=00c22703 EX_pc=000008f4 EX_alu=00000f38 mem_stall=0 mem_commit=1 mem_we=1111 mem_addr=00002f48 mem_wd=23300112 mem_rd=23300112
MEM_WRITE t=9185000 pc=00000000 addr=00002f48 wd=23300112 ctrl=1
COMMIT t=9195000 wb_pc=000008f0 wb_we=0 wb_rd=x12 wb_val=00002f48 IF_pc=00000900 IF_inst=01e00193 ID_pc=000008fc ID_inst=62771e63 EX_pc=000008f8 EX_alu=00002f48 mem_stall=0 mem_commit=0 mem_we=0000 mem_addr=00000f38 mem_wd=00002f3c mem_rd=23300112
COMMIT t=9215000 wb_pc=000008f4 wb_we=0 wb_rd=x4 wb_val=00000f38 IF_pc=00000900 IF_inst=01e00193 ID_pc=000008fc ID_inst=62771e63 EX_pc=00000000 EX_alu=00000000 mem_stall=0 mem_commit=1 mem_we=0000 mem_addr=00002f48 mem_wd=00000000 mem_rd=23300112
COMMIT t=9245000 wb_pc=000008fc wb_we=0 wb_rd=x28 wb_val=00000f38 IF_pc=0000090c IF_inst=223300b7 ID_pc=00000908 ID_inst=63810113 EX_pc=00000904 EX_alu=00002904 mem_stall=0 mem_commit=0 mem_we=0000 mem_addr=0000001e mem_wd=00000000 mem_rd=0ff0000f
COMMIT t=9255000 wb_pc=00000900 wb_we=1 wb_rd=x3 wb_val=0000001e IF_pc=00000910 IF_inst=01108093 ID_pc=0000090c ID_inst=223300b7 EX_pc=00000908 EX_alu=00002f3c mem_stall=0 mem_commit=0 mem_we=0000 mem_addr=00002904 mem_wd=00000000 mem_rd=03ff0263
COMMIT t=9265000 wb_pc=00000904 wb_we=1 wb_rd=x2 wb_val=00002904 IF_pc=00000914 IF_inst=00112823 ID_pc=00000910 ID_inst=01108093 EX_pc=0000090c EX_alu=22330000 mem_stall=0 mem_commit=0 mem_we=0000 mem_addr=00002f3c mem_wd=00000000 mem_rd=00000000
COMMIT t=9275000 wb_pc=00000908 wb_we=1 wb_rd=x2 wb_val=00002f3c IF_pc=00000918 IF_inst=01012703 ID_pc=00000914 ID_inst=00112823 EX_pc=00000910 EX_alu=22330011 mem_stall=0 mem_commit=0 mem_we=0000 mem_addr=22330000 mem_wd=0000001e mem_rd=00112233
COMMIT t=9285000 wb_pc=0000090c wb_we=1 wb_rd=x1 wb_val=22330000 IF_pc=0000091c IF_inst=00e12823 ID_pc=00000918 ID_inst=01012703 EX_pc=00000914 EX_alu=00002f4c mem_stall=0 mem_commit=0 mem_we=0000 mem_addr=22330011 mem_wd=00000000 mem_rd=00000000
COMMIT t=9295000 wb_pc=00000910 wb_we=1 wb_rd=x1 wb_val=22330011 IF_pc=00000920 IF_inst=01012103 ID_pc=0000091c ID_inst=00e12823 EX_pc=00000918 EX_alu=00002f4c mem_stall=1 mem_commit=0 mem_we=0000 mem_addr=00002f4c mem_wd=22330011 mem_rd=00000000
COMMIT t=9305000 wb_pc=00000910 wb_we=1 wb_rd=x1 wb_val=22330011 IF_pc=00000920 IF_inst=01012103 ID_pc=0000091c ID_inst=00e12823 EX_pc=00000918 EX_alu=00002f4c mem_stall=0 mem_commit=1 mem_we=1111 mem_addr=00002f4c mem_wd=22330011 mem_rd=ccddaabb
MEM_WRITE t=9305000 pc=00000910 addr=00002f4c wd=22330011 ctrl=1
COMMIT t=9315000 wb_pc=00000914 wb_we=0 wb_rd=x16 wb_val=00002f4c IF_pc=00000920 IF_inst=01012103 ID_pc=0000091c ID_inst=00e12823 EX_pc=00000000 EX_alu=00000000 mem_stall=1 mem_commit=0 mem_we=0000 mem_addr=00002f4c mem_wd=00000000 mem_rd=22330011
COMMIT t=9355000 wb_pc=00000000 wb_we=0 wb_rd=x0 wb_val=00000004 IF_pc=00000928 IF_inst=01138393 ID_pc=00000924 ID_inst=223303b7 EX_pc=00000920 EX_alu=00002f4c mem_stall=0 mem_commit=1 mem_we=1111 mem_addr=00002f4c mem_wd=22330011 mem_rd=22330011
MEM_WRITE t=9355000 pc=00000000 addr=00002f4c wd=22330011 ctrl=1
COMMIT t=9365000 wb_pc=0000091c wb_we=0 wb_rd=x16 wb_val=00002f4c IF_pc=0000092c IF_inst=60711663 ID_pc=00000928 ID_inst=01138393 EX_pc=00000924 EX_alu=22330000 mem_stall=1 mem_commit=0 mem_we=0000 mem_addr=00002f4c mem_wd=00000000 mem_rd=22330011
COMMIT t=9385000 wb_pc=00000920 wb_we=1 wb_rd=x2 wb_val=22330011 IF_pc=00000930 IF_inst=00002117 ID_pc=0000092c ID_inst=60711663 EX_pc=00000928 EX_alu=22330011 mem_stall=0 mem_commit=0 mem_we=0000 mem_addr=22330000 mem_wd=0000001e mem_rd=22330011
COMMIT t=9405000 wb_pc=00000928 wb_we=1 wb_rd=x7 wb_val=22330011 IF_pc=00000938 IF_inst=00212423 ID_pc=00000934 ID_inst=60c10113 EX_pc=00000930 EX_alu=00002930 mem_stall=0 mem_commit=0 mem_we=0000 mem_addr=00000f38 mem_wd=00000011 mem_rd=00000000
COMMIT t=9415000 wb_pc=0000092c wb_we=0 wb_rd=x12 wb_val=00000f38 IF_pc=0000093c IF_inst=00812203 ID_pc=00000938 ID_inst=00212423 EX_pc=00000934 EX_alu=00002f3c mem_stall=0 mem_commit=0 mem_we=0000 mem_addr=00002930 mem_wd=00000000 mem_rd=0ff0000f
COMMIT t=9425000 wb_pc=00000930 wb_we=1 wb_rd=x2 wb_val=00002930 IF_pc=00000940 IF_inst=00122823 ID_pc=0000093c ID_inst=00812203 EX_pc=00000938 EX_alu=00002f44 mem_stall=0 mem_commit=0 mem_we=0000 mem_addr=00002f3c mem_wd=00000000 mem_rd=00000000
COMMIT t=9435000 wb_pc=00000934 wb_we=1 wb_rd=x2 wb_val=00002f3c IF_pc=00000944 IF_inst=5e221a63 ID_pc=00000940 ID_inst=00122823 EX_pc=0000093c EX_alu=00002f44 mem_stall=1 mem_commit=0 mem_we=0000 mem_addr=00002f44 mem_wd=00002f3c mem_rd=00112233
COMMIT t=9445000 wb_pc=00000934 wb_we=1 wb_rd=x2 wb_val=00002f3c IF_pc=00000944 IF_inst=5e221a63 ID_pc=00000940 ID_inst=00122823 EX_pc=0000093c EX_alu=00002f44 mem_stall=0 mem_commit=1 mem_we=1111 mem_addr=00002f44 mem_wd=00002f3c mem_rd=00002f3c
MEM_WRITE t=9445000 pc=00000934 addr=00002f44 wd=00002f3c ctrl=1
COMMIT t=9455000 wb_pc=00000938 wb_we=0 wb_rd=x8 wb_val=00002f44 IF_pc=00000944 IF_inst=5e221a63 ID_pc=00000940 ID_inst=00122823 EX_pc=00000000 EX_alu=00000000 mem_stall=1 mem_commit=0 mem_we=0000 mem_addr=00002f44 mem_wd=00000000 mem_rd=00002f3c
COMMIT t=9495000 wb_pc=00000000 wb_we=0 wb_rd=x0 wb_val=00000004 IF_pc=0000094c IF_inst=5e771663 ID_pc=00000948 ID_inst=01022703 EX_pc=00000944 EX_alu=00000f38 mem_stall=0 mem_commit=1 mem_we=1111 mem_addr=00002f4c mem_wd=22330011 mem_rd=22330011
MEM_WRITE t=9495000 pc=00000000 addr=00002f4c wd=22330011 ctrl=1
COMMIT t=9505000 wb_pc=00000940 wb_we=0 wb_rd=x16 wb_val=00002f4c IF_pc=00000950 IF_inst=01f00193 ID_pc=0000094c ID_inst=5e771663 EX_pc=00000948 EX_alu=00002f4c mem_stall=0 mem_commit=0 mem_we=0000 mem_addr=00000f38 mem_wd=00002f3c mem_rd=22330011
COMMIT t=9525000 wb_pc=00000944 wb_we=0 wb_rd=x20 wb_val=00000f38 IF_pc=00000950 IF_inst=01f00193 ID_pc=0000094c ID_inst=5e771663 EX_pc=00000000 EX_alu=00000000 mem_stall=0 mem_commit=1 mem_we=0000 mem_addr=00002f4c mem_wd=00000000 mem_rd=22330011
COMMIT t=9555000 wb_pc=0000094c wb_we=0 wb_rd=x12 wb_val=00000f38 IF_pc=0000095c IF_inst=122330b7 ID_pc=00000958 ID_inst=5e810113 EX_pc=00000954 EX_alu=00002954 mem_stall=0 mem_commit=0 mem_we=0000 mem_addr=0000001f mem_wd=00000000 mem_rd=0ff0000f
COMMIT t=9565000 wb_pc=00000950 wb_we=1 wb_rd=x3 wb_val=0000001f IF_pc=00000960 IF_inst=00108093 ID_pc=0000095c ID_inst=122330b7 EX_pc=00000958 EX_alu=00002f3c mem_stall=0 mem_commit=0 mem_we=0000 mem_addr=00002954 mem_wd=00000000 mem_rd=03ff0263
COMMIT t=9575000 wb_pc=00000954 wb_we=1 wb_rd=x2 wb_val=00002954 IF_pc=00000964 IF_inst=00112a23 ID_pc=00000960 ID_inst=00108093 EX_pc=0000095c EX_alu=12233000 mem_stall=0 mem_commit=0 mem_we=0000 mem_addr=00002f3c mem_wd=00000000 mem_rd=00000000
COMMIT t=9585000 wb_pc=00000958 wb_we=1 wb_rd=x2 wb_val=00002f3c IF_pc=00000968 IF_inst=01412703 ID_pc=00000964 ID_inst=00112a23 EX_pc=00000960 EX_alu=12233001 mem_stall=0 mem_commit=0 mem_we=0000 mem_addr=12233000 mem_wd=00002f3c mem_rd=00112233
COMMIT t=9595000 wb_pc=0000095c wb_we=1 wb_rd=x1 wb_val=12233000 IF_pc=0000096c IF_inst=00e12a23 ID_pc=00000968 ID_inst=01412703 EX_pc=00000964 EX_alu=00002f50 mem_stall=0 mem_commit=0 mem_we=0000 mem_addr=12233001 mem_wd=00000000 mem_rd=00000000
COMMIT t=9605000 wb_pc=00000960 wb_we=1 wb_rd=x1 wb_val=12233001 IF_pc=00000970 IF_inst=01412103 ID_pc=0000096c ID_inst=00e12a23 EX_pc=00000968 EX_alu=00002f50 mem_stall=1 mem_commit=0 mem_we=0000 mem_addr=00002f50 mem_wd=12233001 mem_rd=00000000
COMMIT t=9615000 wb_pc=00000960 wb_we=1 wb_rd=x1 wb_val=12233001 IF_pc=00000970 IF_inst=01412103 ID_pc=0000096c ID_inst=00e12a23 EX_pc=00000968 EX_alu=00002f50 mem_stall=0 mem_commit=1 mem_we=1111 mem_addr=00002f50 mem_wd=12233001 mem_rd=bccddaab
MEM_WRITE t=9615000 pc=00000960 addr=00002f50 wd=12233001 ctrl=1
COMMIT t=9625000 wb_pc=00000964 wb_we=0 wb_rd=x20 wb_val=00002f50 IF_pc=00000970 IF_inst=01412103 ID_pc=0000096c ID_inst=00e12a23 EX_pc=00000000 EX_alu=00000000 mem_stall=1 mem_commit=0 mem_we=0000 mem_addr=00002f50 mem_wd=00000000 mem_rd=12233001
COMMIT t=9665000 wb_pc=00000000 wb_we=0 wb_rd=x0 wb_val=00000004 IF_pc=00000978 IF_inst=00138393 ID_pc=00000974 ID_inst=122333b7 EX_pc=00000970 EX_alu=00002f50 mem_stall=0 mem_commit=1 mem_we=1111 mem_addr=00002f50 mem_wd=12233001 mem_rd=12233001
MEM_WRITE t=9665000 pc=00000000 addr=00002f50 wd=12233001 ctrl=1
COMMIT t=9675000 wb_pc=0000096c wb_we=0 wb_rd=x20 wb_val=00002f50 IF_pc=00000978 IF_inst=00138393 ID_pc=00000974 ID_inst=122333b7 EX_pc=00000000 EX_alu=00000000 mem_stall=1 mem_commit=0 mem_we=0000 mem_addr=00002f50 mem_wd=00000000 mem_rd=12233001
COMMIT t=9715000 wb_pc=00000974 wb_we=1 wb_rd=x7 wb_val=12233000 IF_pc=00000984 IF_inst=5bc10113 ID_pc=00000980 ID_inst=00002117 EX_pc=0000097c EX_alu=00000f38 mem_stall=0 mem_commit=0 mem_we=0000 mem_addr=12233001 mem_wd=00000100 mem_rd=00000000
COMMIT t=9725000 wb_pc=00000978 wb_we=1 wb_rd=x7 wb_val=12233001 IF_pc=00000988 IF_inst=00212423 ID_pc=00000984 ID_inst=5bc10113 EX_pc=00000980 EX_alu=00002980 mem_stall=0 mem_commit=0 mem_we=0000 mem_addr=00000f38 mem_wd=00003001 mem_rd=00000000
COMMIT t=9735000 wb_pc=0000097c wb_we=0 wb_rd=x28 wb_val=00000f38 IF_pc=0000098c IF_inst=00812203 ID_pc=00000988 ID_inst=00212423 EX_pc=00000984 EX_alu=00002f3c mem_stall=0 mem_commit=0 mem_we=0000 mem_addr=00002980 mem_wd=00000000 mem_rd=0ff0000f
COMMIT t=9745000 wb_pc=00000980 wb_we=1 wb_rd=x2 wb_val=00002980 IF_pc=00000990 IF_inst=00122a23 ID_pc=0000098c ID_inst=00812203 EX_pc=00000988 EX_alu=00002f44 mem_stall=0 mem_commit=0 mem_we=0000 mem_addr=00002f3c mem_wd=00000000 mem_rd=00000000
COMMIT t=9755000 wb_pc=00000984 wb_we=1 wb_rd=x2 wb_val=00002f3c IF_pc=00000994 IF_inst=5a221263 ID_pc=00000990 ID_inst=00122a23 EX_pc=0000098c EX_alu=00002f44 mem_stall=1 mem_commit=0 mem_we=0000 mem_addr=00002f44 mem_wd=00002f3c mem_rd=00112233
COMMIT t=9765000 wb_pc=00000984 wb_we=1 wb_rd=x2 wb_val=00002f3c IF_pc=00000994 IF_inst=5a221263 ID_pc=00000990 ID_inst=00122a23 EX_pc=0000098c EX_alu=00002f44 mem_stall=0 mem_commit=1 mem_we=1111 mem_addr=00002f44 mem_wd=00002f3c mem_rd=00002f3c
MEM_WRITE t=9765000 pc=00000984 addr=00002f44 wd=00002f3c ctrl=1
COMMIT t=9775000 wb_pc=00000988 wb_we=0 wb_rd=x8 wb_val=00002f44 IF_pc=00000994 IF_inst=5a221263 ID_pc=00000990 ID_inst=00122a23 EX_pc=00000000 EX_alu=00000000 mem_stall=1 mem_commit=0 mem_we=0000 mem_addr=00002f44 mem_wd=00000000 mem_rd=00002f3c
COMMIT t=9815000 wb_pc=00000000 wb_we=0 wb_rd=x0 wb_val=00000004 IF_pc=0000099c IF_inst=58771e63 ID_pc=00000998 ID_inst=01422703 EX_pc=00000994 EX_alu=00000f38 mem_stall=0 mem_commit=1 mem_we=1111 mem_addr=00002f50 mem_wd=12233001 mem_rd=12233001
MEM_WRITE t=9815000 pc=00000000 addr=00002f50 wd=12233001 ctrl=1
COMMIT t=9825000 wb_pc=00000990 wb_we=0 wb_rd=x20 wb_val=00002f50 IF_pc=000009a0 IF_inst=02000193 ID_pc=0000099c ID_inst=58771e63 EX_pc=00000998 EX_alu=00002f50 mem_stall=0 mem_commit=0 mem_we=0000 mem_addr=00000f38 mem_wd=00002f3c mem_rd=12233001
COMMIT t=9845000 wb_pc=00000994 wb_we=0 wb_rd=x4 wb_val=00000f38 IF_pc=000009a0 IF_inst=02000193 ID_pc=0000099c ID_inst=58771e63 EX_pc=00000000 EX_alu=00000000 mem_stall=0 mem_commit=1 mem_we=0000 mem_addr=00002f50 mem_wd=00000000 mem_rd=12233001
COMMIT t=9875000 wb_pc=0000099c wb_we=0 wb_rd=x28 wb_val=00000f38 IF_pc=000009ac IF_inst=ffffd0b7 ID_pc=000009a8 ID_inst=59810113 EX_pc=000009a4 EX_alu=000029a4 mem_stall=0 mem_commit=0 mem_we=0000 mem_addr=00000020 mem_wd=00000000 mem_rd=0ff0000f
COMMIT t=9885000 wb_pc=000009a0 wb_we=1 wb_rd=x3 wb_val=00000020 IF_pc=000009b0 IF_inst=cdd08093 ID_pc=000009ac ID_inst=ffffd0b7 EX_pc=000009a8 EX_alu=00002f3c mem_stall=0 mem_commit=0 mem_we=0000 mem_addr=000029a4 mem_wd=00000000 mem_rd=00000f17
COMMIT t=9895000 wb_pc=000009a4 wb_we=1 wb_rd=x2 wb_val=000029a4 IF_pc=000009b4 IF_inst=00111023 ID_pc=000009b0 ID_inst=cdd08093 EX_pc=000009ac EX_alu=ffffd000 mem_stall=0 mem_commit=0 mem_we=0000 mem_addr=00002f3c mem_wd=00000000 mem_rd=00000000
COMMIT t=9905000 wb_pc=000009a8 wb_we=1 wb_rd=x2 wb_val=00002f3c IF_pc=000009b8 IF_inst=00011703 ID_pc=000009b4 ID_inst=00111023 EX_pc=000009b0 EX_alu=ffffccdd mem_stall=0 mem_commit=0 mem_we=0000 mem_addr=ffffd000 mem_wd=00000000 mem_rd=00112233
COMMIT t=9915000 wb_pc=000009ac wb_we=1 wb_rd=x1 wb_val=ffffd000 IF_pc=000009b8 IF_inst=00011703 ID_pc=000009b4 ID_inst=00111023 EX_pc=000009b4 EX_alu=00002f3c mem_stall=0 mem_commit=0 mem_we=0000 mem_addr=ffffccdd mem_wd=00000000 mem_rd=00000000
COMMIT t=9925000 wb_pc=000009b0 wb_we=1 wb_rd=x1 wb_val=ffffccdd IF_pc=000009bc IF_inst=00e11023 ID_pc=000009b8 ID_inst=00011703 EX_pc=000009b4 EX_alu=00002f3c mem_stall=1 mem_commit=0 mem_we=0000 mem_addr=00002f3c mem_wd=12233001 mem_rd=00000000
COMMIT t=9945000 wb_pc=000009b4 wb_we=1 wb_rd=x0 wb_val=00112233 IF_pc=000009c0 IF_inst=00011103 ID_pc=000009bc ID_inst=00e11023 EX_pc=000009b8 EX_alu=00002f3c mem_stall=1 mem_commit=0 mem_we=0000 mem_addr=00002f3c mem_wd=0000ccdd mem_rd=00112233
MEM_WRITE t=9955000 pc=000009b4 addr=00002f3c wd=0000ccdd ctrl=1
COMMIT t=9965000 wb_pc=000009b4 wb_we=0 wb_rd=x0 wb_val=00002f3c IF_pc=000009c0 IF_inst=00011103 ID_pc=000009bc ID_inst=00e11023 EX_pc=00000000 EX_alu=00000000 mem_stall=1 mem_commit=0 mem_we=0000 mem_addr=00002f3c mem_wd=00000000 mem_rd=0011ccdd
COMMIT t=10005000 wb_pc=00000000 wb_we=0 wb_rd=x0 wb_val=00000004 IF_pc=000009c8 IF_inst=cdd38393 ID_pc=000009c4 ID_inst=ffffd3b7 EX_pc=000009c0 EX_alu=00002f3c mem_stall=0 mem_commit=1 mem_we=0011 mem_addr=00002f3c mem_wd=0000ccdd mem_rd=0011ccdd
MEM_WRITE t=10005000 pc=00000000 addr=00002f3c wd=0000ccdd ctrl=1
COMMIT t=10015000 wb_pc=000009bc wb_we=0 wb_rd=x0 wb_val=00002f3c IF_pc=000009cc IF_inst=56711663 ID_pc=000009c8 ID_inst=cdd38393 EX_pc=000009c4 EX_alu=ffffd000 mem_stall=1 mem_commit=0 mem_we=0000 mem_addr=00002f3c mem_wd=00000000 mem_rd=0011ccdd
COMMIT t=10035000 wb_pc=000009c0 wb_we=1 wb_rd=x2 wb_val=ffffccdd IF_pc=000009d0 IF_inst=00002117 ID_pc=000009cc ID_inst=56711663 EX_pc=000009c8 EX_alu=ffffccdd mem_stall=0 mem_commit=0 mem_we=0000 mem_addr=ffffd000 mem_wd=00000000 mem_rd=0011ccdd
COMMIT t=10055000 wb_pc=000009c8 wb_we=1 wb_rd=x7 wb_val=ffffccdd IF_pc=000009d8 IF_inst=00212423 ID_pc=000009d4 ID_inst=56c10113 EX_pc=000009d0 EX_alu=000029d0 mem_stall=0 mem_commit=0 mem_we=0000 mem_addr=00000f38 mem_wd=0000ccdd mem_rd=00000000
COMMIT t=10065000 wb_pc=000009cc wb_we=0 wb_rd=x12 wb_val=00000f38 IF_pc=000009dc IF_inst=00812203 ID_pc=000009d8 ID_inst=00212423 EX_pc=000009d4 EX_alu=00002f3c mem_stall=0 mem_commit=0 mem_we=0000 mem_addr=000029d0 mem_wd=00000000 mem_rd=0ff0000f
COMMIT t=10075000 wb_pc=000009d0 wb_we=1 wb_rd=x2 wb_val=000029d0 IF_pc=000009e0 IF_inst=00121023 ID_pc=000009dc ID_inst=00812203 EX_pc=000009d8 EX_alu=00002f44 mem_stall=0 mem_commit=0 mem_we=0000 mem_addr=00002f3c mem_wd=00000000 mem_rd=00000000
COMMIT t=10085000 wb_pc=000009d4 wb_we=1 wb_rd=x2 wb_val=00002f3c IF_pc=000009e4 IF_inst=54221a63 ID_pc=000009e0 ID_inst=00121023 EX_pc=000009dc EX_alu=00002f44 mem_stall=1 mem_commit=0 mem_we=0000 mem_addr=00002f44 mem_wd=00002f3c mem_rd=0011ccdd
COMMIT t=10095000 wb_pc=000009d4 wb_we=1 wb_rd=x2 wb_val=00002f3c IF_pc=000009e4 IF_inst=54221a63 ID_pc=000009e0 ID_inst=00121023 EX_pc=000009dc EX_alu=00002f44 mem_stall=0 mem_commit=1 mem_we=1111 mem_addr=00002f44 mem_wd=00002f3c mem_rd=00002f3c
MEM_WRITE t=10095000 pc=000009d4 addr=00002f44 wd=00002f3c ctrl=1
COMMIT t=10105000 wb_pc=000009d8 wb_we=0 wb_rd=x8 wb_val=00002f44 IF_pc=000009e4 IF_inst=54221a63 ID_pc=000009e0 ID_inst=00121023 EX_pc=00000000 EX_alu=00000000 mem_stall=1 mem_commit=0 mem_we=0000 mem_addr=00002f44 mem_wd=00000000 mem_rd=00002f3c
COMMIT t=10145000 wb_pc=00000000 wb_we=0 wb_rd=x0 wb_val=00000004 IF_pc=000009ec IF_inst=54771663 ID_pc=000009e8 ID_inst=00021703 EX_pc=000009e4 EX_alu=00000f38 mem_stall=0 mem_commit=1 mem_we=0011 mem_addr=00002f3c mem_wd=0000ccdd mem_rd=0011ccdd
MEM_WRITE t=10145000 pc=00000000 addr=00002f3c wd=0000ccdd ctrl=1
COMMIT t=10155000 wb_pc=000009e0 wb_we=0 wb_rd=x0 wb_val=00002f3c IF_pc=000009f0 IF_inst=02100193 ID_pc=000009ec ID_inst=54771663 EX_pc=000009e8 EX_alu=00002f3c mem_stall=0 mem_commit=0 mem_we=0000 mem_addr=00000f38 mem_wd=00002f3c mem_rd=0011ccdd
COMMIT t=10175000 wb_pc=000009e4 wb_we=0 wb_rd=x20 wb_val=00000f38 IF_pc=000009f0 IF_inst=02100193 ID_pc=000009ec ID_inst=54771663 EX_pc=00000000 EX_alu=00000000 mem_stall=0 mem_commit=1 mem_we=0000 mem_addr=00002f3c mem_wd=00000000 mem_rd=0011ccdd
COMMIT t=10205000 wb_pc=000009ec wb_we=0 wb_rd=x12 wb_val=00000f38 IF_pc=000009fc IF_inst=ffffc0b7 ID_pc=000009f8 ID_inst=54810113 EX_pc=000009f4 EX_alu=000029f4 mem_stall=0 mem_commit=0 mem_we=0000 mem_addr=00000021 mem_wd=0000dd00 mem_rd=0ff0000f
COMMIT t=10215000 wb_pc=000009f0 wb_we=1 wb_rd=x3 wb_val=00000021 IF_pc=00000a00 IF_inst=ccd08093 ID_pc=000009fc ID_inst=ffffc0b7 EX_pc=000009f8 EX_alu=00002f3c mem_stall=0 mem_commit=0 mem_we=0000 mem_addr=000029f4 mem_wd=00000000 mem_rd=00000f17
COMMIT t=10225000 wb_pc=000009f4 wb_we=1 wb_rd=x2 wb_val=000029f4 IF_pc=00000a04 IF_inst=00111123 ID_pc=00000a00 ID_inst=ccd08093 EX_pc=000009fc EX_alu=ffffc000 mem_stall=0 mem_commit=0 mem_we=0000 mem_addr=00002f3c mem_wd=00000000 mem_rd=00000000
COMMIT t=10235000 wb_pc=000009f8 wb_we=1 wb_rd=x2 wb_val=00002f3c IF_pc=00000a08 IF_inst=00211703 ID_pc=00000a04 ID_inst=00111123 EX_pc=00000a00 EX_alu=ffffbccd mem_stall=0 mem_commit=0 mem_we=0000 mem_addr=ffffc000 mem_wd=00000000 mem_rd=0011ccdd
COMMIT t=10245000 wb_pc=000009fc wb_we=1 wb_rd=x1 wb_val=ffffc000 IF_pc=00000a08 IF_inst=00211703 ID_pc=00000a04 ID_inst=00111123 EX_pc=00000a04 EX_alu=00002f3e mem_stall=0 mem_commit=0 mem_we=0000 mem_addr=ffffbccd mem_wd=00000000 mem_rd=00000000
COMMIT t=10255000 wb_pc=00000a00 wb_we=1 wb_rd=x1 wb_val=ffffbccd IF_pc=00000a0c IF_inst=00e11123 ID_pc=00000a08 ID_inst=00211703 EX_pc=00000a04 EX_alu=00002f3e mem_stall=1 mem_commit=0 mem_we=0000 mem_addr=00002f3e mem_wd=ffffccdd mem_rd=00000000
COMMIT t=10275000 wb_pc=00000a04 wb_we=1 wb_rd=x0 wb_val=0011ccdd IF_pc=00000a10 IF_inst=00211103 ID_pc=00000a0c ID_inst=00e11123 EX_pc=00000a08 EX_alu=00002f3e mem_stall=1 mem_commit=0 mem_we=0000 mem_addr=00002f3e mem_wd=bccd0000 mem_rd=0011ccdd
MEM_WRITE t=10285000 pc=00000a04 addr=00002f3e wd=bccd0000 ctrl=1
COMMIT t=10295000 wb_pc=00000a04 wb_we=0 wb_rd=x2 wb_val=00002f3e IF_pc=00000a10 IF_inst=00211103 ID_pc=00000a0c ID_inst=00e11123 EX_pc=00000000 EX_alu=00000000 mem_stall=1 mem_commit=0 mem_we=0000 mem_addr=00002f3e mem_wd=2f3c0000 mem_rd=bccdccdd
COMMIT t=10335000 wb_pc=00000000 wb_we=0 wb_rd=x0 wb_val=00000004 IF_pc=00000a18 IF_inst=ccd38393 ID_pc=00000a14 ID_inst=ffffc3b7 EX_pc=00000a10 EX_alu=00002f3e mem_stall=0 mem_commit=1 mem_we=1100 mem_addr=00002f3e mem_wd=bccd0000 mem_rd=bccdccdd
MEM_WRITE t=10335000 pc=00000000 addr=00002f3e wd=bccd0000 ctrl=1
COMMIT t=10345000 wb_pc=00000a0c wb_we=0 wb_rd=x2 wb_val=00002f3e IF_pc=00000a1c IF_inst=50711e63 ID_pc=00000a18 ID_inst=ccd38393 EX_pc=00000a14 EX_alu=ffffc000 mem_stall=1 mem_commit=0 mem_we=0000 mem_addr=00002f3e mem_wd=2f3c0000 mem_rd=bccdccdd
COMMIT t=10365000 wb_pc=00000a10 wb_we=1 wb_rd=x2 wb_val=ffffbccd IF_pc=00000a20 IF_inst=00002117 ID_pc=00000a1c ID_inst=50711e63 EX_pc=00000a18 EX_alu=ffffbccd mem_stall=0 mem_commit=0 mem_we=0000 mem_addr=ffffc000 mem_wd=00000000 mem_rd=bccdccdd
COMMIT t=10385000 wb_pc=00000a18 wb_we=1 wb_rd=x7 wb_val=ffffbccd IF_pc=00000a28 IF_inst=00212423 ID_pc=00000a24 ID_inst=51c10113 EX_pc=00000a20 EX_alu=00002a20 mem_stall=0 mem_commit=0 mem_we=0000 mem_addr=00000f38 mem_wd=0000bccd mem_rd=00000000
COMMIT t=10395000 wb_pc=00000a1c wb_we=0 wb_rd=x28 wb_val=00000f38 IF_pc=00000a2c IF_inst=00812203 ID_pc=00000a28 ID_inst=00212423 EX_pc=00000a24 EX_alu=00002f3c mem_stall=0 mem_commit=0 mem_we=0000 mem_addr=00002a20 mem_wd=00000000 mem_rd=0ff0000f
COMMIT t=10405000 wb_pc=00000a20 wb_we=1 wb_rd=x2 wb_val=00002a20 IF_pc=00000a30 IF_inst=00121123 ID_pc=00000a2c ID_inst=00812203 EX_pc=00000a28 EX_alu=00002f44 mem_stall=0 mem_commit=0 mem_we=0000 mem_addr=00002f3c mem_wd=00000000 mem_rd=00000000
COMMIT t=10415000 wb_pc=00000a24 wb_we=1 wb_rd=x2 wb_val=00002f3c IF_pc=00000a34 IF_inst=50221263 ID_pc=00000a30 ID_inst=00121123 EX_pc=00000a2c EX_alu=00002f44 mem_stall=1 mem_commit=0 mem_we=0000 mem_addr=00002f44 mem_wd=00002f3c mem_rd=bccdccdd
COMMIT t=10425000 wb_pc=00000a24 wb_we=1 wb_rd=x2 wb_val=00002f3c IF_pc=00000a34 IF_inst=50221263 ID_pc=00000a30 ID_inst=00121123 EX_pc=00000a2c EX_alu=00002f44 mem_stall=0 mem_commit=1 mem_we=1111 mem_addr=00002f44 mem_wd=00002f3c mem_rd=00002f3c
MEM_WRITE t=10425000 pc=00000a24 addr=00002f44 wd=00002f3c ctrl=1
COMMIT t=10435000 wb_pc=00000a28 wb_we=0 wb_rd=x8 wb_val=00002f44 IF_pc=00000a34 IF_inst=50221263 ID_pc=00000a30 ID_inst=00121123 EX_pc=00000000 EX_alu=00000000 mem_stall=1 mem_commit=0 mem_we=0000 mem_addr=00002f44 mem_wd=00000000 mem_rd=00002f3c
COMMIT t=10475000 wb_pc=00000000 wb_we=0 wb_rd=x0 wb_val=00000004 IF_pc=00000a3c IF_inst=4e771e63 ID_pc=00000a38 ID_inst=00221703 EX_pc=00000a34 EX_alu=00000f38 mem_stall=0 mem_commit=1 mem_we=1100 mem_addr=00002f3e mem_wd=bccd0000 mem_rd=bccdccdd
MEM_WRITE t=10475000 pc=00000000 addr=00002f3e wd=bccd0000 ctrl=1
COMMIT t=10485000 wb_pc=00000a30 wb_we=0 wb_rd=x2 wb_val=00002f3e IF_pc=00000a40 IF_inst=02200193 ID_pc=00000a3c ID_inst=4e771e63 EX_pc=00000a38 EX_alu=00002f3e mem_stall=0 mem_commit=0 mem_we=0000 mem_addr=00000f38 mem_wd=00002f3c mem_rd=bccdccdd
COMMIT t=10505000 wb_pc=00000a34 wb_we=0 wb_rd=x4 wb_val=00000f38 IF_pc=00000a40 IF_inst=02200193 ID_pc=00000a3c ID_inst=4e771e63 EX_pc=00000000 EX_alu=00000000 mem_stall=0 mem_commit=1 mem_we=0000 mem_addr=00002f3e mem_wd=2f3c0000 mem_rd=bccdccdd
COMMIT t=10535000 wb_pc=00000a3c wb_we=0 wb_rd=x28 wb_val=00000f38 IF_pc=00000a4c IF_inst=ffffc0b7 ID_pc=00000a48 ID_inst=4f810113 EX_pc=00000a44 EX_alu=00002a44 mem_stall=0 mem_commit=0 mem_we=0000 mem_addr=00000022 mem_wd=003c0000 mem_rd=0ff0000f
COMMIT t=10545000 wb_pc=00000a40 wb_we=1 wb_rd=x3 wb_val=00000022 IF_pc=00000a50 IF_inst=bcc08093 ID_pc=00000a4c ID_inst=ffffc0b7 EX_pc=00000a48 EX_alu=00002f3c mem_stall=0 mem_commit=0 mem_we=0000 mem_addr=00002a44 mem_wd=00000000 mem_rd=00000f17
COMMIT t=10555000 wb_pc=00000a44 wb_we=1 wb_rd=x2 wb_val=00002a44 IF_pc=00000a54 IF_inst=00111223 ID_pc=00000a50 ID_inst=bcc08093 EX_pc=00000a4c EX_alu=ffffc000 mem_stall=0 mem_commit=0 mem_we=0000 mem_addr=00002f3c mem_wd=00000000 mem_rd=00000000
COMMIT t=10565000 wb_pc=00000a48 wb_we=1 wb_rd=x2 wb_val=00002f3c IF_pc=00000a58 IF_inst=00411703 ID_pc=00000a54 ID_inst=00111223 EX_pc=00000a50 EX_alu=ffffbbcc mem_stall=0 mem_commit=0 mem_we=0000 mem_addr=ffffc000 mem_wd=00000000 mem_rd=bccdccdd
COMMIT t=10575000 wb_pc=00000a4c wb_we=1 wb_rd=x1 wb_val=ffffc000 IF_pc=00000a58 IF_inst=00411703 ID_pc=00000a54 ID_inst=00111223 EX_pc=00000a54 EX_alu=00002f40 mem_stall=0 mem_commit=0 mem_we=0000 mem_addr=ffffbbcc mem_wd=00000000 mem_rd=00000000
COMMIT t=10585000 wb_pc=00000a50 wb_we=1 wb_rd=x1 wb_val=ffffbbcc IF_pc=00000a5c IF_inst=00e11223 ID_pc=00000a58 ID_inst=00411703 EX_pc=00000a54 EX_alu=00002f40 mem_stall=1 mem_commit=0 mem_we=0000 mem_addr=00002f40 mem_wd=ffffbccd mem_rd=00000000
COMMIT t=10605000 wb_pc=00000a54 wb_we=1 wb_rd=x0 wb_val=30011223 IF_pc=00000a60 IF_inst=00411103 ID_pc=00000a5c ID_inst=00e11223 EX_pc=00000a58 EX_alu=00002f40 mem_stall=1 mem_commit=0 mem_we=0000 mem_addr=00002f40 mem_wd=0000bbcc mem_rd=30011223
MEM_WRITE t=10615000 pc=00000a54 addr=00002f40 wd=0000bbcc ctrl=1
COMMIT t=10625000 wb_pc=00000a54 wb_we=0 wb_rd=x4 wb_val=00002f40 IF_pc=00000a60 IF_inst=00411103 ID_pc=00000a5c ID_inst=00e11223 EX_pc=00000000 EX_alu=00000000 mem_stall=1 mem_commit=0 mem_we=0000 mem_addr=00002f40 mem_wd=00002f3c mem_rd=3001bbcc
COMMIT t=10665000 wb_pc=00000000 wb_we=0 wb_rd=x0 wb_val=00000004 IF_pc=00000a68 IF_inst=bcc38393 ID_pc=00000a64 ID_inst=ffffc3b7 EX_pc=00000a60 EX_alu=00002f40 mem_stall=0 mem_commit=1 mem_we=0011 mem_addr=00002f40 mem_wd=0000bbcc mem_rd=3001bbcc
MEM_WRITE t=10665000 pc=00000000 addr=00002f40 wd=0000bbcc ctrl=1
COMMIT t=10675000 wb_pc=00000a5c wb_we=0 wb_rd=x4 wb_val=00002f40 IF_pc=00000a6c IF_inst=4c711663 ID_pc=00000a68 ID_inst=bcc38393 EX_pc=00000a64 EX_alu=ffffc000 mem_stall=1 mem_commit=0 mem_we=0000 mem_addr=00002f40 mem_wd=00002f3c mem_rd=3001bbcc
COMMIT t=10695000 wb_pc=00000a60 wb_we=1 wb_rd=x2 wb_val=ffffbbcc IF_pc=00000a70 IF_inst=00002117 ID_pc=00000a6c ID_inst=4c711663 EX_pc=00000a68 EX_alu=ffffbbcc mem_stall=0 mem_commit=0 mem_we=0000 mem_addr=ffffc000 mem_wd=00000000 mem_rd=3001bbcc
COMMIT t=10715000 wb_pc=00000a68 wb_we=1 wb_rd=x7 wb_val=ffffbbcc IF_pc=00000a78 IF_inst=00212423 ID_pc=00000a74 ID_inst=4cc10113 EX_pc=00000a70 EX_alu=00002a70 mem_stall=0 mem_commit=0 mem_we=0000 mem_addr=00000f38 mem_wd=0000bbcc mem_rd=00000000
COMMIT t=10725000 wb_pc=00000a6c wb_we=0 wb_rd=x12 wb_val=00000f38 IF_pc=00000a7c IF_inst=00812203 ID_pc=00000a78 ID_inst=00212423 EX_pc=00000a74 EX_alu=00002f3c mem_stall=0 mem_commit=0 mem_we=0000 mem_addr=00002a70 mem_wd=00000000 mem_rd=0ff0000f
COMMIT t=10735000 wb_pc=00000a70 wb_we=1 wb_rd=x2 wb_val=00002a70 IF_pc=00000a80 IF_inst=00121223 ID_pc=00000a7c ID_inst=00812203 EX_pc=00000a78 EX_alu=00002f44 mem_stall=0 mem_commit=0 mem_we=0000 mem_addr=00002f3c mem_wd=00000000 mem_rd=00000000
COMMIT t=10745000 wb_pc=00000a74 wb_we=1 wb_rd=x2 wb_val=00002f3c IF_pc=00000a84 IF_inst=4a221a63 ID_pc=00000a80 ID_inst=00121223 EX_pc=00000a7c EX_alu=00002f44 mem_stall=1 mem_commit=0 mem_we=0000 mem_addr=00002f44 mem_wd=00002f3c mem_rd=bccdccdd
COMMIT t=10755000 wb_pc=00000a74 wb_we=1 wb_rd=x2 wb_val=00002f3c IF_pc=00000a84 IF_inst=4a221a63 ID_pc=00000a80 ID_inst=00121223 EX_pc=00000a7c EX_alu=00002f44 mem_stall=0 mem_commit=1 mem_we=1111 mem_addr=00002f44 mem_wd=00002f3c mem_rd=00002f3c
MEM_WRITE t=10755000 pc=00000a74 addr=00002f44 wd=00002f3c ctrl=1
COMMIT t=10765000 wb_pc=00000a78 wb_we=0 wb_rd=x8 wb_val=00002f44 IF_pc=00000a84 IF_inst=4a221a63 ID_pc=00000a80 ID_inst=00121223 EX_pc=00000000 EX_alu=00000000 mem_stall=1 mem_commit=0 mem_we=0000 mem_addr=00002f44 mem_wd=00000000 mem_rd=00002f3c
COMMIT t=10805000 wb_pc=00000000 wb_we=0 wb_rd=x0 wb_val=00000004 IF_pc=00000a8c IF_inst=4a771663 ID_pc=00000a88 ID_inst=00421703 EX_pc=00000a84 EX_alu=00000f38 mem_stall=0 mem_commit=1 mem_we=0011 mem_addr=00002f40 mem_wd=0000bbcc mem_rd=3001bbcc
MEM_WRITE t=10805000 pc=00000000 addr=00002f40 wd=0000bbcc ctrl=1
COMMIT t=10815000 wb_pc=00000a80 wb_we=0 wb_rd=x4 wb_val=00002f40 IF_pc=00000a90 IF_inst=02300193 ID_pc=00000a8c ID_inst=4a771663 EX_pc=00000a88 EX_alu=00002f40 mem_stall=0 mem_commit=0 mem_we=0000 mem_addr=00000f38 mem_wd=00002f3c mem_rd=3001bbcc
COMMIT t=10835000 wb_pc=00000a84 wb_we=0 wb_rd=x20 wb_val=00000f38 IF_pc=00000a90 IF_inst=02300193 ID_pc=00000a8c ID_inst=4a771663 EX_pc=00000000 EX_alu=00000000 mem_stall=0 mem_commit=1 mem_we=0000 mem_addr=00002f40 mem_wd=00002f3c mem_rd=3001bbcc
COMMIT t=10865000 wb_pc=00000a8c wb_we=0 wb_rd=x12 wb_val=00000f38 IF_pc=00000a9c IF_inst=ffffb0b7 ID_pc=00000a98 ID_inst=4a810113 EX_pc=00000a94 EX_alu=00002a94 mem_stall=0 mem_commit=0 mem_we=0000 mem_addr=00000023 mem_wd=22000000 mem_rd=0ff0000f
COMMIT t=10875000 wb_pc=00000a90 wb_we=1 wb_rd=x3 wb_val=00000023 IF_pc=00000aa0 IF_inst=bbc08093 ID_pc=00000a9c ID_inst=ffffb0b7 EX_pc=00000a98 EX_alu=00002f3c mem_stall=0 mem_commit=0 mem_we=0000 mem_addr=00002a94 mem_wd=00000000 mem_rd=00000f17
COMMIT t=10885000 wb_pc=00000a94 wb_we=1 wb_rd=x2 wb_val=00002a94 IF_pc=00000aa4 IF_inst=00111323 ID_pc=00000aa0 ID_inst=bbc08093 EX_pc=00000a9c EX_alu=ffffb000 mem_stall=0 mem_commit=0 mem_we=0000 mem_addr=00002f3c mem_wd=00000000 mem_rd=00000000
COMMIT t=10895000 wb_pc=00000a98 wb_we=1 wb_rd=x2 wb_val=00002f3c IF_pc=00000aa8 IF_inst=00611703 ID_pc=00000aa4 ID_inst=00111323 EX_pc=00000aa0 EX_alu=ffffabbc mem_stall=0 mem_commit=0 mem_we=0000 mem_addr=ffffb000 mem_wd=00000000 mem_rd=bccdccdd
COMMIT t=10905000 wb_pc=00000a9c wb_we=1 wb_rd=x1 wb_val=ffffb000 IF_pc=00000aa8 IF_inst=00611703 ID_pc=00000aa4 ID_inst=00111323 EX_pc=00000aa4 EX_alu=00002f42 mem_stall=0 mem_commit=0 mem_we=0000 mem_addr=ffffabbc mem_wd=00000000 mem_rd=00000000
COMMIT t=10915000 wb_pc=00000aa0 wb_we=1 wb_rd=x1 wb_val=ffffabbc IF_pc=00000aac IF_inst=00e11323 ID_pc=00000aa8 ID_inst=00611703 EX_pc=00000aa4 EX_alu=00002f42 mem_stall=1 mem_commit=0 mem_we=0000 mem_addr=00002f42 mem_wd=ffffbbcc mem_rd=00000000
COMMIT t=10935000 wb_pc=00000aa4 wb_we=1 wb_rd=x0 wb_val=3001bbcc IF_pc=00000ab0 IF_inst=00611103 ID_pc=00000aac ID_inst=00e11323 EX_pc=00000aa8 EX_alu=00002f42 mem_stall=1 mem_commit=0 mem_we=0000 mem_addr=00002f42 mem_wd=abbc0000 mem_rd=3001bbcc
MEM_WRITE t=10945000 pc=00000aa4 addr=00002f42 wd=abbc0000 ctrl=1
COMMIT t=10955000 wb_pc=00000aa4 wb_we=0 wb_rd=x6 wb_val=00002f42 IF_pc=00000ab0 IF_inst=00611103 ID_pc=00000aac ID_inst=00e11323 EX_pc=00000000 EX_alu=00000000 mem_stall=1 mem_commit=0 mem_we=0000 mem_addr=00002f42 mem_wd=00000000 mem_rd=abbcbbcc
COMMIT t=10995000 wb_pc=00000000 wb_we=0 wb_rd=x0 wb_val=00000004 IF_pc=00000ab8 IF_inst=bbc38393 ID_pc=00000ab4 ID_inst=ffffb3b7 EX_pc=00000ab0 EX_alu=00002f42 mem_stall=0 mem_commit=1 mem_we=1100 mem_addr=00002f42 mem_wd=abbc0000 mem_rd=abbcbbcc
MEM_WRITE t=10995000 pc=00000000 addr=00002f42 wd=abbc0000 ctrl=1
COMMIT t=11005000 wb_pc=00000aac wb_we=0 wb_rd=x6 wb_val=00002f42 IF_pc=00000abc IF_inst=46711e63 ID_pc=00000ab8 ID_inst=bbc38393 EX_pc=00000ab4 EX_alu=ffffb000 mem_stall=1 mem_commit=0 mem_we=0000 mem_addr=00002f42 mem_wd=00000000 mem_rd=abbcbbcc
COMMIT t=11025000 wb_pc=00000ab0 wb_we=1 wb_rd=x2 wb_val=ffffabbc IF_pc=00000ac0 IF_inst=00002117 ID_pc=00000abc ID_inst=46711e63 EX_pc=00000ab8 EX_alu=ffffabbc mem_stall=0 mem_commit=0 mem_we=0000 mem_addr=ffffb000 mem_wd=00000000 mem_rd=abbcbbcc
COMMIT t=11045000 wb_pc=00000ab8 wb_we=1 wb_rd=x7 wb_val=ffffabbc IF_pc=00000ac8 IF_inst=00212423 ID_pc=00000ac4 ID_inst=47c10113 EX_pc=00000ac0 EX_alu=00002ac0 mem_stall=0 mem_commit=0 mem_we=0000 mem_addr=00000f38 mem_wd=0000abbc mem_rd=00000000
COMMIT t=11055000 wb_pc=00000abc wb_we=0 wb_rd=x28 wb_val=00000f38 IF_pc=00000acc IF_inst=00812203 ID_pc=00000ac8 ID_inst=00212423 EX_pc=00000ac4 EX_alu=00002f3c mem_stall=0 mem_commit=0 mem_we=0000 mem_addr=00002ac0 mem_wd=00000000 mem_rd=0ff0000f
COMMIT t=11065000 wb_pc=00000ac0 wb_we=1 wb_rd=x2 wb_val=00002ac0 IF_pc=00000ad0 IF_inst=00121323 ID_pc=00000acc ID_inst=00812203 EX_pc=00000ac8 EX_alu=00002f44 mem_stall=0 mem_commit=0 mem_we=0000 mem_addr=00002f3c mem_wd=00000000 mem_rd=00000000
COMMIT t=11075000 wb_pc=00000ac4 wb_we=1 wb_rd=x2 wb_val=00002f3c IF_pc=00000ad4 IF_inst=46221263 ID_pc=00000ad0 ID_inst=00121323 EX_pc=00000acc EX_alu=00002f44 mem_stall=1 mem_commit=0 mem_we=0000 mem_addr=00002f44 mem_wd=00002f3c mem_rd=bccdccdd
COMMIT t=11085000 wb_pc=00000ac4 wb_we=1 wb_rd=x2 wb_val=00002f3c IF_pc=00000ad4 IF_inst=46221263 ID_pc=00000ad0 ID_inst=00121323 EX_pc=00000acc EX_alu=00002f44 mem_stall=0 mem_commit=1 mem_we=1111 mem_addr=00002f44 mem_wd=00002f3c mem_rd=00002f3c
MEM_WRITE t=11085000 pc=00000ac4 addr=00002f44 wd=00002f3c ctrl=1
COMMIT t=11095000 wb_pc=00000ac8 wb_we=0 wb_rd=x8 wb_val=00002f44 IF_pc=00000ad4 IF_inst=46221263 ID_pc=00000ad0 ID_inst=00121323 EX_pc=00000000 EX_alu=00000000 mem_stall=1 mem_commit=0 mem_we=0000 mem_addr=00002f44 mem_wd=00000000 mem_rd=00002f3c
COMMIT t=11135000 wb_pc=00000000 wb_we=0 wb_rd=x0 wb_val=00000004 IF_pc=00000adc IF_inst=44771e63 ID_pc=00000ad8 ID_inst=00621703 EX_pc=00000ad4 EX_alu=00000f38 mem_stall=0 mem_commit=1 mem_we=1100 mem_addr=00002f42 mem_wd=abbc0000 mem_rd=abbcbbcc
MEM_WRITE t=11135000 pc=00000000 addr=00002f42 wd=abbc0000 ctrl=1
COMMIT t=11145000 wb_pc=00000ad0 wb_we=0 wb_rd=x6 wb_val=00002f42 IF_pc=00000ae0 IF_inst=02400193 ID_pc=00000adc ID_inst=44771e63 EX_pc=00000ad8 EX_alu=00002f42 mem_stall=0 mem_commit=0 mem_we=0000 mem_addr=00000f38 mem_wd=00002f3c mem_rd=abbcbbcc
COMMIT t=11165000 wb_pc=00000ad4 wb_we=0 wb_rd=x4 wb_val=00000f38 IF_pc=00000ae0 IF_inst=02400193 ID_pc=00000adc ID_inst=44771e63 EX_pc=00000000 EX_alu=00000000 mem_stall=0 mem_commit=1 mem_we=0000 mem_addr=00002f42 mem_wd=00000000 mem_rd=abbcbbcc
COMMIT t=11195000 wb_pc=00000adc wb_we=0 wb_rd=x28 wb_val=00000f38 IF_pc=00000aec IF_inst=ffffb0b7 ID_pc=00000ae8 ID_inst=45810113 EX_pc=00000ae4 EX_alu=00002ae4 mem_stall=0 mem_commit=0 mem_we=0000 mem_addr=00000024 mem_wd=0000003c mem_rd=0ff0000f
COMMIT t=11205000 wb_pc=00000ae0 wb_we=1 wb_rd=x3 wb_val=00000024 IF_pc=00000af0 IF_inst=abb08093 ID_pc=00000aec ID_inst=ffffb0b7 EX_pc=00000ae8 EX_alu=00002f3c mem_stall=0 mem_commit=0 mem_we=0000 mem_addr=00002ae4 mem_wd=00000000 mem_rd=fe0f0f13
COMMIT t=11215000 wb_pc=00000ae4 wb_we=1 wb_rd=x2 wb_val=00002ae4 IF_pc=00000af4 IF_inst=00111423 ID_pc=00000af0 ID_inst=abb08093 EX_pc=00000aec EX_alu=ffffb000 mem_stall=0 mem_commit=0 mem_we=0000 mem_addr=00002f3c mem_wd=00000000 mem_rd=00000000
COMMIT t=11225000 wb_pc=00000ae8 wb_we=1 wb_rd=x2 wb_val=00002f3c IF_pc=00000af8 IF_inst=00811703 ID_pc=00000af4 ID_inst=00111423 EX_pc=00000af0 EX_alu=ffffaabb mem_stall=0 mem_commit=0 mem_we=0000 mem_addr=ffffb000 mem_wd=00000000 mem_rd=bccdccdd
COMMIT t=11235000 wb_pc=00000aec wb_we=1 wb_rd=x1 wb_val=ffffb000 IF_pc=00000af8 IF_inst=00811703 ID_pc=00000af4 ID_inst=00111423 EX_pc=00000af4 EX_alu=00002f44 mem_stall=0 mem_commit=0 mem_we=0000 mem_addr=ffffaabb mem_wd=00000000 mem_rd=00000000
COMMIT t=11245000 wb_pc=00000af0 wb_we=1 wb_rd=x1 wb_val=ffffaabb IF_pc=00000afc IF_inst=00e11423 ID_pc=00000af8 ID_inst=00811703 EX_pc=00000af4 EX_alu=00002f44 mem_stall=1 mem_commit=0 mem_we=0000 mem_addr=00002f44 mem_wd=ffffabbc mem_rd=00000000
COMMIT t=11265000 wb_pc=00000af4 wb_we=1 wb_rd=x0 wb_val=00002f3c IF_pc=00000b00 IF_inst=00811103 ID_pc=00000afc ID_inst=00e11423 EX_pc=00000af8 EX_alu=00002f44 mem_stall=1 mem_commit=0 mem_we=0000 mem_addr=00002f44 mem_wd=0000aabb mem_rd=00002f3c
MEM_WRITE t=11275000 pc=00000af4 addr=00002f44 wd=0000aabb ctrl=1
COMMIT t=11285000 wb_pc=00000af4 wb_we=0 wb_rd=x8 wb_val=00002f44 IF_pc=00000b00 IF_inst=00811103 ID_pc=00000afc ID_inst=00e11423 EX_pc=00000000 EX_alu=00000000 mem_stall=1 mem_commit=0 mem_we=0000 mem_addr=00002f44 mem_wd=00000000 mem_rd=0000aabb
COMMIT t=11325000 wb_pc=00000000 wb_we=0 wb_rd=x0 wb_val=00000004 IF_pc=00000b08 IF_inst=abb38393 ID_pc=00000b04 ID_inst=ffffb3b7 EX_pc=00000b00 EX_alu=00002f44 mem_stall=0 mem_commit=1 mem_we=0011 mem_addr=00002f44 mem_wd=0000aabb mem_rd=0000aabb
MEM_WRITE t=11325000 pc=00000000 addr=00002f44 wd=0000aabb ctrl=1
COMMIT t=11335000 wb_pc=00000afc wb_we=0 wb_rd=x8 wb_val=00002f44 IF_pc=00000b0c IF_inst=42711663 ID_pc=00000b08 ID_inst=abb38393 EX_pc=00000b04 EX_alu=ffffb000 mem_stall=1 mem_commit=0 mem_we=0000 mem_addr=00002f44 mem_wd=00000000 mem_rd=0000aabb
COMMIT t=11355000 wb_pc=00000b00 wb_we=1 wb_rd=x2 wb_val=ffffaabb IF_pc=00000b10 IF_inst=00002117 ID_pc=00000b0c ID_inst=42711663 EX_pc=00000b08 EX_alu=ffffaabb mem_stall=0 mem_commit=0 mem_we=0000 mem_addr=ffffb000 mem_wd=00000000 mem_rd=0000aabb
COMMIT t=11375000 wb_pc=00000b08 wb_we=1 wb_rd=x7 wb_val=ffffaabb IF_pc=00000b18 IF_inst=00212423 ID_pc=00000b14 ID_inst=42c10113 EX_pc=00000b10 EX_alu=00002b10 mem_stall=0 mem_commit=0 mem_we=0000 mem_addr=00000f38 mem_wd=0000aabb mem_rd=00000000
COMMIT t=11385000 wb_pc=00000b0c wb_we=0 wb_rd=x12 wb_val=00000f38 IF_pc=00000b1c IF_inst=00812203 ID_pc=00000b18 ID_inst=00212423 EX_pc=00000b14 EX_alu=00002f3c mem_stall=0 mem_commit=0 mem_we=0000 mem_addr=00002b10 mem_wd=00000000 mem_rd=0ff0000f
COMMIT t=11395000 wb_pc=00000b10 wb_we=1 wb_rd=x2 wb_val=00002b10 IF_pc=00000b20 IF_inst=00121423 ID_pc=00000b1c ID_inst=00812203 EX_pc=00000b18 EX_alu=00002f44 mem_stall=0 mem_commit=0 mem_we=0000 mem_addr=00002f3c mem_wd=00000000 mem_rd=00000000
COMMIT t=11405000 wb_pc=00000b14 wb_we=1 wb_rd=x2 wb_val=00002f3c IF_pc=00000b24 IF_inst=40221a63 ID_pc=00000b20 ID_inst=00121423 EX_pc=00000b1c EX_alu=00002f44 mem_stall=1 mem_commit=0 mem_we=0000 mem_addr=00002f44 mem_wd=00002f3c mem_rd=bccdccdd
COMMIT t=11415000 wb_pc=00000b14 wb_we=1 wb_rd=x2 wb_val=00002f3c IF_pc=00000b24 IF_inst=40221a63 ID_pc=00000b20 ID_inst=00121423 EX_pc=00000b1c EX_alu=00002f44 mem_stall=0 mem_commit=1 mem_we=1111 mem_addr=00002f44 mem_wd=00002f3c mem_rd=0000aabb
MEM_WRITE t=11415000 pc=00000b14 addr=00002f44 wd=00002f3c ctrl=1
COMMIT t=11425000 wb_pc=00000b18 wb_we=0 wb_rd=x8 wb_val=00002f44 IF_pc=00000b24 IF_inst=40221a63 ID_pc=00000b20 ID_inst=00121423 EX_pc=00000000 EX_alu=00000000 mem_stall=1 mem_commit=0 mem_we=0000 mem_addr=00002f44 mem_wd=00000000 mem_rd=00002f3c
COMMIT t=11465000 wb_pc=00000000 wb_we=0 wb_rd=x0 wb_val=00000004 IF_pc=00000b2c IF_inst=40771663 ID_pc=00000b28 ID_inst=00821703 EX_pc=00000b24 EX_alu=00000f38 mem_stall=0 mem_commit=1 mem_we=0011 mem_addr=00002f44 mem_wd=0000aabb mem_rd=00002f3c
MEM_WRITE t=11465000 pc=00000000 addr=00002f44 wd=0000aabb ctrl=1
COMMIT t=11475000 wb_pc=00000b20 wb_we=0 wb_rd=x8 wb_val=00002f44 IF_pc=00000b30 IF_inst=02500193 ID_pc=00000b2c ID_inst=40771663 EX_pc=00000b28 EX_alu=00002f44 mem_stall=0 mem_commit=0 mem_we=0000 mem_addr=00000f38 mem_wd=00002f3c mem_rd=0000aabb
COMMIT t=11495000 wb_pc=00000b24 wb_we=0 wb_rd=x20 wb_val=00000f38 IF_pc=00000b30 IF_inst=02500193 ID_pc=00000b2c ID_inst=40771663 EX_pc=00000000 EX_alu=00000000 mem_stall=0 mem_commit=1 mem_we=0000 mem_addr=00002f44 mem_wd=00000000 mem_rd=0000aabb
COMMIT t=11525000 wb_pc=00000b2c wb_we=0 wb_rd=x12 wb_val=00000f38 IF_pc=00000b3c IF_inst=ffffe0b7 ID_pc=00000b38 ID_inst=40810113 EX_pc=00000b34 EX_alu=00002b34 mem_stall=0 mem_commit=0 mem_we=0000 mem_addr=00000025 mem_wd=00000000 mem_rd=0ff0000f
COMMIT t=11535000 wb_pc=00000b30 wb_we=1 wb_rd=x3 wb_val=00000025 IF_pc=00000b40 IF_inst=aab08093 ID_pc=00000b3c ID_inst=ffffe0b7 EX_pc=00000b38 EX_alu=00002f3c mem_stall=0 mem_commit=0 mem_we=0000 mem_addr=00002b34 mem_wd=00000000 mem_rd=fe0f0f13
COMMIT t=11545000 wb_pc=00000b34 wb_we=1 wb_rd=x2 wb_val=00002b34 IF_pc=00000b44 IF_inst=00111523 ID_pc=00000b40 ID_inst=aab08093 EX_pc=00000b3c EX_alu=ffffe000 mem_stall=0 mem_commit=0 mem_we=0000 mem_addr=00002f3c mem_wd=00000000 mem_rd=00000000
COMMIT t=11555000 wb_pc=00000b38 wb_we=1 wb_rd=x2 wb_val=00002f3c IF_pc=00000b48 IF_inst=00a11703 ID_pc=00000b44 ID_inst=00111523 EX_pc=00000b40 EX_alu=ffffdaab mem_stall=0 mem_commit=0 mem_we=0000 mem_addr=ffffe000 mem_wd=00000000 mem_rd=bccdccdd
COMMIT t=11565000 wb_pc=00000b3c wb_we=1 wb_rd=x1 wb_val=ffffe000 IF_pc=00000b48 IF_inst=00a11703 ID_pc=00000b44 ID_inst=00111523 EX_pc=00000b44 EX_alu=00002f46 mem_stall=0 mem_commit=0 mem_we=0000 mem_addr=ffffdaab mem_wd=00000000 mem_rd=00000000
COMMIT t=11575000 wb_pc=00000b40 wb_we=1 wb_rd=x1 wb_val=ffffdaab IF_pc=00000b4c IF_inst=00e11523 ID_pc=00000b48 ID_inst=00a11703 EX_pc=00000b44 EX_alu=00002f46 mem_stall=1 mem_commit=0 mem_we=0000 mem_addr=00002f46 mem_wd=ffffaabb mem_rd=00000000
COMMIT t=11595000 wb_pc=00000b44 wb_we=1 wb_rd=x0 wb_val=0000aabb IF_pc=00000b50 IF_inst=00a11103 ID_pc=00000b4c ID_inst=00e11523 EX_pc=00000b48 EX_alu=00002f46 mem_stall=1 mem_commit=0 mem_we=0000 mem_addr=00002f46 mem_wd=daab0000 mem_rd=0000aabb
MEM_WRITE t=11605000 pc=00000b44 addr=00002f46 wd=daab0000 ctrl=1
COMMIT t=11615000 wb_pc=00000b44 wb_we=0 wb_rd=x10 wb_val=00002f46 IF_pc=00000b50 IF_inst=00a11103 ID_pc=00000b4c ID_inst=00e11523 EX_pc=00000000 EX_alu=00000000 mem_stall=1 mem_commit=0 mem_we=0000 mem_addr=00002f46 mem_wd=00000000 mem_rd=daabaabb
COMMIT t=11655000 wb_pc=00000000 wb_we=0 wb_rd=x0 wb_val=00000004 IF_pc=00000b58 IF_inst=aab38393 ID_pc=00000b54 ID_inst=ffffe3b7 EX_pc=00000b50 EX_alu=00002f46 mem_stall=0 mem_commit=1 mem_we=1100 mem_addr=00002f46 mem_wd=daab0000 mem_rd=daabaabb
MEM_WRITE t=11655000 pc=00000000 addr=00002f46 wd=daab0000 ctrl=1
COMMIT t=11665000 wb_pc=00000b4c wb_we=0 wb_rd=x10 wb_val=00002f46 IF_pc=00000b5c IF_inst=3c711e63 ID_pc=00000b58 ID_inst=aab38393 EX_pc=00000b54 EX_alu=ffffe000 mem_stall=1 mem_commit=0 mem_we=0000 mem_addr=00002f46 mem_wd=00000000 mem_rd=daabaabb
COMMIT t=11685000 wb_pc=00000b50 wb_we=1 wb_rd=x2 wb_val=ffffdaab IF_pc=00000b60 IF_inst=00002117 ID_pc=00000b5c ID_inst=3c711e63 EX_pc=00000b58 EX_alu=ffffdaab mem_stall=0 mem_commit=0 mem_we=0000 mem_addr=ffffe000 mem_wd=00000000 mem_rd=daabaabb
COMMIT t=11705000 wb_pc=00000b58 wb_we=1 wb_rd=x7 wb_val=ffffdaab IF_pc=00000b68 IF_inst=00212423 ID_pc=00000b64 ID_inst=3dc10113 EX_pc=00000b60 EX_alu=00002b60 mem_stall=0 mem_commit=0 mem_we=0000 mem_addr=00000f38 mem_wd=0000daab mem_rd=00000000
COMMIT t=11715000 wb_pc=00000b5c wb_we=0 wb_rd=x28 wb_val=00000f38 IF_pc=00000b6c IF_inst=00812203 ID_pc=00000b68 ID_inst=00212423 EX_pc=00000b64 EX_alu=00002f3c mem_stall=0 mem_commit=0 mem_we=0000 mem_addr=00002b60 mem_wd=00000000 mem_rd=0ff0000f
COMMIT t=11725000 wb_pc=00000b60 wb_we=1 wb_rd=x2 wb_val=00002b60 IF_pc=00000b70 IF_inst=00121523 ID_pc=00000b6c ID_inst=00812203 EX_pc=00000b68 EX_alu=00002f44 mem_stall=0 mem_commit=0 mem_we=0000 mem_addr=00002f3c mem_wd=00000000 mem_rd=00000000
COMMIT t=11735000 wb_pc=00000b64 wb_we=1 wb_rd=x2 wb_val=00002f3c IF_pc=00000b74 IF_inst=3c221263 ID_pc=00000b70 ID_inst=00121523 EX_pc=00000b6c EX_alu=00002f44 mem_stall=1 mem_commit=0 mem_we=0000 mem_addr=00002f44 mem_wd=00002f3c mem_rd=bccdccdd
COMMIT t=11745000 wb_pc=00000b64 wb_we=1 wb_rd=x2 wb_val=00002f3c IF_pc=00000b74 IF_inst=3c221263 ID_pc=00000b70 ID_inst=00121523 EX_pc=00000b6c EX_alu=00002f44 mem_stall=0 mem_commit=1 mem_we=1111 mem_addr=00002f44 mem_wd=00002f3c mem_rd=daabaabb
MEM_WRITE t=11745000 pc=00000b64 addr=00002f44 wd=00002f3c ctrl=1
COMMIT t=11755000 wb_pc=00000b68 wb_we=0 wb_rd=x8 wb_val=00002f44 IF_pc=00000b74 IF_inst=3c221263 ID_pc=00000b70 ID_inst=00121523 EX_pc=00000000 EX_alu=00000000 mem_stall=1 mem_commit=0 mem_we=0000 mem_addr=00002f44 mem_wd=00000000 mem_rd=00002f3c
COMMIT t=11795000 wb_pc=00000000 wb_we=0 wb_rd=x0 wb_val=00000004 IF_pc=00000b7c IF_inst=3a771e63 ID_pc=00000b78 ID_inst=00a21703 EX_pc=00000b74 EX_alu=00000f38 mem_stall=0 mem_commit=1 mem_we=1100 mem_addr=00002f46 mem_wd=daab0000 mem_rd=00002f3c
MEM_WRITE t=11795000 pc=00000000 addr=00002f46 wd=daab0000 ctrl=1
COMMIT t=11805000 wb_pc=00000b70 wb_we=0 wb_rd=x10 wb_val=00002f46 IF_pc=00000b80 IF_inst=02600193 ID_pc=00000b7c ID_inst=3a771e63 EX_pc=00000b78 EX_alu=00002f46 mem_stall=0 mem_commit=0 mem_we=0000 mem_addr=00000f38 mem_wd=00002f3c mem_rd=daab2f3c
COMMIT t=11825000 wb_pc=00000b74 wb_we=0 wb_rd=x4 wb_val=00000f38 IF_pc=00000b80 IF_inst=02600193 ID_pc=00000b7c ID_inst=3a771e63 EX_pc=00000000 EX_alu=00000000 mem_stall=0 mem_commit=1 mem_we=0000 mem_addr=00002f46 mem_wd=00000000 mem_rd=daab2f3c
COMMIT t=11855000 wb_pc=00000b7c wb_we=0 wb_rd=x28 wb_val=00000f38 IF_pc=00000b8c IF_inst=000020b7 ID_pc=00000b88 ID_inst=3b810113 EX_pc=00000b84 EX_alu=00002b84 mem_stall=0 mem_commit=0 mem_we=0000 mem_addr=00000026 mem_wd=00000000 mem_rd=0ff0000f
COMMIT t=11865000 wb_pc=00000b80 wb_we=1 wb_rd=x3 wb_val=00000026 IF_pc=00000b90 IF_inst=23308093 ID_pc=00000b8c ID_inst=000020b7 EX_pc=00000b88 EX_alu=00002f3c mem_stall=0 mem_commit=0 mem_we=0000 mem_addr=00002b84 mem_wd=00000000 mem_rd=fe0f0f13
COMMIT t=11875000 wb_pc=00000b84 wb_we=1 wb_rd=x2 wb_val=00002b84 IF_pc=00000b94 IF_inst=00111023 ID_pc=00000b90 ID_inst=23308093 EX_pc=00000b8c EX_alu=00002000 mem_stall=0 mem_commit=0 mem_we=0000 mem_addr=00002f3c mem_wd=00000000 mem_rd=00000000
COMMIT t=11885000 wb_pc=00000b88 wb_we=1 wb_rd=x2 wb_val=00002f3c IF_pc=00000b98 IF_inst=00011703 ID_pc=00000b94 ID_inst=00111023 EX_pc=00000b90 EX_alu=00002233 mem_stall=0 mem_commit=0 mem_we=0000 mem_addr=00002000 mem_wd=00000000 mem_rd=bccdccdd
COMMIT t=11895000 wb_pc=00000b8c wb_we=1 wb_rd=x1 wb_val=00002000 IF_pc=00000b98 IF_inst=00011703 ID_pc=00000b94 ID_inst=00111023 EX_pc=00000b94 EX_alu=00002f3c mem_stall=0 mem_commit=0 mem_we=0000 mem_addr=00002233 mem_wd=00000000 mem_rd=00000000
COMMIT t=11905000 wb_pc=00000b90 wb_we=1 wb_rd=x1 wb_val=00002233 IF_pc=00000b9c IF_inst=00e11023 ID_pc=00000b98 ID_inst=00011703 EX_pc=00000b94 EX_alu=00002f3c mem_stall=1 mem_commit=0 mem_we=0000 mem_addr=00002f3c mem_wd=ffffdaab mem_rd=00000000
COMMIT t=11925000 wb_pc=00000b94 wb_we=1 wb_rd=x0 wb_val=bccdccdd IF_pc=00000ba0 IF_inst=00011103 ID_pc=00000b9c ID_inst=00e11023 EX_pc=00000b98 EX_alu=00002f3c mem_stall=1 mem_commit=0 mem_we=0000 mem_addr=00002f3c mem_wd=00002233 mem_rd=bccdccdd
MEM_WRITE t=11935000 pc=00000b94 addr=00002f3c wd=00002233 ctrl=1
COMMIT t=11945000 wb_pc=00000b94 wb_we=0 wb_rd=x0 wb_val=00002f3c IF_pc=00000ba0 IF_inst=00011103 ID_pc=00000b9c ID_inst=00e11023 EX_pc=00000000 EX_alu=00000000 mem_stall=1 mem_commit=0 mem_we=0000 mem_addr=00002f3c mem_wd=00000000 mem_rd=bccd2233
COMMIT t=11985000 wb_pc=00000000 wb_we=0 wb_rd=x0 wb_val=00000004 IF_pc=00000ba8 IF_inst=23338393 ID_pc=00000ba4 ID_inst=000023b7 EX_pc=00000ba0 EX_alu=00002f3c mem_stall=0 mem_commit=1 mem_we=0011 mem_addr=00002f3c mem_wd=00002233 mem_rd=bccd2233
MEM_WRITE t=11985000 pc=00000000 addr=00002f3c wd=00002233 ctrl=1
COMMIT t=11995000 wb_pc=00000b9c wb_we=0 wb_rd=x0 wb_val=00002f3c IF_pc=00000bac IF_inst=38711663 ID_pc=00000ba8 ID_inst=23338393 EX_pc=00000ba4 EX_alu=00002000 mem_stall=1 mem_commit=0 mem_we=0000 mem_addr=00002f3c mem_wd=00000000 mem_rd=bccd2233
COMMIT t=12015000 wb_pc=00000ba0 wb_we=1 wb_rd=x2 wb_val=00002233 IF_pc=00000bb0 IF_inst=00002117 ID_pc=00000bac ID_inst=38711663 EX_pc=00000ba8 EX_alu=00002233 mem_stall=0 mem_commit=0 mem_we=0000 mem_addr=00002000 mem_wd=00000000 mem_rd=bccd2233
COMMIT t=12035000 wb_pc=00000ba8 wb_we=1 wb_rd=x7 wb_val=00002233 IF_pc=00000bb8 IF_inst=00212423 ID_pc=00000bb4 ID_inst=38c10113 EX_pc=00000bb0 EX_alu=00002bb0 mem_stall=0 mem_commit=0 mem_we=0000 mem_addr=00000f38 mem_wd=00002233 mem_rd=00000000
COMMIT t=12045000 wb_pc=00000bac wb_we=0 wb_rd=x12 wb_val=00000f38 IF_pc=00000bbc IF_inst=00812203 ID_pc=00000bb8 ID_inst=00212423 EX_pc=00000bb4 EX_alu=00002f3c mem_stall=0 mem_commit=0 mem_we=0000 mem_addr=00002bb0 mem_wd=00000000 mem_rd=0ff0000f
COMMIT t=12055000 wb_pc=00000bb0 wb_we=1 wb_rd=x2 wb_val=00002bb0 IF_pc=00000bc0 IF_inst=00121023 ID_pc=00000bbc ID_inst=00812203 EX_pc=00000bb8 EX_alu=00002f44 mem_stall=0 mem_commit=0 mem_we=0000 mem_addr=00002f3c mem_wd=00000000 mem_rd=00000000
COMMIT t=12065000 wb_pc=00000bb4 wb_we=1 wb_rd=x2 wb_val=00002f3c IF_pc=00000bc4 IF_inst=36221a63 ID_pc=00000bc0 ID_inst=00121023 EX_pc=00000bbc EX_alu=00002f44 mem_stall=1 mem_commit=0 mem_we=0000 mem_addr=00002f44 mem_wd=00002f3c mem_rd=bccd2233
COMMIT t=12075000 wb_pc=00000bb4 wb_we=1 wb_rd=x2 wb_val=00002f3c IF_pc=00000bc4 IF_inst=36221a63 ID_pc=00000bc0 ID_inst=00121023 EX_pc=00000bbc EX_alu=00002f44 mem_stall=0 mem_commit=1 mem_we=1111 mem_addr=00002f44 mem_wd=00002f3c mem_rd=daab2f3c
MEM_WRITE t=12075000 pc=00000bb4 addr=00002f44 wd=00002f3c ctrl=1
COMMIT t=12085000 wb_pc=00000bb8 wb_we=0 wb_rd=x8 wb_val=00002f44 IF_pc=00000bc4 IF_inst=36221a63 ID_pc=00000bc0 ID_inst=00121023 EX_pc=00000000 EX_alu=00000000 mem_stall=1 mem_commit=0 mem_we=0000 mem_addr=00002f44 mem_wd=00000000 mem_rd=00002f3c
COMMIT t=12125000 wb_pc=00000000 wb_we=0 wb_rd=x0 wb_val=00000004 IF_pc=00000bcc IF_inst=36771663 ID_pc=00000bc8 ID_inst=00021703 EX_pc=00000bc4 EX_alu=00000f38 mem_stall=0 mem_commit=1 mem_we=0011 mem_addr=00002f3c mem_wd=00002233 mem_rd=bccd2233
MEM_WRITE t=12125000 pc=00000000 addr=00002f3c wd=00002233 ctrl=1
COMMIT t=12135000 wb_pc=00000bc0 wb_we=0 wb_rd=x0 wb_val=00002f3c IF_pc=00000bd0 IF_inst=02700193 ID_pc=00000bcc ID_inst=36771663 EX_pc=00000bc8 EX_alu=00002f3c mem_stall=0 mem_commit=0 mem_we=0000 mem_addr=00000f38 mem_wd=00002f3c mem_rd=bccd2233
COMMIT t=12155000 wb_pc=00000bc4 wb_we=0 wb_rd=x20 wb_val=00000f38 IF_pc=00000bd0 IF_inst=02700193 ID_pc=00000bcc ID_inst=36771663 EX_pc=00000000 EX_alu=00000000 mem_stall=0 mem_commit=1 mem_we=0000 mem_addr=00002f3c mem_wd=00000000 mem_rd=bccd2233
COMMIT t=12185000 wb_pc=00000bcc wb_we=0 wb_rd=x12 wb_val=00000f38 IF_pc=00000bdc IF_inst=000010b7 ID_pc=00000bd8 ID_inst=36810113 EX_pc=00000bd4 EX_alu=00002bd4 mem_stall=0 mem_commit=0 mem_we=0000 mem_addr=00000027 mem_wd=33000000 mem_rd=0ff0000f
COMMIT t=12195000 wb_pc=00000bd0 wb_we=1 wb_rd=x3 wb_val=00000027 IF_pc=00000be0 IF_inst=22308093 ID_pc=00000bdc ID_inst=000010b7 EX_pc=00000bd8 EX_alu=00002f3c mem_stall=0 mem_commit=0 mem_we=0000 mem_addr=00002bd4 mem_wd=00000000 mem_rd=fe0f0f13
COMMIT t=12205000 wb_pc=00000bd4 wb_we=1 wb_rd=x2 wb_val=00002bd4 IF_pc=00000be4 IF_inst=00111123 ID_pc=00000be0 ID_inst=22308093 EX_pc=00000bdc EX_alu=00001000 mem_stall=0 mem_commit=0 mem_we=0000 mem_addr=00002f3c mem_wd=00000000 mem_rd=00000000
COMMIT t=12215000 wb_pc=00000bd8 wb_we=1 wb_rd=x2 wb_val=00002f3c IF_pc=00000be8 IF_inst=00211703 ID_pc=00000be4 ID_inst=00111123 EX_pc=00000be0 EX_alu=00001223 mem_stall=0 mem_commit=0 mem_we=0000 mem_addr=00001000 mem_wd=00000000 mem_rd=bccd2233
COMMIT t=12225000 wb_pc=00000bdc wb_we=1 wb_rd=x1 wb_val=00001000 IF_pc=00000be8 IF_inst=00211703 ID_pc=00000be4 ID_inst=00111123 EX_pc=00000be4 EX_alu=00002f3e mem_stall=0 mem_commit=0 mem_we=0000 mem_addr=00001223 mem_wd=27000000 mem_rd=00000000
COMMIT t=12235000 wb_pc=00000be0 wb_we=1 wb_rd=x1 wb_val=00001223 IF_pc=00000bec IF_inst=00e11123 ID_pc=00000be8 ID_inst=00211703 EX_pc=00000be4 EX_alu=00002f3e mem_stall=1 mem_commit=0 mem_we=0000 mem_addr=00002f3e mem_wd=00002233 mem_rd=00000000
COMMIT t=12255000 wb_pc=00000be4 wb_we=1 wb_rd=x0 wb_val=bccd2233 IF_pc=00000bf0 IF_inst=00211103 ID_pc=00000bec ID_inst=00e11123 EX_pc=00000be8 EX_alu=00002f3e mem_stall=1 mem_commit=0 mem_we=0000 mem_addr=00002f3e mem_wd=12230000 mem_rd=bccd2233
MEM_WRITE t=12265000 pc=00000be4 addr=00002f3e wd=12230000 ctrl=1
COMMIT t=12275000 wb_pc=00000be4 wb_we=0 wb_rd=x2 wb_val=00002f3e IF_pc=00000bf0 IF_inst=00211103 ID_pc=00000bec ID_inst=00e11123 EX_pc=00000000 EX_alu=00000000 mem_stall=1 mem_commit=0 mem_we=0000 mem_addr=00002f3e mem_wd=2f3c0000 mem_rd=12232233
COMMIT t=12315000 wb_pc=00000000 wb_we=0 wb_rd=x0 wb_val=00000004 IF_pc=00000bf8 IF_inst=22338393 ID_pc=00000bf4 ID_inst=000013b7 EX_pc=00000bf0 EX_alu=00002f3e mem_stall=0 mem_commit=1 mem_we=1100 mem_addr=00002f3e mem_wd=12230000 mem_rd=12232233
MEM_WRITE t=12315000 pc=00000000 addr=00002f3e wd=12230000 ctrl=1
COMMIT t=12325000 wb_pc=00000bec wb_we=0 wb_rd=x2 wb_val=00002f3e IF_pc=00000bfc IF_inst=32711e63 ID_pc=00000bf8 ID_inst=22338393 EX_pc=00000bf4 EX_alu=00001000 mem_stall=1 mem_commit=0 mem_we=0000 mem_addr=00002f3e mem_wd=2f3c0000 mem_rd=12232233
COMMIT t=12345000 wb_pc=00000bf0 wb_we=1 wb_rd=x2 wb_val=00001223 IF_pc=00000c00 IF_inst=00002117 ID_pc=00000bfc ID_inst=32711e63 EX_pc=00000bf8 EX_alu=00001223 mem_stall=0 mem_commit=0 mem_we=0000 mem_addr=00001000 mem_wd=00000000 mem_rd=12232233
COMMIT t=12365000 wb_pc=00000bf8 wb_we=1 wb_rd=x7 wb_val=00001223 IF_pc=00000c08 IF_inst=00212423 ID_pc=00000c04 ID_inst=33c10113 EX_pc=00000c00 EX_alu=00002c00 mem_stall=0 mem_commit=0 mem_we=0000 mem_addr=00000f38 mem_wd=00001223 mem_rd=00000000
COMMIT t=12375000 wb_pc=00000bfc wb_we=0 wb_rd=x28 wb_val=00000f38 IF_pc=00000c0c IF_inst=00812203 ID_pc=00000c08 ID_inst=00212423 EX_pc=00000c04 EX_alu=00002f3c mem_stall=0 mem_commit=0 mem_we=0000 mem_addr=00002c00 mem_wd=00000000 mem_rd=0ff0000f
COMMIT t=12385000 wb_pc=00000c00 wb_we=1 wb_rd=x2 wb_val=00002c00 IF_pc=00000c10 IF_inst=00121123 ID_pc=00000c0c ID_inst=00812203 EX_pc=00000c08 EX_alu=00002f44 mem_stall=0 mem_commit=0 mem_we=0000 mem_addr=00002f3c mem_wd=00000000 mem_rd=00000000
COMMIT t=12395000 wb_pc=00000c04 wb_we=1 wb_rd=x2 wb_val=00002f3c IF_pc=00000c14 IF_inst=32221263 ID_pc=00000c10 ID_inst=00121123 EX_pc=00000c0c EX_alu=00002f44 mem_stall=1 mem_commit=0 mem_we=0000 mem_addr=00002f44 mem_wd=00002f3c mem_rd=12232233
COMMIT t=12405000 wb_pc=00000c04 wb_we=1 wb_rd=x2 wb_val=00002f3c IF_pc=00000c14 IF_inst=32221263 ID_pc=00000c10 ID_inst=00121123 EX_pc=00000c0c EX_alu=00002f44 mem_stall=0 mem_commit=1 mem_we=1111 mem_addr=00002f44 mem_wd=00002f3c mem_rd=00002f3c
MEM_WRITE t=12405000 pc=00000c04 addr=00002f44 wd=00002f3c ctrl=1
COMMIT t=12415000 wb_pc=00000c08 wb_we=0 wb_rd=x8 wb_val=00002f44 IF_pc=00000c14 IF_inst=32221263 ID_pc=00000c10 ID_inst=00121123 EX_pc=00000000 EX_alu=00000000 mem_stall=1 mem_commit=0 mem_we=0000 mem_addr=00002f44 mem_wd=00000000 mem_rd=00002f3c
COMMIT t=12455000 wb_pc=00000000 wb_we=0 wb_rd=x0 wb_val=00000004 IF_pc=00000c1c IF_inst=30771e63 ID_pc=00000c18 ID_inst=00221703 EX_pc=00000c14 EX_alu=00000f38 mem_stall=0 mem_commit=1 mem_we=1100 mem_addr=00002f3e mem_wd=12230000 mem_rd=12232233
MEM_WRITE t=12455000 pc=00000000 addr=00002f3e wd=12230000 ctrl=1
COMMIT t=12465000 wb_pc=00000c10 wb_we=0 wb_rd=x2 wb_val=00002f3e IF_pc=00000c20 IF_inst=02800193 ID_pc=00000c1c ID_inst=30771e63 EX_pc=00000c18 EX_alu=00002f3e mem_stall=0 mem_commit=0 mem_we=0000 mem_addr=00000f38 mem_wd=00002f3c mem_rd=12232233
COMMIT t=12485000 wb_pc=00000c14 wb_we=0 wb_rd=x4 wb_val=00000f38 IF_pc=00000c20 IF_inst=02800193 ID_pc=00000c1c ID_inst=30771e63 EX_pc=00000000 EX_alu=00000000 mem_stall=0 mem_commit=1 mem_we=0000 mem_addr=00002f3e mem_wd=2f3c0000 mem_rd=12232233
COMMIT t=12515000 wb_pc=00000c1c wb_we=0 wb_rd=x28 wb_val=00000f38 IF_pc=00000c2c IF_inst=000010b7 ID_pc=00000c28 ID_inst=31810113 EX_pc=00000c24 EX_alu=00002c24 mem_stall=0 mem_commit=0 mem_we=0000 mem_addr=00000028 mem_wd=00000000 mem_rd=0ff0000f
COMMIT t=12525000 wb_pc=00000c20 wb_we=1 wb_rd=x3 wb_val=00000028 IF_pc=00000c30 IF_inst=12208093 ID_pc=00000c2c ID_inst=000010b7 EX_pc=00000c28 EX_alu=00002f3c mem_stall=0 mem_commit=0 mem_we=0000 mem_addr=00002c24 mem_wd=00000000 mem_rd=000f0463
COMMIT t=12535000 wb_pc=00000c24 wb_we=1 wb_rd=x2 wb_val=00002c24 IF_pc=00000c34 IF_inst=00111223 ID_pc=00000c30 ID_inst=12208093 EX_pc=00000c2c EX_alu=00001000 mem_stall=0 mem_commit=0 mem_we=0000 mem_addr=00002f3c mem_wd=00000000 mem_rd=00000000
COMMIT t=12545000 wb_pc=00000c28 wb_we=1 wb_rd=x2 wb_val=00002f3c IF_pc=00000c38 IF_inst=00411703 ID_pc=00000c34 ID_inst=00111223 EX_pc=00000c30 EX_alu=00001122 mem_stall=0 mem_commit=0 mem_we=0000 mem_addr=00001000 mem_wd=00000000 mem_rd=12232233
COMMIT t=12555000 wb_pc=00000c2c wb_we=1 wb_rd=x1 wb_val=00001000 IF_pc=00000c38 IF_inst=00411703 ID_pc=00000c34 ID_inst=00111223 EX_pc=00000c34 EX_alu=00002f40 mem_stall=0 mem_commit=0 mem_we=0000 mem_addr=00001122 mem_wd=003c0000 mem_rd=00000000
COMMIT t=12565000 wb_pc=00000c30 wb_we=1 wb_rd=x1 wb_val=00001122 IF_pc=00000c3c IF_inst=00e11223 ID_pc=00000c38 ID_inst=00411703 EX_pc=00000c34 EX_alu=00002f40 mem_stall=1 mem_commit=0 mem_we=0000 mem_addr=00002f40 mem_wd=00001223 mem_rd=00000000
COMMIT t=12585000 wb_pc=00000c34 wb_we=1 wb_rd=x0 wb_val=abbcbbcc IF_pc=00000c40 IF_inst=00411103 ID_pc=00000c3c ID_inst=00e11223 EX_pc=00000c38 EX_alu=00002f40 mem_stall=1 mem_commit=0 mem_we=0000 mem_addr=00002f40 mem_wd=00001122 mem_rd=abbcbbcc
MEM_WRITE t=12595000 pc=00000c34 addr=00002f40 wd=00001122 ctrl=1
COMMIT t=12605000 wb_pc=00000c34 wb_we=0 wb_rd=x4 wb_val=00002f40 IF_pc=00000c40 IF_inst=00411103 ID_pc=00000c3c ID_inst=00e11223 EX_pc=00000000 EX_alu=00000000 mem_stall=1 mem_commit=0 mem_we=0000 mem_addr=00002f40 mem_wd=00002f3c mem_rd=abbc1122
COMMIT t=12645000 wb_pc=00000000 wb_we=0 wb_rd=x0 wb_val=00000004 IF_pc=00000c48 IF_inst=12238393 ID_pc=00000c44 ID_inst=000013b7 EX_pc=00000c40 EX_alu=00002f40 mem_stall=0 mem_commit=1 mem_we=0011 mem_addr=00002f40 mem_wd=00001122 mem_rd=abbc1122
MEM_WRITE t=12645000 pc=00000000 addr=00002f40 wd=00001122 ctrl=1
COMMIT t=12655000 wb_pc=00000c3c wb_we=0 wb_rd=x4 wb_val=00002f40 IF_pc=00000c4c IF_inst=2e711663 ID_pc=00000c48 ID_inst=12238393 EX_pc=00000c44 EX_alu=00001000 mem_stall=1 mem_commit=0 mem_we=0000 mem_addr=00002f40 mem_wd=00002f3c mem_rd=abbc1122
COMMIT t=12675000 wb_pc=00000c40 wb_we=1 wb_rd=x2 wb_val=00001122 IF_pc=00000c50 IF_inst=00002117 ID_pc=00000c4c ID_inst=2e711663 EX_pc=00000c48 EX_alu=00001122 mem_stall=0 mem_commit=0 mem_we=0000 mem_addr=00001000 mem_wd=00000000 mem_rd=abbc1122
COMMIT t=12695000 wb_pc=00000c48 wb_we=1 wb_rd=x7 wb_val=00001122 IF_pc=00000c58 IF_inst=00212423 ID_pc=00000c54 ID_inst=2ec10113 EX_pc=00000c50 EX_alu=00002c50 mem_stall=0 mem_commit=0 mem_we=0000 mem_addr=00000f38 mem_wd=00001122 mem_rd=00000000
COMMIT t=12705000 wb_pc=00000c4c wb_we=0 wb_rd=x12 wb_val=00000f38 IF_pc=00000c5c IF_inst=00812203 ID_pc=00000c58 ID_inst=00212423 EX_pc=00000c54 EX_alu=00002f3c mem_stall=0 mem_commit=0 mem_we=0000 mem_addr=00002c50 mem_wd=00000000 mem_rd=0ff0000f
COMMIT t=12715000 wb_pc=00000c50 wb_we=1 wb_rd=x2 wb_val=00002c50 IF_pc=00000c60 IF_inst=00121223 ID_pc=00000c5c ID_inst=00812203 EX_pc=00000c58 EX_alu=00002f44 mem_stall=0 mem_commit=0 mem_we=0000 mem_addr=00002f3c mem_wd=00000000 mem_rd=00000000
COMMIT t=12725000 wb_pc=00000c54 wb_we=1 wb_rd=x2 wb_val=00002f3c IF_pc=00000c64 IF_inst=2c221a63 ID_pc=00000c60 ID_inst=00121223 EX_pc=00000c5c EX_alu=00002f44 mem_stall=1 mem_commit=0 mem_we=0000 mem_addr=00002f44 mem_wd=00002f3c mem_rd=12232233
COMMIT t=12735000 wb_pc=00000c54 wb_we=1 wb_rd=x2 wb_val=00002f3c IF_pc=00000c64 IF_inst=2c221a63 ID_pc=00000c60 ID_inst=00121223 EX_pc=00000c5c EX_alu=00002f44 mem_stall=0 mem_commit=1 mem_we=1111 mem_addr=00002f44 mem_wd=00002f3c mem_rd=00002f3c
MEM_WRITE t=12735000 pc=00000c54 addr=00002f44 wd=00002f3c ctrl=1
COMMIT t=12745000 wb_pc=00000c58 wb_we=0 wb_rd=x8 wb_val=00002f44 IF_pc=00000c64 IF_inst=2c221a63 ID_pc=00000c60 ID_inst=00121223 EX_pc=00000000 EX_alu=00000000 mem_stall=1 mem_commit=0 mem_we=0000 mem_addr=00002f44 mem_wd=00000000 mem_rd=00002f3c
COMMIT t=12785000 wb_pc=00000000 wb_we=0 wb_rd=x0 wb_val=00000004 IF_pc=00000c6c IF_inst=2c771663 ID_pc=00000c68 ID_inst=00421703 EX_pc=00000c64 EX_alu=00000f38 mem_stall=0 mem_commit=1 mem_we=0011 mem_addr=00002f40 mem_wd=00001122 mem_rd=abbc1122
MEM_WRITE t=12785000 pc=00000000 addr=00002f40 wd=00001122 ctrl=1
COMMIT t=12795000 wb_pc=00000c60 wb_we=0 wb_rd=x4 wb_val=00002f40 IF_pc=00000c70 IF_inst=02900193 ID_pc=00000c6c ID_inst=2c771663 EX_pc=00000c68 EX_alu=00002f40 mem_stall=0 mem_commit=0 mem_we=0000 mem_addr=00000f38 mem_wd=00002f3c mem_rd=abbc1122
COMMIT t=12815000 wb_pc=00000c64 wb_we=0 wb_rd=x20 wb_val=00000f38 IF_pc=00000c70 IF_inst=02900193 ID_pc=00000c6c ID_inst=2c771663 EX_pc=00000000 EX_alu=00000000 mem_stall=0 mem_commit=1 mem_we=0000 mem_addr=00002f40 mem_wd=00002f3c mem_rd=abbc1122
COMMIT t=12845000 wb_pc=00000c6c wb_we=0 wb_rd=x12 wb_val=00000f38 IF_pc=00000c7c IF_inst=11200093 ID_pc=00000c78 ID_inst=2c810113 EX_pc=00000c74 EX_alu=00002c74 mem_stall=0 mem_commit=0 mem_we=0000 mem_addr=00000029 mem_wd=00000000 mem_rd=0ff0000f
COMMIT t=12855000 wb_pc=00000c70 wb_we=1 wb_rd=x3 wb_val=00000029 IF_pc=00000c80 IF_inst=00111323 ID_pc=00000c7c ID_inst=11200093 EX_pc=00000c78 EX_alu=00002f3c mem_stall=0 mem_commit=0 mem_we=0000 mem_addr=00002c74 mem_wd=00000000 mem_rd=000f0463
COMMIT t=12865000 wb_pc=00000c74 wb_we=1 wb_rd=x2 wb_val=00002c74 IF_pc=00000c84 IF_inst=00611703 ID_pc=00000c80 ID_inst=00111323 EX_pc=00000c7c EX_alu=00000112 mem_stall=0 mem_commit=0 mem_we=0000 mem_addr=00002f3c mem_wd=00000000 mem_rd=00000000
COMMIT t=12875000 wb_pc=00000c78 wb_we=1 wb_rd=x2 wb_val=00002f3c IF_pc=00000c84 IF_inst=00611703 ID_pc=00000c80 ID_inst=00111323 EX_pc=00000c80 EX_alu=00002f42 mem_stall=0 mem_commit=0 mem_we=0000 mem_addr=00000112 mem_wd=00000000 mem_rd=12232233
COMMIT t=12885000 wb_pc=00000c7c wb_we=1 wb_rd=x1 wb_val=00000112 IF_pc=00000c88 IF_inst=00e11323 ID_pc=00000c84 ID_inst=00611703 EX_pc=00000c80 EX_alu=00002f42 mem_stall=1 mem_commit=0 mem_we=0000 mem_addr=00002f42 mem_wd=00001122 mem_rd=00020703
COMMIT t=12905000 wb_pc=00000c80 wb_we=1 wb_rd=x0 wb_val=abbc1122 IF_pc=00000c8c IF_inst=00611103 ID_pc=00000c88 ID_inst=00e11323 EX_pc=00000c84 EX_alu=00002f42 mem_stall=1 mem_commit=0 mem_we=0000 mem_addr=00002f42 mem_wd=01120000 mem_rd=abbc1122
MEM_WRITE t=12915000 pc=00000c80 addr=00002f42 wd=01120000 ctrl=1
COMMIT t=12925000 wb_pc=00000c80 wb_we=0 wb_rd=x6 wb_val=00002f42 IF_pc=00000c8c IF_inst=00611103 ID_pc=00000c88 ID_inst=00e11323 EX_pc=00000000 EX_alu=00000000 mem_stall=1 mem_commit=0 mem_we=0000 mem_addr=00002f42 mem_wd=00000000 mem_rd=01121122
COMMIT t=12965000 wb_pc=00000000 wb_we=0 wb_rd=x0 wb_val=00000004 IF_pc=00000c94 IF_inst=2a711263 ID_pc=00000c90 ID_inst=11200393 EX_pc=00000c8c EX_alu=00002f42 mem_stall=0 mem_commit=1 mem_we=1100 mem_addr=00002f42 mem_wd=01120000 mem_rd=01121122
MEM_WRITE t=12965000 pc=00000000 addr=00002f42 wd=01120000 ctrl=1
COMMIT t=12975000 wb_pc=00000c88 wb_we=0 wb_rd=x6 wb_val=00002f42 IF_pc=00000c98 IF_inst=00002117 ID_pc=00000c94 ID_inst=2a711263 EX_pc=00000c90 EX_alu=00000112 mem_stall=1 mem_commit=0 mem_we=0000 mem_addr=00002f42 mem_wd=00000000 mem_rd=01121122
COMMIT t=12995000 wb_pc=00000c8c wb_we=1 wb_rd=x2 wb_val=00000112 IF_pc=00000c9c IF_inst=2a410113 ID_pc=00000c98 ID_inst=00002117 EX_pc=00000c94 EX_alu=00000f38 mem_stall=0 mem_commit=0 mem_we=0000 mem_addr=00000112 mem_wd=00000000 mem_rd=01121122
COMMIT t=13015000 wb_pc=00000c94 wb_we=0 wb_rd=x4 wb_val=00000f38 IF_pc=00000ca4 IF_inst=00812203 ID_pc=00000ca0 ID_inst=00212423 EX_pc=00000c9c EX_alu=00002f3c mem_stall=0 mem_commit=0 mem_we=0000 mem_addr=00002c98 mem_wd=00000000 mem_rd=0ff0000f
COMMIT t=13025000 wb_pc=00000c98 wb_we=1 wb_rd=x2 wb_val=00002c98 IF_pc=00000ca8 IF_inst=00121323 ID_pc=00000ca4 ID_inst=00812203 EX_pc=00000ca0 EX_alu=00002f44 mem_stall=0 mem_commit=0 mem_we=0000 mem_addr=00002f3c mem_wd=0000003c mem_rd=00000000
COMMIT t=13035000 wb_pc=00000c9c wb_we=1 wb_rd=x2 wb_val=00002f3c IF_pc=00000cac IF_inst=28221663 ID_pc=00000ca8 ID_inst=00121323 EX_pc=00000ca4 EX_alu=00002f44 mem_stall=1 mem_commit=0 mem_we=0000 mem_addr=00002f44 mem_wd=00002f3c mem_rd=12232233
COMMIT t=13045000 wb_pc=00000c9c wb_we=1 wb_rd=x2 wb_val=00002f3c IF_pc=00000cac IF_inst=28221663 ID_pc=00000ca8 ID_inst=00121323 EX_pc=00000ca4 EX_alu=00002f44 mem_stall=0 mem_commit=1 mem_we=1111 mem_addr=00002f44 mem_wd=00002f3c mem_rd=00002f3c
MEM_WRITE t=13045000 pc=00000c9c addr=00002f44 wd=00002f3c ctrl=1
COMMIT t=13055000 wb_pc=00000ca0 wb_we=0 wb_rd=x8 wb_val=00002f44 IF_pc=00000cac IF_inst=28221663 ID_pc=00000ca8 ID_inst=00121323 EX_pc=00000000 EX_alu=00000000 mem_stall=1 mem_commit=0 mem_we=0000 mem_addr=00002f44 mem_wd=00000000 mem_rd=00002f3c
COMMIT t=13095000 wb_pc=00000000 wb_we=0 wb_rd=x0 wb_val=00000004 IF_pc=00000cb4 IF_inst=28771263 ID_pc=00000cb0 ID_inst=00621703 EX_pc=00000cac EX_alu=00000f38 mem_stall=0 mem_commit=1 mem_we=1100 mem_addr=00002f42 mem_wd=01120000 mem_rd=01121122
MEM_WRITE t=13095000 pc=00000000 addr=00002f42 wd=01120000 ctrl=1
COMMIT t=13105000 wb_pc=00000ca8 wb_we=0 wb_rd=x6 wb_val=00002f42 IF_pc=00000cb8 IF_inst=02a00193 ID_pc=00000cb4 ID_inst=28771263 EX_pc=00000cb0 EX_alu=00002f42 mem_stall=0 mem_commit=0 mem_we=0000 mem_addr=00000f38 mem_wd=00002f3c mem_rd=01121122
COMMIT t=13125000 wb_pc=00000cac wb_we=0 wb_rd=x12 wb_val=00000f38 IF_pc=00000cb8 IF_inst=02a00193 ID_pc=00000cb4 ID_inst=28771263 EX_pc=00000000 EX_alu=00000000 mem_stall=0 mem_commit=1 mem_we=0000 mem_addr=00002f42 mem_wd=00000000 mem_rd=01121122
COMMIT t=13155000 wb_pc=00000cb4 wb_we=0 wb_rd=x4 wb_val=00000f38 IF_pc=00000cc4 IF_inst=01100093 ID_pc=00000cc0 ID_inst=28010113 EX_pc=00000cbc EX_alu=00002cbc mem_stall=0 mem_commit=0 mem_we=0000 mem_addr=0000002a mem_wd=00000000 mem_rd=0ff0000f
COMMIT t=13165000 wb_pc=00000cb8 wb_we=1 wb_rd=x3 wb_val=0000002a IF_pc=00000cc8 IF_inst=00111423 ID_pc=00000cc4 ID_inst=01100093 EX_pc=00000cc0 EX_alu=00002f3c mem_stall=0 mem_commit=0 mem_we=0000 mem_addr=00002cbc mem_wd=00000000 mem_rd=000f0463
COMMIT t=13175000 wb_pc=00000cbc wb_we=1 wb_rd=x2 wb_val=00002cbc IF_pc=00000ccc IF_inst=00811703 ID_pc=00000cc8 ID_inst=00111423 EX_pc=00000cc4 EX_alu=00000011 mem_stall=0 mem_commit=0 mem_we=0000 mem_addr=00002f3c mem_wd=00000000 mem_rd=00000000
COMMIT t=13185000 wb_pc=00000cc0 wb_we=1 wb_rd=x2 wb_val=00002f3c IF_pc=00000ccc IF_inst=00811703 ID_pc=00000cc8 ID_inst=00111423 EX_pc=00000cc8 EX_alu=00002f44 mem_stall=0 mem_commit=0 mem_we=0000 mem_addr=00000011 mem_wd=00000000 mem_rd=12232233
COMMIT t=13195000 wb_pc=00000cc4 wb_we=1 wb_rd=x1 wb_val=00000011 IF_pc=00000cd0 IF_inst=00e11423 ID_pc=00000ccc ID_inst=00811703 EX_pc=00000cc8 EX_alu=00002f44 mem_stall=1 mem_commit=0 mem_we=0000 mem_addr=00002f44 mem_wd=00000112 mem_rd=00900f93
COMMIT t=13215000 wb_pc=00000cc8 wb_we=1 wb_rd=x0 wb_val=00002f3c IF_pc=00000cd4 IF_inst=00811103 ID_pc=00000cd0 ID_inst=00e11423 EX_pc=00000ccc EX_alu=00002f44 mem_stall=1 mem_commit=0 mem_we=0000 mem_addr=00002f44 mem_wd=00000011 mem_rd=00002f3c
MEM_WRITE t=13225000 pc=00000cc8 addr=00002f44 wd=00000011 ctrl=1
COMMIT t=13235000 wb_pc=00000cc8 wb_we=0 wb_rd=x8 wb_val=00002f44 IF_pc=00000cd4 IF_inst=00811103 ID_pc=00000cd0 ID_inst=00e11423 EX_pc=00000000 EX_alu=00000000 mem_stall=1 mem_commit=0 mem_we=0000 mem_addr=00002f44 mem_wd=00000000 mem_rd=00000011
COMMIT t=13275000 wb_pc=00000000 wb_we=0 wb_rd=x0 wb_val=00000004 IF_pc=00000cdc IF_inst=24711e63 ID_pc=00000cd8 ID_inst=01100393 EX_pc=00000cd4 EX_alu=00002f44 mem_stall=0 mem_commit=1 mem_we=0011 mem_addr=00002f44 mem_wd=00000011 mem_rd=00000011
MEM_WRITE t=13275000 pc=00000000 addr=00002f44 wd=00000011 ctrl=1
COMMIT t=13285000 wb_pc=00000cd0 wb_we=0 wb_rd=x8 wb_val=00002f44 IF_pc=00000ce0 IF_inst=00002117 ID_pc=00000cdc ID_inst=24711e63 EX_pc=00000cd8 EX_alu=00000011 mem_stall=1 mem_commit=0 mem_we=0000 mem_addr=00002f44 mem_wd=00000000 mem_rd=00000011
COMMIT t=13305000 wb_pc=00000cd4 wb_we=1 wb_rd=x2 wb_val=00000011 IF_pc=00000ce4 IF_inst=25c10113 ID_pc=00000ce0 ID_inst=00002117 EX_pc=00000cdc EX_alu=00000f38 mem_stall=0 mem_commit=0 mem_we=0000 mem_addr=00000011 mem_wd=00000000 mem_rd=00000011
COMMIT t=13325000 wb_pc=00000cdc wb_we=0 wb_rd=x28 wb_val=00000f38 IF_pc=00000cec IF_inst=00812203 ID_pc=00000ce8 ID_inst=00212423 EX_pc=00000ce4 EX_alu=00002f3c mem_stall=0 mem_commit=0 mem_we=0000 mem_addr=00002ce0 mem_wd=00000000 mem_rd=0ff0000f
COMMIT t=13335000 wb_pc=00000ce0 wb_we=1 wb_rd=x2 wb_val=00002ce0 IF_pc=00000cf0 IF_inst=00121423 ID_pc=00000cec ID_inst=00812203 EX_pc=00000ce8 EX_alu=00002f44 mem_stall=0 mem_commit=0 mem_we=0000 mem_addr=00002f3c mem_wd=00000000 mem_rd=00000000
COMMIT t=13345000 wb_pc=00000ce4 wb_we=1 wb_rd=x2 wb_val=00002f3c IF_pc=00000cf4 IF_inst=24221263 ID_pc=00000cf0 ID_inst=00121423 EX_pc=00000cec EX_alu=00002f44 mem_stall=1 mem_commit=0 mem_we=0000 mem_addr=00002f44 mem_wd=00002f3c mem_rd=12232233
COMMIT t=13355000 wb_pc=00000ce4 wb_we=1 wb_rd=x2 wb_val=00002f3c IF_pc=00000cf4 IF_inst=24221263 ID_pc=00000cf0 ID_inst=00121423 EX_pc=00000cec EX_alu=00002f44 mem_stall=0 mem_commit=1 mem_we=1111 mem_addr=00002f44 mem_wd=00002f3c mem_rd=00000011
MEM_WRITE t=13355000 pc=00000ce4 addr=00002f44 wd=00002f3c ctrl=1
COMMIT t=13365000 wb_pc=00000ce8 wb_we=0 wb_rd=x8 wb_val=00002f44 IF_pc=00000cf4 IF_inst=24221263 ID_pc=00000cf0 ID_inst=00121423 EX_pc=00000000 EX_alu=00000000 mem_stall=1 mem_commit=0 mem_we=0000 mem_addr=00002f44 mem_wd=00000000 mem_rd=00002f3c
COMMIT t=13405000 wb_pc=00000000 wb_we=0 wb_rd=x0 wb_val=00000004 IF_pc=00000cfc IF_inst=22771e63 ID_pc=00000cf8 ID_inst=00821703 EX_pc=00000cf4 EX_alu=00000f38 mem_stall=0 mem_commit=1 mem_we=0011 mem_addr=00002f44 mem_wd=00000011 mem_rd=00002f3c
MEM_WRITE t=13405000 pc=00000000 addr=00002f44 wd=00000011 ctrl=1
COMMIT t=13415000 wb_pc=00000cf0 wb_we=0 wb_rd=x8 wb_val=00002f44 IF_pc=00000d00 IF_inst=02b00193 ID_pc=00000cfc ID_inst=22771e63 EX_pc=00000cf8 EX_alu=00002f44 mem_stall=0 mem_commit=0 mem_we=0000 mem_addr=00000f38 mem_wd=00002f3c mem_rd=00000011
COMMIT t=13435000 wb_pc=00000cf4 wb_we=0 wb_rd=x4 wb_val=00000f38 IF_pc=00000d00 IF_inst=02b00193 ID_pc=00000cfc ID_inst=22771e63 EX_pc=00000000 EX_alu=00000000 mem_stall=0 mem_commit=1 mem_we=0000 mem_addr=00002f44 mem_wd=00000000 mem_rd=00000011
COMMIT t=13465000 wb_pc=00000cfc wb_we=0 wb_rd=x28 wb_val=00000f38 IF_pc=00000d0c IF_inst=000030b7 ID_pc=00000d08 ID_inst=23810113 EX_pc=00000d04 EX_alu=00002d04 mem_stall=0 mem_commit=0 mem_we=0000 mem_addr=0000002b mem_wd=00000000 mem_rd=0ff0000f
COMMIT t=13475000 wb_pc=00000d00 wb_we=1 wb_rd=x3 wb_val=0000002b IF_pc=00000d10 IF_inst=00108093 ID_pc=00000d0c ID_inst=000030b7 EX_pc=00000d08 EX_alu=00002f3c mem_stall=0 mem_commit=0 mem_we=0000 mem_addr=00002d04 mem_wd=00000000 mem_rd=000f0463
COMMIT t=13485000 wb_pc=00000d04 wb_we=1 wb_rd=x2 wb_val=00002d04 IF_pc=00000d14 IF_inst=00111523 ID_pc=00000d10 ID_inst=00108093 EX_pc=00000d0c EX_alu=00003000 mem_stall=0 mem_commit=0 mem_we=0000 mem_addr=00002f3c mem_wd=00000000 mem_rd=00000000
COMMIT t=13495000 wb_pc=00000d08 wb_we=1 wb_rd=x2 wb_val=00002f3c IF_pc=00000d18 IF_inst=00a11703 ID_pc=00000d14 ID_inst=00111523 EX_pc=00000d10 EX_alu=00003001 mem_stall=0 mem_commit=0 mem_we=0000 mem_addr=00003000 mem_wd=00000000 mem_rd=12232233
COMMIT t=13505000 wb_pc=00000d0c wb_we=1 wb_rd=x1 wb_val=00003000 IF_pc=00000d18 IF_inst=00a11703 ID_pc=00000d14 ID_inst=00111523 EX_pc=00000d14 EX_alu=00002f46 mem_stall=0 mem_commit=0 mem_we=0000 mem_addr=00003001 mem_wd=00000000 mem_rd=00000000
COMMIT t=13515000 wb_pc=00000d10 wb_we=1 wb_rd=x1 wb_val=00003001 IF_pc=00000d1c IF_inst=00e11523 ID_pc=00000d18 ID_inst=00a11703 EX_pc=00000d14 EX_alu=00002f46 mem_stall=1 mem_commit=0 mem_we=0000 mem_addr=00002f46 mem_wd=00000011 mem_rd=00000000
COMMIT t=13535000 wb_pc=00000d14 wb_we=1 wb_rd=x0 wb_val=00000011 IF_pc=00000d20 IF_inst=00a11103 ID_pc=00000d1c ID_inst=00e11523 EX_pc=00000d18 EX_alu=00002f46 mem_stall=1 mem_commit=0 mem_we=0000 mem_addr=00002f46 mem_wd=30010000 mem_rd=00000011
MEM_WRITE t=13545000 pc=00000d14 addr=00002f46 wd=30010000 ctrl=1
COMMIT t=13555000 wb_pc=00000d14 wb_we=0 wb_rd=x10 wb_val=00002f46 IF_pc=00000d20 IF_inst=00a11103 ID_pc=00000d1c ID_inst=00e11523 EX_pc=00000000 EX_alu=00000000 mem_stall=1 mem_commit=0 mem_we=0000 mem_addr=00002f46 mem_wd=00000000 mem_rd=30010011
COMMIT t=13595000 wb_pc=00000000 wb_we=0 wb_rd=x0 wb_val=00000004 IF_pc=00000d28 IF_inst=00138393 ID_pc=00000d24 ID_inst=000033b7 EX_pc=00000d20 EX_alu=00002f46 mem_stall=0 mem_commit=1 mem_we=1100 mem_addr=00002f46 mem_wd=30010000 mem_rd=30010011
MEM_WRITE t=13595000 pc=00000000 addr=00002f46 wd=30010000 ctrl=1
COMMIT t=13605000 wb_pc=00000d1c wb_we=0 wb_rd=x10 wb_val=00002f46 IF_pc=00000d2c IF_inst=20711663 ID_pc=00000d28 ID_inst=00138393 EX_pc=00000d24 EX_alu=00003000 mem_stall=1 mem_commit=0 mem_we=0000 mem_addr=00002f46 mem_wd=00000000 mem_rd=30010011
COMMIT t=13625000 wb_pc=00000d20 wb_we=1 wb_rd=x2 wb_val=00003001 IF_pc=00000d30 IF_inst=00002117 ID_pc=00000d2c ID_inst=20711663 EX_pc=00000d28 EX_alu=00003001 mem_stall=0 mem_commit=0 mem_we=0000 mem_addr=00003000 mem_wd=00000000 mem_rd=30010011
COMMIT t=13645000 wb_pc=00000d28 wb_we=1 wb_rd=x7 wb_val=00003001 IF_pc=00000d38 IF_inst=00212423 ID_pc=00000d34 ID_inst=20c10113 EX_pc=00000d30 EX_alu=00002d30 mem_stall=0 mem_commit=0 mem_we=0000 mem_addr=00000f38 mem_wd=00003001 mem_rd=00000000
COMMIT t=13655000 wb_pc=00000d2c wb_we=0 wb_rd=x12 wb_val=00000f38 IF_pc=00000d3c IF_inst=00812203 ID_pc=00000d38 ID_inst=00212423 EX_pc=00000d34 EX_alu=00002f3c mem_stall=0 mem_commit=0 mem_we=0000 mem_addr=00002d30 mem_wd=00000000 mem_rd=0ff0000f
COMMIT t=13665000 wb_pc=00000d30 wb_we=1 wb_rd=x2 wb_val=00002d30 IF_pc=00000d40 IF_inst=00121523 ID_pc=00000d3c ID_inst=00812203 EX_pc=00000d38 EX_alu=00002f44 mem_stall=0 mem_commit=0 mem_we=0000 mem_addr=00002f3c mem_wd=00000000 mem_rd=00000000
COMMIT t=13675000 wb_pc=00000d34 wb_we=1 wb_rd=x2 wb_val=00002f3c IF_pc=00000d44 IF_inst=1e221a63 ID_pc=00000d40 ID_inst=00121523 EX_pc=00000d3c EX_alu=00002f44 mem_stall=1 mem_commit=0 mem_we=0000 mem_addr=00002f44 mem_wd=00002f3c mem_rd=12232233
COMMIT t=13685000 wb_pc=00000d34 wb_we=1 wb_rd=x2 wb_val=00002f3c IF_pc=00000d44 IF_inst=1e221a63 ID_pc=00000d40 ID_inst=00121523 EX_pc=00000d3c EX_alu=00002f44 mem_stall=0 mem_commit=1 mem_we=1111 mem_addr=00002f44 mem_wd=00002f3c mem_rd=30010011
MEM_WRITE t=13685000 pc=00000d34 addr=00002f44 wd=00002f3c ctrl=1
COMMIT t=13695000 wb_pc=00000d38 wb_we=0 wb_rd=x8 wb_val=00002f44 IF_pc=00000d44 IF_inst=1e221a63 ID_pc=00000d40 ID_inst=00121523 EX_pc=00000000 EX_alu=00000000 mem_stall=1 mem_commit=0 mem_we=0000 mem_addr=00002f44 mem_wd=00000000 mem_rd=00002f3c
COMMIT t=13735000 wb_pc=00000000 wb_we=0 wb_rd=x0 wb_val=00000004 IF_pc=00000d4c IF_inst=1e771663 ID_pc=00000d48 ID_inst=00a21703 EX_pc=00000d44 EX_alu=00000f38 mem_stall=0 mem_commit=1 mem_we=1100 mem_addr=00002f46 mem_wd=30010000 mem_rd=00002f3c
MEM_WRITE t=13735000 pc=00000000 addr=00002f46 wd=30010000 ctrl=1
COMMIT t=13745000 wb_pc=00000d40 wb_we=0 wb_rd=x10 wb_val=00002f46 IF_pc=00000d50 IF_inst=02c00193 ID_pc=00000d4c ID_inst=1e771663 EX_pc=00000d48 EX_alu=00002f46 mem_stall=0 mem_commit=0 mem_we=0000 mem_addr=00000f38 mem_wd=00002f3c mem_rd=30012f3c
COMMIT t=13765000 wb_pc=00000d44 wb_we=0 wb_rd=x20 wb_val=00000f38 IF_pc=00000d50 IF_inst=02c00193 ID_pc=00000d4c ID_inst=1e771663 EX_pc=00000000 EX_alu=00000000 mem_stall=0 mem_commit=1 mem_we=0000 mem_addr=00002f46 mem_wd=00000000 mem_rd=30012f3c
COMMIT t=13795000 wb_pc=00000d4c wb_we=0 wb_rd=x12 wb_val=00000f38 IF_pc=00000d5c IF_inst=000020b7 ID_pc=00000d58 ID_inst=1e810113 EX_pc=00000d54 EX_alu=00002d54 mem_stall=0 mem_commit=0 mem_we=0000 mem_addr=0000002c mem_wd=00000000 mem_rd=0ff0000f
COMMIT t=13805000 wb_pc=00000d50 wb_we=1 wb_rd=x3 wb_val=0000002c IF_pc=00000d60 IF_inst=23308093 ID_pc=00000d5c ID_inst=000020b7 EX_pc=00000d58 EX_alu=00002f3c mem_stall=0 mem_commit=0 mem_we=0000 mem_addr=00002d54 mem_wd=00000000 mem_rd=000f0067
COMMIT t=13815000 wb_pc=00000d54 wb_we=1 wb_rd=x2 wb_val=00002d54 IF_pc=00000d64 IF_inst=00111023 ID_pc=00000d60 ID_inst=23308093 EX_pc=00000d5c EX_alu=00002000 mem_stall=0 mem_commit=0 mem_we=0000 mem_addr=00002f3c mem_wd=00000000 mem_rd=00000000
COMMIT t=13825000 wb_pc=00000d58 wb_we=1 wb_rd=x2 wb_val=00002f3c IF_pc=00000d68 IF_inst=00015703 ID_pc=00000d64 ID_inst=00111023 EX_pc=00000d60 EX_alu=00002233 mem_stall=0 mem_commit=0 mem_we=0000 mem_addr=00002000 mem_wd=00000000 mem_rd=12232233
COMMIT t=13835000 wb_pc=00000d5c wb_we=1 wb_rd=x1 wb_val=00002000 IF_pc=00000d68 IF_inst=00015703 ID_pc=00000d64 ID_inst=00111023 EX_pc=00000d64 EX_alu=00002f3c mem_stall=0 mem_commit=0 mem_we=0000 mem_addr=00002233 mem_wd=00000000 mem_rd=00000000
COMMIT t=13845000 wb_pc=00000d60 wb_we=1 wb_rd=x1 wb_val=00002233 IF_pc=00000d6c IF_inst=00e11023 ID_pc=00000d68 ID_inst=00015703 EX_pc=00000d64 EX_alu=00002f3c mem_stall=1 mem_commit=0 mem_we=0000 mem_addr=00002f3c mem_wd=00003001 mem_rd=00000000
COMMIT t=13865000 wb_pc=00000d64 wb_we=1 wb_rd=x0 wb_val=12232233 IF_pc=00000d70 IF_inst=00015103 ID_pc=00000d6c ID_inst=00e11023 EX_pc=00000d68 EX_alu=00002f3c mem_stall=1 mem_commit=0 mem_we=0000 mem_addr=00002f3c mem_wd=00002233 mem_rd=12232233
MEM_WRITE t=13875000 pc=00000d64 addr=00002f3c wd=00002233 ctrl=1
COMMIT t=13885000 wb_pc=00000d64 wb_we=0 wb_rd=x0 wb_val=00002f3c IF_pc=00000d70 IF_inst=00015103 ID_pc=00000d6c ID_inst=00e11023 EX_pc=00000000 EX_alu=00000000 mem_stall=1 mem_commit=0 mem_we=0000 mem_addr=00002f3c mem_wd=00000000 mem_rd=12232233
COMMIT t=13925000 wb_pc=00000000 wb_we=0 wb_rd=x0 wb_val=00000004 IF_pc=00000d78 IF_inst=23338393 ID_pc=00000d74 ID_inst=000023b7 EX_pc=00000d70 EX_alu=00002f3c mem_stall=0 mem_commit=1 mem_we=0011 mem_addr=00002f3c mem_wd=00002233 mem_rd=12232233
MEM_WRITE t=13925000 pc=00000000 addr=00002f3c wd=00002233 ctrl=1
COMMIT t=13935000 wb_pc=00000d6c wb_we=0 wb_rd=x0 wb_val=00002f3c IF_pc=00000d7c IF_inst=1a711e63 ID_pc=00000d78 ID_inst=23338393 EX_pc=00000d74 EX_alu=00002000 mem_stall=1 mem_commit=0 mem_we=0000 mem_addr=00002f3c mem_wd=00000000 mem_rd=12232233
COMMIT t=13955000 wb_pc=00000d70 wb_we=1 wb_rd=x2 wb_val=00002233 IF_pc=00000d80 IF_inst=00002117 ID_pc=00000d7c ID_inst=1a711e63 EX_pc=00000d78 EX_alu=00002233 mem_stall=0 mem_commit=0 mem_we=0000 mem_addr=00002000 mem_wd=00000000 mem_rd=12232233
COMMIT t=13975000 wb_pc=00000d78 wb_we=1 wb_rd=x7 wb_val=00002233 IF_pc=00000d88 IF_inst=00212423 ID_pc=00000d84 ID_inst=1bc10113 EX_pc=00000d80 EX_alu=00002d80 mem_stall=0 mem_commit=0 mem_we=0000 mem_addr=00000f38 mem_wd=00002233 mem_rd=00000000
COMMIT t=13985000 wb_pc=00000d7c wb_we=0 wb_rd=x28 wb_val=00000f38 IF_pc=00000d8c IF_inst=00812203 ID_pc=00000d88 ID_inst=00212423 EX_pc=00000d84 EX_alu=00002f3c mem_stall=0 mem_commit=0 mem_we=0000 mem_addr=00002d80 mem_wd=00000000 mem_rd=0ff0000f
COMMIT t=13995000 wb_pc=00000d80 wb_we=1 wb_rd=x2 wb_val=00002d80 IF_pc=00000d90 IF_inst=00121023 ID_pc=00000d8c ID_inst=00812203 EX_pc=00000d88 EX_alu=00002f44 mem_stall=0 mem_commit=0 mem_we=0000 mem_addr=00002f3c mem_wd=00000000 mem_rd=00000000
COMMIT t=14005000 wb_pc=00000d84 wb_we=1 wb_rd=x2 wb_val=00002f3c IF_pc=00000d94 IF_inst=1a221263 ID_pc=00000d90 ID_inst=00121023 EX_pc=00000d8c EX_alu=00002f44 mem_stall=1 mem_commit=0 mem_we=0000 mem_addr=00002f44 mem_wd=00002f3c mem_rd=12232233
COMMIT t=14015000 wb_pc=00000d84 wb_we=1 wb_rd=x2 wb_val=00002f3c IF_pc=00000d94 IF_inst=1a221263 ID_pc=00000d90 ID_inst=00121023 EX_pc=00000d8c EX_alu=00002f44 mem_stall=0 mem_commit=1 mem_we=1111 mem_addr=00002f44 mem_wd=00002f3c mem_rd=30012f3c
MEM_WRITE t=14015000 pc=00000d84 addr=00002f44 wd=00002f3c ctrl=1
COMMIT t=14025000 wb_pc=00000d88 wb_we=0 wb_rd=x8 wb_val=00002f44 IF_pc=00000d94 IF_inst=1a221263 ID_pc=00000d90 ID_inst=00121023 EX_pc=00000000 EX_alu=00000000 mem_stall=1 mem_commit=0 mem_we=0000 mem_addr=00002f44 mem_wd=00000000 mem_rd=00002f3c
COMMIT t=14065000 wb_pc=00000000 wb_we=0 wb_rd=x0 wb_val=00000004 IF_pc=00000d9c IF_inst=18771e63 ID_pc=00000d98 ID_inst=00025703 EX_pc=00000d94 EX_alu=00000f38 mem_stall=0 mem_commit=1 mem_we=0011 mem_addr=00002f3c mem_wd=00002233 mem_rd=12232233
MEM_WRITE t=14065000 pc=00000000 addr=00002f3c wd=00002233 ctrl=1
COMMIT t=14075000 wb_pc=00000d90 wb_we=0 wb_rd=x0 wb_val=00002f3c IF_pc=00000da0 IF_inst=02d00193 ID_pc=00000d9c ID_inst=18771e63 EX_pc=00000d98 EX_alu=00002f3c mem_stall=0 mem_commit=0 mem_we=0000 mem_addr=00000f38 mem_wd=00002f3c mem_rd=12232233
COMMIT t=14095000 wb_pc=00000d94 wb_we=0 wb_rd=x4 wb_val=00000f38 IF_pc=00000da0 IF_inst=02d00193 ID_pc=00000d9c ID_inst=18771e63 EX_pc=00000000 EX_alu=00000000 mem_stall=0 mem_commit=1 mem_we=0000 mem_addr=00002f3c mem_wd=00000000 mem_rd=12232233
COMMIT t=14125000 wb_pc=00000d9c wb_we=0 wb_rd=x28 wb_val=00000f38 IF_pc=00000dac IF_inst=000010b7 ID_pc=00000da8 ID_inst=19810113 EX_pc=00000da4 EX_alu=00002da4 mem_stall=0 mem_commit=0 mem_we=0000 mem_addr=0000002d mem_wd=00000000 mem_rd=0ff0000f
COMMIT t=14135000 wb_pc=00000da0 wb_we=1 wb_rd=x3 wb_val=0000002d IF_pc=00000db0 IF_inst=22308093 ID_pc=00000dac ID_inst=000010b7 EX_pc=00000da8 EX_alu=00002f3c mem_stall=0 mem_commit=0 mem_we=0000 mem_addr=00002da4 mem_wd=00000000 mem_rd=000f0067
COMMIT t=14145000 wb_pc=00000da4 wb_we=1 wb_rd=x2 wb_val=00002da4 IF_pc=00000db4 IF_inst=00111123 ID_pc=00000db0 ID_inst=22308093 EX_pc=00000dac EX_alu=00001000 mem_stall=0 mem_commit=0 mem_we=0000 mem_addr=00002f3c mem_wd=00000000 mem_rd=00000000
COMMIT t=14155000 wb_pc=00000da8 wb_we=1 wb_rd=x2 wb_val=00002f3c IF_pc=00000db8 IF_inst=00215703 ID_pc=00000db4 ID_inst=00111123 EX_pc=00000db0 EX_alu=00001223 mem_stall=0 mem_commit=0 mem_we=0000 mem_addr=00001000 mem_wd=00000000 mem_rd=12232233
COMMIT t=14165000 wb_pc=00000dac wb_we=1 wb_rd=x1 wb_val=00001000 IF_pc=00000db8 IF_inst=00215703 ID_pc=00000db4 ID_inst=00111123 EX_pc=00000db4 EX_alu=00002f3e mem_stall=0 mem_commit=0 mem_we=0000 mem_addr=00001223 mem_wd=2d000000 mem_rd=00000000
COMMIT t=14175000 wb_pc=00000db0 wb_we=1 wb_rd=x1 wb_val=00001223 IF_pc=00000dbc IF_inst=00e11123 ID_pc=00000db8 ID_inst=00215703 EX_pc=00000db4 EX_alu=00002f3e mem_stall=1 mem_commit=0 mem_we=0000 mem_addr=00002f3e mem_wd=00002233 mem_rd=00000000
COMMIT t=14195000 wb_pc=00000db4 wb_we=1 wb_rd=x0 wb_val=12232233 IF_pc=00000dc0 IF_inst=00215103 ID_pc=00000dbc ID_inst=00e11123 EX_pc=00000db8 EX_alu=00002f3e mem_stall=1 mem_commit=0 mem_we=0000 mem_addr=00002f3e mem_wd=12230000 mem_rd=12232233
MEM_WRITE t=14205000 pc=00000db4 addr=00002f3e wd=12230000 ctrl=1
COMMIT t=14215000 wb_pc=00000db4 wb_we=0 wb_rd=x2 wb_val=00002f3e IF_pc=00000dc0 IF_inst=00215103 ID_pc=00000dbc ID_inst=00e11123 EX_pc=00000000 EX_alu=00000000 mem_stall=1 mem_commit=0 mem_we=0000 mem_addr=00002f3e mem_wd=2f3c0000 mem_rd=12232233
COMMIT t=14255000 wb_pc=00000000 wb_we=0 wb_rd=x0 wb_val=00000004 IF_pc=00000dc8 IF_inst=22338393 ID_pc=00000dc4 ID_inst=000013b7 EX_pc=00000dc0 EX_alu=00002f3e mem_stall=0 mem_commit=1 mem_we=1100 mem_addr=00002f3e mem_wd=12230000 mem_rd=12232233
MEM_WRITE t=14255000 pc=00000000 addr=00002f3e wd=12230000 ctrl=1
COMMIT t=14265000 wb_pc=00000dbc wb_we=0 wb_rd=x2 wb_val=00002f3e IF_pc=00000dcc IF_inst=16711663 ID_pc=00000dc8 ID_inst=22338393 EX_pc=00000dc4 EX_alu=00001000 mem_stall=1 mem_commit=0 mem_we=0000 mem_addr=00002f3e mem_wd=2f3c0000 mem_rd=12232233
COMMIT t=14285000 wb_pc=00000dc0 wb_we=1 wb_rd=x2 wb_val=00001223 IF_pc=00000dd0 IF_inst=00002117 ID_pc=00000dcc ID_inst=16711663 EX_pc=00000dc8 EX_alu=00001223 mem_stall=0 mem_commit=0 mem_we=0000 mem_addr=00001000 mem_wd=00000000 mem_rd=12232233
COMMIT t=14305000 wb_pc=00000dc8 wb_we=1 wb_rd=x7 wb_val=00001223 IF_pc=00000dd8 IF_inst=00212423 ID_pc=00000dd4 ID_inst=16c10113 EX_pc=00000dd0 EX_alu=00002dd0 mem_stall=0 mem_commit=0 mem_we=0000 mem_addr=00000f38 mem_wd=00001223 mem_rd=00000000
COMMIT t=14315000 wb_pc=00000dcc wb_we=0 wb_rd=x12 wb_val=00000f38 IF_pc=00000ddc IF_inst=00812203 ID_pc=00000dd8 ID_inst=00212423 EX_pc=00000dd4 EX_alu=00002f3c mem_stall=0 mem_commit=0 mem_we=0000 mem_addr=00002dd0 mem_wd=00000000 mem_rd=0ff0000f
COMMIT t=14325000 wb_pc=00000dd0 wb_we=1 wb_rd=x2 wb_val=00002dd0 IF_pc=00000de0 IF_inst=00121123 ID_pc=00000ddc ID_inst=00812203 EX_pc=00000dd8 EX_alu=00002f44 mem_stall=0 mem_commit=0 mem_we=0000 mem_addr=00002f3c mem_wd=00000000 mem_rd=00000000
COMMIT t=14335000 wb_pc=00000dd4 wb_we=1 wb_rd=x2 wb_val=00002f3c IF_pc=00000de4 IF_inst=14221a63 ID_pc=00000de0 ID_inst=00121123 EX_pc=00000ddc EX_alu=00002f44 mem_stall=1 mem_commit=0 mem_we=0000 mem_addr=00002f44 mem_wd=00002f3c mem_rd=12232233
COMMIT t=14345000 wb_pc=00000dd4 wb_we=1 wb_rd=x2 wb_val=00002f3c IF_pc=00000de4 IF_inst=14221a63 ID_pc=00000de0 ID_inst=00121123 EX_pc=00000ddc EX_alu=00002f44 mem_stall=0 mem_commit=1 mem_we=1111 mem_addr=00002f44 mem_wd=00002f3c mem_rd=00002f3c
MEM_WRITE t=14345000 pc=00000dd4 addr=00002f44 wd=00002f3c ctrl=1
COMMIT t=14355000 wb_pc=00000dd8 wb_we=0 wb_rd=x8 wb_val=00002f44 IF_pc=00000de4 IF_inst=14221a63 ID_pc=00000de0 ID_inst=00121123 EX_pc=00000000 EX_alu=00000000 mem_stall=1 mem_commit=0 mem_we=0000 mem_addr=00002f44 mem_wd=00000000 mem_rd=00002f3c
COMMIT t=14395000 wb_pc=00000000 wb_we=0 wb_rd=x0 wb_val=00000004 IF_pc=00000dec IF_inst=14771663 ID_pc=00000de8 ID_inst=00225703 EX_pc=00000de4 EX_alu=00000f38 mem_stall=0 mem_commit=1 mem_we=1100 mem_addr=00002f3e mem_wd=12230000 mem_rd=12232233
MEM_WRITE t=14395000 pc=00000000 addr=00002f3e wd=12230000 ctrl=1
COMMIT t=14405000 wb_pc=00000de0 wb_we=0 wb_rd=x2 wb_val=00002f3e IF_pc=00000df0 IF_inst=02e00193 ID_pc=00000dec ID_inst=14771663 EX_pc=00000de8 EX_alu=00002f3e mem_stall=0 mem_commit=0 mem_we=0000 mem_addr=00000f38 mem_wd=00002f3c mem_rd=12232233
COMMIT t=14425000 wb_pc=00000de4 wb_we=0 wb_rd=x20 wb_val=00000f38 IF_pc=00000df0 IF_inst=02e00193 ID_pc=00000dec ID_inst=14771663 EX_pc=00000000 EX_alu=00000000 mem_stall=0 mem_commit=1 mem_we=0000 mem_addr=00002f3e mem_wd=2f3c0000 mem_rd=12232233
COMMIT t=14455000 wb_pc=00000dec wb_we=0 wb_rd=x12 wb_val=00000f38 IF_pc=00000dfc IF_inst=000010b7 ID_pc=00000df8 ID_inst=14810113 EX_pc=00000df4 EX_alu=00002df4 mem_stall=0 mem_commit=0 mem_we=0000 mem_addr=0000002e mem_wd=00230000 mem_rd=0ff0000f
COMMIT t=14465000 wb_pc=00000df0 wb_we=1 wb_rd=x3 wb_val=0000002e IF_pc=00000e00 IF_inst=12208093 ID_pc=00000dfc ID_inst=000010b7 EX_pc=00000df8 EX_alu=00002f3c mem_stall=0 mem_commit=0 mem_we=0000 mem_addr=00002df4 mem_wd=00000000 mem_rd=000f0067
COMMIT t=14475000 wb_pc=00000df4 wb_we=1 wb_rd=x2 wb_val=00002df4 IF_pc=00000e04 IF_inst=00111223 ID_pc=00000e00 ID_inst=12208093 EX_pc=00000dfc EX_alu=00001000 mem_stall=0 mem_commit=0 mem_we=0000 mem_addr=00002f3c mem_wd=00000000 mem_rd=00000000
COMMIT t=14485000 wb_pc=00000df8 wb_we=1 wb_rd=x2 wb_val=00002f3c IF_pc=00000e08 IF_inst=00415703 ID_pc=00000e04 ID_inst=00111223 EX_pc=00000e00 EX_alu=00001122 mem_stall=0 mem_commit=0 mem_we=0000 mem_addr=00001000 mem_wd=00000000 mem_rd=12232233
COMMIT t=14495000 wb_pc=00000dfc wb_we=1 wb_rd=x1 wb_val=00001000 IF_pc=00000e08 IF_inst=00415703 ID_pc=00000e04 ID_inst=00111223 EX_pc=00000e04 EX_alu=00002f40 mem_stall=0 mem_commit=0 mem_we=0000 mem_addr=00001122 mem_wd=003c0000 mem_rd=00000000
COMMIT t=14505000 wb_pc=00000e00 wb_we=1 wb_rd=x1 wb_val=00001122 IF_pc=00000e0c IF_inst=00e11223 ID_pc=00000e08 ID_inst=00415703 EX_pc=00000e04 EX_alu=00002f40 mem_stall=1 mem_commit=0 mem_we=0000 mem_addr=00002f40 mem_wd=00001223 mem_rd=00000000
COMMIT t=14525000 wb_pc=00000e04 wb_we=1 wb_rd=x0 wb_val=01121122 IF_pc=00000e10 IF_inst=00415103 ID_pc=00000e0c ID_inst=00e11223 EX_pc=00000e08 EX_alu=00002f40 mem_stall=1 mem_commit=0 mem_we=0000 mem_addr=00002f40 mem_wd=00001122 mem_rd=01121122
MEM_WRITE t=14535000 pc=00000e04 addr=00002f40 wd=00001122 ctrl=1
COMMIT t=14545000 wb_pc=00000e04 wb_we=0 wb_rd=x4 wb_val=00002f40 IF_pc=00000e10 IF_inst=00415103 ID_pc=00000e0c ID_inst=00e11223 EX_pc=00000000 EX_alu=00000000 mem_stall=1 mem_commit=0 mem_we=0000 mem_addr=00002f40 mem_wd=00002f3c mem_rd=01121122
COMMIT t=14585000 wb_pc=00000000 wb_we=0 wb_rd=x0 wb_val=00000004 IF_pc=00000e18 IF_inst=12238393 ID_pc=00000e14 ID_inst=000013b7 EX_pc=00000e10 EX_alu=00002f40 mem_stall=0 mem_commit=1 mem_we=0011 mem_addr=00002f40 mem_wd=00001122 mem_rd=01121122
MEM_WRITE t=14585000 pc=00000000 addr=00002f40 wd=00001122 ctrl=1
COMMIT t=14595000 wb_pc=00000e0c wb_we=0 wb_rd=x4 wb_val=00002f40 IF_pc=00000e1c IF_inst=10711e63 ID_pc=00000e18 ID_inst=12238393 EX_pc=00000e14 EX_alu=00001000 mem_stall=1 mem_commit=0 mem_we=0000 mem_addr=00002f40 mem_wd=00002f3c mem_rd=01121122
COMMIT t=14615000 wb_pc=00000e10 wb_we=1 wb_rd=x2 wb_val=00001122 IF_pc=00000e20 IF_inst=00002117 ID_pc=00000e1c ID_inst=10711e63 EX_pc=00000e18 EX_alu=00001122 mem_stall=0 mem_commit=0 mem_we=0000 mem_addr=00001000 mem_wd=00000000 mem_rd=01121122
COMMIT t=14635000 wb_pc=00000e18 wb_we=1 wb_rd=x7 wb_val=00001122 IF_pc=00000e28 IF_inst=00212423 ID_pc=00000e24 ID_inst=11c10113 EX_pc=00000e20 EX_alu=00002e20 mem_stall=0 mem_commit=0 mem_we=0000 mem_addr=00000f38 mem_wd=00001122 mem_rd=00000000
COMMIT t=14645000 wb_pc=00000e1c wb_we=0 wb_rd=x28 wb_val=00000f38 IF_pc=00000e2c IF_inst=00812203 ID_pc=00000e28 ID_inst=00212423 EX_pc=00000e24 EX_alu=00002f3c mem_stall=0 mem_commit=0 mem_we=0000 mem_addr=00002e20 mem_wd=00000000 mem_rd=0ff0000f
COMMIT t=14655000 wb_pc=00000e20 wb_we=1 wb_rd=x2 wb_val=00002e20 IF_pc=00000e30 IF_inst=00121223 ID_pc=00000e2c ID_inst=00812203 EX_pc=00000e28 EX_alu=00002f44 mem_stall=0 mem_commit=0 mem_we=0000 mem_addr=00002f3c mem_wd=00000000 mem_rd=00000000
COMMIT t=14665000 wb_pc=00000e24 wb_we=1 wb_rd=x2 wb_val=00002f3c IF_pc=00000e34 IF_inst=10221263 ID_pc=00000e30 ID_inst=00121223 EX_pc=00000e2c EX_alu=00002f44 mem_stall=1 mem_commit=0 mem_we=0000 mem_addr=00002f44 mem_wd=00002f3c mem_rd=12232233
COMMIT t=14675000 wb_pc=00000e24 wb_we=1 wb_rd=x2 wb_val=00002f3c IF_pc=00000e34 IF_inst=10221263 ID_pc=00000e30 ID_inst=00121223 EX_pc=00000e2c EX_alu=00002f44 mem_stall=0 mem_commit=1 mem_we=1111 mem_addr=00002f44 mem_wd=00002f3c mem_rd=00002f3c
MEM_WRITE t=14675000 pc=00000e24 addr=00002f44 wd=00002f3c ctrl=1
COMMIT t=14685000 wb_pc=00000e28 wb_we=0 wb_rd=x8 wb_val=00002f44 IF_pc=00000e34 IF_inst=10221263 ID_pc=00000e30 ID_inst=00121223 EX_pc=00000000 EX_alu=00000000 mem_stall=1 mem_commit=0 mem_we=0000 mem_addr=00002f44 mem_wd=00000000 mem_rd=00002f3c
COMMIT t=14725000 wb_pc=00000000 wb_we=0 wb_rd=x0 wb_val=00000004 IF_pc=00000e3c IF_inst=0e771e63 ID_pc=00000e38 ID_inst=00425703 EX_pc=00000e34 EX_alu=00000f38 mem_stall=0 mem_commit=1 mem_we=0011 mem_addr=00002f40 mem_wd=00001122 mem_rd=01121122
MEM_WRITE t=14725000 pc=00000000 addr=00002f40 wd=00001122 ctrl=1
COMMIT t=14735000 wb_pc=00000e30 wb_we=0 wb_rd=x4 wb_val=00002f40 IF_pc=00000e40 IF_inst=02f00193 ID_pc=00000e3c ID_inst=0e771e63 EX_pc=00000e38 EX_alu=00002f40 mem_stall=0 mem_commit=0 mem_we=0000 mem_addr=00000f38 mem_wd=00002f3c mem_rd=01121122
COMMIT t=14755000 wb_pc=00000e34 wb_we=0 wb_rd=x4 wb_val=00000f38 IF_pc=00000e40 IF_inst=02f00193 ID_pc=00000e3c ID_inst=0e771e63 EX_pc=00000000 EX_alu=00000000 mem_stall=0 mem_commit=1 mem_we=0000 mem_addr=00002f40 mem_wd=00002f3c mem_rd=01121122
COMMIT t=14785000 wb_pc=00000e3c wb_we=0 wb_rd=x28 wb_val=00000f38 IF_pc=00000e4c IF_inst=11200093 ID_pc=00000e48 ID_inst=0f810113 EX_pc=00000e44 EX_alu=00002e44 mem_stall=0 mem_commit=0 mem_we=0000 mem_addr=0000002f mem_wd=00000000 mem_rd=0ff0000f
COMMIT t=14795000 wb_pc=00000e40 wb_we=1 wb_rd=x3 wb_val=0000002f IF_pc=00000e50 IF_inst=00111323 ID_pc=00000e4c ID_inst=11200093 EX_pc=00000e48 EX_alu=00002f3c mem_stall=0 mem_commit=0 mem_we=0000 mem_addr=00002e44 mem_wd=00000000 mem_rd=000f0067
COMMIT t=14805000 wb_pc=00000e44 wb_we=1 wb_rd=x2 wb_val=00002e44 IF_pc=00000e54 IF_inst=00615703 ID_pc=00000e50 ID_inst=00111323 EX_pc=00000e4c EX_alu=00000112 mem_stall=0 mem_commit=0 mem_we=0000 mem_addr=00002f3c mem_wd=00000000 mem_rd=00000000
COMMIT t=14815000 wb_pc=00000e48 wb_we=1 wb_rd=x2 wb_val=00002f3c IF_pc=00000e54 IF_inst=00615703 ID_pc=00000e50 ID_inst=00111323 EX_pc=00000e50 EX_alu=00002f42 mem_stall=0 mem_commit=0 mem_we=0000 mem_addr=00000112 mem_wd=00000000 mem_rd=12232233
COMMIT t=14825000 wb_pc=00000e4c wb_we=1 wb_rd=x1 wb_val=00000112 IF_pc=00000e58 IF_inst=00e11323 ID_pc=00000e54 ID_inst=00615703 EX_pc=00000e50 EX_alu=00002f42 mem_stall=1 mem_commit=0 mem_we=0000 mem_addr=00002f42 mem_wd=00001122 mem_rd=00020703
COMMIT t=14845000 wb_pc=00000e50 wb_we=1 wb_rd=x0 wb_val=01121122 IF_pc=00000e5c IF_inst=00615103 ID_pc=00000e58 ID_inst=00e11323 EX_pc=00000e54 EX_alu=00002f42 mem_stall=1 mem_commit=0 mem_we=0000 mem_addr=00002f42 mem_wd=01120000 mem_rd=01121122
MEM_WRITE t=14855000 pc=00000e50 addr=00002f42 wd=01120000 ctrl=1
COMMIT t=14865000 wb_pc=00000e50 wb_we=0 wb_rd=x6 wb_val=00002f42 IF_pc=00000e5c IF_inst=00615103 ID_pc=00000e58 ID_inst=00e11323 EX_pc=00000000 EX_alu=00000000 mem_stall=1 mem_commit=0 mem_we=0000 mem_addr=00002f42 mem_wd=00000000 mem_rd=01121122
COMMIT t=14905000 wb_pc=00000000 wb_we=0 wb_rd=x0 wb_val=00000004 IF_pc=00000e64 IF_inst=0c711a63 ID_pc=00000e60 ID_inst=11200393 EX_pc=00000e5c EX_alu=00002f42 mem_stall=0 mem_commit=1 mem_we=1100 mem_addr=00002f42 mem_wd=01120000 mem_rd=01121122
MEM_WRITE t=14905000 pc=00000000 addr=00002f42 wd=01120000 ctrl=1
COMMIT t=14915000 wb_pc=00000e58 wb_we=0 wb_rd=x6 wb_val=00002f42 IF_pc=00000e68 IF_inst=00002117 ID_pc=00000e64 ID_inst=0c711a63 EX_pc=00000e60 EX_alu=00000112 mem_stall=1 mem_commit=0 mem_we=0000 mem_addr=00002f42 mem_wd=00000000 mem_rd=01121122
COMMIT t=14935000 wb_pc=00000e5c wb_we=1 wb_rd=x2 wb_val=00000112 IF_pc=00000e6c IF_inst=0d410113 ID_pc=00000e68 ID_inst=00002117 EX_pc=00000e64 EX_alu=00000f38 mem_stall=0 mem_commit=0 mem_we=0000 mem_addr=00000112 mem_wd=00000000 mem_rd=01121122
COMMIT t=14955000 wb_pc=00000e64 wb_we=0 wb_rd=x20 wb_val=00000f38 IF_pc=00000e74 IF_inst=00812203 ID_pc=00000e70 ID_inst=00212423 EX_pc=00000e6c EX_alu=00002f3c mem_stall=0 mem_commit=0 mem_we=0000 mem_addr=00002e68 mem_wd=00000000 mem_rd=0ff0000f
COMMIT t=14965000 wb_pc=00000e68 wb_we=1 wb_rd=x2 wb_val=00002e68 IF_pc=00000e78 IF_inst=00121323 ID_pc=00000e74 ID_inst=00812203 EX_pc=00000e70 EX_alu=00002f44 mem_stall=0 mem_commit=0 mem_we=0000 mem_addr=00002f3c mem_wd=00000000 mem_rd=00000000
COMMIT t=14975000 wb_pc=00000e6c wb_we=1 wb_rd=x2 wb_val=00002f3c IF_pc=00000e7c IF_inst=0a221e63 ID_pc=00000e78 ID_inst=00121323 EX_pc=00000e74 EX_alu=00002f44 mem_stall=1 mem_commit=0 mem_we=0000 mem_addr=00002f44 mem_wd=00002f3c mem_rd=12232233
COMMIT t=14985000 wb_pc=00000e6c wb_we=1 wb_rd=x2 wb_val=00002f3c IF_pc=00000e7c IF_inst=0a221e63 ID_pc=00000e78 ID_inst=00121323 EX_pc=00000e74 EX_alu=00002f44 mem_stall=0 mem_commit=1 mem_we=1111 mem_addr=00002f44 mem_wd=00002f3c mem_rd=00002f3c
MEM_WRITE t=14985000 pc=00000e6c addr=00002f44 wd=00002f3c ctrl=1
COMMIT t=14995000 wb_pc=00000e70 wb_we=0 wb_rd=x8 wb_val=00002f44 IF_pc=00000e7c IF_inst=0a221e63 ID_pc=00000e78 ID_inst=00121323 EX_pc=00000000 EX_alu=00000000 mem_stall=1 mem_commit=0 mem_we=0000 mem_addr=00002f44 mem_wd=00000000 mem_rd=00002f3c
COMMIT t=15035000 wb_pc=00000000 wb_we=0 wb_rd=x0 wb_val=00000004 IF_pc=00000e84 IF_inst=0a771a63 ID_pc=00000e80 ID_inst=00625703 EX_pc=00000e7c EX_alu=00000f38 mem_stall=0 mem_commit=1 mem_we=1100 mem_addr=00002f42 mem_wd=01120000 mem_rd=01121122
MEM_WRITE t=15035000 pc=00000000 addr=00002f42 wd=01120000 ctrl=1
COMMIT t=15045000 wb_pc=00000e78 wb_we=0 wb_rd=x6 wb_val=00002f42 IF_pc=00000e88 IF_inst=03000193 ID_pc=00000e84 ID_inst=0a771a63 EX_pc=00000e80 EX_alu=00002f42 mem_stall=0 mem_commit=0 mem_we=0000 mem_addr=00000f38 mem_wd=00002f3c mem_rd=01121122
COMMIT t=15065000 wb_pc=00000e7c wb_we=0 wb_rd=x28 wb_val=00000f38 IF_pc=00000e88 IF_inst=03000193 ID_pc=00000e84 ID_inst=0a771a63 EX_pc=00000000 EX_alu=00000000 mem_stall=0 mem_commit=1 mem_we=0000 mem_addr=00002f42 mem_wd=00000000 mem_rd=01121122
COMMIT t=15095000 wb_pc=00000e84 wb_we=0 wb_rd=x20 wb_val=00000f38 IF_pc=00000e94 IF_inst=01100093 ID_pc=00000e90 ID_inst=0b010113 EX_pc=00000e8c EX_alu=00002e8c mem_stall=0 mem_commit=0 mem_we=0000 mem_addr=00000030 mem_wd=00000000 mem_rd=0ff0000f
COMMIT t=15105000 wb_pc=00000e88 wb_we=1 wb_rd=x3 wb_val=00000030 IF_pc=00000e98 IF_inst=00111423 ID_pc=00000e94 ID_inst=01100093 EX_pc=00000e90 EX_alu=00002f3c mem_stall=0 mem_commit=0 mem_we=0000 mem_addr=00002e8c mem_wd=00000000 mem_rd=34202f73
COMMIT t=15115000 wb_pc=00000e8c wb_we=1 wb_rd=x2 wb_val=00002e8c IF_pc=00000e9c IF_inst=00815703 ID_pc=00000e98 ID_inst=00111423 EX_pc=00000e94 EX_alu=00000011 mem_stall=0 mem_commit=0 mem_we=0000 mem_addr=00002f3c mem_wd=00000000 mem_rd=00000000
COMMIT t=15125000 wb_pc=00000e90 wb_we=1 wb_rd=x2 wb_val=00002f3c IF_pc=00000e9c IF_inst=00815703 ID_pc=00000e98 ID_inst=00111423 EX_pc=00000e98 EX_alu=00002f44 mem_stall=0 mem_commit=0 mem_we=0000 mem_addr=00000011 mem_wd=00000000 mem_rd=12232233
COMMIT t=15135000 wb_pc=00000e94 wb_we=1 wb_rd=x1 wb_val=00000011 IF_pc=00000ea0 IF_inst=00e11423 ID_pc=00000e9c ID_inst=00815703 EX_pc=00000e98 EX_alu=00002f44 mem_stall=1 mem_commit=0 mem_we=0000 mem_addr=00002f44 mem_wd=00000112 mem_rd=00900f93
COMMIT t=15155000 wb_pc=00000e98 wb_we=1 wb_rd=x0 wb_val=00002f3c IF_pc=00000ea4 IF_inst=00815103 ID_pc=00000ea0 ID_inst=00e11423 EX_pc=00000e9c EX_alu=00002f44 mem_stall=1 mem_commit=0 mem_we=0000 mem_addr=00002f44 mem_wd=00000011 mem_rd=00002f3c
MEM_WRITE t=15165000 pc=00000e98 addr=00002f44 wd=00000011 ctrl=1
COMMIT t=15175000 wb_pc=00000e98 wb_we=0 wb_rd=x8 wb_val=00002f44 IF_pc=00000ea4 IF_inst=00815103 ID_pc=00000ea0 ID_inst=00e11423 EX_pc=00000000 EX_alu=00000000 mem_stall=1 mem_commit=0 mem_we=0000 mem_addr=00002f44 mem_wd=00000000 mem_rd=00000011
COMMIT t=15215000 wb_pc=00000000 wb_we=0 wb_rd=x0 wb_val=00000004 IF_pc=00000eac IF_inst=08711663 ID_pc=00000ea8 ID_inst=01100393 EX_pc=00000ea4 EX_alu=00002f44 mem_stall=0 mem_commit=1 mem_we=0011 mem_addr=00002f44 mem_wd=00000011 mem_rd=00000011
MEM_WRITE t=15215000 pc=00000000 addr=00002f44 wd=00000011 ctrl=1
COMMIT t=15225000 wb_pc=00000ea0 wb_we=0 wb_rd=x8 wb_val=00002f44 IF_pc=00000eb0 IF_inst=00002117 ID_pc=00000eac ID_inst=08711663 EX_pc=00000ea8 EX_alu=00000011 mem_stall=1 mem_commit=0 mem_we=0000 mem_addr=00002f44 mem_wd=00000000 mem_rd=00000011
COMMIT t=15245000 wb_pc=00000ea4 wb_we=1 wb_rd=x2 wb_val=00000011 IF_pc=00000eb4 IF_inst=08c10113 ID_pc=00000eb0 ID_inst=00002117 EX_pc=00000eac EX_alu=00000f38 mem_stall=0 mem_commit=0 mem_we=0000 mem_addr=00000011 mem_wd=00000000 mem_rd=00000011
COMMIT t=15265000 wb_pc=00000eac wb_we=0 wb_rd=x12 wb_val=00000f38 IF_pc=00000ebc IF_inst=00812203 ID_pc=00000eb8 ID_inst=00212423 EX_pc=00000eb4 EX_alu=00002f3c mem_stall=0 mem_commit=0 mem_we=0000 mem_addr=00002eb0 mem_wd=00000000 mem_rd=0ff0000f
COMMIT t=15275000 wb_pc=00000eb0 wb_we=1 wb_rd=x2 wb_val=00002eb0 IF_pc=00000ec0 IF_inst=00121423 ID_pc=00000ebc ID_inst=00812203 EX_pc=00000eb8 EX_alu=00002f44 mem_stall=0 mem_commit=0 mem_we=0000 mem_addr=00002f3c mem_wd=00000000 mem_rd=00000000
COMMIT t=15285000 wb_pc=00000eb4 wb_we=1 wb_rd=x2 wb_val=00002f3c IF_pc=00000ec4 IF_inst=06221a63 ID_pc=00000ec0 ID_inst=00121423 EX_pc=00000ebc EX_alu=00002f44 mem_stall=1 mem_commit=0 mem_we=0000 mem_addr=00002f44 mem_wd=00002f3c mem_rd=12232233
COMMIT t=15295000 wb_pc=00000eb4 wb_we=1 wb_rd=x2 wb_val=00002f3c IF_pc=00000ec4 IF_inst=06221a63 ID_pc=00000ec0 ID_inst=00121423 EX_pc=00000ebc EX_alu=00002f44 mem_stall=0 mem_commit=1 mem_we=1111 mem_addr=00002f44 mem_wd=00002f3c mem_rd=00000011
MEM_WRITE t=15295000 pc=00000eb4 addr=00002f44 wd=00002f3c ctrl=1
COMMIT t=15305000 wb_pc=00000eb8 wb_we=0 wb_rd=x8 wb_val=00002f44 IF_pc=00000ec4 IF_inst=06221a63 ID_pc=00000ec0 ID_inst=00121423 EX_pc=00000000 EX_alu=00000000 mem_stall=1 mem_commit=0 mem_we=0000 mem_addr=00002f44 mem_wd=00000000 mem_rd=00002f3c
COMMIT t=15345000 wb_pc=00000000 wb_we=0 wb_rd=x0 wb_val=00000004 IF_pc=00000ecc IF_inst=06771663 ID_pc=00000ec8 ID_inst=00825703 EX_pc=00000ec4 EX_alu=00000f38 mem_stall=0 mem_commit=1 mem_we=0011 mem_addr=00002f44 mem_wd=00000011 mem_rd=00002f3c
MEM_WRITE t=15345000 pc=00000000 addr=00002f44 wd=00000011 ctrl=1
COMMIT t=15355000 wb_pc=00000ec0 wb_we=0 wb_rd=x8 wb_val=00002f44 IF_pc=00000ed0 IF_inst=03100193 ID_pc=00000ecc ID_inst=06771663 EX_pc=00000ec8 EX_alu=00002f44 mem_stall=0 mem_commit=0 mem_we=0000 mem_addr=00000f38 mem_wd=00002f3c mem_rd=00000011
COMMIT t=15375000 wb_pc=00000ec4 wb_we=0 wb_rd=x20 wb_val=00000f38 IF_pc=00000ed0 IF_inst=03100193 ID_pc=00000ecc ID_inst=06771663 EX_pc=00000000 EX_alu=00000000 mem_stall=0 mem_commit=1 mem_we=0000 mem_addr=00002f44 mem_wd=00000000 mem_rd=00000011
COMMIT t=15405000 wb_pc=00000ecc wb_we=0 wb_rd=x12 wb_val=00000f38 IF_pc=00000edc IF_inst=000030b7 ID_pc=00000ed8 ID_inst=06810113 EX_pc=00000ed4 EX_alu=00002ed4 mem_stall=0 mem_commit=0 mem_we=0000 mem_addr=00000031 mem_wd=00000000 mem_rd=0ff0000f
COMMIT t=15415000 wb_pc=00000ed0 wb_we=1 wb_rd=x3 wb_val=00000031 IF_pc=00000ee0 IF_inst=00108093 ID_pc=00000edc ID_inst=000030b7 EX_pc=00000ed8 EX_alu=00002f3c mem_stall=0 mem_commit=0 mem_we=0000 mem_addr=00002ed4 mem_wd=00000000 mem_rd=34202f73
COMMIT t=15425000 wb_pc=00000ed4 wb_we=1 wb_rd=x2 wb_val=00002ed4 IF_pc=00000ee4 IF_inst=00111523 ID_pc=00000ee0 ID_inst=00108093 EX_pc=00000edc EX_alu=00003000 mem_stall=0 mem_commit=0 mem_we=0000 mem_addr=00002f3c mem_wd=00000000 mem_rd=00000000
COMMIT t=15435000 wb_pc=00000ed8 wb_we=1 wb_rd=x2 wb_val=00002f3c IF_pc=00000ee8 IF_inst=00a15703 ID_pc=00000ee4 ID_inst=00111523 EX_pc=00000ee0 EX_alu=00003001 mem_stall=0 mem_commit=0 mem_we=0000 mem_addr=00003000 mem_wd=00000000 mem_rd=12232233
COMMIT t=15445000 wb_pc=00000edc wb_we=1 wb_rd=x1 wb_val=00003000 IF_pc=00000ee8 IF_inst=00a15703 ID_pc=00000ee4 ID_inst=00111523 EX_pc=00000ee4 EX_alu=00002f46 mem_stall=0 mem_commit=0 mem_we=0000 mem_addr=00003001 mem_wd=00000000 mem_rd=00000000
COMMIT t=15455000 wb_pc=00000ee0 wb_we=1 wb_rd=x1 wb_val=00003001 IF_pc=00000eec IF_inst=00e11523 ID_pc=00000ee8 ID_inst=00a15703 EX_pc=00000ee4 EX_alu=00002f46 mem_stall=1 mem_commit=0 mem_we=0000 mem_addr=00002f46 mem_wd=00000011 mem_rd=00000000
COMMIT t=15475000 wb_pc=00000ee4 wb_we=1 wb_rd=x0 wb_val=00000011 IF_pc=00000ef0 IF_inst=00a15103 ID_pc=00000eec ID_inst=00e11523 EX_pc=00000ee8 EX_alu=00002f46 mem_stall=1 mem_commit=0 mem_we=0000 mem_addr=00002f46 mem_wd=30010000 mem_rd=00000011
MEM_WRITE t=15485000 pc=00000ee4 addr=00002f46 wd=30010000 ctrl=1
COMMIT t=15495000 wb_pc=00000ee4 wb_we=0 wb_rd=x10 wb_val=00002f46 IF_pc=00000ef0 IF_inst=00a15103 ID_pc=00000eec ID_inst=00e11523 EX_pc=00000000 EX_alu=00000000 mem_stall=1 mem_commit=0 mem_we=0000 mem_addr=00002f46 mem_wd=00000000 mem_rd=30010011
COMMIT t=15535000 wb_pc=00000000 wb_we=0 wb_rd=x0 wb_val=00000004 IF_pc=00000ef8 IF_inst=00138393 ID_pc=00000ef4 ID_inst=000033b7 EX_pc=00000ef0 EX_alu=00002f46 mem_stall=0 mem_commit=1 mem_we=1100 mem_addr=00002f46 mem_wd=30010000 mem_rd=30010011
MEM_WRITE t=15535000 pc=00000000 addr=00002f46 wd=30010000 ctrl=1
COMMIT t=15545000 wb_pc=00000eec wb_we=0 wb_rd=x10 wb_val=00002f46 IF_pc=00000efc IF_inst=02711e63 ID_pc=00000ef8 ID_inst=00138393 EX_pc=00000ef4 EX_alu=00003000 mem_stall=1 mem_commit=0 mem_we=0000 mem_addr=00002f46 mem_wd=00000000 mem_rd=30010011
COMMIT t=15565000 wb_pc=00000ef0 wb_we=1 wb_rd=x2 wb_val=00003001 IF_pc=00000f00 IF_inst=00002117 ID_pc=00000efc ID_inst=02711e63 EX_pc=00000ef8 EX_alu=00003001 mem_stall=0 mem_commit=0 mem_we=0000 mem_addr=00003000 mem_wd=00000000 mem_rd=30010011
COMMIT t=15585000 wb_pc=00000ef8 wb_we=1 wb_rd=x7 wb_val=00003001 IF_pc=00000f08 IF_inst=00212423 ID_pc=00000f04 ID_inst=03c10113 EX_pc=00000f00 EX_alu=00002f00 mem_stall=0 mem_commit=0 mem_we=0000 mem_addr=00000f38 mem_wd=00003001 mem_rd=00000000
COMMIT t=15595000 wb_pc=00000efc wb_we=0 wb_rd=x28 wb_val=00000f38 IF_pc=00000f0c IF_inst=00812203 ID_pc=00000f08 ID_inst=00212423 EX_pc=00000f04 EX_alu=00002f3c mem_stall=0 mem_commit=0 mem_we=0000 mem_addr=00002f00 mem_wd=00000000 mem_rd=0ff0000f
COMMIT t=15605000 wb_pc=00000f00 wb_we=1 wb_rd=x2 wb_val=00002f00 IF_pc=00000f10 IF_inst=00121523 ID_pc=00000f0c ID_inst=00812203 EX_pc=00000f08 EX_alu=00002f44 mem_stall=0 mem_commit=0 mem_we=0000 mem_addr=00002f3c mem_wd=00000000 mem_rd=00000000
COMMIT t=15615000 wb_pc=00000f04 wb_we=1 wb_rd=x2 wb_val=00002f3c IF_pc=00000f14 IF_inst=02221263 ID_pc=00000f10 ID_inst=00121523 EX_pc=00000f0c EX_alu=00002f44 mem_stall=1 mem_commit=0 mem_we=0000 mem_addr=00002f44 mem_wd=00002f3c mem_rd=12232233
COMMIT t=15625000 wb_pc=00000f04 wb_we=1 wb_rd=x2 wb_val=00002f3c IF_pc=00000f14 IF_inst=02221263 ID_pc=00000f10 ID_inst=00121523 EX_pc=00000f0c EX_alu=00002f44 mem_stall=0 mem_commit=1 mem_we=1111 mem_addr=00002f44 mem_wd=00002f3c mem_rd=30010011
MEM_WRITE t=15625000 pc=00000f04 addr=00002f44 wd=00002f3c ctrl=1
COMMIT t=15635000 wb_pc=00000f08 wb_we=0 wb_rd=x8 wb_val=00002f44 IF_pc=00000f14 IF_inst=02221263 ID_pc=00000f10 ID_inst=00121523 EX_pc=00000000 EX_alu=00000000 mem_stall=1 mem_commit=0 mem_we=0000 mem_addr=00002f44 mem_wd=00000000 mem_rd=00002f3c
COMMIT t=15675000 wb_pc=00000000 wb_we=0 wb_rd=x0 wb_val=00000004 IF_pc=00000f1c IF_inst=00771e63 ID_pc=00000f18 ID_inst=00a25703 EX_pc=00000f14 EX_alu=00000f38 mem_stall=0 mem_commit=1 mem_we=1100 mem_addr=00002f46 mem_wd=30010000 mem_rd=00002f3c
MEM_WRITE t=15675000 pc=00000000 addr=00002f46 wd=30010000 ctrl=1
COMMIT t=15685000 wb_pc=00000f10 wb_we=0 wb_rd=x10 wb_val=00002f46 IF_pc=00000f20 IF_inst=0ef00513 ID_pc=00000f1c ID_inst=00771e63 EX_pc=00000f18 EX_alu=00002f46 mem_stall=0 mem_commit=0 mem_we=0000 mem_addr=00000f38 mem_wd=00002f3c mem_rd=30012f3c
COMMIT t=15705000 wb_pc=00000f14 wb_we=0 wb_rd=x4 wb_val=00000f38 IF_pc=00000f20 IF_inst=0ef00513 ID_pc=00000f1c ID_inst=00771e63 EX_pc=00000000 EX_alu=00000000 mem_stall=0 mem_commit=1 mem_we=0000 mem_addr=00002f46 mem_wd=00000000 mem_rd=30012f3c
COMMIT t=15735000 wb_pc=00000f1c wb_we=0 wb_rd=x28 wb_val=00000f38 IF_pc=00000f2c IF_inst=00a581a3 ID_pc=00000f28 ID_inst=01858593 EX_pc=00000f24 EX_alu=00002f24 mem_stall=0 mem_commit=0 mem_we=0000 mem_addr=000000ef mem_wd=00000000 mem_rd=0ff0000f
COMMIT t=15745000 wb_pc=00000f20 wb_we=1 wb_rd=x10 wb_val=000000ef IF_pc=00000f30 IF_inst=00358603 ID_pc=00000f2c ID_inst=00a581a3 EX_pc=00000f28 EX_alu=00002f3c mem_stall=0 mem_commit=0 mem_we=0000 mem_addr=00002f24 mem_wd=00000000 mem_rd=00010103
COMMIT t=15755000 wb_pc=00000f24 wb_we=1 wb_rd=x11 wb_val=00002f24 IF_pc=00000f30 IF_inst=00358603 ID_pc=00000f2c ID_inst=00a581a3 EX_pc=00000f2c EX_alu=00002f3f mem_stall=0 mem_commit=0 mem_we=0000 mem_addr=00002f3c mem_wd=00000000 mem_rd=00000000
COMMIT t=15765000 wb_pc=00000f28 wb_we=1 wb_rd=x11 wb_val=00002f3c IF_pc=00000f34 IF_inst=00301c63 ID_pc=00000f30 ID_inst=00358603 EX_pc=00000f2c EX_alu=00002f3f mem_stall=1 mem_commit=0 mem_we=0000 mem_addr=00002f3f mem_wd=000000ef mem_rd=12232233
COMMIT t=15785000 wb_pc=00000f2c wb_we=1 wb_rd=x0 wb_val=12232233 IF_pc=00000f38 IF_inst=0ff0000f ID_pc=00000f34 ID_inst=00301c63 EX_pc=00000f30 EX_alu=00002f3f mem_stall=1 mem_commit=0 mem_we=0000 mem_addr=00002f3f mem_wd=ef000000 mem_rd=12232233
MEM_WRITE t=15795000 pc=00000f2c addr=00002f3f wd=ef000000 ctrl=1
COMMIT t=15805000 wb_pc=00000f2c wb_we=0 wb_rd=x3 wb_val=00002f3f IF_pc=00000f3c IF_inst=800002b7 ID_pc=00000f38 ID_inst=0ff0000f EX_pc=00000f34 EX_alu=00000f4c mem_stall=1 mem_commit=0 mem_we=0000 mem_addr=00002f3f mem_wd=31000000 mem_rd=ef232233
COMMIT t=15825000 wb_pc=00000f30 wb_we=1 wb_rd=x12 wb_val=ffffffef IF_pc=00000000 IF_inst=00000013 ID_pc=00000000 ID_inst=00000013 EX_pc=00000000 EX_alu=00000000 mem_stall=0 mem_commit=0 mem_we=0000 mem_addr=00000f4c mem_wd=00000031 mem_rd=ef232233
COMMIT t=15865000 wb_pc=00000000 wb_we=1 wb_rd=x0 wb_val=00000000 IF_pc=00000f54 IF_inst=00100313 ID_pc=00000f50 ID_inst=800002b7 EX_pc=00000f4c EX_alu=000000ff mem_stall=0 mem_commit=0 mem_we=0000 mem_addr=00000000 mem_wd=00000000 mem_rd=0540006f
COMMIT t=15875000 wb_pc=00000000 wb_we=1 wb_rd=x0 wb_val=00000000 IF_pc=00000f58 IF_inst=0062a023 ID_pc=00000f54 ID_inst=00100313 EX_pc=00000f50 EX_alu=80000000 mem_stall=0 mem_commit=0 mem_we=0000 mem_addr=000000ff mem_wd=00000000 mem_rd=0540006f
COMMIT t=15885000 wb_pc=00000f4c wb_we=0 wb_rd=x0 wb_val=000000ff IF_pc=00000f5c IF_inst=0000006f ID_pc=00000f58 ID_inst=0062a023 EX_pc=00000f54 EX_alu=00000001 mem_stall=0 mem_commit=0 mem_we=0000 mem_addr=80000000 mem_wd=00000000 mem_rd=e4410113
COMMIT t=15895000 wb_pc=00000f50 wb_we=1 wb_rd=x5 wb_val=80000000 IF_pc=00000f60 IF_inst=c0001073 ID_pc=00000f5c ID_inst=0000006f EX_pc=00000f58 EX_alu=80000000 mem_stall=0 mem_commit=0 mem_we=0000 mem_addr=00000001 mem_wd=00000100 mem_rd=00000000
COMMIT t=15905000 wb_pc=00000f54 wb_we=1 wb_rd=x6 wb_val=00000001 IF_pc=00000f64 IF_inst=00000000 ID_pc=00000f60 ID_inst=c0001073 EX_pc=00000f5c EX_alu=00000f5c mem_stall=1 mem_commit=0 mem_we=0000 mem_addr=80000000 mem_wd=00000001 mem_rd=0540006f
COMMIT t=15915000 wb_pc=00000f54 wb_we=1 wb_rd=x6 wb_val=00000001 IF_pc=00000000 IF_inst=00000013 ID_pc=00000000 ID_inst=00000013 EX_pc=00000f5c EX_alu=00000f5c mem_stall=0 mem_commit=1 mem_we=1111 mem_addr=80000000 mem_wd=00000001 mem_rd=00000000
MEM_WRITE t=15915000 pc=00000f54 addr=80000000 wd=00000001 ctrl=1
RESULT PASS pc=00000f54 time=15915000

--- console ---
START test_current.mem
RESULT PASS test_current.mem pc=00000f54 time=15915000
D:\riscv32_pipeline\riscv32_pipeline.srcs\sim_1\new\tb_bram_batch.v:142: $finish called at 15915000 (1ps)

