TRACE t=5000 wb_have=x pcIF=xxxxxxxx instIF=xxxxxxxx pcID=xxxxxxxx instID=xxxxxxxx pcEX=xxxxxxxx aluMEM=xxxxxxxx mem_stall=x mem_waited=x mem_addr=xxxxxxxx mem_we=xxxx mem_rd=00000000
START test_current.mem
TRACE t=115000 wb_have=0 pcIF=00000000 instIF=00000013 pcID=00000000 instID=00000000 pcEX=00000000 aluMEM=00000000 mem_stall=0 mem_waited=0 mem_addr=00000000 mem_we=0000 mem_rd=0540006f
TRACE t=125000 wb_have=0 pcIF=00000000 instIF=00000013 pcID=00000000 instID=00000013 pcEX=00000000 aluMEM=00000000 mem_stall=0 mem_waited=0 mem_addr=00000000 mem_we=0000 mem_rd=0540006f
TRACE t=135000 wb_have=0 pcIF=00000000 instIF=0540006f pcID=00000000 instID=00000013 pcEX=00000000 aluMEM=00000000 mem_stall=0 mem_waited=0 mem_addr=00000000 mem_we=0000 mem_rd=0540006f
TRACE t=145000 wb_have=0 pcIF=00000004 instIF=34202f73 pcID=00000000 instID=0540006f pcEX=00000000 aluMEM=00000000 mem_stall=0 mem_waited=0 mem_addr=00000000 mem_we=0000 mem_rd=0540006f
TRACE t=155000 wb_have=0 pcIF=00000008 instIF=00800f93 pcID=00000004 instID=34202f73 pcEX=00000000 aluMEM=00000000 mem_stall=0 mem_waited=0 mem_addr=00000000 mem_we=0000 mem_rd=0540006f
TRACE t=165000 wb_have=1 pcIF=00000000 instIF=00000013 pcID=00000000 instID=00000013 pcEX=00000000 aluMEM=00000054 mem_stall=0 mem_waited=0 mem_addr=00000054 mem_we=0000 mem_rd=0540006f
COMMIT t=165000 wb_pc=00000000 wb_we=1 wb_rd=x0 wb_val=00000000 IF_pc=00000000 IF_inst=00000013 ID_pc=00000000 ID_inst=00000013 EX_pc=00000000 EX_alu=00000000 mem_stall=0 mem_commit=0 mem_we=0000 mem_addr=00000054 mem_wd=00000000 mem_rd=0540006f
TRACE t=175000 wb_have=1 pcIF=00000000 instIF=00000013 pcID=00000000 instID=00000013 pcEX=00000000 aluMEM=00000000 mem_stall=0 mem_waited=0 mem_addr=00000000 mem_we=0000 mem_rd=00000093
COMMIT t=175000 wb_pc=00000000 wb_we=1 wb_rd=x0 wb_val=00000004 IF_pc=00000000 IF_inst=00000013 ID_pc=00000000 ID_inst=00000013 EX_pc=00000000 EX_alu=00000000 mem_stall=0 mem_commit=0 mem_we=0000 mem_addr=00000000 mem_wd=00000000 mem_rd=00000093
TRACE t=185000 wb_have=0 pcIF=00000054 instIF=00000093 pcID=00000000 instID=00000013 pcEX=00000000 aluMEM=00000000 mem_stall=0 mem_waited=0 mem_addr=00000000 mem_we=0000 mem_rd=0540006f
TRACE t=195000 wb_have=0 pcIF=00000058 instIF=00000113 pcID=00000054 instID=00000093 pcEX=00000000 aluMEM=00000000 mem_stall=0 mem_waited=0 mem_addr=00000000 mem_we=0000 mem_rd=0540006f
TRACE t=205000 wb_have=1 pcIF=0000005c instIF=00000193 pcID=00000058 instID=00000113 pcEX=00000054 aluMEM=00000000 mem_stall=0 mem_waited=0 mem_addr=00000000 mem_we=0000 mem_rd=0540006f
COMMIT t=205000 wb_pc=00000000 wb_we=1 wb_rd=x0 wb_val=00000000 IF_pc=0000005c IF_inst=00000193 ID_pc=00000058 ID_inst=00000113 EX_pc=00000054 EX_alu=00000000 mem_stall=0 mem_commit=0 mem_we=0000 mem_addr=00000000 mem_wd=00000000 mem_rd=0540006f
TRACE t=215000 wb_have=1 pcIF=00000060 instIF=00000213 pcID=0000005c instID=00000193 pcEX=00000058 aluMEM=00000000 mem_stall=0 mem_waited=0 mem_addr=00000000 mem_we=0000 mem_rd=0540006f
COMMIT t=215000 wb_pc=00000000 wb_we=1 wb_rd=x0 wb_val=00000000 IF_pc=00000060 IF_inst=00000213 ID_pc=0000005c ID_inst=00000193 EX_pc=00000058 EX_alu=00000000 mem_stall=0 mem_commit=0 mem_we=0000 mem_addr=00000000 mem_wd=00000000 mem_rd=0540006f
TRACE t=225000 wb_have=1 pcIF=00000064 instIF=00000293 pcID=00000060 instID=00000213 pcEX=0000005c aluMEM=00000000 mem_stall=0 mem_waited=0 mem_addr=00000000 mem_we=0000 mem_rd=0540006f
COMMIT t=225000 wb_pc=00000054 wb_we=1 wb_rd=x1 wb_val=00000000 IF_pc=00000064 IF_inst=00000293 ID_pc=00000060 ID_inst=00000213 EX_pc=0000005c EX_alu=00000000 mem_stall=0 mem_commit=0 mem_we=0000 mem_addr=00000000 mem_wd=00000000 mem_rd=0540006f
TRACE t=235000 wb_have=1 pcIF=00000068 instIF=00000313 pcID=00000064 instID=00000293 pcEX=00000060 aluMEM=00000000 mem_stall=0 mem_waited=0 mem_addr=00000000 mem_we=0000 mem_rd=0540006f
COMMIT t=235000 wb_pc=00000058 wb_we=1 wb_rd=x2 wb_val=00000000 IF_pc=00000068 IF_inst=00000313 ID_pc=00000064 ID_inst=00000293 EX_pc=00000060 EX_alu=00000000 mem_stall=0 mem_commit=0 mem_we=0000 mem_addr=00000000 mem_wd=00000000 mem_rd=0540006f
TRACE t=245000 wb_have=1 pcIF=0000006c instIF=00000393 pcID=00000068 instID=00000313 pcEX=00000064 aluMEM=00000000 mem_stall=0 mem_waited=0 mem_addr=00000000 mem_we=0000 mem_rd=0540006f
COMMIT t=245000 wb_pc=0000005c wb_we=1 wb_rd=x3 wb_val=00000000 IF_pc=0000006c IF_inst=00000393 ID_pc=00000068 ID_inst=00000313 EX_pc=00000064 EX_alu=00000000 mem_stall=0 mem_commit=0 mem_we=0000 mem_addr=00000000 mem_wd=00000000 mem_rd=0540006f
TRACE t=255000 wb_have=1 pcIF=00000070 instIF=00000413 pcID=0000006c instID=00000393 pcEX=00000068 aluMEM=00000000 mem_stall=0 mem_waited=0 mem_addr=00000000 mem_we=0000 mem_rd=0540006f
COMMIT t=255000 wb_pc=00000060 wb_we=1 wb_rd=x4 wb_val=00000000 IF_pc=00000070 IF_inst=00000413 ID_pc=0000006c ID_inst=00000393 EX_pc=00000068 EX_alu=00000000 mem_stall=0 mem_commit=0 mem_we=0000 mem_addr=00000000 mem_wd=00000000 mem_rd=0540006f
TRACE t=265000 wb_have=1 pcIF=00000074 instIF=00000493 pcID=00000070 instID=00000413 pcEX=0000006c aluMEM=00000000 mem_stall=0 mem_waited=0 mem_addr=00000000 mem_we=0000 mem_rd=0540006f
COMMIT t=265000 wb_pc=00000064 wb_we=1 wb_rd=x5 wb_val=00000000 IF_pc=00000074 IF_inst=00000493 ID_pc=00000070 ID_inst=00000413 EX_pc=0000006c EX_alu=00000000 mem_stall=0 mem_commit=0 mem_we=0000 mem_addr=00000000 mem_wd=00000000 mem_rd=0540006f
TRACE t=275000 wb_have=1 pcIF=00000078 instIF=00000513 pcID=00000074 instID=00000493 pcEX=00000070 aluMEM=00000000 mem_stall=0 mem_waited=0 mem_addr=00000000 mem_we=0000 mem_rd=0540006f
COMMIT t=275000 wb_pc=00000068 wb_we=1 wb_rd=x6 wb_val=00000000 IF_pc=00000078 IF_inst=00000513 ID_pc=00000074 ID_inst=00000493 EX_pc=00000070 EX_alu=00000000 mem_stall=0 mem_commit=0 mem_we=0000 mem_addr=00000000 mem_wd=00000000 mem_rd=0540006f
TRACE t=285000 wb_have=1 pcIF=0000007c instIF=00000593 pcID=00000078 instID=00000513 pcEX=00000074 aluMEM=00000000 mem_stall=0 mem_waited=0 mem_addr=00000000 mem_we=0000 mem_rd=0540006f
COMMIT t=285000 wb_pc=0000006c wb_we=1 wb_rd=x7 wb_val=00000000 IF_pc=0000007c IF_inst=00000593 ID_pc=00000078 ID_inst=00000513 EX_pc=00000074 EX_alu=00000000 mem_stall=0 mem_commit=0 mem_we=0000 mem_addr=00000000 mem_wd=00000000 mem_rd=0540006f
TRACE t=295000 wb_have=1 pcIF=00000080 instIF=00000613 pcID=0000007c instID=00000593 pcEX=00000078 aluMEM=00000000 mem_stall=0 mem_waited=0 mem_addr=00000000 mem_we=0000 mem_rd=0540006f
COMMIT t=295000 wb_pc=00000070 wb_we=1 wb_rd=x8 wb_val=00000000 IF_pc=00000080 IF_inst=00000613 ID_pc=0000007c ID_inst=00000593 EX_pc=00000078 EX_alu=00000000 mem_stall=0 mem_commit=0 mem_we=0000 mem_addr=00000000 mem_wd=00000000 mem_rd=0540006f
TRACE t=305000 wb_have=1 pcIF=00000084 instIF=00000693 pcID=00000080 instID=00000613 pcEX=0000007c aluMEM=00000000 mem_stall=0 mem_waited=0 mem_addr=00000000 mem_we=0000 mem_rd=0540006f
COMMIT t=305000 wb_pc=00000074 wb_we=1 wb_rd=x9 wb_val=00000000 IF_pc=00000084 IF_inst=00000693 ID_pc=00000080 ID_inst=00000613 EX_pc=0000007c EX_alu=00000000 mem_stall=0 mem_commit=0 mem_we=0000 mem_addr=00000000 mem_wd=00000000 mem_rd=0540006f
TRACE t=315000 wb_have=1 pcIF=00000088 instIF=00000713 pcID=00000084 instID=00000693 pcEX=00000080 aluMEM=00000000 mem_stall=0 mem_waited=0 mem_addr=00000000 mem_we=0000 mem_rd=0540006f
COMMIT t=315000 wb_pc=00000078 wb_we=1 wb_rd=x10 wb_val=00000000 IF_pc=00000088 IF_inst=00000713 ID_pc=00000084 ID_inst=00000693 EX_pc=00000080 EX_alu=00000000 mem_stall=0 mem_commit=0 mem_we=0000 mem_addr=00000000 mem_wd=00000000 mem_rd=0540006f
TRACE t=325000 wb_have=1 pcIF=0000008c instIF=00000793 pcID=00000088 instID=00000713 pcEX=00000084 aluMEM=00000000 mem_stall=0 mem_waited=0 mem_addr=00000000 mem_we=0000 mem_rd=0540006f
COMMIT t=325000 wb_pc=0000007c wb_we=1 wb_rd=x11 wb_val=00000000 IF_pc=0000008c IF_inst=00000793 ID_pc=00000088 ID_inst=00000713 EX_pc=00000084 EX_alu=00000000 mem_stall=0 mem_commit=0 mem_we=0000 mem_addr=00000000 mem_wd=00000000 mem_rd=0540006f
TRACE t=335000 wb_have=1 pcIF=00000090 instIF=00000813 pcID=0000008c instID=00000793 pcEX=00000088 aluMEM=00000000 mem_stall=0 mem_waited=0 mem_addr=00000000 mem_we=0000 mem_rd=0540006f
COMMIT t=335000 wb_pc=00000080 wb_we=1 wb_rd=x12 wb_val=00000000 IF_pc=00000090 IF_inst=00000813 ID_pc=0000008c ID_inst=00000793 EX_pc=00000088 EX_alu=00000000 mem_stall=0 mem_commit=0 mem_we=0000 mem_addr=00000000 mem_wd=00000000 mem_rd=0540006f
TRACE t=345000 wb_have=1 pcIF=00000094 instIF=00000893 pcID=00000090 instID=00000813 pcEX=0000008c aluMEM=00000000 mem_stall=0 mem_waited=0 mem_addr=00000000 mem_we=0000 mem_rd=0540006f
COMMIT t=345000 wb_pc=00000084 wb_we=1 wb_rd=x13 wb_val=00000000 IF_pc=00000094 IF_inst=00000893 ID_pc=00000090 ID_inst=00000813 EX_pc=0000008c EX_alu=00000000 mem_stall=0 mem_commit=0 mem_we=0000 mem_addr=00000000 mem_wd=00000000 mem_rd=0540006f
TRACE t=355000 wb_have=1 pcIF=00000098 instIF=00000913 pcID=00000094 instID=00000893 pcEX=00000090 aluMEM=00000000 mem_stall=0 mem_waited=0 mem_addr=00000000 mem_we=0000 mem_rd=0540006f
COMMIT t=355000 wb_pc=00000088 wb_we=1 wb_rd=x14 wb_val=00000000 IF_pc=00000098 IF_inst=00000913 ID_pc=00000094 ID_inst=00000893 EX_pc=00000090 EX_alu=00000000 mem_stall=0 mem_commit=0 mem_we=0000 mem_addr=00000000 mem_wd=00000000 mem_rd=0540006f
TRACE t=365000 wb_have=1 pcIF=0000009c instIF=00000993 pcID=00000098 instID=00000913 pcEX=00000094 aluMEM=00000000 mem_stall=0 mem_waited=0 mem_addr=00000000 mem_we=0000 mem_rd=0540006f
COMMIT t=365000 wb_pc=0000008c wb_we=1 wb_rd=x15 wb_val=00000000 IF_pc=0000009c IF_inst=00000993 ID_pc=00000098 ID_inst=00000913 EX_pc=00000094 EX_alu=00000000 mem_stall=0 mem_commit=0 mem_we=0000 mem_addr=00000000 mem_wd=00000000 mem_rd=0540006f
TRACE t=375000 wb_have=1 pcIF=000000a0 instIF=00000a13 pcID=0000009c instID=00000993 pcEX=00000098 aluMEM=00000000 mem_stall=0 mem_waited=0 mem_addr=00000000 mem_we=0000 mem_rd=0540006f
COMMIT t=375000 wb_pc=00000090 wb_we=1 wb_rd=x16 wb_val=00000000 IF_pc=000000a0 IF_inst=00000a13 ID_pc=0000009c ID_inst=00000993 EX_pc=00000098 EX_alu=00000000 mem_stall=0 mem_commit=0 mem_we=0000 mem_addr=00000000 mem_wd=00000000 mem_rd=0540006f
TRACE t=385000 wb_have=1 pcIF=000000a4 instIF=00000a93 pcID=000000a0 instID=00000a13 pcEX=0000009c aluMEM=00000000 mem_stall=0 mem_waited=0 mem_addr=00000000 mem_we=0000 mem_rd=0540006f
COMMIT t=385000 wb_pc=00000094 wb_we=1 wb_rd=x17 wb_val=00000000 IF_pc=000000a4 IF_inst=00000a93 ID_pc=000000a0 ID_inst=00000a13 EX_pc=0000009c EX_alu=00000000 mem_stall=0 mem_commit=0 mem_we=0000 mem_addr=00000000 mem_wd=00000000 mem_rd=0540006f
TRACE t=395000 wb_have=1 pcIF=000000a8 instIF=00000b13 pcID=000000a4 instID=00000a93 pcEX=000000a0 aluMEM=00000000 mem_stall=0 mem_waited=0 mem_addr=00000000 mem_we=0000 mem_rd=0540006f
COMMIT t=395000 wb_pc=00000098 wb_we=1 wb_rd=x18 wb_val=00000000 IF_pc=000000a8 IF_inst=00000b13 ID_pc=000000a4 ID_inst=00000a93 EX_pc=000000a0 EX_alu=00000000 mem_stall=0 mem_commit=0 mem_we=0000 mem_addr=00000000 mem_wd=00000000 mem_rd=0540006f
TRACE t=405000 wb_have=1 pcIF=000000ac instIF=00000b93 pcID=000000a8 instID=00000b13 pcEX=000000a4 aluMEM=00000000 mem_stall=0 mem_waited=0 mem_addr=00000000 mem_we=0000 mem_rd=0540006f
COMMIT t=405000 wb_pc=0000009c wb_we=1 wb_rd=x19 wb_val=00000000 IF_pc=000000ac IF_inst=00000b93 ID_pc=000000a8 ID_inst=00000b13 EX_pc=000000a4 EX_alu=00000000 mem_stall=0 mem_commit=0 mem_we=0000 mem_addr=00000000 mem_wd=00000000 mem_rd=0540006f
TRACE t=415000 wb_have=1 pcIF=000000b0 instIF=00000c13 pcID=000000ac instID=00000b93 pcEX=000000a8 aluMEM=00000000 mem_stall=0 mem_waited=0 mem_addr=00000000 mem_we=0000 mem_rd=0540006f
COMMIT t=415000 wb_pc=000000a0 wb_we=1 wb_rd=x20 wb_val=00000000 IF_pc=000000b0 IF_inst=00000c13 ID_pc=000000ac ID_inst=00000b93 EX_pc=000000a8 EX_alu=00000000 mem_stall=0 mem_commit=0 mem_we=0000 mem_addr=00000000 mem_wd=00000000 mem_rd=0540006f
TRACE t=425000 wb_have=1 pcIF=000000b4 instIF=00000c93 pcID=000000b0 instID=00000c13 pcEX=000000ac aluMEM=00000000 mem_stall=0 mem_waited=0 mem_addr=00000000 mem_we=0000 mem_rd=0540006f
COMMIT t=425000 wb_pc=000000a4 wb_we=1 wb_rd=x21 wb_val=00000000 IF_pc=000000b4 IF_inst=00000c93 ID_pc=000000b0 ID_inst=00000c13 EX_pc=000000ac EX_alu=00000000 mem_stall=0 mem_commit=0 mem_we=0000 mem_addr=00000000 mem_wd=00000000 mem_rd=0540006f
TRACE t=435000 wb_have=1 pcIF=000000b8 instIF=00000d13 pcID=000000b4 instID=00000c93 pcEX=000000b0 aluMEM=00000000 mem_stall=0 mem_waited=0 mem_addr=00000000 mem_we=0000 mem_rd=0540006f
COMMIT t=435000 wb_pc=000000a8 wb_we=1 wb_rd=x22 wb_val=00000000 IF_pc=000000b8 IF_inst=00000d13 ID_pc=000000b4 ID_inst=00000c93 EX_pc=000000b0 EX_alu=00000000 mem_stall=0 mem_commit=0 mem_we=0000 mem_addr=00000000 mem_wd=00000000 mem_rd=0540006f
TRACE t=445000 wb_have=1 pcIF=000000bc instIF=00000d93 pcID=000000b8 instID=00000d13 pcEX=000000b4 aluMEM=00000000 mem_stall=0 mem_waited=0 mem_addr=00000000 mem_we=0000 mem_rd=0540006f
COMMIT t=445000 wb_pc=000000ac wb_we=1 wb_rd=x23 wb_val=00000000 IF_pc=000000bc IF_inst=00000d93 ID_pc=000000b8 ID_inst=00000d13 EX_pc=000000b4 EX_alu=00000000 mem_stall=0 mem_commit=0 mem_we=0000 mem_addr=00000000 mem_wd=00000000 mem_rd=0540006f
TRACE t=455000 wb_have=1 pcIF=000000c0 instIF=00000e13 pcID=000000bc instID=00000d93 pcEX=000000b8 aluMEM=00000000 mem_stall=0 mem_waited=0 mem_addr=00000000 mem_we=0000 mem_rd=0540006f
COMMIT t=455000 wb_pc=000000b0 wb_we=1 wb_rd=x24 wb_val=00000000 IF_pc=000000c0 IF_inst=00000e13 ID_pc=000000bc ID_inst=00000d93 EX_pc=000000b8 EX_alu=00000000 mem_stall=0 mem_commit=0 mem_we=0000 mem_addr=00000000 mem_wd=00000000 mem_rd=0540006f
TRACE t=465000 wb_have=1 pcIF=000000c4 instIF=00000e93 pcID=000000c0 instID=00000e13 pcEX=000000bc aluMEM=00000000 mem_stall=0 mem_waited=0 mem_addr=00000000 mem_we=0000 mem_rd=0540006f
COMMIT t=465000 wb_pc=000000b4 wb_we=1 wb_rd=x25 wb_val=00000000 IF_pc=000000c4 IF_inst=00000e93 ID_pc=000000c0 ID_inst=00000e13 EX_pc=000000bc EX_alu=00000000 mem_stall=0 mem_commit=0 mem_we=0000 mem_addr=00000000 mem_wd=00000000 mem_rd=0540006f
TRACE t=475000 wb_have=1 pcIF=000000c8 instIF=00000f13 pcID=000000c4 instID=00000e93 pcEX=000000c0 aluMEM=00000000 mem_stall=0 mem_waited=0 mem_addr=00000000 mem_we=0000 mem_rd=0540006f
COMMIT t=475000 wb_pc=000000b8 wb_we=1 wb_rd=x26 wb_val=00000000 IF_pc=000000c8 IF_inst=00000f13 ID_pc=000000c4 ID_inst=00000e93 EX_pc=000000c0 EX_alu=00000000 mem_stall=0 mem_commit=0 mem_we=0000 mem_addr=00000000 mem_wd=00000000 mem_rd=0540006f
TRACE t=485000 wb_have=1 pcIF=000000cc instIF=00000f93 pcID=000000c8 instID=00000f13 pcEX=000000c4 aluMEM=00000000 mem_stall=0 mem_waited=0 mem_addr=00000000 mem_we=0000 mem_rd=0540006f
COMMIT t=485000 wb_pc=000000bc wb_we=1 wb_rd=x27 wb_val=00000000 IF_pc=000000cc IF_inst=00000f93 ID_pc=000000c8 ID_inst=00000f13 EX_pc=000000c4 EX_alu=00000000 mem_stall=0 mem_commit=0 mem_we=0000 mem_addr=00000000 mem_wd=00000000 mem_rd=0540006f
TRACE t=495000 wb_have=1 pcIF=000000d0 instIF=00200193 pcID=000000cc instID=00000f93 pcEX=000000c8 aluMEM=00000000 mem_stall=0 mem_waited=0 mem_addr=00000000 mem_we=0000 mem_rd=0540006f
COMMIT t=495000 wb_pc=000000c0 wb_we=1 wb_rd=x28 wb_val=00000000 IF_pc=000000d0 IF_inst=00200193 ID_pc=000000cc ID_inst=00000f93 EX_pc=000000c8 EX_alu=00000000 mem_stall=0 mem_commit=0 mem_we=0000 mem_addr=00000000 mem_wd=00000000 mem_rd=0540006f
TRACE t=505000 wb_have=1 pcIF=000000d4 instIF=00000093 pcID=000000d0 instID=00200193 pcEX=000000cc aluMEM=00000000 mem_stall=0 mem_waited=0 mem_addr=00000000 mem_we=0000 mem_rd=0540006f
COMMIT t=505000 wb_pc=000000c4 wb_we=1 wb_rd=x29 wb_val=00000000 IF_pc=000000d4 IF_inst=00000093 ID_pc=000000d0 ID_inst=00200193 EX_pc=000000cc EX_alu=00000000 mem_stall=0 mem_commit=0 mem_we=0000 mem_addr=00000000 mem_wd=00000000 mem_rd=0540006f
TRACE t=515000 wb_have=1 pcIF=000000d8 instIF=00100113 pcID=000000d4 instID=00000093 pcEX=000000d0 aluMEM=00000000 mem_stall=0 mem_waited=0 mem_addr=00000000 mem_we=0000 mem_rd=0540006f
COMMIT t=515000 wb_pc=000000c8 wb_we=1 wb_rd=x30 wb_val=00000000 IF_pc=000000d8 IF_inst=00100113 ID_pc=000000d4 ID_inst=00000093 EX_pc=000000d0 EX_alu=00000002 mem_stall=0 mem_commit=0 mem_we=0000 mem_addr=00000000 mem_wd=00000000 mem_rd=0540006f
TRACE t=525000 wb_have=1 pcIF=000000dc instIF=0020c663 pcID=000000d8 instID=00100113 pcEX=000000d4 aluMEM=00000002 mem_stall=0 mem_waited=0 mem_addr=00000002 mem_we=0000 mem_rd=0540006f
COMMIT t=525000 wb_pc=000000cc wb_we=1 wb_rd=x31 wb_val=00000000 IF_pc=000000dc IF_inst=0020c663 ID_pc=000000d8 ID_inst=00100113 EX_pc=000000d4 EX_alu=00000000 mem_stall=0 mem_commit=0 mem_we=0000 mem_addr=00000002 mem_wd=00000000 mem_rd=0540006f
TRACE t=535000 wb_have=1 pcIF=000000e0 instIF=2a301863 pcID=000000dc instID=0020c663 pcEX=000000d8 aluMEM=00000000 mem_stall=0 mem_waited=0 mem_addr=00000000 mem_we=0000 mem_rd=0540006f
COMMIT t=535000 wb_pc=000000d0 wb_we=1 wb_rd=x3 wb_val=00000002 IF_pc=000000e0 IF_inst=2a301863 ID_pc=000000dc ID_inst=0020c663 EX_pc=000000d8 EX_alu=00000001 mem_stall=0 mem_commit=0 mem_we=0000 mem_addr=00000000 mem_wd=00000000 mem_rd=0540006f
TRACE t=545000 wb_have=1 pcIF=000000e4 instIF=00301663 pcID=000000e0 instID=2a301863 pcEX=000000dc aluMEM=00000001 mem_stall=0 mem_waited=0 mem_addr=00000001 mem_we=0000 mem_rd=0540006f
COMMIT t=545000 wb_pc=000000d4 wb_we=1 wb_rd=x1 wb_val=00000000 IF_pc=000000e4 IF_inst=00301663 ID_pc=000000e0 ID_inst=2a301863 EX_pc=000000dc EX_alu=000000e8 mem_stall=0 mem_commit=0 mem_we=0000 mem_addr=00000001 mem_wd=00000000 mem_rd=0540006f
TRACE t=555000 wb_have=1 pcIF=00000000 instIF=00000013 pcID=00000000 instID=00000013 pcEX=00000000 aluMEM=000000e8 mem_stall=0 mem_waited=0 mem_addr=000000e8 mem_we=0000 mem_rd=0540006f
COMMIT t=555000 wb_pc=000000d8 wb_we=1 wb_rd=x2 wb_val=00000001 IF_pc=00000000 IF_inst=00000013 ID_pc=00000000 ID_inst=00000013 EX_pc=00000000 EX_alu=00000000 mem_stall=0 mem_commit=0 mem_we=0000 mem_addr=000000e8 mem_wd=00000001 mem_rd=0540006f
TRACE t=565000 wb_have=1 pcIF=00000000 instIF=00000013 pcID=00000000 instID=00000013 pcEX=00000000 aluMEM=00000000 mem_stall=0 mem_waited=0 mem_addr=00000000 mem_we=0000 mem_rd=fe20cee3
COMMIT t=565000 wb_pc=000000dc wb_we=0 wb_rd=x12 wb_val=000000e8 IF_pc=00000000 IF_inst=00000013 ID_pc=00000000 ID_inst=00000013 EX_pc=00000000 EX_alu=00000000 mem_stall=0 mem_commit=0 mem_we=0000 mem_addr=00000000 mem_wd=00000000 mem_rd=fe20cee3
TRACE t=575000 wb_have=0 pcIF=000000e8 instIF=fe20cee3 pcID=00000000 instID=00000013 pcEX=00000000 aluMEM=00000000 mem_stall=0 mem_waited=0 mem_addr=00000000 mem_we=0000 mem_rd=0540006f
TRACE t=585000 wb_have=0 pcIF=000000ec instIF=2a301263 pcID=000000e8 instID=fe20cee3 pcEX=00000000 aluMEM=00000000 mem_stall=0 mem_waited=0 mem_addr=00000000 mem_we=0000 mem_rd=0540006f
TRACE t=595000 wb_have=1 pcIF=000000f0 instIF=00300193 pcID=000000ec instID=2a301263 pcEX=000000e8 aluMEM=00000000 mem_stall=0 mem_waited=0 mem_addr=00000000 mem_we=0000 mem_rd=0540006f
COMMIT t=595000 wb_pc=00000000 wb_we=1 wb_rd=x0 wb_val=00000000 IF_pc=000000f0 IF_inst=00300193 ID_pc=000000ec ID_inst=2a301263 EX_pc=000000e8 EX_alu=000000e4 mem_stall=0 mem_commit=0 mem_we=0000 mem_addr=00000000 mem_wd=00000000 mem_rd=0540006f
TRACE t=605000 wb_have=1 pcIF=00000000 instIF=00000013 pcID=00000000 instID=00000013 pcEX=00000000 aluMEM=000000e4 mem_stall=0 mem_waited=0 mem_addr=000000e4 mem_we=0000 mem_rd=0540006f
COMMIT t=605000 wb_pc=00000000 wb_we=1 wb_rd=x0 wb_val=00000000 IF_pc=00000000 IF_inst=00000013 ID_pc=00000000 ID_inst=00000013 EX_pc=00000000 EX_alu=00000000 mem_stall=0 mem_commit=0 mem_we=0000 mem_addr=000000e4 mem_wd=00000001 mem_rd=0540006f
TRACE t=615000 wb_have=1 pcIF=00000000 instIF=00000013 pcID=00000000 instID=00000013 pcEX=00000000 aluMEM=00000000 mem_stall=0 mem_waited=0 mem_addr=00000000 mem_we=0000 mem_rd=00301663
COMMIT t=615000 wb_pc=000000e8 wb_we=0 wb_rd=x29 wb_val=000000e4 IF_pc=00000000 IF_inst=00000013 ID_pc=00000000 ID_inst=00000013 EX_pc=00000000 EX_alu=00000000 mem_stall=0 mem_commit=0 mem_we=0000 mem_addr=00000000 mem_wd=00000000 mem_rd=00301663
TRACE t=625000 wb_have=0 pcIF=000000e4 instIF=00301663 pcID=00000000 instID=00000013 pcEX=00000000 aluMEM=00000000 mem_stall=0 mem_waited=0 mem_addr=00000000 mem_we=0000 mem_rd=0540006f
TRACE t=635000 wb_have=0 pcIF=000000e8 instIF=fe20cee3 pcID=000000e4 instID=00301663 pcEX=00000000 aluMEM=00000000 mem_stall=0 mem_waited=0 mem_addr=00000000 mem_we=0000 mem_rd=0540006f
TRACE t=645000 wb_have=1 pcIF=000000ec instIF=2a301263 pcID=000000e8 instID=fe20cee3 pcEX=000000e4 aluMEM=00000000 mem_stall=0 mem_waited=0 mem_addr=00000000 mem_we=0000 mem_rd=0540006f
COMMIT t=645000 wb_pc=00000000 wb_we=1 wb_rd=x0 wb_val=00000000 IF_pc=000000ec IF_inst=2a301263 ID_pc=000000e8 ID_inst=fe20cee3 EX_pc=000000e4 EX_alu=000000f0 mem_stall=0 mem_commit=0 mem_we=0000 mem_addr=00000000 mem_wd=00000000 mem_rd=0540006f
TRACE t=655000 wb_have=1 pcIF=00000000 instIF=00000013 pcID=00000000 instID=00000013 pcEX=00000000 aluMEM=000000f0 mem_stall=0 mem_waited=0 mem_addr=000000f0 mem_we=0000 mem_rd=0540006f
COMMIT t=655000 wb_pc=00000000 wb_we=1 wb_rd=x0 wb_val=00000000 IF_pc=00000000 IF_inst=00000013 ID_pc=00000000 ID_inst=00000013 EX_pc=00000000 EX_alu=00000000 mem_stall=0 mem_commit=0 mem_we=0000 mem_addr=000000f0 mem_wd=00000002 mem_rd=0540006f
TRACE t=665000 wb_have=1 pcIF=00000000 instIF=00000013 pcID=00000000 instID=00000013 pcEX=00000000 aluMEM=00000000 mem_stall=0 mem_waited=0 mem_addr=00000000 mem_we=0000 mem_rd=00300193
COMMIT t=665000 wb_pc=000000e4 wb_we=0 wb_rd=x12 wb_val=000000f0 IF_pc=00000000 IF_inst=00000013 ID_pc=00000000 ID_inst=00000013 EX_pc=00000000 EX_alu=00000000 mem_stall=0 mem_commit=0 mem_we=0000 mem_addr=00000000 mem_wd=00000000 mem_rd=00300193
TRACE t=675000 wb_have=0 pcIF=000000f0 instIF=00300193 pcID=00000000 instID=00000013 pcEX=00000000 aluMEM=00000000 mem_stall=0 mem_waited=0 mem_addr=00000000 mem_we=0000 mem_rd=0540006f
TRACE t=685000 wb_have=0 pcIF=000000f4 instIF=fff00093 pcID=000000f0 instID=00300193 pcEX=00000000 aluMEM=00000000 mem_stall=0 mem_waited=0 mem_addr=00000000 mem_we=0000 mem_rd=0540006f
TRACE t=695000 wb_have=1 pcIF=000000f8 instIF=00100113 pcID=000000f4 instID=fff00093 pcEX=000000f0 aluMEM=00000000 mem_stall=0 mem_waited=0 mem_addr=00000000 mem_we=0000 mem_rd=0540006f
COMMIT t=695000 wb_pc=00000000 wb_we=1 wb_rd=x0 wb_val=00000000 IF_pc=000000f8 IF_inst=00100113 ID_pc=000000f4 ID_inst=fff00093 EX_pc=000000f0 EX_alu=00000003 mem_stall=0 mem_commit=0 mem_we=0000 mem_addr=00000000 mem_wd=00000000 mem_rd=0540006f
TRACE t=705000 wb_have=1 pcIF=000000fc instIF=0020c663 pcID=000000f8 instID=00100113 pcEX=000000f4 aluMEM=00000003 mem_stall=0 mem_waited=0 mem_addr=00000003 mem_we=0000 mem_rd=0540006f
COMMIT t=705000 wb_pc=00000000 wb_we=1 wb_rd=x0 wb_val=00000000 IF_pc=000000fc IF_inst=0020c663 ID_pc=000000f8 ID_inst=00100113 EX_pc=000000f4 EX_alu=ffffffff mem_stall=0 mem_commit=0 mem_we=0000 mem_addr=00000003 mem_wd=02000000 mem_rd=0540006f
TRACE t=715000 wb_have=1 pcIF=00000100 instIF=28301863 pcID=000000fc instID=0020c663 pcEX=000000f8 aluMEM=ffffffff mem_stall=0 mem_waited=0 mem_addr=ffffffff mem_we=0000 mem_rd=0540006f
COMMIT t=715000 wb_pc=000000f0 wb_we=1 wb_rd=x3 wb_val=00000003 IF_pc=00000100 IF_inst=28301863 ID_pc=000000fc ID_inst=0020c663 EX_pc=000000f8 EX_alu=00000001 mem_stall=0 mem_commit=0 mem_we=0000 mem_addr=ffffffff mem_wd=00000000 mem_rd=0540006f
TRACE t=725000 wb_have=1 pcIF=00000104 instIF=00301663 pcID=00000100 instID=28301863 pcEX=000000fc aluMEM=00000001 mem_stall=0 mem_waited=0 mem_addr=00000001 mem_we=0000 mem_rd=00000000
COMMIT t=725000 wb_pc=000000f4 wb_we=1 wb_rd=x1 wb_val=ffffffff IF_pc=00000104 IF_inst=00301663 ID_pc=00000100 ID_inst=28301863 EX_pc=000000fc EX_alu=00000108 mem_stall=0 mem_commit=0 mem_we=0000 mem_addr=00000001 mem_wd=0000ff00 mem_rd=00000000
TRACE t=735000 wb_have=1 pcIF=00000000 instIF=00000013 pcID=00000000 instID=00000013 pcEX=00000000 aluMEM=00000108 mem_stall=0 mem_waited=0 mem_addr=00000108 mem_we=0000 mem_rd=0540006f
COMMIT t=735000 wb_pc=000000f8 wb_we=1 wb_rd=x2 wb_val=00000001 IF_pc=00000000 IF_inst=00000013 ID_pc=00000000 ID_inst=00000013 EX_pc=00000000 EX_alu=00000000 mem_stall=0 mem_commit=0 mem_we=0000 mem_addr=00000108 mem_wd=00000001 mem_rd=0540006f
TRACE t=745000 wb_have=1 pcIF=00000000 instIF=00000013 pcID=00000000 instID=00000013 pcEX=00000000 aluMEM=00000000 mem_stall=0 mem_waited=0 mem_addr=00000000 mem_we=0000 mem_rd=fe20cee3
COMMIT t=745000 wb_pc=000000fc wb_we=0 wb_rd=x12 wb_val=00000108 IF_pc=00000000 IF_inst=00000013 ID_pc=00000000 ID_inst=00000013 EX_pc=00000000 EX_alu=00000000 mem_stall=0 mem_commit=0 mem_we=0000 mem_addr=00000000 mem_wd=00000000 mem_rd=fe20cee3
TRACE t=755000 wb_have=0 pcIF=00000108 instIF=fe20cee3 pcID=00000000 instID=00000013 pcEX=00000000 aluMEM=00000000 mem_stall=0 mem_waited=0 mem_addr=00000000 mem_we=0000 mem_rd=0540006f
TRACE t=765000 wb_have=0 pcIF=0000010c instIF=28301263 pcID=00000108 instID=fe20cee3 pcEX=00000000 aluMEM=00000000 mem_stall=0 mem_waited=0 mem_addr=00000000 mem_we=0000 mem_rd=0540006f
TRACE t=775000 wb_have=1 pcIF=00000110 instIF=00400193 pcID=0000010c instID=28301263 pcEX=00000108 aluMEM=00000000 mem_stall=0 mem_waited=0 mem_addr=00000000 mem_we=0000 mem_rd=0540006f
COMMIT t=775000 wb_pc=00000000 wb_we=1 wb_rd=x0 wb_val=00000000 IF_pc=00000110 IF_inst=00400193 ID_pc=0000010c ID_inst=28301263 EX_pc=00000108 EX_alu=00000104 mem_stall=0 mem_commit=0 mem_we=0000 mem_addr=00000000 mem_wd=00000000 mem_rd=0540006f
TRACE t=785000 wb_have=1 pcIF=00000000 instIF=00000013 pcID=00000000 instID=00000013 pcEX=00000000 aluMEM=00000104 mem_stall=0 mem_waited=0 mem_addr=00000104 mem_we=0000 mem_rd=0540006f
COMMIT t=785000 wb_pc=00000000 wb_we=1 wb_rd=x0 wb_val=00000000 IF_pc=00000000 IF_inst=00000013 ID_pc=00000000 ID_inst=00000013 EX_pc=00000000 EX_alu=00000000 mem_stall=0 mem_commit=0 mem_we=0000 mem_addr=00000104 mem_wd=00000001 mem_rd=0540006f
TRACE t=795000 wb_have=1 pcIF=00000000 instIF=00000013 pcID=00000000 instID=00000013 pcEX=00000000 aluMEM=00000000 mem_stall=0 mem_waited=0 mem_addr=00000000 mem_we=0000 mem_rd=00301663
COMMIT t=795000 wb_pc=00000108 wb_we=0 wb_rd=x29 wb_val=00000104 IF_pc=00000000 IF_inst=00000013 ID_pc=00000000 ID_inst=00000013 EX_pc=00000000 EX_alu=00000000 mem_stall=0 mem_commit=0 mem_we=0000 mem_addr=00000000 mem_wd=00000000 mem_rd=00301663
TRACE t=805000 wb_have=0 pcIF=00000104 instIF=00301663 pcID=00000000 instID=00000013 pcEX=00000000 aluMEM=00000000 mem_stall=0 mem_waited=0 mem_addr=00000000 mem_we=0000 mem_rd=0540006f
TRACE t=815000 wb_have=0 pcIF=00000108 instIF=fe20cee3 pcID=00000104 instID=00301663 pcEX=00000000 aluMEM=00000000 mem_stall=0 mem_waited=0 mem_addr=00000000 mem_we=0000 mem_rd=0540006f
TRACE t=825000 wb_have=1 pcIF=0000010c instIF=28301263 pcID=00000108 instID=fe20cee3 pcEX=00000104 aluMEM=00000000 mem_stall=0 mem_waited=0 mem_addr=00000000 mem_we=0000 mem_rd=0540006f
COMMIT t=825000 wb_pc=00000000 wb_we=1 wb_rd=x0 wb_val=00000000 IF_pc=0000010c IF_inst=28301263 ID_pc=00000108 ID_inst=fe20cee3 EX_pc=00000104 EX_alu=00000110 mem_stall=0 mem_commit=0 mem_we=0000 mem_addr=00000000 mem_wd=00000000 mem_rd=0540006f
TRACE t=835000 wb_have=1 pcIF=00000000 instIF=00000013 pcID=00000000 instID=00000013 pcEX=00000000 aluMEM=00000110 mem_stall=0 mem_waited=0 mem_addr=00000110 mem_we=0000 mem_rd=0540006f
COMMIT t=835000 wb_pc=00000000 wb_we=1 wb_rd=x0 wb_val=00000000 IF_pc=00000000 IF_inst=00000013 ID_pc=00000000 ID_inst=00000013 EX_pc=00000000 EX_alu=00000000 mem_stall=0 mem_commit=0 mem_we=0000 mem_addr=00000110 mem_wd=00000003 mem_rd=0540006f
TRACE t=845000 wb_have=1 pcIF=00000000 instIF=00000013 pcID=00000000 instID=00000013 pcEX=00000000 aluMEM=00000000 mem_stall=0 mem_waited=0 mem_addr=00000000 mem_we=0000 mem_rd=00400193
COMMIT t=845000 wb_pc=00000104 wb_we=0 wb_rd=x12 wb_val=00000110 IF_pc=00000000 IF_inst=00000013 ID_pc=00000000 ID_inst=00000013 EX_pc=00000000 EX_alu=00000000 mem_stall=0 mem_commit=0 mem_we=0000 mem_addr=00000000 mem_wd=00000000 mem_rd=00400193
TRACE t=855000 wb_have=0 pcIF=00000110 instIF=00400193 pcID=00000000 instID=00000013 pcEX=00000000 aluMEM=00000000 mem_stall=0 mem_waited=0 mem_addr=00000000 mem_we=0000 mem_rd=0540006f
TRACE t=865000 wb_have=0 pcIF=00000114 instIF=ffe00093 pcID=00000110 instID=00400193 pcEX=00000000 aluMEM=00000000 mem_stall=0 mem_waited=0 mem_addr=00000000 mem_we=0000 mem_rd=0540006f
TRACE t=875000 wb_have=1 pcIF=00000118 instIF=fff00113 pcID=00000114 instID=ffe00093 pcEX=00000110 aluMEM=00000000 mem_stall=0 mem_waited=0 mem_addr=00000000 mem_we=0000 mem_rd=0540006f
COMMIT t=875000 wb_pc=00000000 wb_we=1 wb_rd=x0 wb_val=00000000 IF_pc=00000118 IF_inst=fff00113 ID_pc=00000114 ID_inst=ffe00093 EX_pc=00000110 EX_alu=00000004 mem_stall=0 mem_commit=0 mem_we=0000 mem_addr=00000000 mem_wd=00000000 mem_rd=0540006f
TRACE t=885000 wb_have=1 pcIF=0000011c instIF=0020c663 pcID=00000118 instID=fff00113 pcEX=00000114 aluMEM=00000004 mem_stall=0 mem_waited=0 mem_addr=00000004 mem_we=0000 mem_rd=0540006f
COMMIT t=885000 wb_pc=00000000 wb_we=1 wb_rd=x0 wb_val=00000000 IF_pc=0000011c IF_inst=0020c663 ID_pc=00000118 ID_inst=fff00113 EX_pc=00000114 EX_alu=fffffffe mem_stall=0 mem_commit=0 mem_we=0000 mem_addr=00000004 mem_wd=00000000 mem_rd=0540006f
TRACE t=895000 wb_have=1 pcIF=00000120 instIF=26301863 pcID=0000011c instID=0020c663 pcEX=00000118 aluMEM=fffffffe mem_stall=0 mem_waited=0 mem_addr=fffffffe mem_we=0000 mem_rd=34202f73
COMMIT t=895000 wb_pc=00000110 wb_we=1 wb_rd=x3 wb_val=00000004 IF_pc=00000120 IF_inst=26301863 ID_pc=0000011c ID_inst=0020c663 EX_pc=00000118 EX_alu=ffffffff mem_stall=0 mem_commit=0 mem_we=0000 mem_addr=fffffffe mem_wd=00000000 mem_rd=34202f73
TRACE t=905000 wb_have=1 pcIF=00000124 instIF=00301663 pcID=00000120 instID=26301863 pcEX=0000011c aluMEM=ffffffff mem_stall=0 mem_waited=0 mem_addr=ffffffff mem_we=0000 mem_rd=00000000
COMMIT t=905000 wb_pc=00000114 wb_we=1 wb_rd=x1 wb_val=fffffffe IF_pc=00000124 IF_inst=00301663 ID_pc=00000120 ID_inst=26301863 EX_pc=0000011c EX_alu=00000128 mem_stall=0 mem_commit=0 mem_we=0000 mem_addr=ffffffff mem_wd=00000000 mem_rd=00000000
TRACE t=915000 wb_have=1 pcIF=00000000 instIF=00000013 pcID=00000000 instID=00000013 pcEX=00000000 aluMEM=00000128 mem_stall=0 mem_waited=0 mem_addr=00000128 mem_we=0000 mem_rd=00000000
COMMIT t=915000 wb_pc=00000118 wb_we=1 wb_rd=x2 wb_val=ffffffff IF_pc=00000000 IF_inst=00000013 ID_pc=00000000 ID_inst=00000013 EX_pc=00000000 EX_alu=00000000 mem_stall=0 mem_commit=0 mem_we=0000 mem_addr=00000128 mem_wd=000000ff mem_rd=00000000
TRACE t=925000 wb_have=1 pcIF=00000000 instIF=00000013 pcID=00000000 instID=00000013 pcEX=00000000 aluMEM=00000000 mem_stall=0 mem_waited=0 mem_addr=00000000 mem_we=0000 mem_rd=fe20cee3
COMMIT t=925000 wb_pc=0000011c wb_we=0 wb_rd=x12 wb_val=00000128 IF_pc=00000000 IF_inst=00000013 ID_pc=00000000 ID_inst=00000013 EX_pc=00000000 EX_alu=00000000 mem_stall=0 mem_commit=0 mem_we=0000 mem_addr=00000000 mem_wd=00000000 mem_rd=fe20cee3
TRACE t=935000 wb_have=0 pcIF=00000128 instIF=fe20cee3 pcID=00000000 instID=00000013 pcEX=00000000 aluMEM=00000000 mem_stall=0 mem_waited=0 mem_addr=00000000 mem_we=0000 mem_rd=0540006f
TRACE t=945000 wb_have=0 pcIF=0000012c instIF=26301263 pcID=00000128 instID=fe20cee3 pcEX=00000000 aluMEM=00000000 mem_stall=0 mem_waited=0 mem_addr=00000000 mem_we=0000 mem_rd=0540006f
TRACE t=955000 wb_have=1 pcIF=00000130 instIF=00500193 pcID=0000012c instID=26301263 pcEX=00000128 aluMEM=00000000 mem_stall=0 mem_waited=0 mem_addr=00000000 mem_we=0000 mem_rd=0540006f
COMMIT t=955000 wb_pc=00000000 wb_we=1 wb_rd=x0 wb_val=00000000 IF_pc=00000130 IF_inst=00500193 ID_pc=0000012c ID_inst=26301263 EX_pc=00000128 EX_alu=00000124 mem_stall=0 mem_commit=0 mem_we=0000 mem_addr=00000000 mem_wd=00000000 mem_rd=0540006f
TRACE t=965000 wb_have=1 pcIF=00000000 instIF=00000013 pcID=00000000 instID=00000013 pcEX=00000000 aluMEM=00000124 mem_stall=0 mem_waited=0 mem_addr=00000124 mem_we=0000 mem_rd=0540006f
COMMIT t=965000 wb_pc=00000000 wb_we=1 wb_rd=x0 wb_val=00000000 IF_pc=00000000 IF_inst=00000013 ID_pc=00000000 ID_inst=00000013 EX_pc=00000000 EX_alu=00000000 mem_stall=0 mem_commit=0 mem_we=0000 mem_addr=00000124 mem_wd=000000ff mem_rd=0540006f
TRACE t=975000 wb_have=1 pcIF=00000000 instIF=00000013 pcID=00000000 instID=00000013 pcEX=00000000 aluMEM=00000000 mem_stall=0 mem_waited=0 mem_addr=00000000 mem_we=0000 mem_rd=00301663
COMMIT t=975000 wb_pc=00000128 wb_we=0 wb_rd=x29 wb_val=00000124 IF_pc=00000000 IF_inst=00000013 ID_pc=00000000 ID_inst=00000013 EX_pc=00000000 EX_alu=00000000 mem_stall=0 mem_commit=0 mem_we=0000 mem_addr=00000000 mem_wd=00000000 mem_rd=00301663
TRACE t=985000 wb_have=0 pcIF=00000124 instIF=00301663 pcID=00000000 instID=00000013 pcEX=00000000 aluMEM=00000000 mem_stall=0 mem_waited=0 mem_addr=00000000 mem_we=0000 mem_rd=0540006f
TRACE t=995000 wb_have=0 pcIF=00000128 instIF=fe20cee3 pcID=00000124 instID=00301663 pcEX=00000000 aluMEM=00000000 mem_stall=0 mem_waited=0 mem_addr=00000000 mem_we=0000 mem_rd=0540006f
TRACE t=1005000 wb_have=1 pcIF=0000012c instIF=26301263 pcID=00000128 instID=fe20cee3 pcEX=00000124 aluMEM=00000000 mem_stall=0 mem_waited=0 mem_addr=00000000 mem_we=0000 mem_rd=0540006f
COMMIT t=1005000 wb_pc=00000000 wb_we=1 wb_rd=x0 wb_val=00000000 IF_pc=0000012c IF_inst=26301263 ID_pc=00000128 ID_inst=fe20cee3 EX_pc=00000124 EX_alu=00000130 mem_stall=0 mem_commit=0 mem_we=0000 mem_addr=00000000 mem_wd=00000000 mem_rd=0540006f
TRACE t=1015000 wb_have=1 pcIF=00000000 instIF=00000013 pcID=00000000 instID=00000013 pcEX=00000000 aluMEM=00000130 mem_stall=0 mem_waited=0 mem_addr=00000130 mem_we=0000 mem_rd=0540006f
COMMIT t=1015000 wb_pc=00000000 wb_we=1 wb_rd=x0 wb_val=00000000 IF_pc=00000000 IF_inst=00000013 ID_pc=00000000 ID_inst=00000013 EX_pc=00000000 EX_alu=00000000 mem_stall=0 mem_commit=0 mem_we=0000 mem_addr=00000130 mem_wd=00000004 mem_rd=0540006f
TRACE t=1025000 wb_have=1 pcIF=00000000 instIF=00000013 pcID=00000000 instID=00000013 pcEX=00000000 aluMEM=00000000 mem_stall=0 mem_waited=0 mem_addr=00000000 mem_we=0000 mem_rd=00500193
COMMIT t=1025000 wb_pc=00000124 wb_we=0 wb_rd=x12 wb_val=00000130 IF_pc=00000000 IF_inst=00000013 ID_pc=00000000 ID_inst=00000013 EX_pc=00000000 EX_alu=00000000 mem_stall=0 mem_commit=0 mem_we=0000 mem_addr=00000000 mem_wd=00000000 mem_rd=00500193
TRACE t=1035000 wb_have=0 pcIF=00000130 instIF=00500193 pcID=00000000 instID=00000013 pcEX=00000000 aluMEM=00000000 mem_stall=0 mem_waited=0 mem_addr=00000000 mem_we=0000 mem_rd=0540006f
TRACE t=1045000 wb_have=0 pcIF=00000134 instIF=00100093 pcID=00000130 instID=00500193 pcEX=00000000 aluMEM=00000000 mem_stall=0 mem_waited=0 mem_addr=00000000 mem_we=0000 mem_rd=0540006f
TRACE t=1055000 wb_have=1 pcIF=00000138 instIF=00000113 pcID=00000134 instID=00100093 pcEX=00000130 aluMEM=00000000 mem_stall=0 mem_waited=0 mem_addr=00000000 mem_we=0000 mem_rd=0540006f
COMMIT t=1055000 wb_pc=00000000 wb_we=1 wb_rd=x0 wb_val=00000000 IF_pc=00000138 IF_inst=00000113 ID_pc=00000134 ID_inst=00100093 EX_pc=00000130 EX_alu=00000005 mem_stall=0 mem_commit=0 mem_we=0000 mem_addr=00000000 mem_wd=00000000 mem_rd=0540006f
TRACE t=1065000 wb_have=1 pcIF=0000013c instIF=0020c463 pcID=00000138 instID=00000113 pcEX=00000134 aluMEM=00000005 mem_stall=0 mem_waited=0 mem_addr=00000005 mem_we=0000 mem_rd=0540006f
COMMIT t=1065000 wb_pc=00000000 wb_we=1 wb_rd=x0 wb_val=00000000 IF_pc=0000013c IF_inst=0020c463 ID_pc=00000138 ID_inst=00000113 EX_pc=00000134 EX_alu=00000001 mem_stall=0 mem_commit=0 mem_we=0000 mem_addr=00000005 mem_wd=00000000 mem_rd=0540006f
TRACE t=1075000 wb_have=1 pcIF=00000140 instIF=00301463 pcID=0000013c instID=0020c463 pcEX=00000138 aluMEM=00000001 mem_stall=0 mem_waited=0 mem_addr=00000001 mem_we=0000 mem_rd=34202f73
COMMIT t=1075000 wb_pc=00000130 wb_we=1 wb_rd=x3 wb_val=00000005 IF_pc=00000140 IF_inst=00301463 ID_pc=0000013c ID_inst=0020c463 EX_pc=00000138 EX_alu=00000000 mem_stall=0 mem_commit=0 mem_we=0000 mem_addr=00000001 mem_wd=0000fe00 mem_rd=34202f73
TRACE t=1085000 wb_have=1 pcIF=00000144 instIF=24301663 pcID=00000140 instID=00301463 pcEX=0000013c aluMEM=00000000 mem_stall=0 mem_waited=0 mem_addr=00000000 mem_we=0000 mem_rd=0540006f
COMMIT t=1085000 wb_pc=00000134 wb_we=1 wb_rd=x1 wb_val=00000001 IF_pc=00000144 IF_inst=24301663 ID_pc=00000140 ID_inst=00301463 EX_pc=0000013c EX_alu=00000144 mem_stall=0 mem_commit=0 mem_we=0000 mem_addr=00000000 mem_wd=00000000 mem_rd=0540006f
TRACE t=1095000 wb_have=1 pcIF=00000148 instIF=fe20cee3 pcID=00000144 instID=24301663 pcEX=00000140 aluMEM=00000144 mem_stall=0 mem_waited=0 mem_addr=00000144 mem_we=0000 mem_rd=0540006f
COMMIT t=1095000 wb_pc=00000138 wb_we=1 wb_rd=x2 wb_val=00000000 IF_pc=00000148 IF_inst=fe20cee3 ID_pc=00000144 ID_inst=24301663 EX_pc=00000140 EX_alu=00000148 mem_stall=0 mem_commit=0 mem_we=0000 mem_addr=00000144 mem_wd=00000000 mem_rd=0540006f
TRACE t=1105000 wb_have=1 pcIF=00000000 instIF=00000013 pcID=00000000 instID=00000013 pcEX=00000000 aluMEM=00000148 mem_stall=0 mem_waited=0 mem_addr=00000148 mem_we=0000 mem_rd=24301663
COMMIT t=1105000 wb_pc=0000013c wb_we=0 wb_rd=x8 wb_val=00000144 IF_pc=00000000 IF_inst=00000013 ID_pc=00000000 ID_inst=00000013 EX_pc=00000000 EX_alu=00000000 mem_stall=0 mem_commit=0 mem_we=0000 mem_addr=00000148 mem_wd=00000005 mem_rd=24301663
TRACE t=1115000 wb_have=1 pcIF=00000000 instIF=00000013 pcID=00000000 instID=00000013 pcEX=00000000 aluMEM=00000000 mem_stall=0 mem_waited=0 mem_addr=00000000 mem_we=0000 mem_rd=fe20cee3
COMMIT t=1115000 wb_pc=00000140 wb_we=0 wb_rd=x8 wb_val=00000148 IF_pc=00000000 IF_inst=00000013 ID_pc=00000000 ID_inst=00000013 EX_pc=00000000 EX_alu=00000000 mem_stall=0 mem_commit=0 mem_we=0000 mem_addr=00000000 mem_wd=00000000 mem_rd=fe20cee3
TRACE t=1125000 wb_have=0 pcIF=00000148 instIF=fe20cee3 pcID=00000000 instID=00000013 pcEX=00000000 aluMEM=00000000 mem_stall=0 mem_waited=0 mem_addr=00000000 mem_we=0000 mem_rd=0540006f
TRACE t=1135000 wb_have=0 pcIF=0000014c instIF=00600193 pcID=00000148 instID=fe20cee3 pcEX=00000000 aluMEM=00000000 mem_stall=0 mem_waited=0 mem_addr=00000000 mem_we=0000 mem_rd=0540006f
TRACE t=1145000 wb_have=1 pcIF=00000150 instIF=00100093 pcID=0000014c instID=00600193 pcEX=00000148 aluMEM=00000000 mem_stall=0 mem_waited=0 mem_addr=00000000 mem_we=0000 mem_rd=0540006f
COMMIT t=1145000 wb_pc=00000000 wb_we=1 wb_rd=x0 wb_val=00000000 IF_pc=00000150 IF_inst=00100093 ID_pc=0000014c ID_inst=00600193 EX_pc=00000148 EX_alu=00000144 mem_stall=0 mem_commit=0 mem_we=0000 mem_addr=00000000 mem_wd=00000000 mem_rd=0540006f
TRACE t=1155000 wb_have=1 pcIF=00000154 instIF=fff00113 pcID=00000150 instID=00100093 pcEX=0000014c aluMEM=00000144 mem_stall=0 mem_waited=0 mem_addr=00000144 mem_we=0000 mem_rd=0540006f
COMMIT t=1155000 wb_pc=00000000 wb_we=1 wb_rd=x0 wb_val=00000000 IF_pc=00000154 IF_inst=fff00113 ID_pc=00000150 ID_inst=00100093 EX_pc=0000014c EX_alu=00000006 mem_stall=0 mem_commit=0 mem_we=0000 mem_addr=00000144 mem_wd=00000000 mem_rd=0540006f
TRACE t=1165000 wb_have=1 pcIF=00000158 instIF=0020c463 pcID=00000154 instID=fff00113 pcEX=00000150 aluMEM=00000006 mem_stall=0 mem_waited=0 mem_addr=00000006 mem_we=0000 mem_rd=24301663
COMMIT t=1165000 wb_pc=00000148 wb_we=0 wb_rd=x29 wb_val=00000144 IF_pc=00000158 IF_inst=0020c463 ID_pc=00000154 ID_inst=fff00113 EX_pc=00000150 EX_alu=00000001 mem_stall=0 mem_commit=0 mem_we=0000 mem_addr=00000006 mem_wd=00000000 mem_rd=24301663
TRACE t=1175000 wb_have=1 pcIF=0000015c instIF=00301463 pcID=00000158 instID=0020c463 pcEX=00000154 aluMEM=00000001 mem_stall=0 mem_waited=0 mem_addr=00000001 mem_we=0000 mem_rd=34202f73
COMMIT t=1175000 wb_pc=0000014c wb_we=1 wb_rd=x3 wb_val=00000006 IF_pc=0000015c IF_inst=00301463 ID_pc=00000158 ID_inst=0020c463 EX_pc=00000154 EX_alu=ffffffff mem_stall=0 mem_commit=0 mem_we=0000 mem_addr=00000001 mem_wd=00000100 mem_rd=34202f73
TRACE t=1185000 wb_have=1 pcIF=00000160 instIF=22301863 pcID=0000015c instID=00301463 pcEX=00000158 aluMEM=ffffffff mem_stall=0 mem_waited=0 mem_addr=ffffffff mem_we=0000 mem_rd=0540006f
COMMIT t=1185000 wb_pc=00000150 wb_we=1 wb_rd=x1 wb_val=00000001 IF_pc=00000160 IF_inst=22301863 ID_pc=0000015c ID_inst=00301463 EX_pc=00000158 EX_alu=00000160 mem_stall=0 mem_commit=0 mem_we=0000 mem_addr=ffffffff mem_wd=00000000 mem_rd=0540006f
TRACE t=1195000 wb_have=1 pcIF=00000164 instIF=fe20cee3 pcID=00000160 instID=22301863 pcEX=0000015c aluMEM=00000160 mem_stall=0 mem_waited=0 mem_addr=00000160 mem_we=0000 mem_rd=00000000
COMMIT t=1195000 wb_pc=00000154 wb_we=1 wb_rd=x2 wb_val=ffffffff IF_pc=00000164 IF_inst=fe20cee3 ID_pc=00000160 ID_inst=22301863 EX_pc=0000015c EX_alu=00000164 mem_stall=0 mem_commit=0 mem_we=0000 mem_addr=00000160 mem_wd=000000ff mem_rd=00000000
TRACE t=1205000 wb_have=1 pcIF=00000000 instIF=00000013 pcID=00000000 instID=00000013 pcEX=00000000 aluMEM=00000164 mem_stall=0 mem_waited=0 mem_addr=00000164 mem_we=0000 mem_rd=22301863
COMMIT t=1205000 wb_pc=00000158 wb_we=0 wb_rd=x8 wb_val=00000160 IF_pc=00000000 IF_inst=00000013 ID_pc=00000000 ID_inst=00000013 EX_pc=00000000 EX_alu=00000000 mem_stall=0 mem_commit=0 mem_we=0000 mem_addr=00000164 mem_wd=00000006 mem_rd=22301863
TRACE t=1215000 wb_have=1 pcIF=00000000 instIF=00000013 pcID=00000000 instID=00000013 pcEX=00000000 aluMEM=00000000 mem_stall=0 mem_waited=0 mem_addr=00000000 mem_we=0000 mem_rd=fe20cee3
COMMIT t=1215000 wb_pc=0000015c wb_we=0 wb_rd=x8 wb_val=00000164 IF_pc=00000000 IF_inst=00000013 ID_pc=00000000 ID_inst=00000013 EX_pc=00000000 EX_alu=00000000 mem_stall=0 mem_commit=0 mem_we=0000 mem_addr=00000000 mem_wd=00000000 mem_rd=fe20cee3
TRACE t=1225000 wb_have=0 pcIF=00000164 instIF=fe20cee3 pcID=00000000 instID=00000013 pcEX=00000000 aluMEM=00000000 mem_stall=0 mem_waited=0 mem_addr=00000000 mem_we=0000 mem_rd=0540006f
TRACE t=1235000 wb_have=0 pcIF=00000168 instIF=00700193 pcID=00000164 instID=fe20cee3 pcEX=00000000 aluMEM=00000000 mem_stall=0 mem_waited=0 mem_addr=00000000 mem_we=0000 mem_rd=0540006f
TRACE t=1245000 wb_have=1 pcIF=0000016c instIF=fff00093 pcID=00000168 instID=00700193 pcEX=00000164 aluMEM=00000000 mem_stall=0 mem_waited=0 mem_addr=00000000 mem_we=0000 mem_rd=0540006f
COMMIT t=1245000 wb_pc=00000000 wb_we=1 wb_rd=x0 wb_val=00000000 IF_pc=0000016c IF_inst=fff00093 ID_pc=00000168 ID_inst=00700193 EX_pc=00000164 EX_alu=00000160 mem_stall=0 mem_commit=0 mem_we=0000 mem_addr=00000000 mem_wd=00000000 mem_rd=0540006f
TRACE t=1255000 wb_have=1 pcIF=00000170 instIF=ffe00113 pcID=0000016c instID=fff00093 pcEX=00000168 aluMEM=00000160 mem_stall=0 mem_waited=0 mem_addr=00000160 mem_we=0000 mem_rd=0540006f
COMMIT t=1255000 wb_pc=00000000 wb_we=1 wb_rd=x0 wb_val=00000000 IF_pc=00000170 IF_inst=ffe00113 ID_pc=0000016c ID_inst=fff00093 EX_pc=00000168 EX_alu=00000007 mem_stall=0 mem_commit=0 mem_we=0000 mem_addr=00000160 mem_wd=000000ff mem_rd=0540006f
TRACE t=1265000 wb_have=1 pcIF=00000174 instIF=0020c463 pcID=00000170 instID=ffe00113 pcEX=0000016c aluMEM=00000007 mem_stall=0 mem_waited=0 mem_addr=00000007 mem_we=0000 mem_rd=22301863
COMMIT t=1265000 wb_pc=00000164 wb_we=0 wb_rd=x29 wb_val=00000160 IF_pc=00000174 IF_inst=0020c463 ID_pc=00000170 ID_inst=ffe00113 EX_pc=0000016c EX_alu=ffffffff mem_stall=0 mem_commit=0 mem_we=0000 mem_addr=00000007 mem_wd=00000000 mem_rd=22301863
TRACE t=1275000 wb_have=1 pcIF=00000178 instIF=00301463 pcID=00000174 instID=0020c463 pcEX=00000170 aluMEM=ffffffff mem_stall=0 mem_waited=0 mem_addr=ffffffff mem_we=0000 mem_rd=34202f73
COMMIT t=1275000 wb_pc=00000168 wb_we=1 wb_rd=x3 wb_val=00000007 IF_pc=00000178 IF_inst=00301463 ID_pc=00000174 ID_inst=0020c463 EX_pc=00000170 EX_alu=fffffffe mem_stall=0 mem_commit=0 mem_we=0000 mem_addr=ffffffff mem_wd=00000000 mem_rd=34202f73
TRACE t=1285000 wb_have=1 pcIF=0000017c instIF=20301a63 pcID=00000178 instID=00301463 pcEX=00000174 aluMEM=fffffffe mem_stall=0 mem_waited=0 mem_addr=fffffffe mem_we=0000 mem_rd=00000000
COMMIT t=1285000 wb_pc=0000016c wb_we=1 wb_rd=x1 wb_val=ffffffff IF_pc=0000017c IF_inst=20301a63 ID_pc=00000178 ID_inst=00301463 EX_pc=00000174 EX_alu=0000017c mem_stall=0 mem_commit=0 mem_we=0000 mem_addr=fffffffe mem_wd=00000000 mem_rd=00000000
TRACE t=1295000 wb_have=1 pcIF=00000180 instIF=fe20cee3 pcID=0000017c instID=20301a63 pcEX=00000178 aluMEM=0000017c mem_stall=0 mem_waited=0 mem_addr=0000017c mem_we=0000 mem_rd=00000000
COMMIT t=1295000 wb_pc=00000170 wb_we=1 wb_rd=x2 wb_val=fffffffe IF_pc=00000180 IF_inst=fe20cee3 ID_pc=0000017c ID_inst=20301a63 EX_pc=00000178 EX_alu=00000180 mem_stall=0 mem_commit=0 mem_we=0000 mem_addr=0000017c mem_wd=000000fe mem_rd=00000000
TRACE t=1305000 wb_have=1 pcIF=00000000 instIF=00000013 pcID=00000000 instID=00000013 pcEX=00000000 aluMEM=00000180 mem_stall=0 mem_waited=0 mem_addr=00000180 mem_we=0000 mem_rd=20301a63
COMMIT t=1305000 wb_pc=00000174 wb_we=0 wb_rd=x8 wb_val=0000017c IF_pc=00000000 IF_inst=00000013 ID_pc=00000000 ID_inst=00000013 EX_pc=00000000 EX_alu=00000000 mem_stall=0 mem_commit=0 mem_we=0000 mem_addr=00000180 mem_wd=00000007 mem_rd=20301a63
TRACE t=1315000 wb_have=1 pcIF=00000000 instIF=00000013 pcID=00000000 instID=00000013 pcEX=00000000 aluMEM=00000000 mem_stall=0 mem_waited=0 mem_addr=00000000 mem_we=0000 mem_rd=fe20cee3
COMMIT t=1315000 wb_pc=00000178 wb_we=0 wb_rd=x8 wb_val=00000180 IF_pc=00000000 IF_inst=00000013 ID_pc=00000000 ID_inst=00000013 EX_pc=00000000 EX_alu=00000000 mem_stall=0 mem_commit=0 mem_we=0000 mem_addr=00000000 mem_wd=00000000 mem_rd=fe20cee3
TRACE t=1325000 wb_have=0 pcIF=00000180 instIF=fe20cee3 pcID=00000000 instID=00000013 pcEX=00000000 aluMEM=00000000 mem_stall=0 mem_waited=0 mem_addr=00000000 mem_we=0000 mem_rd=0540006f
TRACE t=1335000 wb_have=0 pcIF=00000184 instIF=00800193 pcID=00000180 instID=fe20cee3 pcEX=00000000 aluMEM=00000000 mem_stall=0 mem_waited=0 mem_addr=00000000 mem_we=0000 mem_rd=0540006f
TRACE t=1345000 wb_have=1 pcIF=00000188 instIF=00100093 pcID=00000184 instID=00800193 pcEX=00000180 aluMEM=00000000 mem_stall=0 mem_waited=0 mem_addr=00000000 mem_we=0000 mem_rd=0540006f
COMMIT t=1345000 wb_pc=00000000 wb_we=1 wb_rd=x0 wb_val=00000000 IF_pc=00000188 IF_inst=00100093 ID_pc=00000184 ID_inst=00800193 EX_pc=00000180 EX_alu=0000017c mem_stall=0 mem_commit=0 mem_we=0000 mem_addr=00000000 mem_wd=00000000 mem_rd=0540006f
TRACE t=1355000 wb_have=1 pcIF=0000018c instIF=ffe00113 pcID=00000188 instID=00100093 pcEX=00000184 aluMEM=0000017c mem_stall=0 mem_waited=0 mem_addr=0000017c mem_we=0000 mem_rd=0540006f
COMMIT t=1355000 wb_pc=00000000 wb_we=1 wb_rd=x0 wb_val=00000000 IF_pc=0000018c IF_inst=ffe00113 ID_pc=00000188 ID_inst=00100093 EX_pc=00000184 EX_alu=00000008 mem_stall=0 mem_commit=0 mem_we=0000 mem_addr=0000017c mem_wd=000000fe mem_rd=0540006f
TRACE t=1365000 wb_have=1 pcIF=00000190 instIF=0020c463 pcID=0000018c instID=ffe00113 pcEX=00000188 aluMEM=00000008 mem_stall=0 mem_waited=0 mem_addr=00000008 mem_we=0000 mem_rd=20301a63
COMMIT t=1365000 wb_pc=00000180 wb_we=0 wb_rd=x29 wb_val=0000017c IF_pc=00000190 IF_inst=0020c463 ID_pc=0000018c ID_inst=ffe00113 EX_pc=00000188 EX_alu=00000001 mem_stall=0 mem_commit=0 mem_we=0000 mem_addr=00000008 mem_wd=00000000 mem_rd=20301a63
TRACE t=1375000 wb_have=1 pcIF=00000194 instIF=00301463 pcID=00000190 instID=0020c463 pcEX=0000018c aluMEM=00000001 mem_stall=0 mem_waited=0 mem_addr=00000001 mem_we=0000 mem_rd=00800f93
COMMIT t=1375000 wb_pc=00000184 wb_we=1 wb_rd=x3 wb_val=00000008 IF_pc=00000194 IF_inst=00301463 ID_pc=00000190 ID_inst=0020c463 EX_pc=0000018c EX_alu=fffffffe mem_stall=0 mem_commit=0 mem_we=0000 mem_addr=00000001 mem_wd=0000ff00 mem_rd=00800f93
TRACE t=1385000 wb_have=1 pcIF=00000198 instIF=1e301c63 pcID=00000194 instID=00301463 pcEX=00000190 aluMEM=fffffffe mem_stall=0 mem_waited=0 mem_addr=fffffffe mem_we=0000 mem_rd=0540006f
COMMIT t=1385000 wb_pc=00000188 wb_we=1 wb_rd=x1 wb_val=00000001 IF_pc=00000198 IF_inst=1e301c63 ID_pc=00000194 ID_inst=00301463 EX_pc=00000190 EX_alu=00000198 mem_stall=0 mem_commit=0 mem_we=0000 mem_addr=fffffffe mem_wd=00000000 mem_rd=0540006f
TRACE t=1395000 wb_have=1 pcIF=0000019c instIF=fe20cee3 pcID=00000198 instID=1e301c63 pcEX=00000194 aluMEM=00000198 mem_stall=0 mem_waited=0 mem_addr=00000198 mem_we=0000 mem_rd=00000000
COMMIT t=1395000 wb_pc=0000018c wb_we=1 wb_rd=x2 wb_val=fffffffe IF_pc=0000019c IF_inst=fe20cee3 ID_pc=00000198 ID_inst=1e301c63 EX_pc=00000194 EX_alu=0000019c mem_stall=0 mem_commit=0 mem_we=0000 mem_addr=00000198 mem_wd=000000fe mem_rd=00000000
TRACE t=1405000 wb_have=1 pcIF=00000000 instIF=00000013 pcID=00000000 instID=00000013 pcEX=00000000 aluMEM=0000019c mem_stall=0 mem_waited=0 mem_addr=0000019c mem_we=0000 mem_rd=1e301c63
COMMIT t=1405000 wb_pc=00000190 wb_we=0 wb_rd=x8 wb_val=00000198 IF_pc=00000000 IF_inst=00000013 ID_pc=00000000 ID_inst=00000013 EX_pc=00000000 EX_alu=00000000 mem_stall=0 mem_commit=0 mem_we=0000 mem_addr=0000019c mem_wd=00000008 mem_rd=1e301c63
TRACE t=1415000 wb_have=1 pcIF=00000000 instIF=00000013 pcID=00000000 instID=00000013 pcEX=00000000 aluMEM=00000000 mem_stall=0 mem_waited=0 mem_addr=00000000 mem_we=0000 mem_rd=fe20cee3
COMMIT t=1415000 wb_pc=00000194 wb_we=0 wb_rd=x8 wb_val=0000019c IF_pc=00000000 IF_inst=00000013 ID_pc=00000000 ID_inst=00000013 EX_pc=00000000 EX_alu=00000000 mem_stall=0 mem_commit=0 mem_we=0000 mem_addr=00000000 mem_wd=00000000 mem_rd=fe20cee3
TRACE t=1425000 wb_have=0 pcIF=0000019c instIF=fe20cee3 pcID=00000000 instID=00000013 pcEX=00000000 aluMEM=00000000 mem_stall=0 mem_waited=0 mem_addr=00000000 mem_we=0000 mem_rd=0540006f
TRACE t=1435000 wb_have=0 pcIF=000001a0 instIF=00900193 pcID=0000019c instID=fe20cee3 pcEX=00000000 aluMEM=00000000 mem_stall=0 mem_waited=0 mem_addr=00000000 mem_we=0000 mem_rd=0540006f
TRACE t=1445000 wb_have=1 pcIF=000001a4 instIF=00000213 pcID=000001a0 instID=00900193 pcEX=0000019c aluMEM=00000000 mem_stall=0 mem_waited=0 mem_addr=00000000 mem_we=0000 mem_rd=0540006f
COMMIT t=1445000 wb_pc=00000000 wb_we=1 wb_rd=x0 wb_val=00000000 IF_pc=000001a4 IF_inst=00000213 ID_pc=000001a0 ID_inst=00900193 EX_pc=0000019c EX_alu=00000198 mem_stall=0 mem_commit=0 mem_we=0000 mem_addr=00000000 mem_wd=00000000 mem_rd=0540006f
TRACE t=1455000 wb_have=1 pcIF=000001a8 instIF=00000093 pcID=000001a4 instID=00000213 pcEX=000001a0 aluMEM=00000198 mem_stall=0 mem_waited=0 mem_addr=00000198 mem_we=0000 mem_rd=0540006f
COMMIT t=1455000 wb_pc=00000000 wb_we=1 wb_rd=x0 wb_val=00000000 IF_pc=000001a8 IF_inst=00000093 ID_pc=000001a4 ID_inst=00000213 EX_pc=000001a0 EX_alu=00000009 mem_stall=0 mem_commit=0 mem_we=0000 mem_addr=00000198 mem_wd=000000fe mem_rd=0540006f
TRACE t=1465000 wb_have=1 pcIF=000001ac instIF=fff00113 pcID=000001a8 instID=00000093 pcEX=000001a4 aluMEM=00000009 mem_stall=0 mem_waited=0 mem_addr=00000009 mem_we=0000 mem_rd=1e301c63
COMMIT t=1465000 wb_pc=0000019c wb_we=0 wb_rd=x29 wb_val=00000198 IF_pc=000001ac IF_inst=fff00113 ID_pc=000001a8 ID_inst=00000093 EX_pc=000001a4 EX_alu=00000000 mem_stall=0 mem_commit=0 mem_we=0000 mem_addr=00000009 mem_wd=00000000 mem_rd=1e301c63
TRACE t=1475000 wb_have=1 pcIF=000001b0 instIF=1e20c063 pcID=000001ac instID=fff00113 pcEX=000001a8 aluMEM=00000000 mem_stall=0 mem_waited=0 mem_addr=00000000 mem_we=0000 mem_rd=00800f93
COMMIT t=1475000 wb_pc=000001a0 wb_we=1 wb_rd=x3 wb_val=00000009 IF_pc=000001b0 IF_inst=1e20c063 ID_pc=000001ac ID_inst=fff00113 EX_pc=000001a8 EX_alu=00000000 mem_stall=0 mem_commit=0 mem_we=0000 mem_addr=00000000 mem_wd=00000000 mem_rd=00800f93
TRACE t=1485000 wb_have=1 pcIF=000001b4 instIF=00120213 pcID=000001b0 instID=1e20c063 pcEX=000001ac aluMEM=00000000 mem_stall=0 mem_waited=0 mem_addr=00000000 mem_we=0000 mem_rd=0540006f
COMMIT t=1485000 wb_pc=000001a4 wb_we=1 wb_rd=x4 wb_val=00000000 IF_pc=000001b4 IF_inst=00120213 ID_pc=000001b0 ID_inst=1e20c063 EX_pc=000001ac EX_alu=ffffffff mem_stall=0 mem_commit=0 mem_we=0000 mem_addr=00000000 mem_wd=00000000 mem_rd=0540006f
TRACE t=1495000 wb_have=1 pcIF=000001b8 instIF=00200293 pcID=000001b4 instID=00120213 pcEX=000001b0 aluMEM=ffffffff mem_stall=0 mem_waited=0 mem_addr=ffffffff mem_we=0000 mem_rd=0540006f
COMMIT t=1495000 wb_pc=000001a8 wb_we=1 wb_rd=x1 wb_val=00000000 IF_pc=000001b8 IF_inst=00200293 ID_pc=000001b4 ID_inst=00120213 EX_pc=000001b0 EX_alu=00000390 mem_stall=0 mem_commit=0 mem_we=0000 mem_addr=ffffffff mem_wd=00000000 mem_rd=0540006f
TRACE t=1505000 wb_have=1 pcIF=000001bc instIF=fe5216e3 pcID=000001b8 instID=00200293 pcEX=000001b4 aluMEM=00000390 mem_stall=0 mem_waited=0 mem_addr=00000390 mem_we=0000 mem_rd=00000000
COMMIT t=1505000 wb_pc=000001ac wb_we=1 wb_rd=x2 wb_val=ffffffff IF_pc=000001bc IF_inst=fe5216e3 ID_pc=000001b8 ID_inst=00200293 EX_pc=000001b4 EX_alu=00000001 mem_stall=0 mem_commit=0 mem_we=0000 mem_addr=00000390 mem_wd=000000ff mem_rd=00000000
TRACE t=1515000 wb_have=1 pcIF=000001c0 instIF=00a00193 pcID=000001bc instID=fe5216e3 pcEX=000001b8 aluMEM=00000001 mem_stall=0 mem_waited=0 mem_addr=00000001 mem_we=0000 mem_rd=0ff0000f
COMMIT t=1515000 wb_pc=000001b0 wb_we=0 wb_rd=x0 wb_val=00000390 IF_pc=000001c0 IF_inst=00a00193 ID_pc=000001bc ID_inst=fe5216e3 EX_pc=000001b8 EX_alu=00000002 mem_stall=0 mem_commit=0 mem_we=0000 mem_addr=00000001 mem_wd=00000000 mem_rd=0ff0000f
TRACE t=1525000 wb_have=1 pcIF=000001c4 instIF=00000213 pcID=000001c0 instID=00a00193 pcEX=000001bc aluMEM=00000002 mem_stall=0 mem_waited=0 mem_addr=00000002 mem_we=0000 mem_rd=0540006f
COMMIT t=1525000 wb_pc=000001b4 wb_we=1 wb_rd=x4 wb_val=00000001 IF_pc=000001c4 IF_inst=00000213 ID_pc=000001c0 ID_inst=00a00193 EX_pc=000001bc EX_alu=000001a8 mem_stall=0 mem_commit=0 mem_we=0000 mem_addr=00000002 mem_wd=00ff0000 mem_rd=0540006f
TRACE t=1535000 wb_have=1 pcIF=00000000 instIF=00000013 pcID=00000000 instID=00000013 pcEX=00000000 aluMEM=000001a8 mem_stall=0 mem_waited=0 mem_addr=000001a8 mem_we=0000 mem_rd=0540006f
COMMIT t=1535000 wb_pc=000001b8 wb_we=1 wb_rd=x5 wb_val=00000002 IF_pc=00000000 IF_inst=00000013 ID_pc=00000000 ID_inst=00000013 EX_pc=00000000 EX_alu=00000000 mem_stall=0 mem_commit=0 mem_we=0000 mem_addr=000001a8 mem_wd=00000002 mem_rd=0540006f
TRACE t=1545000 wb_have=1 pcIF=00000000 instIF=00000013 pcID=00000000 instID=00000013 pcEX=00000000 aluMEM=00000000 mem_stall=0 mem_waited=0 mem_addr=00000000 mem_we=0000 mem_rd=00000093
COMMIT t=1545000 wb_pc=000001bc wb_we=0 wb_rd=x13 wb_val=000001a8 IF_pc=00000000 IF_inst=00000013 ID_pc=00000000 ID_inst=00000013 EX_pc=00000000 EX_alu=00000000 mem_stall=0 mem_commit=0 mem_we=0000 mem_addr=00000000 mem_wd=00000000 mem_rd=00000093
TRACE t=1555000 wb_have=0 pcIF=000001a8 instIF=00000093 pcID=00000000 instID=00000013 pcEX=00000000 aluMEM=00000000 mem_stall=0 mem_waited=0 mem_addr=00000000 mem_we=0000 mem_rd=0540006f
TRACE t=1565000 wb_have=0 pcIF=000001ac instIF=fff00113 pcID=000001a8 instID=00000093 pcEX=00000000 aluMEM=00000000 mem_stall=0 mem_waited=0 mem_addr=00000000 mem_we=0000 mem_rd=0540006f
TRACE t=1575000 wb_have=1 pcIF=000001b0 instIF=1e20c063 pcID=000001ac instID=fff00113 pcEX=000001a8 aluMEM=00000000 mem_stall=0 mem_waited=0 mem_addr=00000000 mem_we=0000 mem_rd=0540006f
COMMIT t=1575000 wb_pc=00000000 wb_we=1 wb_rd=x0 wb_val=00000000 IF_pc=000001b0 IF_inst=1e20c063 ID_pc=000001ac ID_inst=fff00113 EX_pc=000001a8 EX_alu=00000000 mem_stall=0 mem_commit=0 mem_we=0000 mem_addr=00000000 mem_wd=00000000 mem_rd=0540006f
TRACE t=1585000 wb_have=1 pcIF=000001b4 instIF=00120213 pcID=000001b0 instID=1e20c063 pcEX=000001ac aluMEM=00000000 mem_stall=0 mem_waited=0 mem_addr=00000000 mem_we=0000 mem_rd=0540006f
COMMIT t=1585000 wb_pc=00000000 wb_we=1 wb_rd=x0 wb_val=00000000 IF_pc=000001b4 IF_inst=00120213 ID_pc=000001b0 ID_inst=1e20c063 EX_pc=000001ac EX_alu=ffffffff mem_stall=0 mem_commit=0 mem_we=0000 mem_addr=00000000 mem_wd=00000000 mem_rd=0540006f
TRACE t=1595000 wb_have=1 pcIF=000001b8 instIF=00200293 pcID=000001b4 instID=00120213 pcEX=000001b0 aluMEM=ffffffff mem_stall=0 mem_waited=0 mem_addr=ffffffff mem_we=0000 mem_rd=0540006f
COMMIT t=1595000 wb_pc=000001a8 wb_we=1 wb_rd=x1 wb_val=00000000 IF_pc=000001b8 IF_inst=00200293 ID_pc=000001b4 ID_inst=00120213 EX_pc=000001b0 EX_alu=00000390 mem_stall=0 mem_commit=0 mem_we=0000 mem_addr=ffffffff mem_wd=00000000 mem_rd=0540006f
TRACE t=1605000 wb_have=1 pcIF=000001bc instIF=fe5216e3 pcID=000001b8 instID=00200293 pcEX=000001b4 aluMEM=00000390 mem_stall=0 mem_waited=0 mem_addr=00000390 mem_we=0000 mem_rd=00000000
COMMIT t=1605000 wb_pc=000001ac wb_we=1 wb_rd=x2 wb_val=ffffffff IF_pc=000001bc IF_inst=fe5216e3 ID_pc=000001b8 ID_inst=00200293 EX_pc=000001b4 EX_alu=00000002 mem_stall=0 mem_commit=0 mem_we=0000 mem_addr=00000390 mem_wd=000000ff mem_rd=00000000
TRACE t=1615000 wb_have=1 pcIF=000001c0 instIF=00a00193 pcID=000001bc instID=fe5216e3 pcEX=000001b8 aluMEM=00000002 mem_stall=0 mem_waited=0 mem_addr=00000002 mem_we=0000 mem_rd=0ff0000f
COMMIT t=1615000 wb_pc=000001b0 wb_we=0 wb_rd=x0 wb_val=00000390 IF_pc=000001c0 IF_inst=00a00193 ID_pc=000001bc ID_inst=fe5216e3 EX_pc=000001b8 EX_alu=00000002 mem_stall=0 mem_commit=0 mem_we=0000 mem_addr=00000002 mem_wd=00000000 mem_rd=0ff0000f
TRACE t=1625000 wb_have=1 pcIF=000001c4 instIF=00000213 pcID=000001c0 instID=00a00193 pcEX=000001bc aluMEM=00000002 mem_stall=0 mem_waited=0 mem_addr=00000002 mem_we=0000 mem_rd=0540006f
COMMIT t=1625000 wb_pc=000001b4 wb_we=1 wb_rd=x4 wb_val=00000002 IF_pc=000001c4 IF_inst=00000213 ID_pc=000001c0 ID_inst=00a00193 EX_pc=000001bc EX_alu=000001a8 mem_stall=0 mem_commit=0 mem_we=0000 mem_addr=00000002 mem_wd=00ff0000 mem_rd=0540006f
TRACE t=1635000 wb_have=1 pcIF=000001c8 instIF=00000093 pcID=000001c4 instID=00000213 pcEX=000001c0 aluMEM=000001a8 mem_stall=0 mem_waited=0 mem_addr=000001a8 mem_we=0000 mem_rd=0540006f
COMMIT t=1635000 wb_pc=000001b8 wb_we=1 wb_rd=x5 wb_val=00000002 IF_pc=000001c8 IF_inst=00000093 ID_pc=000001c4 ID_inst=00000213 EX_pc=000001c0 EX_alu=0000000a mem_stall=0 mem_commit=0 mem_we=0000 mem_addr=000001a8 mem_wd=00000002 mem_rd=0540006f
TRACE t=1645000 wb_have=1 pcIF=000001cc instIF=fff00113 pcID=000001c8 instID=00000093 pcEX=000001c4 aluMEM=0000000a mem_stall=0 mem_waited=0 mem_addr=0000000a mem_we=0000 mem_rd=00000093
COMMIT t=1645000 wb_pc=000001bc wb_we=0 wb_rd=x13 wb_val=000001a8 IF_pc=000001cc IF_inst=fff00113 ID_pc=000001c8 ID_inst=00000093 EX_pc=000001c4 EX_alu=00000000 mem_stall=0 mem_commit=0 mem_we=0000 mem_addr=0000000a mem_wd=00000000 mem_rd=00000093
TRACE t=1655000 wb_have=1 pcIF=000001d0 instIF=00000013 pcID=000001cc instID=fff00113 pcEX=000001c8 aluMEM=00000000 mem_stall=0 mem_waited=0 mem_addr=00000000 mem_we=0000 mem_rd=00800f93
COMMIT t=1655000 wb_pc=000001c0 wb_we=1 wb_rd=x3 wb_val=0000000a IF_pc=000001d0 IF_inst=00000013 ID_pc=000001cc ID_inst=fff00113 EX_pc=000001c8 EX_alu=00000000 mem_stall=0 mem_commit=0 mem_we=0000 mem_addr=00000000 mem_wd=00000000 mem_rd=00800f93
TRACE t=1665000 wb_have=1 pcIF=000001d4 instIF=1a20ce63 pcID=000001d0 instID=00000013 pcEX=000001cc aluMEM=00000000 mem_stall=0 mem_waited=0 mem_addr=00000000 mem_we=0000 mem_rd=0540006f
COMMIT t=1665000 wb_pc=000001c4 wb_we=1 wb_rd=x4 wb_val=00000000 IF_pc=000001d4 IF_inst=1a20ce63 ID_pc=000001d0 ID_inst=00000013 EX_pc=000001cc EX_alu=ffffffff mem_stall=0 mem_commit=0 mem_we=0000 mem_addr=00000000 mem_wd=00000000 mem_rd=0540006f
TRACE t=1675000 wb_have=1 pcIF=000001d8 instIF=00120213 pcID=000001d4 instID=1a20ce63 pcEX=000001d0 aluMEM=ffffffff mem_stall=0 mem_waited=0 mem_addr=ffffffff mem_we=0000 mem_rd=0540006f
COMMIT t=1675000 wb_pc=000001c8 wb_we=1 wb_rd=x1 wb_val=00000000 IF_pc=000001d8 IF_inst=00120213 ID_pc=000001d4 ID_inst=1a20ce63 EX_pc=000001d0 EX_alu=00000000 mem_stall=0 mem_commit=0 mem_we=0000 mem_addr=ffffffff mem_wd=00000000 mem_rd=0540006f
TRACE t=1685000 wb_have=1 pcIF=000001dc instIF=00200293 pcID=000001d8 instID=00120213 pcEX=000001d4 aluMEM=00000000 mem_stall=0 mem_waited=0 mem_addr=00000000 mem_we=0000 mem_rd=00000000
COMMIT t=1685000 wb_pc=000001cc wb_we=1 wb_rd=x2 wb_val=ffffffff IF_pc=000001dc IF_inst=00200293 ID_pc=000001d8 ID_inst=00120213 EX_pc=000001d4 EX_alu=00000390 mem_stall=0 mem_commit=0 mem_we=0000 mem_addr=00000000 mem_wd=00000000 mem_rd=00000000
TRACE t=1695000 wb_have=1 pcIF=000001e0 instIF=fe5214e3 pcID=000001dc instID=00200293 pcEX=000001d8 aluMEM=00000390 mem_stall=0 mem_waited=0 mem_addr=00000390 mem_we=0000 mem_rd=0540006f
COMMIT t=1695000 wb_pc=000001d0 wb_we=1 wb_rd=x0 wb_val=00000000 IF_pc=000001e0 IF_inst=fe5214e3 ID_pc=000001dc ID_inst=00200293 EX_pc=000001d8 EX_alu=00000001 mem_stall=0 mem_commit=0 mem_we=0000 mem_addr=00000390 mem_wd=000000ff mem_rd=0540006f
TRACE t=1705000 wb_have=1 pcIF=000001e4 instIF=00b00193 pcID=000001e0 instID=fe5214e3 pcEX=000001dc aluMEM=00000001 mem_stall=0 mem_waited=0 mem_addr=00000001 mem_we=0000 mem_rd=0ff0000f
COMMIT t=1705000 wb_pc=000001d4 wb_we=0 wb_rd=x28 wb_val=00000390 IF_pc=000001e4 IF_inst=00b00193 ID_pc=000001e0 ID_inst=fe5214e3 EX_pc=000001dc EX_alu=00000002 mem_stall=0 mem_commit=0 mem_we=0000 mem_addr=00000001 mem_wd=00000000 mem_rd=0ff0000f
TRACE t=1715000 wb_have=1 pcIF=000001e8 instIF=00000213 pcID=000001e4 instID=00b00193 pcEX=000001e0 aluMEM=00000002 mem_stall=0 mem_waited=0 mem_addr=00000002 mem_we=0000 mem_rd=0540006f
COMMIT t=1715000 wb_pc=000001d8 wb_we=1 wb_rd=x4 wb_val=00000001 IF_pc=000001e8 IF_inst=00000213 ID_pc=000001e4 ID_inst=00b00193 EX_pc=000001e0 EX_alu=000001c8 mem_stall=0 mem_commit=0 mem_we=0000 mem_addr=00000002 mem_wd=00ff0000 mem_rd=0540006f
TRACE t=1725000 wb_have=1 pcIF=00000000 instIF=00000013 pcID=00000000 instID=00000013 pcEX=00000000 aluMEM=000001c8 mem_stall=0 mem_waited=0 mem_addr=000001c8 mem_we=0000 mem_rd=0540006f
COMMIT t=1725000 wb_pc=000001dc wb_we=1 wb_rd=x5 wb_val=00000002 IF_pc=00000000 IF_inst=00000013 ID_pc=00000000 ID_inst=00000013 EX_pc=00000000 EX_alu=00000000 mem_stall=0 mem_commit=0 mem_we=0000 mem_addr=000001c8 mem_wd=00000002 mem_rd=0540006f
TRACE t=1735000 wb_have=1 pcIF=00000000 instIF=00000013 pcID=00000000 instID=00000013 pcEX=00000000 aluMEM=00000000 mem_stall=0 mem_waited=0 mem_addr=00000000 mem_we=0000 mem_rd=00000093
COMMIT t=1735000 wb_pc=000001e0 wb_we=0 wb_rd=x9 wb_val=000001c8 IF_pc=00000000 IF_inst=00000013 ID_pc=00000000 ID_inst=00000013 EX_pc=00000000 EX_alu=00000000 mem_stall=0 mem_commit=0 mem_we=0000 mem_addr=00000000 mem_wd=00000000 mem_rd=00000093
TRACE t=1745000 wb_have=0 pcIF=000001c8 instIF=00000093 pcID=00000000 instID=00000013 pcEX=00000000 aluMEM=00000000 mem_stall=0 mem_waited=0 mem_addr=00000000 mem_we=0000 mem_rd=0540006f
TRACE t=1755000 wb_have=0 pcIF=000001cc instIF=fff00113 pcID=000001c8 instID=00000093 pcEX=00000000 aluMEM=00000000 mem_stall=0 mem_waited=0 mem_addr=00000000 mem_we=0000 mem_rd=0540006f
TRACE t=1765000 wb_have=1 pcIF=000001d0 instIF=00000013 pcID=000001cc instID=fff00113 pcEX=000001c8 aluMEM=00000000 mem_stall=0 mem_waited=0 mem_addr=00000000 mem_we=0000 mem_rd=0540006f
COMMIT t=1765000 wb_pc=00000000 wb_we=1 wb_rd=x0 wb_val=00000000 IF_pc=000001d0 IF_inst=00000013 ID_pc=000001cc ID_inst=fff00113 EX_pc=000001c8 EX_alu=00000000 mem_stall=0 mem_commit=0 mem_we=0000 mem_addr=00000000 mem_wd=00000000 mem_rd=0540006f
TRACE t=1775000 wb_have=1 pcIF=000001d4 instIF=1a20ce63 pcID=000001d0 instID=00000013 pcEX=000001cc aluMEM=00000000 mem_stall=0 mem_waited=0 mem_addr=00000000 mem_we=0000 mem_rd=0540006f
COMMIT t=1775000 wb_pc=00000000 wb_we=1 wb_rd=x0 wb_val=00000000 IF_pc=000001d4 IF_inst=1a20ce63 ID_pc=000001d0 ID_inst=00000013 EX_pc=000001cc EX_alu=ffffffff mem_stall=0 mem_commit=0 mem_we=0000 mem_addr=00000000 mem_wd=00000000 mem_rd=0540006f
TRACE t=1785000 wb_have=1 pcIF=000001d8 instIF=00120213 pcID=000001d4 instID=1a20ce63 pcEX=000001d0 aluMEM=ffffffff mem_stall=0 mem_waited=0 mem_addr=ffffffff mem_we=0000 mem_rd=0540006f
COMMIT t=1785000 wb_pc=000001c8 wb_we=1 wb_rd=x1 wb_val=00000000 IF_pc=000001d8 IF_inst=00120213 ID_pc=000001d4 ID_inst=1a20ce63 EX_pc=000001d0 EX_alu=00000000 mem_stall=0 mem_commit=0 mem_we=0000 mem_addr=ffffffff mem_wd=00000000 mem_rd=0540006f
TRACE t=1795000 wb_have=1 pcIF=000001dc instIF=00200293 pcID=000001d8 instID=00120213 pcEX=000001d4 aluMEM=00000000 mem_stall=0 mem_waited=0 mem_addr=00000000 mem_we=0000 mem_rd=00000000
COMMIT t=1795000 wb_pc=000001cc wb_we=1 wb_rd=x2 wb_val=ffffffff IF_pc=000001dc IF_inst=00200293 ID_pc=000001d8 ID_inst=00120213 EX_pc=000001d4 EX_alu=00000390 mem_stall=0 mem_commit=0 mem_we=0000 mem_addr=00000000 mem_wd=00000000 mem_rd=00000000
TRACE t=1805000 wb_have=1 pcIF=000001e0 instIF=fe5214e3 pcID=000001dc instID=00200293 pcEX=000001d8 aluMEM=00000390 mem_stall=0 mem_waited=0 mem_addr=00000390 mem_we=0000 mem_rd=0540006f
COMMIT t=1805000 wb_pc=000001d0 wb_we=1 wb_rd=x0 wb_val=00000000 IF_pc=000001e0 IF_inst=fe5214e3 ID_pc=000001dc ID_inst=00200293 EX_pc=000001d8 EX_alu=00000002 mem_stall=0 mem_commit=0 mem_we=0000 mem_addr=00000390 mem_wd=000000ff mem_rd=0540006f
TRACE t=1815000 wb_have=1 pcIF=000001e4 instIF=00b00193 pcID=000001e0 instID=fe5214e3 pcEX=000001dc aluMEM=00000002 mem_stall=0 mem_waited=0 mem_addr=00000002 mem_we=0000 mem_rd=0ff0000f
COMMIT t=1815000 wb_pc=000001d4 wb_we=0 wb_rd=x28 wb_val=00000390 IF_pc=000001e4 IF_inst=00b00193 ID_pc=000001e0 ID_inst=fe5214e3 EX_pc=000001dc EX_alu=00000002 mem_stall=0 mem_commit=0 mem_we=0000 mem_addr=00000002 mem_wd=00000000 mem_rd=0ff0000f
TRACE t=1825000 wb_have=1 pcIF=000001e8 instIF=00000213 pcID=000001e4 instID=00b00193 pcEX=000001e0 aluMEM=00000002 mem_stall=0 mem_waited=0 mem_addr=00000002 mem_we=0000 mem_rd=0540006f
COMMIT t=1825000 wb_pc=000001d8 wb_we=1 wb_rd=x4 wb_val=00000002 IF_pc=000001e8 IF_inst=00000213 ID_pc=000001e4 ID_inst=00b00193 EX_pc=000001e0 EX_alu=000001c8 mem_stall=0 mem_commit=0 mem_we=0000 mem_addr=00000002 mem_wd=00ff0000 mem_rd=0540006f
TRACE t=1835000 wb_have=1 pcIF=000001ec instIF=00000093 pcID=000001e8 instID=00000213 pcEX=000001e4 aluMEM=000001c8 mem_stall=0 mem_waited=0 mem_addr=000001c8 mem_we=0000 mem_rd=0540006f
COMMIT t=1835000 wb_pc=000001dc wb_we=1 wb_rd=x5 wb_val=00000002 IF_pc=000001ec IF_inst=00000093 ID_pc=000001e8 ID_inst=00000213 EX_pc=000001e4 EX_alu=0000000b mem_stall=0 mem_commit=0 mem_we=0000 mem_addr=000001c8 mem_wd=00000002 mem_rd=0540006f
TRACE t=1845000 wb_have=1 pcIF=000001f0 instIF=fff00113 pcID=000001ec instID=00000093 pcEX=000001e8 aluMEM=0000000b mem_stall=0 mem_waited=0 mem_addr=0000000b mem_we=0000 mem_rd=00000093
COMMIT t=1845000 wb_pc=000001e0 wb_we=0 wb_rd=x9 wb_val=000001c8 IF_pc=000001f0 IF_inst=fff00113 ID_pc=000001ec ID_inst=00000093 EX_pc=000001e8 EX_alu=00000000 mem_stall=0 mem_commit=0 mem_we=0000 mem_addr=0000000b mem_wd=00000000 mem_rd=00000093
TRACE t=1855000 wb_have=1 pcIF=000001f4 instIF=00000013 pcID=000001f0 instID=fff00113 pcEX=000001ec aluMEM=00000000 mem_stall=0 mem_waited=0 mem_addr=00000000 mem_we=0000 mem_rd=00800f93
COMMIT t=1855000 wb_pc=000001e4 wb_we=1 wb_rd=x3 wb_val=0000000b IF_pc=000001f4 IF_inst=00000013 ID_pc=000001f0 ID_inst=fff00113 EX_pc=000001ec EX_alu=00000000 mem_stall=0 mem_commit=0 mem_we=0000 mem_addr=00000000 mem_wd=00000000 mem_rd=00800f93
TRACE t=1865000 wb_have=1 pcIF=000001f8 instIF=00000013 pcID=000001f4 instID=00000013 pcEX=000001f0 aluMEM=00000000 mem_stall=0 mem_waited=0 mem_addr=00000000 mem_we=0000 mem_rd=0540006f
COMMIT t=1865000 wb_pc=000001e8 wb_we=1 wb_rd=x4 wb_val=00000000 IF_pc=000001f8 IF_inst=00000013 ID_pc=000001f4 ID_inst=00000013 EX_pc=000001f0 EX_alu=ffffffff mem_stall=0 mem_commit=0 mem_we=0000 mem_addr=00000000 mem_wd=00000000 mem_rd=0540006f
TRACE t=1875000 wb_have=1 pcIF=000001fc instIF=1820ca63 pcID=000001f8 instID=00000013 pcEX=000001f4 aluMEM=ffffffff mem_stall=0 mem_waited=0 mem_addr=ffffffff mem_we=0000 mem_rd=0540006f
COMMIT t=1875000 wb_pc=000001ec wb_we=1 wb_rd=x1 wb_val=00000000 IF_pc=000001fc IF_inst=1820ca63 ID_pc=000001f8 ID_inst=00000013 EX_pc=000001f4 EX_alu=00000000 mem_stall=0 mem_commit=0 mem_we=0000 mem_addr=ffffffff mem_wd=00000000 mem_rd=0540006f
TRACE t=1885000 wb_have=1 pcIF=00000200 instIF=00120213 pcID=000001fc instID=1820ca63 pcEX=000001f8 aluMEM=00000000 mem_stall=0 mem_waited=0 mem_addr=00000000 mem_we=0000 mem_rd=00000000
COMMIT t=1885000 wb_pc=000001f0 wb_we=1 wb_rd=x2 wb_val=ffffffff IF_pc=00000200 IF_inst=00120213 ID_pc=000001fc ID_inst=1820ca63 EX_pc=000001f8 EX_alu=00000000 mem_stall=0 mem_commit=0 mem_we=0000 mem_addr=00000000 mem_wd=00000000 mem_rd=00000000
TRACE t=1895000 wb_have=1 pcIF=00000204 instIF=00200293 pcID=00000200 instID=00120213 pcEX=000001fc aluMEM=00000000 mem_stall=0 mem_waited=0 mem_addr=00000000 mem_we=0000 mem_rd=0540006f
COMMIT t=1895000 wb_pc=000001f4 wb_we=1 wb_rd=x0 wb_val=00000000 IF_pc=00000204 IF_inst=00200293 ID_pc=00000200 ID_inst=00120213 EX_pc=000001fc EX_alu=00000390 mem_stall=0 mem_commit=0 mem_we=0000 mem_addr=00000000 mem_wd=00000000 mem_rd=0540006f
TRACE t=1905000 wb_have=1 pcIF=00000208 instIF=fe5212e3 pcID=00000204 instID=00200293 pcEX=00000200 aluMEM=00000390 mem_stall=0 mem_waited=0 mem_addr=00000390 mem_we=0000 mem_rd=0540006f
COMMIT t=1905000 wb_pc=000001f8 wb_we=1 wb_rd=x0 wb_val=00000000 IF_pc=00000208 IF_inst=fe5212e3 ID_pc=00000204 ID_inst=00200293 EX_pc=00000200 EX_alu=00000001 mem_stall=0 mem_commit=0 mem_we=0000 mem_addr=00000390 mem_wd=000000ff mem_rd=0540006f
TRACE t=1915000 wb_have=1 pcIF=0000020c instIF=00c00193 pcID=00000208 instID=fe5212e3 pcEX=00000204 aluMEM=00000001 mem_stall=0 mem_waited=0 mem_addr=00000001 mem_we=0000 mem_rd=0ff0000f
COMMIT t=1915000 wb_pc=000001fc wb_we=0 wb_rd=x20 wb_val=00000390 IF_pc=0000020c IF_inst=00c00193 ID_pc=00000208 ID_inst=fe5212e3 EX_pc=00000204 EX_alu=00000002 mem_stall=0 mem_commit=0 mem_we=0000 mem_addr=00000001 mem_wd=00000000 mem_rd=0ff0000f
TRACE t=1925000 wb_have=1 pcIF=00000210 instIF=00000213 pcID=0000020c instID=00c00193 pcEX=00000208 aluMEM=00000002 mem_stall=0 mem_waited=0 mem_addr=00000002 mem_we=0000 mem_rd=0540006f
COMMIT t=1925000 wb_pc=00000200 wb_we=1 wb_rd=x4 wb_val=00000001 IF_pc=00000210 IF_inst=00000213 ID_pc=0000020c ID_inst=00c00193 EX_pc=00000208 EX_alu=000001ec mem_stall=0 mem_commit=0 mem_we=0000 mem_addr=00000002 mem_wd=00ff0000 mem_rd=0540006f
TRACE t=1935000 wb_have=1 pcIF=00000000 instIF=00000013 pcID=00000000 instID=00000013 pcEX=00000000 aluMEM=000001ec mem_stall=0 mem_waited=0 mem_addr=000001ec mem_we=0000 mem_rd=0540006f
COMMIT t=1935000 wb_pc=00000204 wb_we=1 wb_rd=x5 wb_val=00000002 IF_pc=00000000 IF_inst=00000013 ID_pc=00000000 ID_inst=00000013 EX_pc=00000000 EX_alu=00000000 mem_stall=0 mem_commit=0 mem_we=0000 mem_addr=000001ec mem_wd=00000002 mem_rd=0540006f
TRACE t=1945000 wb_have=1 pcIF=00000000 instIF=00000013 pcID=00000000 instID=00000013 pcEX=00000000 aluMEM=00000000 mem_stall=0 mem_waited=0 mem_addr=00000000 mem_we=0000 mem_rd=00000093
COMMIT t=1945000 wb_pc=00000208 wb_we=0 wb_rd=x5 wb_val=000001ec IF_pc=00000000 IF_inst=00000013 ID_pc=00000000 ID_inst=00000013 EX_pc=00000000 EX_alu=00000000 mem_stall=0 mem_commit=0 mem_we=0000 mem_addr=00000000 mem_wd=00000000 mem_rd=00000093
TRACE t=1955000 wb_have=0 pcIF=000001ec instIF=00000093 pcID=00000000 instID=00000013 pcEX=00000000 aluMEM=00000000 mem_stall=0 mem_waited=0 mem_addr=00000000 mem_we=0000 mem_rd=0540006f
TRACE t=1965000 wb_have=0 pcIF=000001f0 instIF=fff00113 pcID=000001ec instID=00000093 pcEX=00000000 aluMEM=00000000 mem_stall=0 mem_waited=0 mem_addr=00000000 mem_we=0000 mem_rd=0540006f
TRACE t=1975000 wb_have=1 pcIF=000001f4 instIF=00000013 pcID=000001f0 instID=fff00113 pcEX=000001ec aluMEM=00000000 mem_stall=0 mem_waited=0 mem_addr=00000000 mem_we=0000 mem_rd=0540006f
COMMIT t=1975000 wb_pc=00000000 wb_we=1 wb_rd=x0 wb_val=00000000 IF_pc=000001f4 IF_inst=00000013 ID_pc=000001f0 ID_inst=fff00113 EX_pc=000001ec EX_alu=00000000 mem_stall=0 mem_commit=0 mem_we=0000 mem_addr=00000000 mem_wd=00000000 mem_rd=0540006f
TRACE t=1985000 wb_have=1 pcIF=000001f8 instIF=00000013 pcID=000001f4 instID=00000013 pcEX=000001f0 aluMEM=00000000 mem_stall=0 mem_waited=0 mem_addr=00000000 mem_we=0000 mem_rd=0540006f
COMMIT t=1985000 wb_pc=00000000 wb_we=1 wb_rd=x0 wb_val=00000000 IF_pc=000001f8 IF_inst=00000013 ID_pc=000001f4 ID_inst=00000013 EX_pc=000001f0 EX_alu=ffffffff mem_stall=0 mem_commit=0 mem_we=0000 mem_addr=00000000 mem_wd=00000000 mem_rd=0540006f
TRACE t=1995000 wb_have=1 pcIF=000001fc instIF=1820ca63 pcID=000001f8 instID=00000013 pcEX=000001f4 aluMEM=ffffffff mem_stall=0 mem_waited=0 mem_addr=ffffffff mem_we=0000 mem_rd=0540006f
COMMIT t=1995000 wb_pc=000001ec wb_we=1 wb_rd=x1 wb_val=00000000 IF_pc=000001fc IF_inst=1820ca63 ID_pc=000001f8 ID_inst=00000013 EX_pc=000001f4 EX_alu=00000000 mem_stall=0 mem_commit=0 mem_we=0000 mem_addr=ffffffff mem_wd=00000000 mem_rd=0540006f
COMMIT t=2005000 wb_pc=000001f0 wb_we=1 wb_rd=x2 wb_val=ffffffff IF_pc=00000200 IF_inst=00120213 ID_pc=000001fc ID_inst=1820ca63 EX_pc=000001f8 EX_alu=00000000 mem_stall=0 mem_commit=0 mem_we=0000 mem_addr=00000000 mem_wd=00000000 mem_rd=00000000
COMMIT t=2015000 wb_pc=000001f4 wb_we=1 wb_rd=x0 wb_val=00000000 IF_pc=00000204 IF_inst=00200293 ID_pc=00000200 ID_inst=00120213 EX_pc=000001fc EX_alu=00000390 mem_stall=0 mem_commit=0 mem_we=0000 mem_addr=00000000 mem_wd=00000000 mem_rd=0540006f
COMMIT t=2025000 wb_pc=000001f8 wb_we=1 wb_rd=x0 wb_val=00000000 IF_pc=00000208 IF_inst=fe5212e3 ID_pc=00000204 ID_inst=00200293 EX_pc=00000200 EX_alu=00000002 mem_stall=0 mem_commit=0 mem_we=0000 mem_addr=00000390 mem_wd=000000ff mem_rd=0540006f
COMMIT t=2035000 wb_pc=000001fc wb_we=0 wb_rd=x20 wb_val=00000390 IF_pc=0000020c IF_inst=00c00193 ID_pc=00000208 ID_inst=fe5212e3 EX_pc=00000204 EX_alu=00000002 mem_stall=0 mem_commit=0 mem_we=0000 mem_addr=00000002 mem_wd=00000000 mem_rd=0ff0000f
COMMIT t=2045000 wb_pc=00000200 wb_we=1 wb_rd=x4 wb_val=00000002 IF_pc=00000210 IF_inst=00000213 ID_pc=0000020c ID_inst=00c00193 EX_pc=00000208 EX_alu=000001ec mem_stall=0 mem_commit=0 mem_we=0000 mem_addr=00000002 mem_wd=00ff0000 mem_rd=0540006f
COMMIT t=2055000 wb_pc=00000204 wb_we=1 wb_rd=x5 wb_val=00000002 IF_pc=00000214 IF_inst=00000093 ID_pc=00000210 ID_inst=00000213 EX_pc=0000020c EX_alu=0000000c mem_stall=0 mem_commit=0 mem_we=0000 mem_addr=000001ec mem_wd=00000002 mem_rd=0540006f
COMMIT t=2065000 wb_pc=00000208 wb_we=0 wb_rd=x5 wb_val=000001ec IF_pc=00000218 IF_inst=00000013 ID_pc=00000214 ID_inst=00000093 EX_pc=00000210 EX_alu=00000000 mem_stall=0 mem_commit=0 mem_we=0000 mem_addr=0000000c mem_wd=00000000 mem_rd=00000093
COMMIT t=2075000 wb_pc=0000020c wb_we=1 wb_rd=x3 wb_val=0000000c IF_pc=0000021c IF_inst=fff00113 ID_pc=00000218 ID_inst=00000013 EX_pc=00000214 EX_alu=00000000 mem_stall=0 mem_commit=0 mem_we=0000 mem_addr=00000000 mem_wd=00000000 mem_rd=03ff0a63
COMMIT t=2085000 wb_pc=00000210 wb_we=1 wb_rd=x4 wb_val=00000000 IF_pc=00000220 IF_inst=1620c863 ID_pc=0000021c ID_inst=fff00113 EX_pc=00000218 EX_alu=00000000 mem_stall=0 mem_commit=0 mem_we=0000 mem_addr=00000000 mem_wd=00000000 mem_rd=0540006f
COMMIT t=2095000 wb_pc=00000214 wb_we=1 wb_rd=x1 wb_val=00000000 IF_pc=00000224 IF_inst=00120213 ID_pc=00000220 ID_inst=1620c863 EX_pc=0000021c EX_alu=ffffffff mem_stall=0 mem_commit=0 mem_we=0000 mem_addr=00000000 mem_wd=00000000 mem_rd=0540006f
COMMIT t=2105000 wb_pc=00000218 wb_we=1 wb_rd=x0 wb_val=00000000 IF_pc=00000228 IF_inst=00200293 ID_pc=00000224 ID_inst=00120213 EX_pc=00000220 EX_alu=00000390 mem_stall=0 mem_commit=0 mem_we=0000 mem_addr=ffffffff mem_wd=00000000 mem_rd=0540006f
COMMIT t=2115000 wb_pc=0000021c wb_we=1 wb_rd=x2 wb_val=ffffffff IF_pc=0000022c IF_inst=fe5214e3 ID_pc=00000228 ID_inst=00200293 EX_pc=00000224 EX_alu=00000001 mem_stall=0 mem_commit=0 mem_we=0000 mem_addr=00000390 mem_wd=000000ff mem_rd=00000000
COMMIT t=2125000 wb_pc=00000220 wb_we=0 wb_rd=x16 wb_val=00000390 IF_pc=00000230 IF_inst=00d00193 ID_pc=0000022c ID_inst=fe5214e3 EX_pc=00000228 EX_alu=00000002 mem_stall=0 mem_commit=0 mem_we=0000 mem_addr=00000001 mem_wd=00000000 mem_rd=0ff0000f
COMMIT t=2135000 wb_pc=00000224 wb_we=1 wb_rd=x4 wb_val=00000001 IF_pc=00000234 IF_inst=00000213 ID_pc=00000230 ID_inst=00d00193 EX_pc=0000022c EX_alu=00000214 mem_stall=0 mem_commit=0 mem_we=0000 mem_addr=00000002 mem_wd=00ff0000 mem_rd=0540006f
COMMIT t=2145000 wb_pc=00000228 wb_we=1 wb_rd=x5 wb_val=00000002 IF_pc=00000000 IF_inst=00000013 ID_pc=00000000 ID_inst=00000013 EX_pc=00000000 EX_alu=00000000 mem_stall=0 mem_commit=0 mem_we=0000 mem_addr=00000214 mem_wd=00000002 mem_rd=0540006f
COMMIT t=2155000 wb_pc=0000022c wb_we=0 wb_rd=x9 wb_val=00000214 IF_pc=00000000 IF_inst=00000013 ID_pc=00000000 ID_inst=00000013 EX_pc=00000000 EX_alu=00000000 mem_stall=0 mem_commit=0 mem_we=0000 mem_addr=00000000 mem_wd=00000000 mem_rd=00000093
COMMIT t=2185000 wb_pc=00000000 wb_we=1 wb_rd=x0 wb_val=00000000 IF_pc=0000021c IF_inst=fff00113 ID_pc=00000218 ID_inst=00000013 EX_pc=00000214 EX_alu=00000000 mem_stall=0 mem_commit=0 mem_we=0000 mem_addr=00000000 mem_wd=00000000 mem_rd=0540006f
COMMIT t=2195000 wb_pc=00000000 wb_we=1 wb_rd=x0 wb_val=00000000 IF_pc=00000220 IF_inst=1620c863 ID_pc=0000021c ID_inst=fff00113 EX_pc=00000218 EX_alu=00000000 mem_stall=0 mem_commit=0 mem_we=0000 mem_addr=00000000 mem_wd=00000000 mem_rd=0540006f
COMMIT t=2205000 wb_pc=00000214 wb_we=1 wb_rd=x1 wb_val=00000000 IF_pc=00000224 IF_inst=00120213 ID_pc=00000220 ID_inst=1620c863 EX_pc=0000021c EX_alu=ffffffff mem_stall=0 mem_commit=0 mem_we=0000 mem_addr=00000000 mem_wd=00000000 mem_rd=0540006f
COMMIT t=2215000 wb_pc=00000218 wb_we=1 wb_rd=x0 wb_val=00000000 IF_pc=00000228 IF_inst=00200293 ID_pc=00000224 ID_inst=00120213 EX_pc=00000220 EX_alu=00000390 mem_stall=0 mem_commit=0 mem_we=0000 mem_addr=ffffffff mem_wd=00000000 mem_rd=0540006f
COMMIT t=2225000 wb_pc=0000021c wb_we=1 wb_rd=x2 wb_val=ffffffff IF_pc=0000022c IF_inst=fe5214e3 ID_pc=00000228 ID_inst=00200293 EX_pc=00000224 EX_alu=00000002 mem_stall=0 mem_commit=0 mem_we=0000 mem_addr=00000390 mem_wd=000000ff mem_rd=00000000
COMMIT t=2235000 wb_pc=00000220 wb_we=0 wb_rd=x16 wb_val=00000390 IF_pc=00000230 IF_inst=00d00193 ID_pc=0000022c ID_inst=fe5214e3 EX_pc=00000228 EX_alu=00000002 mem_stall=0 mem_commit=0 mem_we=0000 mem_addr=00000002 mem_wd=00000000 mem_rd=0ff0000f
COMMIT t=2245000 wb_pc=00000224 wb_we=1 wb_rd=x4 wb_val=00000002 IF_pc=00000234 IF_inst=00000213 ID_pc=00000230 ID_inst=00d00193 EX_pc=0000022c EX_alu=00000214 mem_stall=0 mem_commit=0 mem_we=0000 mem_addr=00000002 mem_wd=00ff0000 mem_rd=0540006f
COMMIT t=2255000 wb_pc=00000228 wb_we=1 wb_rd=x5 wb_val=00000002 IF_pc=00000238 IF_inst=00000093 ID_pc=00000234 ID_inst=00000213 EX_pc=00000230 EX_alu=0000000d mem_stall=0 mem_commit=0 mem_we=0000 mem_addr=00000214 mem_wd=00000002 mem_rd=0540006f
COMMIT t=2265000 wb_pc=0000022c wb_we=0 wb_rd=x9 wb_val=00000214 IF_pc=0000023c IF_inst=00000013 ID_pc=00000238 ID_inst=00000093 EX_pc=00000234 EX_alu=00000000 mem_stall=0 mem_commit=0 mem_we=0000 mem_addr=0000000d mem_wd=00000000 mem_rd=00000093
COMMIT t=2275000 wb_pc=00000230 wb_we=1 wb_rd=x3 wb_val=0000000d IF_pc=00000240 IF_inst=fff00113 ID_pc=0000023c ID_inst=00000013 EX_pc=00000238 EX_alu=00000000 mem_stall=0 mem_commit=0 mem_we=0000 mem_addr=00000000 mem_wd=00000000 mem_rd=03ff0a63
COMMIT t=2285000 wb_pc=00000234 wb_we=1 wb_rd=x4 wb_val=00000000 IF_pc=00000244 IF_inst=00000013 ID_pc=00000240 ID_inst=fff00113 EX_pc=0000023c EX_alu=00000000 mem_stall=0 mem_commit=0 mem_we=0000 mem_addr=00000000 mem_wd=00000000 mem_rd=0540006f
COMMIT t=2295000 wb_pc=00000238 wb_we=1 wb_rd=x1 wb_val=00000000 IF_pc=00000248 IF_inst=1420c463 ID_pc=00000244 ID_inst=00000013 EX_pc=00000240 EX_alu=ffffffff mem_stall=0 mem_commit=0 mem_we=0000 mem_addr=00000000 mem_wd=00000000 mem_rd=0540006f
COMMIT t=2305000 wb_pc=0000023c wb_we=1 wb_rd=x0 wb_val=00000000 IF_pc=0000024c IF_inst=00120213 ID_pc=00000248 ID_inst=1420c463 EX_pc=00000244 EX_alu=00000000 mem_stall=0 mem_commit=0 mem_we=0000 mem_addr=ffffffff mem_wd=00000000 mem_rd=0540006f
COMMIT t=2315000 wb_pc=00000240 wb_we=1 wb_rd=x2 wb_val=ffffffff IF_pc=00000250 IF_inst=00200293 ID_pc=0000024c ID_inst=00120213 EX_pc=00000248 EX_alu=00000390 mem_stall=0 mem_commit=0 mem_we=0000 mem_addr=00000000 mem_wd=00000000 mem_rd=00000000
COMMIT t=2325000 wb_pc=00000244 wb_we=1 wb_rd=x0 wb_val=00000000 IF_pc=00000254 IF_inst=fe5212e3 ID_pc=00000250 ID_inst=00200293 EX_pc=0000024c EX_alu=00000001 mem_stall=0 mem_commit=0 mem_we=0000 mem_addr=00000390 mem_wd=000000ff mem_rd=0540006f
COMMIT t=2335000 wb_pc=00000248 wb_we=0 wb_rd=x8 wb_val=00000390 IF_pc=00000258 IF_inst=00e00193 ID_pc=00000254 ID_inst=fe5212e3 EX_pc=00000250 EX_alu=00000002 mem_stall=0 mem_commit=0 mem_we=0000 mem_addr=00000001 mem_wd=00000000 mem_rd=0ff0000f
COMMIT t=2345000 wb_pc=0000024c wb_we=1 wb_rd=x4 wb_val=00000001 IF_pc=0000025c IF_inst=00000213 ID_pc=00000258 ID_inst=00e00193 EX_pc=00000254 EX_alu=00000238 mem_stall=0 mem_commit=0 mem_we=0000 mem_addr=00000002 mem_wd=00ff0000 mem_rd=0540006f
COMMIT t=2355000 wb_pc=00000250 wb_we=1 wb_rd=x5 wb_val=00000002 IF_pc=00000000 IF_inst=00000013 ID_pc=00000000 ID_inst=00000013 EX_pc=00000000 EX_alu=00000000 mem_stall=0 mem_commit=0 mem_we=0000 mem_addr=00000238 mem_wd=00000002 mem_rd=0540006f
COMMIT t=2365000 wb_pc=00000254 wb_we=0 wb_rd=x5 wb_val=00000238 IF_pc=00000000 IF_inst=00000013 ID_pc=00000000 ID_inst=00000013 EX_pc=00000000 EX_alu=00000000 mem_stall=0 mem_commit=0 mem_we=0000 mem_addr=00000000 mem_wd=00000000 mem_rd=00000093
COMMIT t=2395000 wb_pc=00000000 wb_we=1 wb_rd=x0 wb_val=00000000 IF_pc=00000240 IF_inst=fff00113 ID_pc=0000023c ID_inst=00000013 EX_pc=00000238 EX_alu=00000000 mem_stall=0 mem_commit=0 mem_we=0000 mem_addr=00000000 mem_wd=00000000 mem_rd=0540006f
COMMIT t=2405000 wb_pc=00000000 wb_we=1 wb_rd=x0 wb_val=00000000 IF_pc=00000244 IF_inst=00000013 ID_pc=00000240 ID_inst=fff00113 EX_pc=0000023c EX_alu=00000000 mem_stall=0 mem_commit=0 mem_we=0000 mem_addr=00000000 mem_wd=00000000 mem_rd=0540006f
COMMIT t=2415000 wb_pc=00000238 wb_we=1 wb_rd=x1 wb_val=00000000 IF_pc=00000248 IF_inst=1420c463 ID_pc=00000244 ID_inst=00000013 EX_pc=00000240 EX_alu=ffffffff mem_stall=0 mem_commit=0 mem_we=0000 mem_addr=00000000 mem_wd=00000000 mem_rd=0540006f
COMMIT t=2425000 wb_pc=0000023c wb_we=1 wb_rd=x0 wb_val=00000000 IF_pc=0000024c IF_inst=00120213 ID_pc=00000248 ID_inst=1420c463 EX_pc=00000244 EX_alu=00000000 mem_stall=0 mem_commit=0 mem_we=0000 mem_addr=ffffffff mem_wd=00000000 mem_rd=0540006f
COMMIT t=2435000 wb_pc=00000240 wb_we=1 wb_rd=x2 wb_val=ffffffff IF_pc=00000250 IF_inst=00200293 ID_pc=0000024c ID_inst=00120213 EX_pc=00000248 EX_alu=00000390 mem_stall=0 mem_commit=0 mem_we=0000 mem_addr=00000000 mem_wd=00000000 mem_rd=00000000
COMMIT t=2445000 wb_pc=00000244 wb_we=1 wb_rd=x0 wb_val=00000000 IF_pc=00000254 IF_inst=fe5212e3 ID_pc=00000250 ID_inst=00200293 EX_pc=0000024c EX_alu=00000002 mem_stall=0 mem_commit=0 mem_we=0000 mem_addr=00000390 mem_wd=000000ff mem_rd=0540006f
COMMIT t=2455000 wb_pc=00000248 wb_we=0 wb_rd=x8 wb_val=00000390 IF_pc=00000258 IF_inst=00e00193 ID_pc=00000254 ID_inst=fe5212e3 EX_pc=00000250 EX_alu=00000002 mem_stall=0 mem_commit=0 mem_we=0000 mem_addr=00000002 mem_wd=00000000 mem_rd=0ff0000f
COMMIT t=2465000 wb_pc=0000024c wb_we=1 wb_rd=x4 wb_val=00000002 IF_pc=0000025c IF_inst=00000213 ID_pc=00000258 ID_inst=00e00193 EX_pc=00000254 EX_alu=00000238 mem_stall=0 mem_commit=0 mem_we=0000 mem_addr=00000002 mem_wd=00ff0000 mem_rd=0540006f
COMMIT t=2475000 wb_pc=00000250 wb_we=1 wb_rd=x5 wb_val=00000002 IF_pc=00000260 IF_inst=00000093 ID_pc=0000025c ID_inst=00000213 EX_pc=00000258 EX_alu=0000000e mem_stall=0 mem_commit=0 mem_we=0000 mem_addr=00000238 mem_wd=00000002 mem_rd=0540006f
COMMIT t=2485000 wb_pc=00000254 wb_we=0 wb_rd=x5 wb_val=00000238 IF_pc=00000264 IF_inst=00000013 ID_pc=00000260 ID_inst=00000093 EX_pc=0000025c EX_alu=00000000 mem_stall=0 mem_commit=0 mem_we=0000 mem_addr=0000000e mem_wd=00000000 mem_rd=00000093
COMMIT t=2495000 wb_pc=00000258 wb_we=1 wb_rd=x3 wb_val=0000000e IF_pc=00000268 IF_inst=00000013 ID_pc=00000264 ID_inst=00000013 EX_pc=00000260 EX_alu=00000000 mem_stall=0 mem_commit=0 mem_we=0000 mem_addr=00000000 mem_wd=00000000 mem_rd=03ff0a63
COMMIT t=2505000 wb_pc=0000025c wb_we=1 wb_rd=x4 wb_val=00000000 IF_pc=0000026c IF_inst=fff00113 ID_pc=00000268 ID_inst=00000013 EX_pc=00000264 EX_alu=00000000 mem_stall=0 mem_commit=0 mem_we=0000 mem_addr=00000000 mem_wd=00000000 mem_rd=0540006f
COMMIT t=2515000 wb_pc=00000260 wb_we=1 wb_rd=x1 wb_val=00000000 IF_pc=00000270 IF_inst=1220c063 ID_pc=0000026c ID_inst=fff00113 EX_pc=00000268 EX_alu=00000000 mem_stall=0 mem_commit=0 mem_we=0000 mem_addr=00000000 mem_wd=00000000 mem_rd=0540006f
COMMIT t=2525000 wb_pc=00000264 wb_we=1 wb_rd=x0 wb_val=00000000 IF_pc=00000274 IF_inst=00120213 ID_pc=00000270 ID_inst=1220c063 EX_pc=0000026c EX_alu=ffffffff mem_stall=0 mem_commit=0 mem_we=0000 mem_addr=00000000 mem_wd=00000000 mem_rd=0540006f
COMMIT t=2535000 wb_pc=00000268 wb_we=1 wb_rd=x0 wb_val=00000000 IF_pc=00000278 IF_inst=00200293 ID_pc=00000274 ID_inst=00120213 EX_pc=00000270 EX_alu=00000390 mem_stall=0 mem_commit=0 mem_we=0000 mem_addr=ffffffff mem_wd=00000000 mem_rd=0540006f
COMMIT t=2545000 wb_pc=0000026c wb_we=1 wb_rd=x2 wb_val=ffffffff IF_pc=0000027c IF_inst=fe5212e3 ID_pc=00000278 ID_inst=00200293 EX_pc=00000274 EX_alu=00000001 mem_stall=0 mem_commit=0 mem_we=0000 mem_addr=00000390 mem_wd=000000ff mem_rd=00000000
COMMIT t=2555000 wb_pc=00000270 wb_we=0 wb_rd=x0 wb_val=00000390 IF_pc=00000280 IF_inst=00f00193 ID_pc=0000027c ID_inst=fe5212e3 EX_pc=00000278 EX_alu=00000002 mem_stall=0 mem_commit=0 mem_we=0000 mem_addr=00000001 mem_wd=00000000 mem_rd=0ff0000f
COMMIT t=2565000 wb_pc=00000274 wb_we=1 wb_rd=x4 wb_val=00000001 IF_pc=00000284 IF_inst=00000213 ID_pc=00000280 ID_inst=00f00193 EX_pc=0000027c EX_alu=00000260 mem_stall=0 mem_commit=0 mem_we=0000 mem_addr=00000002 mem_wd=00ff0000 mem_rd=0540006f
COMMIT t=2575000 wb_pc=00000278 wb_we=1 wb_rd=x5 wb_val=00000002 IF_pc=00000000 IF_inst=00000013 ID_pc=00000000 ID_inst=00000013 EX_pc=00000000 EX_alu=00000000 mem_stall=0 mem_commit=0 mem_we=0000 mem_addr=00000260 mem_wd=00000002 mem_rd=0540006f
COMMIT t=2585000 wb_pc=0000027c wb_we=0 wb_rd=x5 wb_val=00000260 IF_pc=00000000 IF_inst=00000013 ID_pc=00000000 ID_inst=00000013 EX_pc=00000000 EX_alu=00000000 mem_stall=0 mem_commit=0 mem_we=0000 mem_addr=00000000 mem_wd=00000000 mem_rd=00000093
COMMIT t=2615000 wb_pc=00000000 wb_we=1 wb_rd=x0 wb_val=00000000 IF_pc=00000268 IF_inst=00000013 ID_pc=00000264 ID_inst=00000013 EX_pc=00000260 EX_alu=00000000 mem_stall=0 mem_commit=0 mem_we=0000 mem_addr=00000000 mem_wd=00000000 mem_rd=0540006f
COMMIT t=2625000 wb_pc=00000000 wb_we=1 wb_rd=x0 wb_val=00000000 IF_pc=0000026c IF_inst=fff00113 ID_pc=00000268 ID_inst=00000013 EX_pc=00000264 EX_alu=00000000 mem_stall=0 mem_commit=0 mem_we=0000 mem_addr=00000000 mem_wd=00000000 mem_rd=0540006f
COMMIT t=2635000 wb_pc=00000260 wb_we=1 wb_rd=x1 wb_val=00000000 IF_pc=00000270 IF_inst=1220c063 ID_pc=0000026c ID_inst=fff00113 EX_pc=00000268 EX_alu=00000000 mem_stall=0 mem_commit=0 mem_we=0000 mem_addr=00000000 mem_wd=00000000 mem_rd=0540006f
COMMIT t=2645000 wb_pc=00000264 wb_we=1 wb_rd=x0 wb_val=00000000 IF_pc=00000274 IF_inst=00120213 ID_pc=00000270 ID_inst=1220c063 EX_pc=0000026c EX_alu=ffffffff mem_stall=0 mem_commit=0 mem_we=0000 mem_addr=00000000 mem_wd=00000000 mem_rd=0540006f
COMMIT t=2655000 wb_pc=00000268 wb_we=1 wb_rd=x0 wb_val=00000000 IF_pc=00000278 IF_inst=00200293 ID_pc=00000274 ID_inst=00120213 EX_pc=00000270 EX_alu=00000390 mem_stall=0 mem_commit=0 mem_we=0000 mem_addr=ffffffff mem_wd=00000000 mem_rd=0540006f
COMMIT t=2665000 wb_pc=0000026c wb_we=1 wb_rd=x2 wb_val=ffffffff IF_pc=0000027c IF_inst=fe5212e3 ID_pc=00000278 ID_inst=00200293 EX_pc=00000274 EX_alu=00000002 mem_stall=0 mem_commit=0 mem_we=0000 mem_addr=00000390 mem_wd=000000ff mem_rd=00000000
COMMIT t=2675000 wb_pc=00000270 wb_we=0 wb_rd=x0 wb_val=00000390 IF_pc=00000280 IF_inst=00f00193 ID_pc=0000027c ID_inst=fe5212e3 EX_pc=00000278 EX_alu=00000002 mem_stall=0 mem_commit=0 mem_we=0000 mem_addr=00000002 mem_wd=00000000 mem_rd=0ff0000f
COMMIT t=2685000 wb_pc=00000274 wb_we=1 wb_rd=x4 wb_val=00000002 IF_pc=00000284 IF_inst=00000213 ID_pc=00000280 ID_inst=00f00193 EX_pc=0000027c EX_alu=00000260 mem_stall=0 mem_commit=0 mem_we=0000 mem_addr=00000002 mem_wd=00ff0000 mem_rd=0540006f
COMMIT t=2695000 wb_pc=00000278 wb_we=1 wb_rd=x5 wb_val=00000002 IF_pc=00000288 IF_inst=00000093 ID_pc=00000284 ID_inst=00000213 EX_pc=00000280 EX_alu=0000000f mem_stall=0 mem_commit=0 mem_we=0000 mem_addr=00000260 mem_wd=00000002 mem_rd=0540006f
COMMIT t=2705000 wb_pc=0000027c wb_we=0 wb_rd=x5 wb_val=00000260 IF_pc=0000028c IF_inst=fff00113 ID_pc=00000288 ID_inst=00000093 EX_pc=00000284 EX_alu=00000000 mem_stall=0 mem_commit=0 mem_we=0000 mem_addr=0000000f mem_wd=00000000 mem_rd=00000093
COMMIT t=2715000 wb_pc=00000280 wb_we=1 wb_rd=x3 wb_val=0000000f IF_pc=00000290 IF_inst=1020c063 ID_pc=0000028c ID_inst=fff00113 EX_pc=00000288 EX_alu=00000000 mem_stall=0 mem_commit=0 mem_we=0000 mem_addr=00000000 mem_wd=00000000 mem_rd=03ff0a63
COMMIT t=2725000 wb_pc=00000284 wb_we=1 wb_rd=x4 wb_val=00000000 IF_pc=00000294 IF_inst=00120213 ID_pc=00000290 ID_inst=1020c063 EX_pc=0000028c EX_alu=ffffffff mem_stall=0 mem_commit=0 mem_we=0000 mem_addr=00000000 mem_wd=00000000 mem_rd=0540006f
COMMIT t=2735000 wb_pc=00000288 wb_we=1 wb_rd=x1 wb_val=00000000 IF_pc=00000298 IF_inst=00200293 ID_pc=00000294 ID_inst=00120213 EX_pc=00000290 EX_alu=00000390 mem_stall=0 mem_commit=0 mem_we=0000 mem_addr=ffffffff mem_wd=00000000 mem_rd=0540006f
COMMIT t=2745000 wb_pc=0000028c wb_we=1 wb_rd=x2 wb_val=ffffffff IF_pc=0000029c IF_inst=fe5216e3 ID_pc=00000298 ID_inst=00200293 EX_pc=00000294 EX_alu=00000001 mem_stall=0 mem_commit=0 mem_we=0000 mem_addr=00000390 mem_wd=000000ff mem_rd=00000000
COMMIT t=2755000 wb_pc=00000290 wb_we=0 wb_rd=x0 wb_val=00000390 IF_pc=000002a0 IF_inst=01000193 ID_pc=0000029c ID_inst=fe5216e3 EX_pc=00000298 EX_alu=00000002 mem_stall=0 mem_commit=0 mem_we=0000 mem_addr=00000001 mem_wd=00000000 mem_rd=0ff0000f
COMMIT t=2765000 wb_pc=00000294 wb_we=1 wb_rd=x4 wb_val=00000001 IF_pc=000002a4 IF_inst=00000213 ID_pc=000002a0 ID_inst=01000193 EX_pc=0000029c EX_alu=00000288 mem_stall=0 mem_commit=0 mem_we=0000 mem_addr=00000002 mem_wd=00ff0000 mem_rd=0540006f
COMMIT t=2775000 wb_pc=00000298 wb_we=1 wb_rd=x5 wb_val=00000002 IF_pc=00000000 IF_inst=00000013 ID_pc=00000000 ID_inst=00000013 EX_pc=00000000 EX_alu=00000000 mem_stall=0 mem_commit=0 mem_we=0000 mem_addr=00000288 mem_wd=00000002 mem_rd=0540006f
COMMIT t=2785000 wb_pc=0000029c wb_we=0 wb_rd=x13 wb_val=00000288 IF_pc=00000000 IF_inst=00000013 ID_pc=00000000 ID_inst=00000013 EX_pc=00000000 EX_alu=00000000 mem_stall=0 mem_commit=0 mem_we=0000 mem_addr=00000000 mem_wd=00000000 mem_rd=00000093
COMMIT t=2815000 wb_pc=00000000 wb_we=1 wb_rd=x0 wb_val=00000000 IF_pc=00000290 IF_inst=1020c063 ID_pc=0000028c ID_inst=fff00113 EX_pc=00000288 EX_alu=00000000 mem_stall=0 mem_commit=0 mem_we=0000 mem_addr=00000000 mem_wd=00000000 mem_rd=0540006f
COMMIT t=2825000 wb_pc=00000000 wb_we=1 wb_rd=x0 wb_val=00000000 IF_pc=00000294 IF_inst=00120213 ID_pc=00000290 ID_inst=1020c063 EX_pc=0000028c EX_alu=ffffffff mem_stall=0 mem_commit=0 mem_we=0000 mem_addr=00000000 mem_wd=00000000 mem_rd=0540006f
COMMIT t=2835000 wb_pc=00000288 wb_we=1 wb_rd=x1 wb_val=00000000 IF_pc=00000298 IF_inst=00200293 ID_pc=00000294 ID_inst=00120213 EX_pc=00000290 EX_alu=00000390 mem_stall=0 mem_commit=0 mem_we=0000 mem_addr=ffffffff mem_wd=00000000 mem_rd=0540006f
COMMIT t=2845000 wb_pc=0000028c wb_we=1 wb_rd=x2 wb_val=ffffffff IF_pc=0000029c IF_inst=fe5216e3 ID_pc=00000298 ID_inst=00200293 EX_pc=00000294 EX_alu=00000002 mem_stall=0 mem_commit=0 mem_we=0000 mem_addr=00000390 mem_wd=000000ff mem_rd=00000000
COMMIT t=2855000 wb_pc=00000290 wb_we=0 wb_rd=x0 wb_val=00000390 IF_pc=000002a0 IF_inst=01000193 ID_pc=0000029c ID_inst=fe5216e3 EX_pc=00000298 EX_alu=00000002 mem_stall=0 mem_commit=0 mem_we=0000 mem_addr=00000002 mem_wd=00000000 mem_rd=0ff0000f
COMMIT t=2865000 wb_pc=00000294 wb_we=1 wb_rd=x4 wb_val=00000002 IF_pc=000002a4 IF_inst=00000213 ID_pc=000002a0 ID_inst=01000193 EX_pc=0000029c EX_alu=00000288 mem_stall=0 mem_commit=0 mem_we=0000 mem_addr=00000002 mem_wd=00ff0000 mem_rd=0540006f
COMMIT t=2875000 wb_pc=00000298 wb_we=1 wb_rd=x5 wb_val=00000002 IF_pc=000002a8 IF_inst=00000093 ID_pc=000002a4 ID_inst=00000213 EX_pc=000002a0 EX_alu=00000010 mem_stall=0 mem_commit=0 mem_we=0000 mem_addr=00000288 mem_wd=00000002 mem_rd=0540006f
COMMIT t=2885000 wb_pc=0000029c wb_we=0 wb_rd=x13 wb_val=00000288 IF_pc=000002ac IF_inst=fff00113 ID_pc=000002a8 ID_inst=00000093 EX_pc=000002a4 EX_alu=00000000 mem_stall=0 mem_commit=0 mem_we=0000 mem_addr=00000010 mem_wd=00000000 mem_rd=00000093
COMMIT t=2895000 wb_pc=000002a0 wb_we=1 wb_rd=x3 wb_val=00000010 IF_pc=000002b0 IF_inst=00000013 ID_pc=000002ac ID_inst=fff00113 EX_pc=000002a8 EX_alu=00000000 mem_stall=0 mem_commit=0 mem_we=0000 mem_addr=00000000 mem_wd=00000000 mem_rd=00900f93
COMMIT t=2905000 wb_pc=000002a4 wb_we=1 wb_rd=x4 wb_val=00000000 IF_pc=000002b4 IF_inst=0c20ce63 ID_pc=000002b0 ID_inst=00000013 EX_pc=000002ac EX_alu=ffffffff mem_stall=0 mem_commit=0 mem_we=0000 mem_addr=00000000 mem_wd=00000000 mem_rd=0540006f
COMMIT t=2915000 wb_pc=000002a8 wb_we=1 wb_rd=x1 wb_val=00000000 IF_pc=000002b8 IF_inst=00120213 ID_pc=000002b4 ID_inst=0c20ce63 EX_pc=000002b0 EX_alu=00000000 mem_stall=0 mem_commit=0 mem_we=0000 mem_addr=ffffffff mem_wd=00000000 mem_rd=0540006f
COMMIT t=2925000 wb_pc=000002ac wb_we=1 wb_rd=x2 wb_val=ffffffff IF_pc=000002bc IF_inst=00200293 ID_pc=000002b8 ID_inst=00120213 EX_pc=000002b4 EX_alu=00000390 mem_stall=0 mem_commit=0 mem_we=0000 mem_addr=00000000 mem_wd=00000000 mem_rd=00000000
COMMIT t=2935000 wb_pc=000002b0 wb_we=1 wb_rd=x0 wb_val=00000000 IF_pc=000002c0 IF_inst=fe5214e3 ID_pc=000002bc ID_inst=00200293 EX_pc=000002b8 EX_alu=00000001 mem_stall=0 mem_commit=0 mem_we=0000 mem_addr=00000390 mem_wd=000000ff mem_rd=0540006f
COMMIT t=2945000 wb_pc=000002b4 wb_we=0 wb_rd=x28 wb_val=00000390 IF_pc=000002c4 IF_inst=01100193 ID_pc=000002c0 ID_inst=fe5214e3 EX_pc=000002bc EX_alu=00000002 mem_stall=0 mem_commit=0 mem_we=0000 mem_addr=00000001 mem_wd=00000000 mem_rd=0ff0000f
COMMIT t=2955000 wb_pc=000002b8 wb_we=1 wb_rd=x4 wb_val=00000001 IF_pc=000002c8 IF_inst=00000213 ID_pc=000002c4 ID_inst=01100193 EX_pc=000002c0 EX_alu=000002a8 mem_stall=0 mem_commit=0 mem_we=0000 mem_addr=00000002 mem_wd=00ff0000 mem_rd=0540006f
COMMIT t=2965000 wb_pc=000002bc wb_we=1 wb_rd=x5 wb_val=00000002 IF_pc=00000000 IF_inst=00000013 ID_pc=00000000 ID_inst=00000013 EX_pc=00000000 EX_alu=00000000 mem_stall=0 mem_commit=0 mem_we=0000 mem_addr=000002a8 mem_wd=00000002 mem_rd=0540006f
COMMIT t=2975000 wb_pc=000002c0 wb_we=0 wb_rd=x9 wb_val=000002a8 IF_pc=00000000 IF_inst=00000013 ID_pc=00000000 ID_inst=00000013 EX_pc=00000000 EX_alu=00000000 mem_stall=0 mem_commit=0 mem_we=0000 mem_addr=00000000 mem_wd=00000000 mem_rd=00000093
COMMIT t=3005000 wb_pc=00000000 wb_we=1 wb_rd=x0 wb_val=00000000 IF_pc=000002b0 IF_inst=00000013 ID_pc=000002ac ID_inst=fff00113 EX_pc=000002a8 EX_alu=00000000 mem_stall=0 mem_commit=0 mem_we=0000 mem_addr=00000000 mem_wd=00000000 mem_rd=0540006f
COMMIT t=3015000 wb_pc=00000000 wb_we=1 wb_rd=x0 wb_val=00000000 IF_pc=000002b4 IF_inst=0c20ce63 ID_pc=000002b0 ID_inst=00000013 EX_pc=000002ac EX_alu=ffffffff mem_stall=0 mem_commit=0 mem_we=0000 mem_addr=00000000 mem_wd=00000000 mem_rd=0540006f
COMMIT t=3025000 wb_pc=000002a8 wb_we=1 wb_rd=x1 wb_val=00000000 IF_pc=000002b8 IF_inst=00120213 ID_pc=000002b4 ID_inst=0c20ce63 EX_pc=000002b0 EX_alu=00000000 mem_stall=0 mem_commit=0 mem_we=0000 mem_addr=ffffffff mem_wd=00000000 mem_rd=0540006f
COMMIT t=3035000 wb_pc=000002ac wb_we=1 wb_rd=x2 wb_val=ffffffff IF_pc=000002bc IF_inst=00200293 ID_pc=000002b8 ID_inst=00120213 EX_pc=000002b4 EX_alu=00000390 mem_stall=0 mem_commit=0 mem_we=0000 mem_addr=00000000 mem_wd=00000000 mem_rd=00000000
COMMIT t=3045000 wb_pc=000002b0 wb_we=1 wb_rd=x0 wb_val=00000000 IF_pc=000002c0 IF_inst=fe5214e3 ID_pc=000002bc ID_inst=00200293 EX_pc=000002b8 EX_alu=00000002 mem_stall=0 mem_commit=0 mem_we=0000 mem_addr=00000390 mem_wd=000000ff mem_rd=0540006f
COMMIT t=3055000 wb_pc=000002b4 wb_we=0 wb_rd=x28 wb_val=00000390 IF_pc=000002c4 IF_inst=01100193 ID_pc=000002c0 ID_inst=fe5214e3 EX_pc=000002bc EX_alu=00000002 mem_stall=0 mem_commit=0 mem_we=0000 mem_addr=00000002 mem_wd=00000000 mem_rd=0ff0000f
COMMIT t=3065000 wb_pc=000002b8 wb_we=1 wb_rd=x4 wb_val=00000002 IF_pc=000002c8 IF_inst=00000213 ID_pc=000002c4 ID_inst=01100193 EX_pc=000002c0 EX_alu=000002a8 mem_stall=0 mem_commit=0 mem_we=0000 mem_addr=00000002 mem_wd=00ff0000 mem_rd=0540006f
COMMIT t=3075000 wb_pc=000002bc wb_we=1 wb_rd=x5 wb_val=00000002 IF_pc=000002cc IF_inst=00000093 ID_pc=000002c8 ID_inst=00000213 EX_pc=000002c4 EX_alu=00000011 mem_stall=0 mem_commit=0 mem_we=0000 mem_addr=000002a8 mem_wd=00000002 mem_rd=0540006f
COMMIT t=3085000 wb_pc=000002c0 wb_we=0 wb_rd=x9 wb_val=000002a8 IF_pc=000002d0 IF_inst=fff00113 ID_pc=000002cc ID_inst=00000093 EX_pc=000002c8 EX_alu=00000000 mem_stall=0 mem_commit=0 mem_we=0000 mem_addr=00000011 mem_wd=00000000 mem_rd=00000093
COMMIT t=3095000 wb_pc=000002c4 wb_we=1 wb_rd=x3 wb_val=00000011 IF_pc=000002d4 IF_inst=00000013 ID_pc=000002d0 ID_inst=fff00113 EX_pc=000002cc EX_alu=00000000 mem_stall=0 mem_commit=0 mem_we=0000 mem_addr=00000000 mem_wd=00000000 mem_rd=00900f93
COMMIT t=3105000 wb_pc=000002c8 wb_we=1 wb_rd=x4 wb_val=00000000 IF_pc=000002d8 IF_inst=00000013 ID_pc=000002d4 ID_inst=00000013 EX_pc=000002d0 EX_alu=ffffffff mem_stall=0 mem_commit=0 mem_we=0000 mem_addr=00000000 mem_wd=00000000 mem_rd=0540006f
COMMIT t=3115000 wb_pc=000002cc wb_we=1 wb_rd=x1 wb_val=00000000 IF_pc=000002dc IF_inst=0a20ca63 ID_pc=000002d8 ID_inst=00000013 EX_pc=000002d4 EX_alu=00000000 mem_stall=0 mem_commit=0 mem_we=0000 mem_addr=ffffffff mem_wd=00000000 mem_rd=0540006f
COMMIT t=3125000 wb_pc=000002d0 wb_we=1 wb_rd=x2 wb_val=ffffffff IF_pc=000002e0 IF_inst=00120213 ID_pc=000002dc ID_inst=0a20ca63 EX_pc=000002d8 EX_alu=00000000 mem_stall=0 mem_commit=0 mem_we=0000 mem_addr=00000000 mem_wd=00000000 mem_rd=00000000
COMMIT t=3135000 wb_pc=000002d4 wb_we=1 wb_rd=x0 wb_val=00000000 IF_pc=000002e4 IF_inst=00200293 ID_pc=000002e0 ID_inst=00120213 EX_pc=000002dc EX_alu=00000390 mem_stall=0 mem_commit=0 mem_we=0000 mem_addr=00000000 mem_wd=00000000 mem_rd=0540006f
COMMIT t=3145000 wb_pc=000002d8 wb_we=1 wb_rd=x0 wb_val=00000000 IF_pc=000002e8 IF_inst=fe5212e3 ID_pc=000002e4 ID_inst=00200293 EX_pc=000002e0 EX_alu=00000001 mem_stall=0 mem_commit=0 mem_we=0000 mem_addr=00000390 mem_wd=000000ff mem_rd=0540006f
COMMIT t=3155000 wb_pc=000002dc wb_we=0 wb_rd=x20 wb_val=00000390 IF_pc=000002ec IF_inst=01200193 ID_pc=000002e8 ID_inst=fe5212e3 EX_pc=000002e4 EX_alu=00000002 mem_stall=0 mem_commit=0 mem_we=0000 mem_addr=00000001 mem_wd=00000000 mem_rd=0ff0000f
COMMIT t=3165000 wb_pc=000002e0 wb_we=1 wb_rd=x4 wb_val=00000001 IF_pc=000002f0 IF_inst=00000213 ID_pc=000002ec ID_inst=01200193 EX_pc=000002e8 EX_alu=000002cc mem_stall=0 mem_commit=0 mem_we=0000 mem_addr=00000002 mem_wd=00ff0000 mem_rd=0540006f
COMMIT t=3175000 wb_pc=000002e4 wb_we=1 wb_rd=x5 wb_val=00000002 IF_pc=00000000 IF_inst=00000013 ID_pc=00000000 ID_inst=00000013 EX_pc=00000000 EX_alu=00000000 mem_stall=0 mem_commit=0 mem_we=0000 mem_addr=000002cc mem_wd=00000002 mem_rd=0540006f
COMMIT t=3185000 wb_pc=000002e8 wb_we=0 wb_rd=x5 wb_val=000002cc IF_pc=00000000 IF_inst=00000013 ID_pc=00000000 ID_inst=00000013 EX_pc=00000000 EX_alu=00000000 mem_stall=0 mem_commit=0 mem_we=0000 mem_addr=00000000 mem_wd=00000000 mem_rd=00000093
COMMIT t=3215000 wb_pc=00000000 wb_we=1 wb_rd=x0 wb_val=00000000 IF_pc=000002d4 IF_inst=00000013 ID_pc=000002d0 ID_inst=fff00113 EX_pc=000002cc EX_alu=00000000 mem_stall=0 mem_commit=0 mem_we=0000 mem_addr=00000000 mem_wd=00000000 mem_rd=0540006f
COMMIT t=3225000 wb_pc=00000000 wb_we=1 wb_rd=x0 wb_val=00000000 IF_pc=000002d8 IF_inst=00000013 ID_pc=000002d4 ID_inst=00000013 EX_pc=000002d0 EX_alu=ffffffff mem_stall=0 mem_commit=0 mem_we=0000 mem_addr=00000000 mem_wd=00000000 mem_rd=0540006f
COMMIT t=3235000 wb_pc=000002cc wb_we=1 wb_rd=x1 wb_val=00000000 IF_pc=000002dc IF_inst=0a20ca63 ID_pc=000002d8 ID_inst=00000013 EX_pc=000002d4 EX_alu=00000000 mem_stall=0 mem_commit=0 mem_we=0000 mem_addr=ffffffff mem_wd=00000000 mem_rd=0540006f
COMMIT t=3245000 wb_pc=000002d0 wb_we=1 wb_rd=x2 wb_val=ffffffff IF_pc=000002e0 IF_inst=00120213 ID_pc=000002dc ID_inst=0a20ca63 EX_pc=000002d8 EX_alu=00000000 mem_stall=0 mem_commit=0 mem_we=0000 mem_addr=00000000 mem_wd=00000000 mem_rd=00000000
COMMIT t=3255000 wb_pc=000002d4 wb_we=1 wb_rd=x0 wb_val=00000000 IF_pc=000002e4 IF_inst=00200293 ID_pc=000002e0 ID_inst=00120213 EX_pc=000002dc EX_alu=00000390 mem_stall=0 mem_commit=0 mem_we=0000 mem_addr=00000000 mem_wd=00000000 mem_rd=0540006f
COMMIT t=3265000 wb_pc=000002d8 wb_we=1 wb_rd=x0 wb_val=00000000 IF_pc=000002e8 IF_inst=fe5212e3 ID_pc=000002e4 ID_inst=00200293 EX_pc=000002e0 EX_alu=00000002 mem_stall=0 mem_commit=0 mem_we=0000 mem_addr=00000390 mem_wd=000000ff mem_rd=0540006f
COMMIT t=3275000 wb_pc=000002dc wb_we=0 wb_rd=x20 wb_val=00000390 IF_pc=000002ec IF_inst=01200193 ID_pc=000002e8 ID_inst=fe5212e3 EX_pc=000002e4 EX_alu=00000002 mem_stall=0 mem_commit=0 mem_we=0000 mem_addr=00000002 mem_wd=00000000 mem_rd=0ff0000f
COMMIT t=3285000 wb_pc=000002e0 wb_we=1 wb_rd=x4 wb_val=00000002 IF_pc=000002f0 IF_inst=00000213 ID_pc=000002ec ID_inst=01200193 EX_pc=000002e8 EX_alu=000002cc mem_stall=0 mem_commit=0 mem_we=0000 mem_addr=00000002 mem_wd=00ff0000 mem_rd=0540006f
COMMIT t=3295000 wb_pc=000002e4 wb_we=1 wb_rd=x5 wb_val=00000002 IF_pc=000002f4 IF_inst=00000093 ID_pc=000002f0 ID_inst=00000213 EX_pc=000002ec EX_alu=00000012 mem_stall=0 mem_commit=0 mem_we=0000 mem_addr=000002cc mem_wd=00000002 mem_rd=0540006f
COMMIT t=3305000 wb_pc=000002e8 wb_we=0 wb_rd=x5 wb_val=000002cc IF_pc=000002f8 IF_inst=00000013 ID_pc=000002f4 ID_inst=00000093 EX_pc=000002f0 EX_alu=00000000 mem_stall=0 mem_commit=0 mem_we=0000 mem_addr=00000012 mem_wd=00000000 mem_rd=00000093
COMMIT t=3315000 wb_pc=000002ec wb_we=1 wb_rd=x3 wb_val=00000012 IF_pc=000002fc IF_inst=fff00113 ID_pc=000002f8 ID_inst=00000013 EX_pc=000002f4 EX_alu=00000000 mem_stall=0 mem_commit=0 mem_we=0000 mem_addr=00000000 mem_wd=00000000 mem_rd=00900f93
COMMIT t=3325000 wb_pc=000002f0 wb_we=1 wb_rd=x4 wb_val=00000000 IF_pc=00000300 IF_inst=0820c863 ID_pc=000002fc ID_inst=fff00113 EX_pc=000002f8 EX_alu=00000000 mem_stall=0 mem_commit=0 mem_we=0000 mem_addr=00000000 mem_wd=00000000 mem_rd=0540006f
COMMIT t=3335000 wb_pc=000002f4 wb_we=1 wb_rd=x1 wb_val=00000000 IF_pc=00000304 IF_inst=00120213 ID_pc=00000300 ID_inst=0820c863 EX_pc=000002fc EX_alu=ffffffff mem_stall=0 mem_commit=0 mem_we=0000 mem_addr=00000000 mem_wd=00000000 mem_rd=0540006f
COMMIT t=3345000 wb_pc=000002f8 wb_we=1 wb_rd=x0 wb_val=00000000 IF_pc=00000308 IF_inst=00200293 ID_pc=00000304 ID_inst=00120213 EX_pc=00000300 EX_alu=00000390 mem_stall=0 mem_commit=0 mem_we=0000 mem_addr=ffffffff mem_wd=00000000 mem_rd=0540006f
COMMIT t=3355000 wb_pc=000002fc wb_we=1 wb_rd=x2 wb_val=ffffffff IF_pc=0000030c IF_inst=fe5214e3 ID_pc=00000308 ID_inst=00200293 EX_pc=00000304 EX_alu=00000001 mem_stall=0 mem_commit=0 mem_we=0000 mem_addr=00000390 mem_wd=000000ff mem_rd=00000000
COMMIT t=3365000 wb_pc=00000300 wb_we=0 wb_rd=x16 wb_val=00000390 IF_pc=00000310 IF_inst=01300193 ID_pc=0000030c ID_inst=fe5214e3 EX_pc=00000308 EX_alu=00000002 mem_stall=0 mem_commit=0 mem_we=0000 mem_addr=00000001 mem_wd=00000000 mem_rd=0ff0000f
COMMIT t=3375000 wb_pc=00000304 wb_we=1 wb_rd=x4 wb_val=00000001 IF_pc=00000314 IF_inst=00000213 ID_pc=00000310 ID_inst=01300193 EX_pc=0000030c EX_alu=000002f4 mem_stall=0 mem_commit=0 mem_we=0000 mem_addr=00000002 mem_wd=00ff0000 mem_rd=0540006f
COMMIT t=3385000 wb_pc=00000308 wb_we=1 wb_rd=x5 wb_val=00000002 IF_pc=00000000 IF_inst=00000013 ID_pc=00000000 ID_inst=00000013 EX_pc=00000000 EX_alu=00000000 mem_stall=0 mem_commit=0 mem_we=0000 mem_addr=000002f4 mem_wd=00000002 mem_rd=0540006f
COMMIT t=3395000 wb_pc=0000030c wb_we=0 wb_rd=x9 wb_val=000002f4 IF_pc=00000000 IF_inst=00000013 ID_pc=00000000 ID_inst=00000013 EX_pc=00000000 EX_alu=00000000 mem_stall=0 mem_commit=0 mem_we=0000 mem_addr=00000000 mem_wd=00000000 mem_rd=00000093
COMMIT t=3425000 wb_pc=00000000 wb_we=1 wb_rd=x0 wb_val=00000000 IF_pc=000002fc IF_inst=fff00113 ID_pc=000002f8 ID_inst=00000013 EX_pc=000002f4 EX_alu=00000000 mem_stall=0 mem_commit=0 mem_we=0000 mem_addr=00000000 mem_wd=00000000 mem_rd=0540006f
COMMIT t=3435000 wb_pc=00000000 wb_we=1 wb_rd=x0 wb_val=00000000 IF_pc=00000300 IF_inst=0820c863 ID_pc=000002fc ID_inst=fff00113 EX_pc=000002f8 EX_alu=00000000 mem_stall=0 mem_commit=0 mem_we=0000 mem_addr=00000000 mem_wd=00000000 mem_rd=0540006f
COMMIT t=3445000 wb_pc=000002f4 wb_we=1 wb_rd=x1 wb_val=00000000 IF_pc=00000304 IF_inst=00120213 ID_pc=00000300 ID_inst=0820c863 EX_pc=000002fc EX_alu=ffffffff mem_stall=0 mem_commit=0 mem_we=0000 mem_addr=00000000 mem_wd=00000000 mem_rd=0540006f
COMMIT t=3455000 wb_pc=000002f8 wb_we=1 wb_rd=x0 wb_val=00000000 IF_pc=00000308 IF_inst=00200293 ID_pc=00000304 ID_inst=00120213 EX_pc=00000300 EX_alu=00000390 mem_stall=0 mem_commit=0 mem_we=0000 mem_addr=ffffffff mem_wd=00000000 mem_rd=0540006f
COMMIT t=3465000 wb_pc=000002fc wb_we=1 wb_rd=x2 wb_val=ffffffff IF_pc=0000030c IF_inst=fe5214e3 ID_pc=00000308 ID_inst=00200293 EX_pc=00000304 EX_alu=00000002 mem_stall=0 mem_commit=0 mem_we=0000 mem_addr=00000390 mem_wd=000000ff mem_rd=00000000
COMMIT t=3475000 wb_pc=00000300 wb_we=0 wb_rd=x16 wb_val=00000390 IF_pc=00000310 IF_inst=01300193 ID_pc=0000030c ID_inst=fe5214e3 EX_pc=00000308 EX_alu=00000002 mem_stall=0 mem_commit=0 mem_we=0000 mem_addr=00000002 mem_wd=00000000 mem_rd=0ff0000f
COMMIT t=3485000 wb_pc=00000304 wb_we=1 wb_rd=x4 wb_val=00000002 IF_pc=00000314 IF_inst=00000213 ID_pc=00000310 ID_inst=01300193 EX_pc=0000030c EX_alu=000002f4 mem_stall=0 mem_commit=0 mem_we=0000 mem_addr=00000002 mem_wd=00ff0000 mem_rd=0540006f
COMMIT t=3495000 wb_pc=00000308 wb_we=1 wb_rd=x5 wb_val=00000002 IF_pc=00000318 IF_inst=00000093 ID_pc=00000314 ID_inst=00000213 EX_pc=00000310 EX_alu=00000013 mem_stall=0 mem_commit=0 mem_we=0000 mem_addr=000002f4 mem_wd=00000002 mem_rd=0540006f
COMMIT t=3505000 wb_pc=0000030c wb_we=0 wb_rd=x9 wb_val=000002f4 IF_pc=0000031c IF_inst=00000013 ID_pc=00000318 ID_inst=00000093 EX_pc=00000314 EX_alu=00000000 mem_stall=0 mem_commit=0 mem_we=0000 mem_addr=00000013 mem_wd=00000000 mem_rd=00000093
COMMIT t=3515000 wb_pc=00000310 wb_we=1 wb_rd=x3 wb_val=00000013 IF_pc=00000320 IF_inst=fff00113 ID_pc=0000031c ID_inst=00000013 EX_pc=00000318 EX_alu=00000000 mem_stall=0 mem_commit=0 mem_we=0000 mem_addr=00000000 mem_wd=00000000 mem_rd=00900f93
COMMIT t=3525000 wb_pc=00000314 wb_we=1 wb_rd=x4 wb_val=00000000 IF_pc=00000324 IF_inst=00000013 ID_pc=00000320 ID_inst=fff00113 EX_pc=0000031c EX_alu=00000000 mem_stall=0 mem_commit=0 mem_we=0000 mem_addr=00000000 mem_wd=00000000 mem_rd=0540006f
COMMIT t=3535000 wb_pc=00000318 wb_we=1 wb_rd=x1 wb_val=00000000 IF_pc=00000328 IF_inst=0620c463 ID_pc=00000324 ID_inst=00000013 EX_pc=00000320 EX_alu=ffffffff mem_stall=0 mem_commit=0 mem_we=0000 mem_addr=00000000 mem_wd=00000000 mem_rd=0540006f
COMMIT t=3545000 wb_pc=0000031c wb_we=1 wb_rd=x0 wb_val=00000000 IF_pc=0000032c IF_inst=00120213 ID_pc=00000328 ID_inst=0620c463 EX_pc=00000324 EX_alu=00000000 mem_stall=0 mem_commit=0 mem_we=0000 mem_addr=ffffffff mem_wd=00000000 mem_rd=0540006f
COMMIT t=3555000 wb_pc=00000320 wb_we=1 wb_rd=x2 wb_val=ffffffff IF_pc=00000330 IF_inst=00200293 ID_pc=0000032c ID_inst=00120213 EX_pc=00000328 EX_alu=00000390 mem_stall=0 mem_commit=0 mem_we=0000 mem_addr=00000000 mem_wd=00000000 mem_rd=00000000
COMMIT t=3565000 wb_pc=00000324 wb_we=1 wb_rd=x0 wb_val=00000000 IF_pc=00000334 IF_inst=fe5212e3 ID_pc=00000330 ID_inst=00200293 EX_pc=0000032c EX_alu=00000001 mem_stall=0 mem_commit=0 mem_we=0000 mem_addr=00000390 mem_wd=000000ff mem_rd=0540006f
COMMIT t=3575000 wb_pc=00000328 wb_we=0 wb_rd=x8 wb_val=00000390 IF_pc=00000338 IF_inst=01400193 ID_pc=00000334 ID_inst=fe5212e3 EX_pc=00000330 EX_alu=00000002 mem_stall=0 mem_commit=0 mem_we=0000 mem_addr=00000001 mem_wd=00000000 mem_rd=0ff0000f
COMMIT t=3585000 wb_pc=0000032c wb_we=1 wb_rd=x4 wb_val=00000001 IF_pc=0000033c IF_inst=00000213 ID_pc=00000338 ID_inst=01400193 EX_pc=00000334 EX_alu=00000318 mem_stall=0 mem_commit=0 mem_we=0000 mem_addr=00000002 mem_wd=00ff0000 mem_rd=0540006f
COMMIT t=3595000 wb_pc=00000330 wb_we=1 wb_rd=x5 wb_val=00000002 IF_pc=00000000 IF_inst=00000013 ID_pc=00000000 ID_inst=00000013 EX_pc=00000000 EX_alu=00000000 mem_stall=0 mem_commit=0 mem_we=0000 mem_addr=00000318 mem_wd=00000002 mem_rd=0540006f
COMMIT t=3605000 wb_pc=00000334 wb_we=0 wb_rd=x5 wb_val=00000318 IF_pc=00000000 IF_inst=00000013 ID_pc=00000000 ID_inst=00000013 EX_pc=00000000 EX_alu=00000000 mem_stall=0 mem_commit=0 mem_we=0000 mem_addr=00000000 mem_wd=00000000 mem_rd=00000093
COMMIT t=3635000 wb_pc=00000000 wb_we=1 wb_rd=x0 wb_val=00000000 IF_pc=00000320 IF_inst=fff00113 ID_pc=0000031c ID_inst=00000013 EX_pc=00000318 EX_alu=00000000 mem_stall=0 mem_commit=0 mem_we=0000 mem_addr=00000000 mem_wd=00000000 mem_rd=0540006f
COMMIT t=3645000 wb_pc=00000000 wb_we=1 wb_rd=x0 wb_val=00000000 IF_pc=00000324 IF_inst=00000013 ID_pc=00000320 ID_inst=fff00113 EX_pc=0000031c EX_alu=00000000 mem_stall=0 mem_commit=0 mem_we=0000 mem_addr=00000000 mem_wd=00000000 mem_rd=0540006f
COMMIT t=3655000 wb_pc=00000318 wb_we=1 wb_rd=x1 wb_val=00000000 IF_pc=00000328 IF_inst=0620c463 ID_pc=00000324 ID_inst=00000013 EX_pc=00000320 EX_alu=ffffffff mem_stall=0 mem_commit=0 mem_we=0000 mem_addr=00000000 mem_wd=00000000 mem_rd=0540006f
COMMIT t=3665000 wb_pc=0000031c wb_we=1 wb_rd=x0 wb_val=00000000 IF_pc=0000032c IF_inst=00120213 ID_pc=00000328 ID_inst=0620c463 EX_pc=00000324 EX_alu=00000000 mem_stall=0 mem_commit=0 mem_we=0000 mem_addr=ffffffff mem_wd=00000000 mem_rd=0540006f
COMMIT t=3675000 wb_pc=00000320 wb_we=1 wb_rd=x2 wb_val=ffffffff IF_pc=00000330 IF_inst=00200293 ID_pc=0000032c ID_inst=00120213 EX_pc=00000328 EX_alu=00000390 mem_stall=0 mem_commit=0 mem_we=0000 mem_addr=00000000 mem_wd=00000000 mem_rd=00000000
COMMIT t=3685000 wb_pc=00000324 wb_we=1 wb_rd=x0 wb_val=00000000 IF_pc=00000334 IF_inst=fe5212e3 ID_pc=00000330 ID_inst=00200293 EX_pc=0000032c EX_alu=00000002 mem_stall=0 mem_commit=0 mem_we=0000 mem_addr=00000390 mem_wd=000000ff mem_rd=0540006f
COMMIT t=3695000 wb_pc=00000328 wb_we=0 wb_rd=x8 wb_val=00000390 IF_pc=00000338 IF_inst=01400193 ID_pc=00000334 ID_inst=fe5212e3 EX_pc=00000330 EX_alu=00000002 mem_stall=0 mem_commit=0 mem_we=0000 mem_addr=00000002 mem_wd=00000000 mem_rd=0ff0000f
COMMIT t=3705000 wb_pc=0000032c wb_we=1 wb_rd=x4 wb_val=00000002 IF_pc=0000033c IF_inst=00000213 ID_pc=00000338 ID_inst=01400193 EX_pc=00000334 EX_alu=00000318 mem_stall=0 mem_commit=0 mem_we=0000 mem_addr=00000002 mem_wd=00ff0000 mem_rd=0540006f
COMMIT t=3715000 wb_pc=00000330 wb_we=1 wb_rd=x5 wb_val=00000002 IF_pc=00000340 IF_inst=00000093 ID_pc=0000033c ID_inst=00000213 EX_pc=00000338 EX_alu=00000014 mem_stall=0 mem_commit=0 mem_we=0000 mem_addr=00000318 mem_wd=00000002 mem_rd=0540006f
COMMIT t=3725000 wb_pc=00000334 wb_we=0 wb_rd=x5 wb_val=00000318 IF_pc=00000344 IF_inst=00000013 ID_pc=00000340 ID_inst=00000093 EX_pc=0000033c EX_alu=00000000 mem_stall=0 mem_commit=0 mem_we=0000 mem_addr=00000014 mem_wd=00000000 mem_rd=00000093
COMMIT t=3735000 wb_pc=00000338 wb_we=1 wb_rd=x3 wb_val=00000014 IF_pc=00000348 IF_inst=00000013 ID_pc=00000344 ID_inst=00000013 EX_pc=00000340 EX_alu=00000000 mem_stall=0 mem_commit=0 mem_we=0000 mem_addr=00000000 mem_wd=00000000 mem_rd=03ff0663
COMMIT t=3745000 wb_pc=0000033c wb_we=1 wb_rd=x4 wb_val=00000000 IF_pc=0000034c IF_inst=fff00113 ID_pc=00000348 ID_inst=00000013 EX_pc=00000344 EX_alu=00000000 mem_stall=0 mem_commit=0 mem_we=0000 mem_addr=00000000 mem_wd=00000000 mem_rd=0540006f
COMMIT t=3755000 wb_pc=00000340 wb_we=1 wb_rd=x1 wb_val=00000000 IF_pc=00000350 IF_inst=0420c063 ID_pc=0000034c ID_inst=fff00113 EX_pc=00000348 EX_alu=00000000 mem_stall=0 mem_commit=0 mem_we=0000 mem_addr=00000000 mem_wd=00000000 mem_rd=0540006f
COMMIT t=3765000 wb_pc=00000344 wb_we=1 wb_rd=x0 wb_val=00000000 IF_pc=00000354 IF_inst=00120213 ID_pc=00000350 ID_inst=0420c063 EX_pc=0000034c EX_alu=ffffffff mem_stall=0 mem_commit=0 mem_we=0000 mem_addr=00000000 mem_wd=00000000 mem_rd=0540006f
COMMIT t=3775000 wb_pc=00000348 wb_we=1 wb_rd=x0 wb_val=00000000 IF_pc=00000358 IF_inst=00200293 ID_pc=00000354 ID_inst=00120213 EX_pc=00000350 EX_alu=00000390 mem_stall=0 mem_commit=0 mem_we=0000 mem_addr=ffffffff mem_wd=00000000 mem_rd=0540006f
COMMIT t=3785000 wb_pc=0000034c wb_we=1 wb_rd=x2 wb_val=ffffffff IF_pc=0000035c IF_inst=fe5212e3 ID_pc=00000358 ID_inst=00200293 EX_pc=00000354 EX_alu=00000001 mem_stall=0 mem_commit=0 mem_we=0000 mem_addr=00000390 mem_wd=000000ff mem_rd=00000000
COMMIT t=3795000 wb_pc=00000350 wb_we=0 wb_rd=x0 wb_val=00000390 IF_pc=00000360 IF_inst=01500193 ID_pc=0000035c ID_inst=fe5212e3 EX_pc=00000358 EX_alu=00000002 mem_stall=0 mem_commit=0 mem_we=0000 mem_addr=00000001 mem_wd=00000000 mem_rd=0ff0000f
COMMIT t=3805000 wb_pc=00000354 wb_we=1 wb_rd=x4 wb_val=00000001 IF_pc=00000364 IF_inst=00100093 ID_pc=00000360 ID_inst=01500193 EX_pc=0000035c EX_alu=00000340 mem_stall=0 mem_commit=0 mem_we=0000 mem_addr=00000002 mem_wd=00ff0000 mem_rd=0540006f
COMMIT t=3815000 wb_pc=00000358 wb_we=1 wb_rd=x5 wb_val=00000002 IF_pc=00000000 IF_inst=00000013 ID_pc=00000000 ID_inst=00000013 EX_pc=00000000 EX_alu=00000000 mem_stall=0 mem_commit=0 mem_we=0000 mem_addr=00000340 mem_wd=00000002 mem_rd=0540006f
COMMIT t=3825000 wb_pc=0000035c wb_we=0 wb_rd=x5 wb_val=00000340 IF_pc=00000000 IF_inst=00000013 ID_pc=00000000 ID_inst=00000013 EX_pc=00000000 EX_alu=00000000 mem_stall=0 mem_commit=0 mem_we=0000 mem_addr=00000000 mem_wd=00000000 mem_rd=00000093
COMMIT t=3855000 wb_pc=00000000 wb_we=1 wb_rd=x0 wb_val=00000000 IF_pc=00000348 IF_inst=00000013 ID_pc=00000344 ID_inst=00000013 EX_pc=00000340 EX_alu=00000000 mem_stall=0 mem_commit=0 mem_we=0000 mem_addr=00000000 mem_wd=00000000 mem_rd=0540006f
COMMIT t=3865000 wb_pc=00000000 wb_we=1 wb_rd=x0 wb_val=00000000 IF_pc=0000034c IF_inst=fff00113 ID_pc=00000348 ID_inst=00000013 EX_pc=00000344 EX_alu=00000000 mem_stall=0 mem_commit=0 mem_we=0000 mem_addr=00000000 mem_wd=00000000 mem_rd=0540006f
COMMIT t=3875000 wb_pc=00000340 wb_we=1 wb_rd=x1 wb_val=00000000 IF_pc=00000350 IF_inst=0420c063 ID_pc=0000034c ID_inst=fff00113 EX_pc=00000348 EX_alu=00000000 mem_stall=0 mem_commit=0 mem_we=0000 mem_addr=00000000 mem_wd=00000000 mem_rd=0540006f
COMMIT t=3885000 wb_pc=00000344 wb_we=1 wb_rd=x0 wb_val=00000000 IF_pc=00000354 IF_inst=00120213 ID_pc=00000350 ID_inst=0420c063 EX_pc=0000034c EX_alu=ffffffff mem_stall=0 mem_commit=0 mem_we=0000 mem_addr=00000000 mem_wd=00000000 mem_rd=0540006f
COMMIT t=3895000 wb_pc=00000348 wb_we=1 wb_rd=x0 wb_val=00000000 IF_pc=00000358 IF_inst=00200293 ID_pc=00000354 ID_inst=00120213 EX_pc=00000350 EX_alu=00000390 mem_stall=0 mem_commit=0 mem_we=0000 mem_addr=ffffffff mem_wd=00000000 mem_rd=0540006f
COMMIT t=3905000 wb_pc=0000034c wb_we=1 wb_rd=x2 wb_val=ffffffff IF_pc=0000035c IF_inst=fe5212e3 ID_pc=00000358 ID_inst=00200293 EX_pc=00000354 EX_alu=00000002 mem_stall=0 mem_commit=0 mem_we=0000 mem_addr=00000390 mem_wd=000000ff mem_rd=00000000
COMMIT t=3915000 wb_pc=00000350 wb_we=0 wb_rd=x0 wb_val=00000390 IF_pc=00000360 IF_inst=01500193 ID_pc=0000035c ID_inst=fe5212e3 EX_pc=00000358 EX_alu=00000002 mem_stall=0 mem_commit=0 mem_we=0000 mem_addr=00000002 mem_wd=00000000 mem_rd=0ff0000f
COMMIT t=3925000 wb_pc=00000354 wb_we=1 wb_rd=x4 wb_val=00000002 IF_pc=00000364 IF_inst=00100093 ID_pc=00000360 ID_inst=01500193 EX_pc=0000035c EX_alu=00000340 mem_stall=0 mem_commit=0 mem_we=0000 mem_addr=00000002 mem_wd=00ff0000 mem_rd=0540006f
COMMIT t=3935000 wb_pc=00000358 wb_we=1 wb_rd=x5 wb_val=00000002 IF_pc=00000368 IF_inst=00104a63 ID_pc=00000364 ID_inst=00100093 EX_pc=00000360 EX_alu=00000015 mem_stall=0 mem_commit=0 mem_we=0000 mem_addr=00000340 mem_wd=00000002 mem_rd=0540006f
COMMIT t=3945000 wb_pc=0000035c wb_we=0 wb_rd=x5 wb_val=00000340 IF_pc=0000036c IF_inst=00108093 ID_pc=00000368 ID_inst=00104a63 EX_pc=00000364 EX_alu=00000001 mem_stall=0 mem_commit=0 mem_we=0000 mem_addr=00000015 mem_wd=00000000 mem_rd=00000093
COMMIT t=3955000 wb_pc=00000360 wb_we=1 wb_rd=x3 wb_val=00000015 IF_pc=00000370 IF_inst=00108093 ID_pc=0000036c ID_inst=00108093 EX_pc=00000368 EX_alu=0000037c mem_stall=0 mem_commit=0 mem_we=0000 mem_addr=00000001 mem_wd=00000000 mem_rd=03ff0663
COMMIT t=3965000 wb_pc=00000364 wb_we=1 wb_rd=x1 wb_val=00000001 IF_pc=00000000 IF_inst=00000013 ID_pc=00000000 ID_inst=00000013 EX_pc=00000000 EX_alu=00000000 mem_stall=0 mem_commit=0 mem_we=0000 mem_addr=0000037c mem_wd=00000001 mem_rd=0540006f
COMMIT t=3975000 wb_pc=00000368 wb_we=0 wb_rd=x20 wb_val=0000037c IF_pc=00000000 IF_inst=00000013 ID_pc=00000000 ID_inst=00000013 EX_pc=00000000 EX_alu=00000000 mem_stall=0 mem_commit=0 mem_we=0000 mem_addr=00000000 mem_wd=00000000 mem_rd=00108093
COMMIT t=4005000 wb_pc=00000000 wb_we=1 wb_rd=x0 wb_val=00000000 IF_pc=00000384 IF_inst=00300393 ID_pc=00000380 ID_inst=00108093 EX_pc=0000037c EX_alu=00000002 mem_stall=0 mem_commit=0 mem_we=0000 mem_addr=00000000 mem_wd=00000000 mem_rd=0540006f
COMMIT t=4015000 wb_pc=00000000 wb_we=1 wb_rd=x0 wb_val=00000000 IF_pc=00000388 IF_inst=00709463 ID_pc=00000384 ID_inst=00300393 EX_pc=00000380 EX_alu=00000003 mem_stall=0 mem_commit=0 mem_we=0000 mem_addr=00000002 mem_wd=00010000 mem_rd=0540006f
COMMIT t=4025000 wb_pc=0000037c wb_we=1 wb_rd=x1 wb_val=00000002 IF_pc=0000038c IF_inst=00301c63 ID_pc=00000388 ID_inst=00709463 EX_pc=00000384 EX_alu=00000003 mem_stall=0 mem_commit=0 mem_we=0000 mem_addr=00000003 mem_wd=02000000 mem_rd=0540006f
COMMIT t=4035000 wb_pc=00000380 wb_we=1 wb_rd=x1 wb_val=00000003 IF_pc=00000390 IF_inst=0ff0000f ID_pc=0000038c ID_inst=00301c63 EX_pc=00000388 EX_alu=00000390 mem_stall=0 mem_commit=0 mem_we=0000 mem_addr=00000003 mem_wd=15000000 mem_rd=0540006f
COMMIT t=4045000 wb_pc=00000384 wb_we=1 wb_rd=x7 wb_val=00000003 IF_pc=00000394 IF_inst=800002b7 ID_pc=00000390 ID_inst=0ff0000f EX_pc=0000038c EX_alu=000003a4 mem_stall=0 mem_commit=0 mem_we=0000 mem_addr=00000390 mem_wd=00000003 mem_rd=0540006f
COMMIT t=4055000 wb_pc=00000388 wb_we=0 wb_rd=x8 wb_val=00000390 IF_pc=00000000 IF_inst=00000013 ID_pc=00000000 ID_inst=00000013 EX_pc=00000000 EX_alu=00000000 mem_stall=0 mem_commit=0 mem_we=0000 mem_addr=000003a4 mem_wd=00000015 mem_rd=0ff0000f
COMMIT t=4065000 wb_pc=0000038c wb_we=0 wb_rd=x24 wb_val=000003a4 IF_pc=00000000 IF_inst=00000013 ID_pc=00000000 ID_inst=00000013 EX_pc=00000000 EX_alu=00000000 mem_stall=0 mem_commit=0 mem_we=0000 mem_addr=00000000 mem_wd=00000000 mem_rd=0ff0000f
COMMIT t=4095000 wb_pc=00000000 wb_we=1 wb_rd=x0 wb_val=00000000 IF_pc=000003ac IF_inst=00100313 ID_pc=000003a8 ID_inst=800002b7 EX_pc=000003a4 EX_alu=000000ff mem_stall=0 mem_commit=0 mem_we=0000 mem_addr=00000000 mem_wd=00000000 mem_rd=0540006f
COMMIT t=4105000 wb_pc=00000000 wb_we=1 wb_rd=x0 wb_val=00000000 IF_pc=000003b0 IF_inst=0062a023 ID_pc=000003ac ID_inst=00100313 EX_pc=000003a8 EX_alu=80000000 mem_stall=0 mem_commit=0 mem_we=0000 mem_addr=000000ff mem_wd=00000000 mem_rd=0540006f
COMMIT t=4115000 wb_pc=000003a4 wb_we=0 wb_rd=x0 wb_val=000000ff IF_pc=000003b4 IF_inst=0000006f ID_pc=000003b0 ID_inst=0062a023 EX_pc=000003ac EX_alu=00000001 mem_stall=0 mem_commit=0 mem_we=0000 mem_addr=80000000 mem_wd=00000000 mem_rd=0020c663
COMMIT t=4125000 wb_pc=000003a8 wb_we=1 wb_rd=x5 wb_val=80000000 IF_pc=000003b8 IF_inst=c0001073 ID_pc=000003b4 ID_inst=0000006f EX_pc=000003b0 EX_alu=80000000 mem_stall=0 mem_commit=0 mem_we=0000 mem_addr=00000001 mem_wd=00000300 mem_rd=00000000
COMMIT t=4135000 wb_pc=000003ac wb_we=1 wb_rd=x6 wb_val=00000001 IF_pc=000003bc IF_inst=00000000 ID_pc=000003b8 ID_inst=c0001073 EX_pc=000003b4 EX_alu=000003b4 mem_stall=1 mem_commit=0 mem_we=0000 mem_addr=80000000 mem_wd=00000001 mem_rd=0540006f
COMMIT t=4145000 wb_pc=000003ac wb_we=1 wb_rd=x6 wb_val=00000001 IF_pc=00000000 IF_inst=00000013 ID_pc=00000000 ID_inst=00000013 EX_pc=000003b4 EX_alu=000003b4 mem_stall=0 mem_commit=1 mem_we=1111 mem_addr=80000000 mem_wd=00000001 mem_rd=00000000
MEM_WRITE t=4145000 pc=000003ac addr=80000000 wd=00000001 ctrl=1
RESULT PASS pc=000003ac time=4145000

--- console ---
START test_current.mem
RESULT PASS test_current.mem pc=000003ac time=4145000
D:\riscv32_pipeline\riscv32_pipeline.srcs\sim_1\new\tb_bram_batch.v:142: $finish called at 4145000 (1ps)

