TRACE t=5000 wb_have=x pcIF=xxxxxxxx instIF=xxxxxxxx pcID=xxxxxxxx instID=xxxxxxxx pcEX=xxxxxxxx aluMEM=xxxxxxxx mem_stall=x mem_waited=x mem_addr=xxxxxxxx mem_we=xxxx mem_rd=00000000
START test_current.mem
TRACE t=115000 wb_have=0 pcIF=00000000 instIF=00000013 pcID=00000000 instID=00000000 pcEX=00000000 aluMEM=00000000 mem_stall=0 mem_waited=0 mem_addr=00000000 mem_we=0000 mem_rd=0540006f
TRACE t=125000 wb_have=0 pcIF=00000000 instIF=00000013 pcID=00000000 instID=00000013 pcEX=00000000 aluMEM=00000000 mem_stall=0 mem_waited=0 mem_addr=00000000 mem_we=0000 mem_rd=0540006f
TRACE t=135000 wb_have=0 pcIF=00000000 instIF=0540006f pcID=00000000 instID=00000013 pcEX=00000000 aluMEM=00000000 mem_stall=0 mem_waited=0 mem_addr=00000000 mem_we=0000 mem_rd=0540006f
TRACE t=145000 wb_have=0 pcIF=00000004 instIF=34202f73 pcID=00000000 instID=0540006f pcEX=00000000 aluMEM=00000000 mem_stall=0 mem_waited=0 mem_addr=00000000 mem_we=0000 mem_rd=0540006f
TRACE t=155000 wb_have=0 pcIF=00000008 instIF=00800f93 pcID=00000004 instID=34202f73 pcEX=00000000 aluMEM=00000000 mem_stall=0 mem_waited=0 mem_addr=00000000 mem_we=0000 mem_rd=0540006f
TRACE t=165000 wb_have=1 pcIF=00000000 instIF=00000013 pcID=00000000 instID=00000013 pcEX=00000000 aluMEM=00000054 mem_stall=0 mem_waited=0 mem_addr=00000054 mem_we=0000 mem_rd=0540006f
COMMIT t=165000 wb_pc=00000000 wb_we=1 wb_rd=x0 wb_val=00000000 IF_pc=00000000 IF_inst=00000013 ID_pc=00000000 ID_inst=00000013 EX_pc=00000000 EX_alu=00000000 mem_stall=0 mem_commit=0 mem_we=0000 mem_addr=00000054 mem_wd=00000000 mem_rd=0540006f
TRACE t=175000 wb_have=1 pcIF=00000000 instIF=00000013 pcID=00000000 instID=00000013 pcEX=00000000 aluMEM=00000000 mem_stall=0 mem_waited=0 mem_addr=00000000 mem_we=0000 mem_rd=00000093
COMMIT t=175000 wb_pc=00000000 wb_we=1 wb_rd=x0 wb_val=00000004 IF_pc=00000000 IF_inst=00000013 ID_pc=00000000 ID_inst=00000013 EX_pc=00000000 EX_alu=00000000 mem_stall=0 mem_commit=0 mem_we=0000 mem_addr=00000000 mem_wd=00000000 mem_rd=00000093
TRACE t=185000 wb_have=0 pcIF=00000054 instIF=00000093 pcID=00000000 instID=00000013 pcEX=00000000 aluMEM=00000000 mem_stall=0 mem_waited=0 mem_addr=00000000 mem_we=0000 mem_rd=0540006f
TRACE t=195000 wb_have=0 pcIF=00000058 instIF=00000113 pcID=00000054 instID=00000093 pcEX=00000000 aluMEM=00000000 mem_stall=0 mem_waited=0 mem_addr=00000000 mem_we=0000 mem_rd=0540006f
TRACE t=205000 wb_have=1 pcIF=0000005c instIF=00000193 pcID=00000058 instID=00000113 pcEX=00000054 aluMEM=00000000 mem_stall=0 mem_waited=0 mem_addr=00000000 mem_we=0000 mem_rd=0540006f
COMMIT t=205000 wb_pc=00000000 wb_we=1 wb_rd=x0 wb_val=00000000 IF_pc=0000005c IF_inst=00000193 ID_pc=00000058 ID_inst=00000113 EX_pc=00000054 EX_alu=00000000 mem_stall=0 mem_commit=0 mem_we=0000 mem_addr=00000000 mem_wd=00000000 mem_rd=0540006f
TRACE t=215000 wb_have=1 pcIF=00000060 instIF=00000213 pcID=0000005c instID=00000193 pcEX=00000058 aluMEM=00000000 mem_stall=0 mem_waited=0 mem_addr=00000000 mem_we=0000 mem_rd=0540006f
COMMIT t=215000 wb_pc=00000000 wb_we=1 wb_rd=x0 wb_val=00000000 IF_pc=00000060 IF_inst=00000213 ID_pc=0000005c ID_inst=00000193 EX_pc=00000058 EX_alu=00000000 mem_stall=0 mem_commit=0 mem_we=0000 mem_addr=00000000 mem_wd=00000000 mem_rd=0540006f
TRACE t=225000 wb_have=1 pcIF=00000064 instIF=00000293 pcID=00000060 instID=00000213 pcEX=0000005c aluMEM=00000000 mem_stall=0 mem_waited=0 mem_addr=00000000 mem_we=0000 mem_rd=0540006f
COMMIT t=225000 wb_pc=00000054 wb_we=1 wb_rd=x1 wb_val=00000000 IF_pc=00000064 IF_inst=00000293 ID_pc=00000060 ID_inst=00000213 EX_pc=0000005c EX_alu=00000000 mem_stall=0 mem_commit=0 mem_we=0000 mem_addr=00000000 mem_wd=00000000 mem_rd=0540006f
TRACE t=235000 wb_have=1 pcIF=00000068 instIF=00000313 pcID=00000064 instID=00000293 pcEX=00000060 aluMEM=00000000 mem_stall=0 mem_waited=0 mem_addr=00000000 mem_we=0000 mem_rd=0540006f
COMMIT t=235000 wb_pc=00000058 wb_we=1 wb_rd=x2 wb_val=00000000 IF_pc=00000068 IF_inst=00000313 ID_pc=00000064 ID_inst=00000293 EX_pc=00000060 EX_alu=00000000 mem_stall=0 mem_commit=0 mem_we=0000 mem_addr=00000000 mem_wd=00000000 mem_rd=0540006f
TRACE t=245000 wb_have=1 pcIF=0000006c instIF=00000393 pcID=00000068 instID=00000313 pcEX=00000064 aluMEM=00000000 mem_stall=0 mem_waited=0 mem_addr=00000000 mem_we=0000 mem_rd=0540006f
COMMIT t=245000 wb_pc=0000005c wb_we=1 wb_rd=x3 wb_val=00000000 IF_pc=0000006c IF_inst=00000393 ID_pc=00000068 ID_inst=00000313 EX_pc=00000064 EX_alu=00000000 mem_stall=0 mem_commit=0 mem_we=0000 mem_addr=00000000 mem_wd=00000000 mem_rd=0540006f
TRACE t=255000 wb_have=1 pcIF=00000070 instIF=00000413 pcID=0000006c instID=00000393 pcEX=00000068 aluMEM=00000000 mem_stall=0 mem_waited=0 mem_addr=00000000 mem_we=0000 mem_rd=0540006f
COMMIT t=255000 wb_pc=00000060 wb_we=1 wb_rd=x4 wb_val=00000000 IF_pc=00000070 IF_inst=00000413 ID_pc=0000006c ID_inst=00000393 EX_pc=00000068 EX_alu=00000000 mem_stall=0 mem_commit=0 mem_we=0000 mem_addr=00000000 mem_wd=00000000 mem_rd=0540006f
TRACE t=265000 wb_have=1 pcIF=00000074 instIF=00000493 pcID=00000070 instID=00000413 pcEX=0000006c aluMEM=00000000 mem_stall=0 mem_waited=0 mem_addr=00000000 mem_we=0000 mem_rd=0540006f
COMMIT t=265000 wb_pc=00000064 wb_we=1 wb_rd=x5 wb_val=00000000 IF_pc=00000074 IF_inst=00000493 ID_pc=00000070 ID_inst=00000413 EX_pc=0000006c EX_alu=00000000 mem_stall=0 mem_commit=0 mem_we=0000 mem_addr=00000000 mem_wd=00000000 mem_rd=0540006f
TRACE t=275000 wb_have=1 pcIF=00000078 instIF=00000513 pcID=00000074 instID=00000493 pcEX=00000070 aluMEM=00000000 mem_stall=0 mem_waited=0 mem_addr=00000000 mem_we=0000 mem_rd=0540006f
COMMIT t=275000 wb_pc=00000068 wb_we=1 wb_rd=x6 wb_val=00000000 IF_pc=00000078 IF_inst=00000513 ID_pc=00000074 ID_inst=00000493 EX_pc=00000070 EX_alu=00000000 mem_stall=0 mem_commit=0 mem_we=0000 mem_addr=00000000 mem_wd=00000000 mem_rd=0540006f
TRACE t=285000 wb_have=1 pcIF=0000007c instIF=00000593 pcID=00000078 instID=00000513 pcEX=00000074 aluMEM=00000000 mem_stall=0 mem_waited=0 mem_addr=00000000 mem_we=0000 mem_rd=0540006f
COMMIT t=285000 wb_pc=0000006c wb_we=1 wb_rd=x7 wb_val=00000000 IF_pc=0000007c IF_inst=00000593 ID_pc=00000078 ID_inst=00000513 EX_pc=00000074 EX_alu=00000000 mem_stall=0 mem_commit=0 mem_we=0000 mem_addr=00000000 mem_wd=00000000 mem_rd=0540006f
TRACE t=295000 wb_have=1 pcIF=00000080 instIF=00000613 pcID=0000007c instID=00000593 pcEX=00000078 aluMEM=00000000 mem_stall=0 mem_waited=0 mem_addr=00000000 mem_we=0000 mem_rd=0540006f
COMMIT t=295000 wb_pc=00000070 wb_we=1 wb_rd=x8 wb_val=00000000 IF_pc=00000080 IF_inst=00000613 ID_pc=0000007c ID_inst=00000593 EX_pc=00000078 EX_alu=00000000 mem_stall=0 mem_commit=0 mem_we=0000 mem_addr=00000000 mem_wd=00000000 mem_rd=0540006f
TRACE t=305000 wb_have=1 pcIF=00000084 instIF=00000693 pcID=00000080 instID=00000613 pcEX=0000007c aluMEM=00000000 mem_stall=0 mem_waited=0 mem_addr=00000000 mem_we=0000 mem_rd=0540006f
COMMIT t=305000 wb_pc=00000074 wb_we=1 wb_rd=x9 wb_val=00000000 IF_pc=00000084 IF_inst=00000693 ID_pc=00000080 ID_inst=00000613 EX_pc=0000007c EX_alu=00000000 mem_stall=0 mem_commit=0 mem_we=0000 mem_addr=00000000 mem_wd=00000000 mem_rd=0540006f
TRACE t=315000 wb_have=1 pcIF=00000088 instIF=00000713 pcID=00000084 instID=00000693 pcEX=00000080 aluMEM=00000000 mem_stall=0 mem_waited=0 mem_addr=00000000 mem_we=0000 mem_rd=0540006f
COMMIT t=315000 wb_pc=00000078 wb_we=1 wb_rd=x10 wb_val=00000000 IF_pc=00000088 IF_inst=00000713 ID_pc=00000084 ID_inst=00000693 EX_pc=00000080 EX_alu=00000000 mem_stall=0 mem_commit=0 mem_we=0000 mem_addr=00000000 mem_wd=00000000 mem_rd=0540006f
TRACE t=325000 wb_have=1 pcIF=0000008c instIF=00000793 pcID=00000088 instID=00000713 pcEX=00000084 aluMEM=00000000 mem_stall=0 mem_waited=0 mem_addr=00000000 mem_we=0000 mem_rd=0540006f
COMMIT t=325000 wb_pc=0000007c wb_we=1 wb_rd=x11 wb_val=00000000 IF_pc=0000008c IF_inst=00000793 ID_pc=00000088 ID_inst=00000713 EX_pc=00000084 EX_alu=00000000 mem_stall=0 mem_commit=0 mem_we=0000 mem_addr=00000000 mem_wd=00000000 mem_rd=0540006f
TRACE t=335000 wb_have=1 pcIF=00000090 instIF=00000813 pcID=0000008c instID=00000793 pcEX=00000088 aluMEM=00000000 mem_stall=0 mem_waited=0 mem_addr=00000000 mem_we=0000 mem_rd=0540006f
COMMIT t=335000 wb_pc=00000080 wb_we=1 wb_rd=x12 wb_val=00000000 IF_pc=00000090 IF_inst=00000813 ID_pc=0000008c ID_inst=00000793 EX_pc=00000088 EX_alu=00000000 mem_stall=0 mem_commit=0 mem_we=0000 mem_addr=00000000 mem_wd=00000000 mem_rd=0540006f
TRACE t=345000 wb_have=1 pcIF=00000094 instIF=00000893 pcID=00000090 instID=00000813 pcEX=0000008c aluMEM=00000000 mem_stall=0 mem_waited=0 mem_addr=00000000 mem_we=0000 mem_rd=0540006f
COMMIT t=345000 wb_pc=00000084 wb_we=1 wb_rd=x13 wb_val=00000000 IF_pc=00000094 IF_inst=00000893 ID_pc=00000090 ID_inst=00000813 EX_pc=0000008c EX_alu=00000000 mem_stall=0 mem_commit=0 mem_we=0000 mem_addr=00000000 mem_wd=00000000 mem_rd=0540006f
TRACE t=355000 wb_have=1 pcIF=00000098 instIF=00000913 pcID=00000094 instID=00000893 pcEX=00000090 aluMEM=00000000 mem_stall=0 mem_waited=0 mem_addr=00000000 mem_we=0000 mem_rd=0540006f
COMMIT t=355000 wb_pc=00000088 wb_we=1 wb_rd=x14 wb_val=00000000 IF_pc=00000098 IF_inst=00000913 ID_pc=00000094 ID_inst=00000893 EX_pc=00000090 EX_alu=00000000 mem_stall=0 mem_commit=0 mem_we=0000 mem_addr=00000000 mem_wd=00000000 mem_rd=0540006f
TRACE t=365000 wb_have=1 pcIF=0000009c instIF=00000993 pcID=00000098 instID=00000913 pcEX=00000094 aluMEM=00000000 mem_stall=0 mem_waited=0 mem_addr=00000000 mem_we=0000 mem_rd=0540006f
COMMIT t=365000 wb_pc=0000008c wb_we=1 wb_rd=x15 wb_val=00000000 IF_pc=0000009c IF_inst=00000993 ID_pc=00000098 ID_inst=00000913 EX_pc=00000094 EX_alu=00000000 mem_stall=0 mem_commit=0 mem_we=0000 mem_addr=00000000 mem_wd=00000000 mem_rd=0540006f
TRACE t=375000 wb_have=1 pcIF=000000a0 instIF=00000a13 pcID=0000009c instID=00000993 pcEX=00000098 aluMEM=00000000 mem_stall=0 mem_waited=0 mem_addr=00000000 mem_we=0000 mem_rd=0540006f
COMMIT t=375000 wb_pc=00000090 wb_we=1 wb_rd=x16 wb_val=00000000 IF_pc=000000a0 IF_inst=00000a13 ID_pc=0000009c ID_inst=00000993 EX_pc=00000098 EX_alu=00000000 mem_stall=0 mem_commit=0 mem_we=0000 mem_addr=00000000 mem_wd=00000000 mem_rd=0540006f
TRACE t=385000 wb_have=1 pcIF=000000a4 instIF=00000a93 pcID=000000a0 instID=00000a13 pcEX=0000009c aluMEM=00000000 mem_stall=0 mem_waited=0 mem_addr=00000000 mem_we=0000 mem_rd=0540006f
COMMIT t=385000 wb_pc=00000094 wb_we=1 wb_rd=x17 wb_val=00000000 IF_pc=000000a4 IF_inst=00000a93 ID_pc=000000a0 ID_inst=00000a13 EX_pc=0000009c EX_alu=00000000 mem_stall=0 mem_commit=0 mem_we=0000 mem_addr=00000000 mem_wd=00000000 mem_rd=0540006f
TRACE t=395000 wb_have=1 pcIF=000000a8 instIF=00000b13 pcID=000000a4 instID=00000a93 pcEX=000000a0 aluMEM=00000000 mem_stall=0 mem_waited=0 mem_addr=00000000 mem_we=0000 mem_rd=0540006f
COMMIT t=395000 wb_pc=00000098 wb_we=1 wb_rd=x18 wb_val=00000000 IF_pc=000000a8 IF_inst=00000b13 ID_pc=000000a4 ID_inst=00000a93 EX_pc=000000a0 EX_alu=00000000 mem_stall=0 mem_commit=0 mem_we=0000 mem_addr=00000000 mem_wd=00000000 mem_rd=0540006f
TRACE t=405000 wb_have=1 pcIF=000000ac instIF=00000b93 pcID=000000a8 instID=00000b13 pcEX=000000a4 aluMEM=00000000 mem_stall=0 mem_waited=0 mem_addr=00000000 mem_we=0000 mem_rd=0540006f
COMMIT t=405000 wb_pc=0000009c wb_we=1 wb_rd=x19 wb_val=00000000 IF_pc=000000ac IF_inst=00000b93 ID_pc=000000a8 ID_inst=00000b13 EX_pc=000000a4 EX_alu=00000000 mem_stall=0 mem_commit=0 mem_we=0000 mem_addr=00000000 mem_wd=00000000 mem_rd=0540006f
TRACE t=415000 wb_have=1 pcIF=000000b0 instIF=00000c13 pcID=000000ac instID=00000b93 pcEX=000000a8 aluMEM=00000000 mem_stall=0 mem_waited=0 mem_addr=00000000 mem_we=0000 mem_rd=0540006f
COMMIT t=415000 wb_pc=000000a0 wb_we=1 wb_rd=x20 wb_val=00000000 IF_pc=000000b0 IF_inst=00000c13 ID_pc=000000ac ID_inst=00000b93 EX_pc=000000a8 EX_alu=00000000 mem_stall=0 mem_commit=0 mem_we=0000 mem_addr=00000000 mem_wd=00000000 mem_rd=0540006f
TRACE t=425000 wb_have=1 pcIF=000000b4 instIF=00000c93 pcID=000000b0 instID=00000c13 pcEX=000000ac aluMEM=00000000 mem_stall=0 mem_waited=0 mem_addr=00000000 mem_we=0000 mem_rd=0540006f
COMMIT t=425000 wb_pc=000000a4 wb_we=1 wb_rd=x21 wb_val=00000000 IF_pc=000000b4 IF_inst=00000c93 ID_pc=000000b0 ID_inst=00000c13 EX_pc=000000ac EX_alu=00000000 mem_stall=0 mem_commit=0 mem_we=0000 mem_addr=00000000 mem_wd=00000000 mem_rd=0540006f
TRACE t=435000 wb_have=1 pcIF=000000b8 instIF=00000d13 pcID=000000b4 instID=00000c93 pcEX=000000b0 aluMEM=00000000 mem_stall=0 mem_waited=0 mem_addr=00000000 mem_we=0000 mem_rd=0540006f
COMMIT t=435000 wb_pc=000000a8 wb_we=1 wb_rd=x22 wb_val=00000000 IF_pc=000000b8 IF_inst=00000d13 ID_pc=000000b4 ID_inst=00000c93 EX_pc=000000b0 EX_alu=00000000 mem_stall=0 mem_commit=0 mem_we=0000 mem_addr=00000000 mem_wd=00000000 mem_rd=0540006f
TRACE t=445000 wb_have=1 pcIF=000000bc instIF=00000d93 pcID=000000b8 instID=00000d13 pcEX=000000b4 aluMEM=00000000 mem_stall=0 mem_waited=0 mem_addr=00000000 mem_we=0000 mem_rd=0540006f
COMMIT t=445000 wb_pc=000000ac wb_we=1 wb_rd=x23 wb_val=00000000 IF_pc=000000bc IF_inst=00000d93 ID_pc=000000b8 ID_inst=00000d13 EX_pc=000000b4 EX_alu=00000000 mem_stall=0 mem_commit=0 mem_we=0000 mem_addr=00000000 mem_wd=00000000 mem_rd=0540006f
TRACE t=455000 wb_have=1 pcIF=000000c0 instIF=00000e13 pcID=000000bc instID=00000d93 pcEX=000000b8 aluMEM=00000000 mem_stall=0 mem_waited=0 mem_addr=00000000 mem_we=0000 mem_rd=0540006f
COMMIT t=455000 wb_pc=000000b0 wb_we=1 wb_rd=x24 wb_val=00000000 IF_pc=000000c0 IF_inst=00000e13 ID_pc=000000bc ID_inst=00000d93 EX_pc=000000b8 EX_alu=00000000 mem_stall=0 mem_commit=0 mem_we=0000 mem_addr=00000000 mem_wd=00000000 mem_rd=0540006f
TRACE t=465000 wb_have=1 pcIF=000000c4 instIF=00000e93 pcID=000000c0 instID=00000e13 pcEX=000000bc aluMEM=00000000 mem_stall=0 mem_waited=0 mem_addr=00000000 mem_we=0000 mem_rd=0540006f
COMMIT t=465000 wb_pc=000000b4 wb_we=1 wb_rd=x25 wb_val=00000000 IF_pc=000000c4 IF_inst=00000e93 ID_pc=000000c0 ID_inst=00000e13 EX_pc=000000bc EX_alu=00000000 mem_stall=0 mem_commit=0 mem_we=0000 mem_addr=00000000 mem_wd=00000000 mem_rd=0540006f
TRACE t=475000 wb_have=1 pcIF=000000c8 instIF=00000f13 pcID=000000c4 instID=00000e93 pcEX=000000c0 aluMEM=00000000 mem_stall=0 mem_waited=0 mem_addr=00000000 mem_we=0000 mem_rd=0540006f
COMMIT t=475000 wb_pc=000000b8 wb_we=1 wb_rd=x26 wb_val=00000000 IF_pc=000000c8 IF_inst=00000f13 ID_pc=000000c4 ID_inst=00000e93 EX_pc=000000c0 EX_alu=00000000 mem_stall=0 mem_commit=0 mem_we=0000 mem_addr=00000000 mem_wd=00000000 mem_rd=0540006f
TRACE t=485000 wb_have=1 pcIF=000000cc instIF=00000f93 pcID=000000c8 instID=00000f13 pcEX=000000c4 aluMEM=00000000 mem_stall=0 mem_waited=0 mem_addr=00000000 mem_we=0000 mem_rd=0540006f
COMMIT t=485000 wb_pc=000000bc wb_we=1 wb_rd=x27 wb_val=00000000 IF_pc=000000cc IF_inst=00000f93 ID_pc=000000c8 ID_inst=00000f13 EX_pc=000000c4 EX_alu=00000000 mem_stall=0 mem_commit=0 mem_we=0000 mem_addr=00000000 mem_wd=00000000 mem_rd=0540006f
TRACE t=495000 wb_have=1 pcIF=000000d0 instIF=00200193 pcID=000000cc instID=00000f93 pcEX=000000c8 aluMEM=00000000 mem_stall=0 mem_waited=0 mem_addr=00000000 mem_we=0000 mem_rd=0540006f
COMMIT t=495000 wb_pc=000000c0 wb_we=1 wb_rd=x28 wb_val=00000000 IF_pc=000000d0 IF_inst=00200193 ID_pc=000000cc ID_inst=00000f93 EX_pc=000000c8 EX_alu=00000000 mem_stall=0 mem_commit=0 mem_we=0000 mem_addr=00000000 mem_wd=00000000 mem_rd=0540006f
TRACE t=505000 wb_have=1 pcIF=000000d4 instIF=00002117 pcID=000000d0 instID=00200193 pcEX=000000cc aluMEM=00000000 mem_stall=0 mem_waited=0 mem_addr=00000000 mem_we=0000 mem_rd=0540006f
COMMIT t=505000 wb_pc=000000c4 wb_we=1 wb_rd=x29 wb_val=00000000 IF_pc=000000d4 IF_inst=00002117 ID_pc=000000d0 ID_inst=00200193 EX_pc=000000cc EX_alu=00000000 mem_stall=0 mem_commit=0 mem_we=0000 mem_addr=00000000 mem_wd=00000000 mem_rd=0540006f
TRACE t=515000 wb_have=1 pcIF=000000d8 instIF=e6810113 pcID=000000d4 instID=00002117 pcEX=000000d0 aluMEM=00000000 mem_stall=0 mem_waited=0 mem_addr=00000000 mem_we=0000 mem_rd=0540006f
COMMIT t=515000 wb_pc=000000c8 wb_we=1 wb_rd=x30 wb_val=00000000 IF_pc=000000d8 IF_inst=e6810113 ID_pc=000000d4 ID_inst=00002117 EX_pc=000000d0 EX_alu=00000002 mem_stall=0 mem_commit=0 mem_we=0000 mem_addr=00000000 mem_wd=00000000 mem_rd=0540006f
TRACE t=525000 wb_have=1 pcIF=000000dc instIF=00aa00b7 pcID=000000d8 instID=e6810113 pcEX=000000d4 aluMEM=00000002 mem_stall=0 mem_waited=0 mem_addr=00000002 mem_we=0000 mem_rd=0540006f
COMMIT t=525000 wb_pc=000000cc wb_we=1 wb_rd=x31 wb_val=00000000 IF_pc=000000dc IF_inst=00aa00b7 ID_pc=000000d8 ID_inst=e6810113 EX_pc=000000d4 EX_alu=000020d4 mem_stall=0 mem_commit=0 mem_we=0000 mem_addr=00000002 mem_wd=00000000 mem_rd=0540006f
TRACE t=535000 wb_have=1 pcIF=000000e0 instIF=0aa08093 pcID=000000dc instID=00aa00b7 pcEX=000000d8 aluMEM=000020d4 mem_stall=0 mem_waited=0 mem_addr=000020d4 mem_we=0000 mem_rd=0540006f
COMMIT t=535000 wb_pc=000000d0 wb_we=1 wb_rd=x3 wb_val=00000002 IF_pc=000000e0 IF_inst=0aa08093 ID_pc=000000dc ID_inst=00aa00b7 EX_pc=000000d8 EX_alu=00001f3c mem_stall=0 mem_commit=0 mem_we=0000 mem_addr=000020d4 mem_wd=00000000 mem_rd=0540006f
TRACE t=545000 wb_have=1 pcIF=000000e4 instIF=00000797 pcID=000000e0 instID=0aa08093 pcEX=000000dc aluMEM=00001f3c mem_stall=0 mem_waited=0 mem_addr=00001f3c mem_we=0000 mem_rd=00000000
COMMIT t=545000 wb_pc=000000d4 wb_we=1 wb_rd=x2 wb_val=000020d4 IF_pc=000000e4 IF_inst=00000797 ID_pc=000000e0 ID_inst=0aa08093 EX_pc=000000dc EX_alu=00aa0000 mem_stall=0 mem_commit=0 mem_we=0000 mem_addr=00001f3c mem_wd=00000000 mem_rd=00000000
TRACE t=555000 wb_have=1 pcIF=000000e8 instIF=01478793 pcID=000000e4 instID=00000797 pcEX=000000e0 aluMEM=00aa0000 mem_stall=0 mem_waited=0 mem_addr=00aa0000 mem_we=0000 mem_rd=deadbeef
COMMIT t=555000 wb_pc=000000d8 wb_we=1 wb_rd=x2 wb_val=00001f3c IF_pc=000000e8 IF_inst=01478793 ID_pc=000000e4 ID_inst=00000797 EX_pc=000000e0 EX_alu=00aa00aa mem_stall=0 mem_commit=0 mem_we=0000 mem_addr=00aa0000 mem_wd=00000000 mem_rd=deadbeef
TRACE t=565000 wb_have=1 pcIF=000000ec instIF=00112023 pcID=000000e8 instID=01478793 pcEX=000000e4 aluMEM=00aa00aa mem_stall=0 mem_waited=0 mem_addr=00aa00aa mem_we=0000 mem_rd=00000000
COMMIT t=565000 wb_pc=000000dc wb_we=1 wb_rd=x1 wb_val=00aa0000 IF_pc=000000ec IF_inst=00112023 ID_pc=000000e8 ID_inst=01478793 EX_pc=000000e4 EX_alu=000000e4 mem_stall=0 mem_commit=0 mem_we=0000 mem_addr=00aa00aa mem_wd=00000000 mem_rd=00000000
TRACE t=575000 wb_have=1 pcIF=000000f0 instIF=00012703 pcID=000000ec instID=00112023 pcEX=000000e8 aluMEM=000000e4 mem_stall=0 mem_waited=0 mem_addr=000000e4 mem_we=0000 mem_rd=00000000
COMMIT t=575000 wb_pc=000000e0 wb_we=1 wb_rd=x1 wb_val=00aa00aa IF_pc=000000f0 IF_inst=00012703 ID_pc=000000ec ID_inst=00112023 EX_pc=000000e8 EX_alu=000000f8 mem_stall=0 mem_commit=0 mem_we=0000 mem_addr=000000e4 mem_wd=00000000 mem_rd=00000000
TRACE t=585000 wb_have=1 pcIF=000000f4 instIF=0080006f pcID=000000f0 instID=00012703 pcEX=000000ec aluMEM=000000f8 mem_stall=0 mem_waited=0 mem_addr=000000f8 mem_we=0000 mem_rd=00000797
COMMIT t=585000 wb_pc=000000e4 wb_we=1 wb_rd=x15 wb_val=000000e4 IF_pc=000000f4 IF_inst=0080006f ID_pc=000000f0 ID_inst=00012703 EX_pc=000000ec EX_alu=00001f3c mem_stall=0 mem_commit=0 mem_we=0000 mem_addr=000000f8 mem_wd=00000000 mem_rd=00000797
TRACE t=595000 wb_have=1 pcIF=000000f8 instIF=00008713 pcID=000000f4 instID=0080006f pcEX=000000f0 aluMEM=00001f3c mem_stall=1 mem_waited=0 mem_addr=00001f3c mem_we=0000 mem_rd=00008713
COMMIT t=595000 wb_pc=000000e8 wb_we=1 wb_rd=x15 wb_val=000000f8 IF_pc=000000f8 IF_inst=00008713 ID_pc=000000f4 ID_inst=0080006f EX_pc=000000f0 EX_alu=00001f3c mem_stall=1 mem_commit=0 mem_we=0000 mem_addr=00001f3c mem_wd=00aa00aa mem_rd=00008713
TRACE t=605000 wb_have=1 pcIF=000000f8 instIF=00008713 pcID=000000f4 instID=0080006f pcEX=000000f0 aluMEM=00001f3c mem_stall=0 mem_waited=1 mem_addr=00001f3c mem_we=1111 mem_rd=deadbeef
COMMIT t=605000 wb_pc=000000e8 wb_we=1 wb_rd=x15 wb_val=000000f8 IF_pc=000000f8 IF_inst=00008713 ID_pc=000000f4 ID_inst=0080006f EX_pc=000000f0 EX_alu=00001f3c mem_stall=0 mem_commit=1 mem_we=1111 mem_addr=00001f3c mem_wd=00aa00aa mem_rd=deadbeef
MEM_WRITE t=605000 pc=000000e8 addr=00001f3c wd=00aa00aa ctrl=1
TRACE t=615000 wb_have=1 pcIF=000000fc instIF=00aa03b7 pcID=000000f8 instID=00008713 pcEX=000000f4 aluMEM=00001f3c mem_stall=1 mem_waited=0 mem_addr=00001f3c mem_we=0000 mem_rd=00aa00aa
COMMIT t=615000 wb_pc=000000ec wb_we=0 wb_rd=x0 wb_val=00001f3c IF_pc=000000fc IF_inst=00aa03b7 ID_pc=000000f8 ID_inst=00008713 EX_pc=000000f4 EX_alu=000000fc mem_stall=1 mem_commit=0 mem_we=0000 mem_addr=00001f3c mem_wd=00000000 mem_rd=00aa00aa
TRACE t=625000 wb_have=0 pcIF=00000000 instIF=00000013 pcID=00000000 instID=00000013 pcEX=000000f4 aluMEM=00001f3c mem_stall=0 mem_waited=1 mem_addr=00001f3c mem_we=0000 mem_rd=00aa00aa
TRACE t=635000 wb_have=1 pcIF=00000000 instIF=00000013 pcID=00000000 instID=00000013 pcEX=00000000 aluMEM=000000fc mem_stall=0 mem_waited=0 mem_addr=000000fc mem_we=0000 mem_rd=00aa00aa
COMMIT t=635000 wb_pc=000000f0 wb_we=1 wb_rd=x14 wb_val=00aa00aa IF_pc=00000000 IF_inst=00000013 ID_pc=00000000 ID_inst=00000013 EX_pc=00000000 EX_alu=00000000 mem_stall=0 mem_commit=0 mem_we=0000 mem_addr=000000fc mem_wd=00000000 mem_rd=00aa00aa
TRACE t=645000 wb_have=0 pcIF=00000000 instIF=00000013 pcID=00000000 instID=00000013 pcEX=00000000 aluMEM=00000000 mem_stall=0 mem_waited=0 mem_addr=00000000 mem_we=0000 mem_rd=00aa03b7
TRACE t=655000 wb_have=0 pcIF=000000fc instIF=00aa03b7 pcID=00000000 instID=00000013 pcEX=00000000 aluMEM=00000000 mem_stall=0 mem_waited=0 mem_addr=00000000 mem_we=0000 mem_rd=0540006f
TRACE t=665000 wb_have=0 pcIF=00000100 instIF=0aa38393 pcID=000000fc instID=00aa03b7 pcEX=00000000 aluMEM=00000000 mem_stall=0 mem_waited=0 mem_addr=00000000 mem_we=0000 mem_rd=0540006f
TRACE t=675000 wb_have=1 pcIF=00000104 instIF=4c771863 pcID=00000100 instID=0aa38393 pcEX=000000fc aluMEM=00000000 mem_stall=0 mem_waited=0 mem_addr=00000000 mem_we=0000 mem_rd=0540006f
COMMIT t=675000 wb_pc=00000000 wb_we=1 wb_rd=x0 wb_val=00000000 IF_pc=00000104 IF_inst=4c771863 ID_pc=00000100 ID_inst=0aa38393 EX_pc=000000fc EX_alu=00aa0000 mem_stall=0 mem_commit=0 mem_we=0000 mem_addr=00000000 mem_wd=00000000 mem_rd=0540006f
TRACE t=685000 wb_have=1 pcIF=00000108 instIF=00300193 pcID=00000104 instID=4c771863 pcEX=00000100 aluMEM=00aa0000 mem_stall=0 mem_waited=0 mem_addr=00aa0000 mem_we=0000 mem_rd=0540006f
COMMIT t=685000 wb_pc=00000000 wb_we=1 wb_rd=x0 wb_val=00000000 IF_pc=00000108 IF_inst=00300193 ID_pc=00000104 ID_inst=4c771863 EX_pc=00000100 EX_alu=00aa00aa mem_stall=0 mem_commit=0 mem_we=0000 mem_addr=00aa0000 mem_wd=00000000 mem_rd=0540006f
TRACE t=695000 wb_have=1 pcIF=0000010c instIF=00002117 pcID=00000108 instID=00300193 pcEX=00000104 aluMEM=00aa00aa mem_stall=0 mem_waited=0 mem_addr=00aa00aa mem_we=0000 mem_rd=00000000
COMMIT t=695000 wb_pc=000000fc wb_we=1 wb_rd=x7 wb_val=00aa0000 IF_pc=0000010c IF_inst=00002117 ID_pc=00000108 ID_inst=00300193 EX_pc=00000104 EX_alu=000005d4 mem_stall=0 mem_commit=0 mem_we=0000 mem_addr=00aa00aa mem_wd=00000000 mem_rd=00000000
TRACE t=705000 wb_have=1 pcIF=00000110 instIF=e3010113 pcID=0000010c instID=00002117 pcEX=00000108 aluMEM=000005d4 mem_stall=0 mem_waited=0 mem_addr=000005d4 mem_we=0000 mem_rd=00000000
COMMIT t=705000 wb_pc=00000100 wb_we=1 wb_rd=x7 wb_val=00aa00aa IF_pc=00000110 IF_inst=e3010113 ID_pc=0000010c ID_inst=00002117 EX_pc=00000108 EX_alu=00000003 mem_stall=0 mem_commit=0 mem_we=0000 mem_addr=000005d4 mem_wd=000000aa mem_rd=00000000
TRACE t=715000 wb_have=1 pcIF=00000114 instIF=aa00b0b7 pcID=00000110 instID=e3010113 pcEX=0000010c aluMEM=00000003 mem_stall=0 mem_waited=0 mem_addr=00000003 mem_we=0000 mem_rd=0ff0000f
COMMIT t=715000 wb_pc=00000104 wb_we=0 wb_rd=x16 wb_val=000005d4 IF_pc=00000114 IF_inst=aa00b0b7 ID_pc=00000110 ID_inst=e3010113 EX_pc=0000010c EX_alu=0000210c mem_stall=0 mem_commit=0 mem_we=0000 mem_addr=00000003 mem_wd=02000000 mem_rd=0ff0000f
TRACE t=725000 wb_have=1 pcIF=00000118 instIF=a0008093 pcID=00000114 instID=aa00b0b7 pcEX=00000110 aluMEM=0000210c mem_stall=0 mem_waited=0 mem_addr=0000210c mem_we=0000 mem_rd=0540006f
COMMIT t=725000 wb_pc=00000108 wb_we=1 wb_rd=x3 wb_val=00000003 IF_pc=00000118 IF_inst=a0008093 ID_pc=00000114 ID_inst=aa00b0b7 EX_pc=00000110 EX_alu=00001f3c mem_stall=0 mem_commit=0 mem_we=0000 mem_addr=0000210c mem_wd=00000000 mem_rd=0540006f
TRACE t=735000 wb_have=1 pcIF=0000011c instIF=00000797 pcID=00000118 instID=a0008093 pcEX=00000114 aluMEM=00001f3c mem_stall=0 mem_waited=0 mem_addr=00001f3c mem_we=0000 mem_rd=00000000
COMMIT t=735000 wb_pc=0000010c wb_we=1 wb_rd=x2 wb_val=0000210c IF_pc=0000011c IF_inst=00000797 ID_pc=00000118 ID_inst=a0008093 EX_pc=00000114 EX_alu=aa00b000 mem_stall=0 mem_commit=0 mem_we=0000 mem_addr=00001f3c mem_wd=00000000 mem_rd=00000000
TRACE t=745000 wb_have=1 pcIF=00000120 instIF=01478793 pcID=0000011c instID=00000797 pcEX=00000118 aluMEM=aa00b000 mem_stall=0 mem_waited=0 mem_addr=aa00b000 mem_we=0000 mem_rd=00aa00aa
COMMIT t=745000 wb_pc=00000110 wb_we=1 wb_rd=x2 wb_val=00001f3c IF_pc=00000120 IF_inst=01478793 ID_pc=0000011c ID_inst=00000797 EX_pc=00000118 EX_alu=aa00aa00 mem_stall=0 mem_commit=0 mem_we=0000 mem_addr=aa00b000 mem_wd=00000000 mem_rd=00aa00aa
TRACE t=755000 wb_have=1 pcIF=00000124 instIF=00112223 pcID=00000120 instID=01478793 pcEX=0000011c aluMEM=aa00aa00 mem_stall=0 mem_waited=0 mem_addr=aa00aa00 mem_we=0000 mem_rd=00000000
COMMIT t=755000 wb_pc=00000114 wb_we=1 wb_rd=x1 wb_val=aa00b000 IF_pc=00000124 IF_inst=00112223 ID_pc=00000120 ID_inst=01478793 EX_pc=0000011c EX_alu=0000011c mem_stall=0 mem_commit=0 mem_we=0000 mem_addr=aa00aa00 mem_wd=00000000 mem_rd=00000000
TRACE t=765000 wb_have=1 pcIF=00000128 instIF=00412703 pcID=00000124 instID=00112223 pcEX=00000120 aluMEM=0000011c mem_stall=0 mem_waited=0 mem_addr=0000011c mem_we=0000 mem_rd=00000000
COMMIT t=765000 wb_pc=00000118 wb_we=1 wb_rd=x1 wb_val=aa00aa00 IF_pc=00000128 IF_inst=00412703 ID_pc=00000124 ID_inst=00112223 EX_pc=00000120 EX_alu=00000130 mem_stall=0 mem_commit=0 mem_we=0000 mem_addr=0000011c mem_wd=00000000 mem_rd=00000000
TRACE t=775000 wb_have=1 pcIF=0000012c instIF=0080006f pcID=00000128 instID=00412703 pcEX=00000124 aluMEM=00000130 mem_stall=0 mem_waited=0 mem_addr=00000130 mem_we=0000 mem_rd=00000797
COMMIT t=775000 wb_pc=0000011c wb_we=1 wb_rd=x15 wb_val=0000011c IF_pc=0000012c IF_inst=0080006f ID_pc=00000128 ID_inst=00412703 EX_pc=00000124 EX_alu=00001f40 mem_stall=0 mem_commit=0 mem_we=0000 mem_addr=00000130 mem_wd=00000000 mem_rd=00000797
TRACE t=785000 wb_have=1 pcIF=00000130 instIF=00008713 pcID=0000012c instID=0080006f pcEX=00000128 aluMEM=00001f40 mem_stall=1 mem_waited=0 mem_addr=00001f40 mem_we=0000 mem_rd=00008713
COMMIT t=785000 wb_pc=00000120 wb_we=1 wb_rd=x15 wb_val=00000130 IF_pc=00000130 IF_inst=00008713 ID_pc=0000012c ID_inst=0080006f EX_pc=00000128 EX_alu=00001f40 mem_stall=1 mem_commit=0 mem_we=0000 mem_addr=00001f40 mem_wd=aa00aa00 mem_rd=00008713
TRACE t=795000 wb_have=1 pcIF=00000130 instIF=00008713 pcID=0000012c instID=0080006f pcEX=00000128 aluMEM=00001f40 mem_stall=0 mem_waited=1 mem_addr=00001f40 mem_we=1111 mem_rd=deadbeef
COMMIT t=795000 wb_pc=00000120 wb_we=1 wb_rd=x15 wb_val=00000130 IF_pc=00000130 IF_inst=00008713 ID_pc=0000012c ID_inst=0080006f EX_pc=00000128 EX_alu=00001f40 mem_stall=0 mem_commit=1 mem_we=1111 mem_addr=00001f40 mem_wd=aa00aa00 mem_rd=deadbeef
MEM_WRITE t=795000 pc=00000120 addr=00001f40 wd=aa00aa00 ctrl=1
TRACE t=805000 wb_have=1 pcIF=00000134 instIF=aa00b3b7 pcID=00000130 instID=00008713 pcEX=0000012c aluMEM=00001f40 mem_stall=1 mem_waited=0 mem_addr=00001f40 mem_we=0000 mem_rd=aa00aa00
COMMIT t=805000 wb_pc=00000124 wb_we=0 wb_rd=x4 wb_val=00001f40 IF_pc=00000134 IF_inst=aa00b3b7 ID_pc=00000130 ID_inst=00008713 EX_pc=0000012c EX_alu=00000134 mem_stall=1 mem_commit=0 mem_we=0000 mem_addr=00001f40 mem_wd=00000000 mem_rd=aa00aa00
TRACE t=815000 wb_have=0 pcIF=00000000 instIF=00000013 pcID=00000000 instID=00000013 pcEX=0000012c aluMEM=00001f40 mem_stall=0 mem_waited=1 mem_addr=00001f40 mem_we=0000 mem_rd=aa00aa00
TRACE t=825000 wb_have=1 pcIF=00000000 instIF=00000013 pcID=00000000 instID=00000013 pcEX=00000000 aluMEM=00000134 mem_stall=0 mem_waited=0 mem_addr=00000134 mem_we=0000 mem_rd=aa00aa00
COMMIT t=825000 wb_pc=00000128 wb_we=1 wb_rd=x14 wb_val=aa00aa00 IF_pc=00000000 IF_inst=00000013 ID_pc=00000000 ID_inst=00000013 EX_pc=00000000 EX_alu=00000000 mem_stall=0 mem_commit=0 mem_we=0000 mem_addr=00000134 mem_wd=00000000 mem_rd=aa00aa00
TRACE t=835000 wb_have=0 pcIF=00000000 instIF=00000013 pcID=00000000 instID=00000013 pcEX=00000000 aluMEM=00000000 mem_stall=0 mem_waited=0 mem_addr=00000000 mem_we=0000 mem_rd=aa00b3b7
TRACE t=845000 wb_have=0 pcIF=00000134 instIF=aa00b3b7 pcID=00000000 instID=00000013 pcEX=00000000 aluMEM=00000000 mem_stall=0 mem_waited=0 mem_addr=00000000 mem_we=0000 mem_rd=0540006f
TRACE t=855000 wb_have=0 pcIF=00000138 instIF=a0038393 pcID=00000134 instID=aa00b3b7 pcEX=00000000 aluMEM=00000000 mem_stall=0 mem_waited=0 mem_addr=00000000 mem_we=0000 mem_rd=0540006f
TRACE t=865000 wb_have=1 pcIF=0000013c instIF=48771c63 pcID=00000138 instID=a0038393 pcEX=00000134 aluMEM=00000000 mem_stall=0 mem_waited=0 mem_addr=00000000 mem_we=0000 mem_rd=0540006f
COMMIT t=865000 wb_pc=00000000 wb_we=1 wb_rd=x0 wb_val=00000000 IF_pc=0000013c IF_inst=48771c63 ID_pc=00000138 ID_inst=a0038393 EX_pc=00000134 EX_alu=aa00b000 mem_stall=0 mem_commit=0 mem_we=0000 mem_addr=00000000 mem_wd=00000000 mem_rd=0540006f
TRACE t=875000 wb_have=1 pcIF=00000140 instIF=00400193 pcID=0000013c instID=48771c63 pcEX=00000138 aluMEM=aa00b000 mem_stall=0 mem_waited=0 mem_addr=aa00b000 mem_we=0000 mem_rd=0540006f
COMMIT t=875000 wb_pc=00000000 wb_we=1 wb_rd=x0 wb_val=00000000 IF_pc=00000140 IF_inst=00400193 ID_pc=0000013c ID_inst=48771c63 EX_pc=00000138 EX_alu=aa00aa00 mem_stall=0 mem_commit=0 mem_we=0000 mem_addr=aa00b000 mem_wd=00000000 mem_rd=0540006f
TRACE t=885000 wb_have=1 pcIF=00000144 instIF=00002117 pcID=00000140 instID=00400193 pcEX=0000013c aluMEM=aa00aa00 mem_stall=0 mem_waited=0 mem_addr=aa00aa00 mem_we=0000 mem_rd=00000000
COMMIT t=885000 wb_pc=00000134 wb_we=1 wb_rd=x7 wb_val=aa00b000 IF_pc=00000144 IF_inst=00002117 ID_pc=00000140 ID_inst=00400193 EX_pc=0000013c EX_alu=000005d4 mem_stall=0 mem_commit=0 mem_we=0000 mem_addr=aa00aa00 mem_wd=00000000 mem_rd=00000000
TRACE t=895000 wb_have=1 pcIF=00000148 instIF=df810113 pcID=00000144 instID=00002117 pcEX=00000140 aluMEM=000005d4 mem_stall=0 mem_waited=0 mem_addr=000005d4 mem_we=0000 mem_rd=00000000
COMMIT t=895000 wb_pc=00000138 wb_we=1 wb_rd=x7 wb_val=aa00aa00 IF_pc=00000148 IF_inst=df810113 ID_pc=00000144 ID_inst=00002117 EX_pc=00000140 EX_alu=00000004 mem_stall=0 mem_commit=0 mem_we=0000 mem_addr=000005d4 mem_wd=0000aa00 mem_rd=00000000
TRACE t=905000 wb_have=1 pcIF=0000014c instIF=0aa010b7 pcID=00000148 instID=df810113 pcEX=00000144 aluMEM=00000004 mem_stall=0 mem_waited=0 mem_addr=00000004 mem_we=0000 mem_rd=0ff0000f
COMMIT t=905000 wb_pc=0000013c wb_we=0 wb_rd=x24 wb_val=000005d4 IF_pc=0000014c IF_inst=0aa010b7 ID_pc=00000148 ID_inst=df810113 EX_pc=00000144 EX_alu=00002144 mem_stall=0 mem_commit=0 mem_we=0000 mem_addr=00000004 mem_wd=00000000 mem_rd=0ff0000f
TRACE t=915000 wb_have=1 pcIF=00000150 instIF=aa008093 pcID=0000014c instID=0aa010b7 pcEX=00000148 aluMEM=00002144 mem_stall=0 mem_waited=0 mem_addr=00002144 mem_we=0000 mem_rd=34202f73
COMMIT t=915000 wb_pc=00000140 wb_we=1 wb_rd=x3 wb_val=00000004 IF_pc=00000150 IF_inst=aa008093 ID_pc=0000014c ID_inst=0aa010b7 EX_pc=00000148 EX_alu=00001f3c mem_stall=0 mem_commit=0 mem_we=0000 mem_addr=00002144 mem_wd=00000000 mem_rd=34202f73
TRACE t=925000 wb_have=1 pcIF=00000154 instIF=00000797 pcID=00000150 instID=aa008093 pcEX=0000014c aluMEM=00001f3c mem_stall=0 mem_waited=0 mem_addr=00001f3c mem_we=0000 mem_rd=00000000
COMMIT t=925000 wb_pc=00000144 wb_we=1 wb_rd=x2 wb_val=00002144 IF_pc=00000154 IF_inst=00000797 ID_pc=00000150 ID_inst=aa008093 EX_pc=0000014c EX_alu=0aa01000 mem_stall=0 mem_commit=0 mem_we=0000 mem_addr=00001f3c mem_wd=00000000 mem_rd=00000000
TRACE t=935000 wb_have=1 pcIF=00000158 instIF=01478793 pcID=00000154 instID=00000797 pcEX=00000150 aluMEM=0aa01000 mem_stall=0 mem_waited=0 mem_addr=0aa01000 mem_we=0000 mem_rd=00aa00aa
COMMIT t=935000 wb_pc=00000148 wb_we=1 wb_rd=x2 wb_val=00001f3c IF_pc=00000158 IF_inst=01478793 ID_pc=00000154 ID_inst=00000797 EX_pc=00000150 EX_alu=0aa00aa0 mem_stall=0 mem_commit=0 mem_we=0000 mem_addr=0aa01000 mem_wd=00000000 mem_rd=00aa00aa
TRACE t=945000 wb_have=1 pcIF=0000015c instIF=00112423 pcID=00000158 instID=01478793 pcEX=00000154 aluMEM=0aa00aa0 mem_stall=0 mem_waited=0 mem_addr=0aa00aa0 mem_we=0000 mem_rd=00000000
COMMIT t=945000 wb_pc=0000014c wb_we=1 wb_rd=x1 wb_val=0aa01000 IF_pc=0000015c IF_inst=00112423 ID_pc=00000158 ID_inst=01478793 EX_pc=00000154 EX_alu=00000154 mem_stall=0 mem_commit=0 mem_we=0000 mem_addr=0aa00aa0 mem_wd=00000000 mem_rd=00000000
TRACE t=955000 wb_have=1 pcIF=00000160 instIF=00812703 pcID=0000015c instID=00112423 pcEX=00000158 aluMEM=00000154 mem_stall=0 mem_waited=0 mem_addr=00000154 mem_we=0000 mem_rd=00000000
COMMIT t=955000 wb_pc=00000150 wb_we=1 wb_rd=x1 wb_val=0aa00aa0 IF_pc=00000160 IF_inst=00812703 ID_pc=0000015c ID_inst=00112423 EX_pc=00000158 EX_alu=00000168 mem_stall=0 mem_commit=0 mem_we=0000 mem_addr=00000154 mem_wd=00000000 mem_rd=00000000
TRACE t=965000 wb_have=1 pcIF=00000164 instIF=0080006f pcID=00000160 instID=00812703 pcEX=0000015c aluMEM=00000168 mem_stall=0 mem_waited=0 mem_addr=00000168 mem_we=0000 mem_rd=00000797
COMMIT t=965000 wb_pc=00000154 wb_we=1 wb_rd=x15 wb_val=00000154 IF_pc=00000164 IF_inst=0080006f ID_pc=00000160 ID_inst=00812703 EX_pc=0000015c EX_alu=00001f44 mem_stall=0 mem_commit=0 mem_we=0000 mem_addr=00000168 mem_wd=00000000 mem_rd=00000797
TRACE t=975000 wb_have=1 pcIF=00000168 instIF=00008713 pcID=00000164 instID=0080006f pcEX=00000160 aluMEM=00001f44 mem_stall=1 mem_waited=0 mem_addr=00001f44 mem_we=0000 mem_rd=00008713
COMMIT t=975000 wb_pc=00000158 wb_we=1 wb_rd=x15 wb_val=00000168 IF_pc=00000168 IF_inst=00008713 ID_pc=00000164 ID_inst=0080006f EX_pc=00000160 EX_alu=00001f44 mem_stall=1 mem_commit=0 mem_we=0000 mem_addr=00001f44 mem_wd=0aa00aa0 mem_rd=00008713
TRACE t=985000 wb_have=1 pcIF=00000168 instIF=00008713 pcID=00000164 instID=0080006f pcEX=00000160 aluMEM=00001f44 mem_stall=0 mem_waited=1 mem_addr=00001f44 mem_we=1111 mem_rd=deadbeef
COMMIT t=985000 wb_pc=00000158 wb_we=1 wb_rd=x15 wb_val=00000168 IF_pc=00000168 IF_inst=00008713 ID_pc=00000164 ID_inst=0080006f EX_pc=00000160 EX_alu=00001f44 mem_stall=0 mem_commit=1 mem_we=1111 mem_addr=00001f44 mem_wd=0aa00aa0 mem_rd=deadbeef
MEM_WRITE t=985000 pc=00000158 addr=00001f44 wd=0aa00aa0 ctrl=1
TRACE t=995000 wb_have=1 pcIF=0000016c instIF=0aa013b7 pcID=00000168 instID=00008713 pcEX=00000164 aluMEM=00001f44 mem_stall=1 mem_waited=0 mem_addr=00001f44 mem_we=0000 mem_rd=0aa00aa0
COMMIT t=995000 wb_pc=0000015c wb_we=0 wb_rd=x8 wb_val=00001f44 IF_pc=0000016c IF_inst=0aa013b7 ID_pc=00000168 ID_inst=00008713 EX_pc=00000164 EX_alu=0000016c mem_stall=1 mem_commit=0 mem_we=0000 mem_addr=00001f44 mem_wd=00000000 mem_rd=0aa00aa0
TRACE t=1005000 wb_have=0 pcIF=00000000 instIF=00000013 pcID=00000000 instID=00000013 pcEX=00000164 aluMEM=00001f44 mem_stall=0 mem_waited=1 mem_addr=00001f44 mem_we=0000 mem_rd=0aa00aa0
TRACE t=1015000 wb_have=1 pcIF=00000000 instIF=00000013 pcID=00000000 instID=00000013 pcEX=00000000 aluMEM=0000016c mem_stall=0 mem_waited=0 mem_addr=0000016c mem_we=0000 mem_rd=0aa00aa0
COMMIT t=1015000 wb_pc=00000160 wb_we=1 wb_rd=x14 wb_val=0aa00aa0 IF_pc=00000000 IF_inst=00000013 ID_pc=00000000 ID_inst=00000013 EX_pc=00000000 EX_alu=00000000 mem_stall=0 mem_commit=0 mem_we=0000 mem_addr=0000016c mem_wd=00000000 mem_rd=0aa00aa0
TRACE t=1025000 wb_have=0 pcIF=00000000 instIF=00000013 pcID=00000000 instID=00000013 pcEX=00000000 aluMEM=00000000 mem_stall=0 mem_waited=0 mem_addr=00000000 mem_we=0000 mem_rd=0aa013b7
TRACE t=1035000 wb_have=0 pcIF=0000016c instIF=0aa013b7 pcID=00000000 instID=00000013 pcEX=00000000 aluMEM=00000000 mem_stall=0 mem_waited=0 mem_addr=00000000 mem_we=0000 mem_rd=0540006f
TRACE t=1045000 wb_have=0 pcIF=00000170 instIF=aa038393 pcID=0000016c instID=0aa013b7 pcEX=00000000 aluMEM=00000000 mem_stall=0 mem_waited=0 mem_addr=00000000 mem_we=0000 mem_rd=0540006f
TRACE t=1055000 wb_have=1 pcIF=00000174 instIF=46771063 pcID=00000170 instID=aa038393 pcEX=0000016c aluMEM=00000000 mem_stall=0 mem_waited=0 mem_addr=00000000 mem_we=0000 mem_rd=0540006f
COMMIT t=1055000 wb_pc=00000000 wb_we=1 wb_rd=x0 wb_val=00000000 IF_pc=00000174 IF_inst=46771063 ID_pc=00000170 ID_inst=aa038393 EX_pc=0000016c EX_alu=0aa01000 mem_stall=0 mem_commit=0 mem_we=0000 mem_addr=00000000 mem_wd=00000000 mem_rd=0540006f
TRACE t=1065000 wb_have=1 pcIF=00000178 instIF=00500193 pcID=00000174 instID=46771063 pcEX=00000170 aluMEM=0aa01000 mem_stall=0 mem_waited=0 mem_addr=0aa01000 mem_we=0000 mem_rd=0540006f
COMMIT t=1065000 wb_pc=00000000 wb_we=1 wb_rd=x0 wb_val=00000000 IF_pc=00000178 IF_inst=00500193 ID_pc=00000174 ID_inst=46771063 EX_pc=00000170 EX_alu=0aa00aa0 mem_stall=0 mem_commit=0 mem_we=0000 mem_addr=0aa01000 mem_wd=00000000 mem_rd=0540006f
TRACE t=1075000 wb_have=1 pcIF=0000017c instIF=00002117 pcID=00000178 instID=00500193 pcEX=00000174 aluMEM=0aa00aa0 mem_stall=0 mem_waited=0 mem_addr=0aa00aa0 mem_we=0000 mem_rd=00000000
COMMIT t=1075000 wb_pc=0000016c wb_we=1 wb_rd=x7 wb_val=0aa01000 IF_pc=0000017c IF_inst=00002117 ID_pc=00000178 ID_inst=00500193 EX_pc=00000174 EX_alu=000005d4 mem_stall=0 mem_commit=0 mem_we=0000 mem_addr=0aa00aa0 mem_wd=00000000 mem_rd=00000000
TRACE t=1085000 wb_have=1 pcIF=00000180 instIF=dc010113 pcID=0000017c instID=00002117 pcEX=00000178 aluMEM=000005d4 mem_stall=0 mem_waited=0 mem_addr=000005d4 mem_we=0000 mem_rd=00000000
COMMIT t=1085000 wb_pc=00000170 wb_we=1 wb_rd=x7 wb_val=0aa00aa0 IF_pc=00000180 IF_inst=dc010113 ID_pc=0000017c ID_inst=00002117 EX_pc=00000178 EX_alu=00000005 mem_stall=0 mem_commit=0 mem_we=0000 mem_addr=000005d4 mem_wd=00000aa0 mem_rd=00000000
TRACE t=1095000 wb_have=1 pcIF=00000184 instIF=a00aa0b7 pcID=00000180 instID=dc010113 pcEX=0000017c aluMEM=00000005 mem_stall=0 mem_waited=0 mem_addr=00000005 mem_we=0000 mem_rd=0ff0000f
COMMIT t=1095000 wb_pc=00000174 wb_we=0 wb_rd=x0 wb_val=000005d4 IF_pc=00000184 IF_inst=a00aa0b7 ID_pc=00000180 ID_inst=dc010113 EX_pc=0000017c EX_alu=0000217c mem_stall=0 mem_commit=0 mem_we=0000 mem_addr=00000005 mem_wd=00000000 mem_rd=0ff0000f
TRACE t=1105000 wb_have=1 pcIF=00000188 instIF=00a08093 pcID=00000184 instID=a00aa0b7 pcEX=00000180 aluMEM=0000217c mem_stall=0 mem_waited=0 mem_addr=0000217c mem_we=0000 mem_rd=34202f73
COMMIT t=1105000 wb_pc=00000178 wb_we=1 wb_rd=x3 wb_val=00000005 IF_pc=00000188 IF_inst=00a08093 ID_pc=00000184 ID_inst=a00aa0b7 EX_pc=00000180 EX_alu=00001f3c mem_stall=0 mem_commit=0 mem_we=0000 mem_addr=0000217c mem_wd=00000000 mem_rd=34202f73
TRACE t=1115000 wb_have=1 pcIF=0000018c instIF=00000797 pcID=00000188 instID=00a08093 pcEX=00000184 aluMEM=00001f3c mem_stall=0 mem_waited=0 mem_addr=00001f3c mem_we=0000 mem_rd=00000000
COMMIT t=1115000 wb_pc=0000017c wb_we=1 wb_rd=x2 wb_val=0000217c IF_pc=0000018c IF_inst=00000797 ID_pc=00000188 ID_inst=00a08093 EX_pc=00000184 EX_alu=a00aa000 mem_stall=0 mem_commit=0 mem_we=0000 mem_addr=00001f3c mem_wd=00000000 mem_rd=00000000
TRACE t=1125000 wb_have=1 pcIF=00000190 instIF=01478793 pcID=0000018c instID=00000797 pcEX=00000188 aluMEM=a00aa000 mem_stall=0 mem_waited=0 mem_addr=a00aa000 mem_we=0000 mem_rd=00aa00aa
COMMIT t=1125000 wb_pc=00000180 wb_we=1 wb_rd=x2 wb_val=00001f3c IF_pc=00000190 IF_inst=01478793 ID_pc=0000018c ID_inst=00000797 EX_pc=00000188 EX_alu=a00aa00a mem_stall=0 mem_commit=0 mem_we=0000 mem_addr=a00aa000 mem_wd=00000000 mem_rd=00aa00aa
TRACE t=1135000 wb_have=1 pcIF=00000194 instIF=00112623 pcID=00000190 instID=01478793 pcEX=0000018c aluMEM=a00aa00a mem_stall=0 mem_waited=0 mem_addr=a00aa00a mem_we=0000 mem_rd=00000000
COMMIT t=1135000 wb_pc=00000184 wb_we=1 wb_rd=x1 wb_val=a00aa000 IF_pc=00000194 IF_inst=00112623 ID_pc=00000190 ID_inst=01478793 EX_pc=0000018c EX_alu=0000018c mem_stall=0 mem_commit=0 mem_we=0000 mem_addr=a00aa00a mem_wd=00000000 mem_rd=00000000
TRACE t=1145000 wb_have=1 pcIF=00000198 instIF=00c12703 pcID=00000194 instID=00112623 pcEX=00000190 aluMEM=0000018c mem_stall=0 mem_waited=0 mem_addr=0000018c mem_we=0000 mem_rd=00000000
COMMIT t=1145000 wb_pc=00000188 wb_we=1 wb_rd=x1 wb_val=a00aa00a IF_pc=00000198 IF_inst=00c12703 ID_pc=00000194 ID_inst=00112623 EX_pc=00000190 EX_alu=000001a0 mem_stall=0 mem_commit=0 mem_we=0000 mem_addr=0000018c mem_wd=00000000 mem_rd=00000000
TRACE t=1155000 wb_have=1 pcIF=0000019c instIF=0080006f pcID=00000198 instID=00c12703 pcEX=00000194 aluMEM=000001a0 mem_stall=0 mem_waited=0 mem_addr=000001a0 mem_we=0000 mem_rd=00000797
COMMIT t=1155000 wb_pc=0000018c wb_we=1 wb_rd=x15 wb_val=0000018c IF_pc=0000019c IF_inst=0080006f ID_pc=00000198 ID_inst=00c12703 EX_pc=00000194 EX_alu=00001f48 mem_stall=0 mem_commit=0 mem_we=0000 mem_addr=000001a0 mem_wd=00000000 mem_rd=00000797
TRACE t=1165000 wb_have=1 pcIF=000001a0 instIF=00008713 pcID=0000019c instID=0080006f pcEX=00000198 aluMEM=00001f48 mem_stall=1 mem_waited=0 mem_addr=00001f48 mem_we=0000 mem_rd=00008713
COMMIT t=1165000 wb_pc=00000190 wb_we=1 wb_rd=x15 wb_val=000001a0 IF_pc=000001a0 IF_inst=00008713 ID_pc=0000019c ID_inst=0080006f EX_pc=00000198 EX_alu=00001f48 mem_stall=1 mem_commit=0 mem_we=0000 mem_addr=00001f48 mem_wd=a00aa00a mem_rd=00008713
TRACE t=1175000 wb_have=1 pcIF=000001a0 instIF=00008713 pcID=0000019c instID=0080006f pcEX=00000198 aluMEM=00001f48 mem_stall=0 mem_waited=1 mem_addr=00001f48 mem_we=1111 mem_rd=deadbeef
COMMIT t=1175000 wb_pc=00000190 wb_we=1 wb_rd=x15 wb_val=000001a0 IF_pc=000001a0 IF_inst=00008713 ID_pc=0000019c ID_inst=0080006f EX_pc=00000198 EX_alu=00001f48 mem_stall=0 mem_commit=1 mem_we=1111 mem_addr=00001f48 mem_wd=a00aa00a mem_rd=deadbeef
MEM_WRITE t=1175000 pc=00000190 addr=00001f48 wd=a00aa00a ctrl=1
TRACE t=1185000 wb_have=1 pcIF=000001a4 instIF=a00aa3b7 pcID=000001a0 instID=00008713 pcEX=0000019c aluMEM=00001f48 mem_stall=1 mem_waited=0 mem_addr=00001f48 mem_we=0000 mem_rd=a00aa00a
COMMIT t=1185000 wb_pc=00000194 wb_we=0 wb_rd=x12 wb_val=00001f48 IF_pc=000001a4 IF_inst=a00aa3b7 ID_pc=000001a0 ID_inst=00008713 EX_pc=0000019c EX_alu=000001a4 mem_stall=1 mem_commit=0 mem_we=0000 mem_addr=00001f48 mem_wd=00000000 mem_rd=a00aa00a
TRACE t=1195000 wb_have=0 pcIF=00000000 instIF=00000013 pcID=00000000 instID=00000013 pcEX=0000019c aluMEM=00001f48 mem_stall=0 mem_waited=1 mem_addr=00001f48 mem_we=0000 mem_rd=a00aa00a
TRACE t=1205000 wb_have=1 pcIF=00000000 instIF=00000013 pcID=00000000 instID=00000013 pcEX=00000000 aluMEM=000001a4 mem_stall=0 mem_waited=0 mem_addr=000001a4 mem_we=0000 mem_rd=a00aa00a
COMMIT t=1205000 wb_pc=00000198 wb_we=1 wb_rd=x14 wb_val=a00aa00a IF_pc=00000000 IF_inst=00000013 ID_pc=00000000 ID_inst=00000013 EX_pc=00000000 EX_alu=00000000 mem_stall=0 mem_commit=0 mem_we=0000 mem_addr=000001a4 mem_wd=00000000 mem_rd=a00aa00a
TRACE t=1215000 wb_have=0 pcIF=00000000 instIF=00000013 pcID=00000000 instID=00000013 pcEX=00000000 aluMEM=00000000 mem_stall=0 mem_waited=0 mem_addr=00000000 mem_we=0000 mem_rd=a00aa3b7
TRACE t=1225000 wb_have=0 pcIF=000001a4 instIF=a00aa3b7 pcID=00000000 instID=00000013 pcEX=00000000 aluMEM=00000000 mem_stall=0 mem_waited=0 mem_addr=00000000 mem_we=0000 mem_rd=0540006f
TRACE t=1235000 wb_have=0 pcIF=000001a8 instIF=00a38393 pcID=000001a4 instID=a00aa3b7 pcEX=00000000 aluMEM=00000000 mem_stall=0 mem_waited=0 mem_addr=00000000 mem_we=0000 mem_rd=0540006f
TRACE t=1245000 wb_have=1 pcIF=000001ac instIF=42771463 pcID=000001a8 instID=00a38393 pcEX=000001a4 aluMEM=00000000 mem_stall=0 mem_waited=0 mem_addr=00000000 mem_we=0000 mem_rd=0540006f
COMMIT t=1245000 wb_pc=00000000 wb_we=1 wb_rd=x0 wb_val=00000000 IF_pc=000001ac IF_inst=42771463 ID_pc=000001a8 ID_inst=00a38393 EX_pc=000001a4 EX_alu=a00aa000 mem_stall=0 mem_commit=0 mem_we=0000 mem_addr=00000000 mem_wd=00000000 mem_rd=0540006f
TRACE t=1255000 wb_have=1 pcIF=000001b0 instIF=00600193 pcID=000001ac instID=42771463 pcEX=000001a8 aluMEM=a00aa000 mem_stall=0 mem_waited=0 mem_addr=a00aa000 mem_we=0000 mem_rd=0540006f
COMMIT t=1255000 wb_pc=00000000 wb_we=1 wb_rd=x0 wb_val=00000000 IF_pc=000001b0 IF_inst=00600193 ID_pc=000001ac ID_inst=42771463 EX_pc=000001a8 EX_alu=a00aa00a mem_stall=0 mem_commit=0 mem_we=0000 mem_addr=a00aa000 mem_wd=00000000 mem_rd=0540006f
TRACE t=1265000 wb_have=1 pcIF=000001b4 instIF=00002117 pcID=000001b0 instID=00600193 pcEX=000001ac aluMEM=a00aa00a mem_stall=0 mem_waited=0 mem_addr=a00aa00a mem_we=0000 mem_rd=00000000
COMMIT t=1265000 wb_pc=000001a4 wb_we=1 wb_rd=x7 wb_val=a00aa000 IF_pc=000001b4 IF_inst=00002117 ID_pc=000001b0 ID_inst=00600193 EX_pc=000001ac EX_alu=000005d4 mem_stall=0 mem_commit=0 mem_we=0000 mem_addr=a00aa00a mem_wd=00000000 mem_rd=00000000
TRACE t=1275000 wb_have=1 pcIF=000001b8 instIF=da410113 pcID=000001b4 instID=00002117 pcEX=000001b0 aluMEM=000005d4 mem_stall=0 mem_waited=0 mem_addr=000005d4 mem_we=0000 mem_rd=00000000
COMMIT t=1275000 wb_pc=000001a8 wb_we=1 wb_rd=x7 wb_val=a00aa00a IF_pc=000001b8 IF_inst=da410113 ID_pc=000001b4 ID_inst=00002117 EX_pc=000001b0 EX_alu=00000006 mem_stall=0 mem_commit=0 mem_we=0000 mem_addr=000005d4 mem_wd=0000a00a mem_rd=00000000
TRACE t=1285000 wb_have=1 pcIF=000001bc instIF=00aa00b7 pcID=000001b8 instID=da410113 pcEX=000001b4 aluMEM=00000006 mem_stall=0 mem_waited=0 mem_addr=00000006 mem_we=0000 mem_rd=0ff0000f
COMMIT t=1285000 wb_pc=000001ac wb_we=0 wb_rd=x8 wb_val=000005d4 IF_pc=000001bc IF_inst=00aa00b7 ID_pc=000001b8 ID_inst=da410113 EX_pc=000001b4 EX_alu=000021b4 mem_stall=0 mem_commit=0 mem_we=0000 mem_addr=00000006 mem_wd=00000000 mem_rd=0ff0000f
TRACE t=1295000 wb_have=1 pcIF=000001c0 instIF=0aa08093 pcID=000001bc instID=00aa00b7 pcEX=000001b8 aluMEM=000021b4 mem_stall=0 mem_waited=0 mem_addr=000021b4 mem_we=0000 mem_rd=34202f73
COMMIT t=1295000 wb_pc=000001b0 wb_we=1 wb_rd=x3 wb_val=00000006 IF_pc=000001c0 IF_inst=0aa08093 ID_pc=000001bc ID_inst=00aa00b7 EX_pc=000001b8 EX_alu=00001f58 mem_stall=0 mem_commit=0 mem_we=0000 mem_addr=000021b4 mem_wd=00000000 mem_rd=34202f73
TRACE t=1305000 wb_have=1 pcIF=000001c4 instIF=00000797 pcID=000001c0 instID=0aa08093 pcEX=000001bc aluMEM=00001f58 mem_stall=0 mem_waited=0 mem_addr=00001f58 mem_we=0000 mem_rd=00000000
COMMIT t=1305000 wb_pc=000001b4 wb_we=1 wb_rd=x2 wb_val=000021b4 IF_pc=000001c4 IF_inst=00000797 ID_pc=000001c0 ID_inst=0aa08093 EX_pc=000001bc EX_alu=00aa0000 mem_stall=0 mem_commit=0 mem_we=0000 mem_addr=00001f58 mem_wd=00000000 mem_rd=00000000
TRACE t=1315000 wb_have=1 pcIF=000001c8 instIF=01478793 pcID=000001c4 instID=00000797 pcEX=000001c0 aluMEM=00aa0000 mem_stall=0 mem_waited=0 mem_addr=00aa0000 mem_we=0000 mem_rd=deadbeef
COMMIT t=1315000 wb_pc=000001b8 wb_we=1 wb_rd=x2 wb_val=00001f58 IF_pc=000001c8 IF_inst=01478793 ID_pc=000001c4 ID_inst=00000797 EX_pc=000001c0 EX_alu=00aa00aa mem_stall=0 mem_commit=0 mem_we=0000 mem_addr=00aa0000 mem_wd=00000000 mem_rd=deadbeef
TRACE t=1325000 wb_have=1 pcIF=000001cc instIF=fe112a23 pcID=000001c8 instID=01478793 pcEX=000001c4 aluMEM=00aa00aa mem_stall=0 mem_waited=0 mem_addr=00aa00aa mem_we=0000 mem_rd=00000000
COMMIT t=1325000 wb_pc=000001bc wb_we=1 wb_rd=x1 wb_val=00aa0000 IF_pc=000001cc IF_inst=fe112a23 ID_pc=000001c8 ID_inst=01478793 EX_pc=000001c4 EX_alu=000001c4 mem_stall=0 mem_commit=0 mem_we=0000 mem_addr=00aa00aa mem_wd=00000000 mem_rd=00000000
TRACE t=1335000 wb_have=1 pcIF=000001d0 instIF=ff412703 pcID=000001cc instID=fe112a23 pcEX=000001c8 aluMEM=000001c4 mem_stall=0 mem_waited=0 mem_addr=000001c4 mem_we=0000 mem_rd=00000000
COMMIT t=1335000 wb_pc=000001c0 wb_we=1 wb_rd=x1 wb_val=00aa00aa IF_pc=000001d0 IF_inst=ff412703 ID_pc=000001cc ID_inst=fe112a23 EX_pc=000001c8 EX_alu=000001d8 mem_stall=0 mem_commit=0 mem_we=0000 mem_addr=000001c4 mem_wd=00000000 mem_rd=00000000
TRACE t=1345000 wb_have=1 pcIF=000001d4 instIF=0080006f pcID=000001d0 instID=ff412703 pcEX=000001cc aluMEM=000001d8 mem_stall=0 mem_waited=0 mem_addr=000001d8 mem_we=0000 mem_rd=00000797
COMMIT t=1345000 wb_pc=000001c4 wb_we=1 wb_rd=x15 wb_val=000001c4 IF_pc=000001d4 IF_inst=0080006f ID_pc=000001d0 ID_inst=ff412703 EX_pc=000001cc EX_alu=00001f4c mem_stall=0 mem_commit=0 mem_we=0000 mem_addr=000001d8 mem_wd=00000000 mem_rd=00000797
TRACE t=1355000 wb_have=1 pcIF=000001d8 instIF=00008713 pcID=000001d4 instID=0080006f pcEX=000001d0 aluMEM=00001f4c mem_stall=1 mem_waited=0 mem_addr=00001f4c mem_we=0000 mem_rd=00008713
COMMIT t=1355000 wb_pc=000001c8 wb_we=1 wb_rd=x15 wb_val=000001d8 IF_pc=000001d8 IF_inst=00008713 ID_pc=000001d4 ID_inst=0080006f EX_pc=000001d0 EX_alu=00001f4c mem_stall=1 mem_commit=0 mem_we=0000 mem_addr=00001f4c mem_wd=00aa00aa mem_rd=00008713
TRACE t=1365000 wb_have=1 pcIF=000001d8 instIF=00008713 pcID=000001d4 instID=0080006f pcEX=000001d0 aluMEM=00001f4c mem_stall=0 mem_waited=1 mem_addr=00001f4c mem_we=1111 mem_rd=deadbeef
COMMIT t=1365000 wb_pc=000001c8 wb_we=1 wb_rd=x15 wb_val=000001d8 IF_pc=000001d8 IF_inst=00008713 ID_pc=000001d4 ID_inst=0080006f EX_pc=000001d0 EX_alu=00001f4c mem_stall=0 mem_commit=1 mem_we=1111 mem_addr=00001f4c mem_wd=00aa00aa mem_rd=deadbeef
MEM_WRITE t=1365000 pc=000001c8 addr=00001f4c wd=00aa00aa ctrl=1
TRACE t=1375000 wb_have=1 pcIF=000001dc instIF=00aa03b7 pcID=000001d8 instID=00008713 pcEX=000001d4 aluMEM=00001f4c mem_stall=1 mem_waited=0 mem_addr=00001f4c mem_we=0000 mem_rd=00aa00aa
COMMIT t=1375000 wb_pc=000001cc wb_we=0 wb_rd=x20 wb_val=00001f4c IF_pc=000001dc IF_inst=00aa03b7 ID_pc=000001d8 ID_inst=00008713 EX_pc=000001d4 EX_alu=000001dc mem_stall=1 mem_commit=0 mem_we=0000 mem_addr=00001f4c mem_wd=00000000 mem_rd=00aa00aa
TRACE t=1385000 wb_have=0 pcIF=00000000 instIF=00000013 pcID=00000000 instID=00000013 pcEX=000001d4 aluMEM=00001f4c mem_stall=0 mem_waited=1 mem_addr=00001f4c mem_we=0000 mem_rd=00aa00aa
TRACE t=1395000 wb_have=1 pcIF=00000000 instIF=00000013 pcID=00000000 instID=00000013 pcEX=00000000 aluMEM=000001dc mem_stall=0 mem_waited=0 mem_addr=000001dc mem_we=0000 mem_rd=00aa00aa
COMMIT t=1395000 wb_pc=000001d0 wb_we=1 wb_rd=x14 wb_val=00aa00aa IF_pc=00000000 IF_inst=00000013 ID_pc=00000000 ID_inst=00000013 EX_pc=00000000 EX_alu=00000000 mem_stall=0 mem_commit=0 mem_we=0000 mem_addr=000001dc mem_wd=00000000 mem_rd=00aa00aa
TRACE t=1405000 wb_have=0 pcIF=00000000 instIF=00000013 pcID=00000000 instID=00000013 pcEX=00000000 aluMEM=00000000 mem_stall=0 mem_waited=0 mem_addr=00000000 mem_we=0000 mem_rd=00aa03b7
TRACE t=1415000 wb_have=0 pcIF=000001dc instIF=00aa03b7 pcID=00000000 instID=00000013 pcEX=00000000 aluMEM=00000000 mem_stall=0 mem_waited=0 mem_addr=00000000 mem_we=0000 mem_rd=0540006f
TRACE t=1425000 wb_have=0 pcIF=000001e0 instIF=0aa38393 pcID=000001dc instID=00aa03b7 pcEX=00000000 aluMEM=00000000 mem_stall=0 mem_waited=0 mem_addr=00000000 mem_we=0000 mem_rd=0540006f
TRACE t=1435000 wb_have=1 pcIF=000001e4 instIF=3e771863 pcID=000001e0 instID=0aa38393 pcEX=000001dc aluMEM=00000000 mem_stall=0 mem_waited=0 mem_addr=00000000 mem_we=0000 mem_rd=0540006f
COMMIT t=1435000 wb_pc=00000000 wb_we=1 wb_rd=x0 wb_val=00000000 IF_pc=000001e4 IF_inst=3e771863 ID_pc=000001e0 ID_inst=0aa38393 EX_pc=000001dc EX_alu=00aa0000 mem_stall=0 mem_commit=0 mem_we=0000 mem_addr=00000000 mem_wd=00000000 mem_rd=0540006f
TRACE t=1445000 wb_have=1 pcIF=000001e8 instIF=00700193 pcID=000001e4 instID=3e771863 pcEX=000001e0 aluMEM=00aa0000 mem_stall=0 mem_waited=0 mem_addr=00aa0000 mem_we=0000 mem_rd=0540006f
COMMIT t=1445000 wb_pc=00000000 wb_we=1 wb_rd=x0 wb_val=00000000 IF_pc=000001e8 IF_inst=00700193 ID_pc=000001e4 ID_inst=3e771863 EX_pc=000001e0 EX_alu=00aa00aa mem_stall=0 mem_commit=0 mem_we=0000 mem_addr=00aa0000 mem_wd=00000000 mem_rd=0540006f
TRACE t=1455000 wb_have=1 pcIF=000001ec instIF=00002117 pcID=000001e8 instID=00700193 pcEX=000001e4 aluMEM=00aa00aa mem_stall=0 mem_waited=0 mem_addr=00aa00aa mem_we=0000 mem_rd=00000000
COMMIT t=1455000 wb_pc=000001dc wb_we=1 wb_rd=x7 wb_val=00aa0000 IF_pc=000001ec IF_inst=00002117 ID_pc=000001e8 ID_inst=00700193 EX_pc=000001e4 EX_alu=000005d4 mem_stall=0 mem_commit=0 mem_we=0000 mem_addr=00aa00aa mem_wd=00000000 mem_rd=00000000
TRACE t=1465000 wb_have=1 pcIF=000001f0 instIF=d6c10113 pcID=000001ec instID=00002117 pcEX=000001e8 aluMEM=000005d4 mem_stall=0 mem_waited=0 mem_addr=000005d4 mem_we=0000 mem_rd=00000000
COMMIT t=1465000 wb_pc=000001e0 wb_we=1 wb_rd=x7 wb_val=00aa00aa IF_pc=000001f0 IF_inst=d6c10113 ID_pc=000001ec ID_inst=00002117 EX_pc=000001e8 EX_alu=00000007 mem_stall=0 mem_commit=0 mem_we=0000 mem_addr=000005d4 mem_wd=000000aa mem_rd=00000000
TRACE t=1475000 wb_have=1 pcIF=000001f4 instIF=aa00b0b7 pcID=000001f0 instID=d6c10113 pcEX=000001ec aluMEM=00000007 mem_stall=0 mem_waited=0 mem_addr=00000007 mem_we=0000 mem_rd=0ff0000f
COMMIT t=1475000 wb_pc=000001e4 wb_we=0 wb_rd=x16 wb_val=000005d4 IF_pc=000001f4 IF_inst=aa00b0b7 ID_pc=000001f0 ID_inst=d6c10113 EX_pc=000001ec EX_alu=000021ec mem_stall=0 mem_commit=0 mem_we=0000 mem_addr=00000007 mem_wd=aa000000 mem_rd=0ff0000f
TRACE t=1485000 wb_have=1 pcIF=000001f8 instIF=a0008093 pcID=000001f4 instID=aa00b0b7 pcEX=000001f0 aluMEM=000021ec mem_stall=0 mem_waited=0 mem_addr=000021ec mem_we=0000 mem_rd=34202f73
COMMIT t=1485000 wb_pc=000001e8 wb_we=1 wb_rd=x3 wb_val=00000007 IF_pc=000001f8 IF_inst=a0008093 ID_pc=000001f4 ID_inst=aa00b0b7 EX_pc=000001f0 EX_alu=00001f58 mem_stall=0 mem_commit=0 mem_we=0000 mem_addr=000021ec mem_wd=00000000 mem_rd=34202f73
TRACE t=1495000 wb_have=1 pcIF=000001fc instIF=00000797 pcID=000001f8 instID=a0008093 pcEX=000001f4 aluMEM=00001f58 mem_stall=0 mem_waited=0 mem_addr=00001f58 mem_we=0000 mem_rd=00000000
COMMIT t=1495000 wb_pc=000001ec wb_we=1 wb_rd=x2 wb_val=000021ec IF_pc=000001fc IF_inst=00000797 ID_pc=000001f8 ID_inst=a0008093 EX_pc=000001f4 EX_alu=aa00b000 mem_stall=0 mem_commit=0 mem_we=0000 mem_addr=00001f58 mem_wd=00000000 mem_rd=00000000
TRACE t=1505000 wb_have=1 pcIF=00000200 instIF=01478793 pcID=000001fc instID=00000797 pcEX=000001f8 aluMEM=aa00b000 mem_stall=0 mem_waited=0 mem_addr=aa00b000 mem_we=0000 mem_rd=deadbeef
COMMIT t=1505000 wb_pc=000001f0 wb_we=1 wb_rd=x2 wb_val=00001f58 IF_pc=00000200 IF_inst=01478793 ID_pc=000001fc ID_inst=00000797 EX_pc=000001f8 EX_alu=aa00aa00 mem_stall=0 mem_commit=0 mem_we=0000 mem_addr=aa00b000 mem_wd=00000000 mem_rd=deadbeef
TRACE t=1515000 wb_have=1 pcIF=00000204 instIF=fe112c23 pcID=00000200 instID=01478793 pcEX=000001fc aluMEM=aa00aa00 mem_stall=0 mem_waited=0 mem_addr=aa00aa00 mem_we=0000 mem_rd=00000000
COMMIT t=1515000 wb_pc=000001f4 wb_we=1 wb_rd=x1 wb_val=aa00b000 IF_pc=00000204 IF_inst=fe112c23 ID_pc=00000200 ID_inst=01478793 EX_pc=000001fc EX_alu=000001fc mem_stall=0 mem_commit=0 mem_we=0000 mem_addr=aa00aa00 mem_wd=00000000 mem_rd=00000000
TRACE t=1525000 wb_have=1 pcIF=00000208 instIF=ff812703 pcID=00000204 instID=fe112c23 pcEX=00000200 aluMEM=000001fc mem_stall=0 mem_waited=0 mem_addr=000001fc mem_we=0000 mem_rd=00000000
COMMIT t=1525000 wb_pc=000001f8 wb_we=1 wb_rd=x1 wb_val=aa00aa00 IF_pc=00000208 IF_inst=ff812703 ID_pc=00000204 ID_inst=fe112c23 EX_pc=00000200 EX_alu=00000210 mem_stall=0 mem_commit=0 mem_we=0000 mem_addr=000001fc mem_wd=00000000 mem_rd=00000000
TRACE t=1535000 wb_have=1 pcIF=0000020c instIF=0080006f pcID=00000208 instID=ff812703 pcEX=00000204 aluMEM=00000210 mem_stall=0 mem_waited=0 mem_addr=00000210 mem_we=0000 mem_rd=00000797
COMMIT t=1535000 wb_pc=000001fc wb_we=1 wb_rd=x15 wb_val=000001fc IF_pc=0000020c IF_inst=0080006f ID_pc=00000208 ID_inst=ff812703 EX_pc=00000204 EX_alu=00001f50 mem_stall=0 mem_commit=0 mem_we=0000 mem_addr=00000210 mem_wd=00000000 mem_rd=00000797
TRACE t=1545000 wb_have=1 pcIF=00000210 instIF=00008713 pcID=0000020c instID=0080006f pcEX=00000208 aluMEM=00001f50 mem_stall=1 mem_waited=0 mem_addr=00001f50 mem_we=0000 mem_rd=00008713
COMMIT t=1545000 wb_pc=00000200 wb_we=1 wb_rd=x15 wb_val=00000210 IF_pc=00000210 IF_inst=00008713 ID_pc=0000020c ID_inst=0080006f EX_pc=00000208 EX_alu=00001f50 mem_stall=1 mem_commit=0 mem_we=0000 mem_addr=00001f50 mem_wd=aa00aa00 mem_rd=00008713
TRACE t=1555000 wb_have=1 pcIF=00000210 instIF=00008713 pcID=0000020c instID=0080006f pcEX=00000208 aluMEM=00001f50 mem_stall=0 mem_waited=1 mem_addr=00001f50 mem_we=1111 mem_rd=deadbeef
COMMIT t=1555000 wb_pc=00000200 wb_we=1 wb_rd=x15 wb_val=00000210 IF_pc=00000210 IF_inst=00008713 ID_pc=0000020c ID_inst=0080006f EX_pc=00000208 EX_alu=00001f50 mem_stall=0 mem_commit=1 mem_we=1111 mem_addr=00001f50 mem_wd=aa00aa00 mem_rd=deadbeef
MEM_WRITE t=1555000 pc=00000200 addr=00001f50 wd=aa00aa00 ctrl=1
TRACE t=1565000 wb_have=1 pcIF=00000214 instIF=aa00b3b7 pcID=00000210 instID=00008713 pcEX=0000020c aluMEM=00001f50 mem_stall=1 mem_waited=0 mem_addr=00001f50 mem_we=0000 mem_rd=aa00aa00
COMMIT t=1565000 wb_pc=00000204 wb_we=0 wb_rd=x24 wb_val=00001f50 IF_pc=00000214 IF_inst=aa00b3b7 ID_pc=00000210 ID_inst=00008713 EX_pc=0000020c EX_alu=00000214 mem_stall=1 mem_commit=0 mem_we=0000 mem_addr=00001f50 mem_wd=00000000 mem_rd=aa00aa00
TRACE t=1575000 wb_have=0 pcIF=00000000 instIF=00000013 pcID=00000000 instID=00000013 pcEX=0000020c aluMEM=00001f50 mem_stall=0 mem_waited=1 mem_addr=00001f50 mem_we=0000 mem_rd=aa00aa00
TRACE t=1585000 wb_have=1 pcIF=00000000 instIF=00000013 pcID=00000000 instID=00000013 pcEX=00000000 aluMEM=00000214 mem_stall=0 mem_waited=0 mem_addr=00000214 mem_we=0000 mem_rd=aa00aa00
COMMIT t=1585000 wb_pc=00000208 wb_we=1 wb_rd=x14 wb_val=aa00aa00 IF_pc=00000000 IF_inst=00000013 ID_pc=00000000 ID_inst=00000013 EX_pc=00000000 EX_alu=00000000 mem_stall=0 mem_commit=0 mem_we=0000 mem_addr=00000214 mem_wd=00000000 mem_rd=aa00aa00
TRACE t=1595000 wb_have=0 pcIF=00000000 instIF=00000013 pcID=00000000 instID=00000013 pcEX=00000000 aluMEM=00000000 mem_stall=0 mem_waited=0 mem_addr=00000000 mem_we=0000 mem_rd=aa00b3b7
TRACE t=1605000 wb_have=0 pcIF=00000214 instIF=aa00b3b7 pcID=00000000 instID=00000013 pcEX=00000000 aluMEM=00000000 mem_stall=0 mem_waited=0 mem_addr=00000000 mem_we=0000 mem_rd=0540006f
TRACE t=1615000 wb_have=0 pcIF=00000218 instIF=a0038393 pcID=00000214 instID=aa00b3b7 pcEX=00000000 aluMEM=00000000 mem_stall=0 mem_waited=0 mem_addr=00000000 mem_we=0000 mem_rd=0540006f
TRACE t=1625000 wb_have=1 pcIF=0000021c instIF=3a771c63 pcID=00000218 instID=a0038393 pcEX=00000214 aluMEM=00000000 mem_stall=0 mem_waited=0 mem_addr=00000000 mem_we=0000 mem_rd=0540006f
COMMIT t=1625000 wb_pc=00000000 wb_we=1 wb_rd=x0 wb_val=00000000 IF_pc=0000021c IF_inst=3a771c63 ID_pc=00000218 ID_inst=a0038393 EX_pc=00000214 EX_alu=aa00b000 mem_stall=0 mem_commit=0 mem_we=0000 mem_addr=00000000 mem_wd=00000000 mem_rd=0540006f
TRACE t=1635000 wb_have=1 pcIF=00000220 instIF=00800193 pcID=0000021c instID=3a771c63 pcEX=00000218 aluMEM=aa00b000 mem_stall=0 mem_waited=0 mem_addr=aa00b000 mem_we=0000 mem_rd=0540006f
COMMIT t=1635000 wb_pc=00000000 wb_we=1 wb_rd=x0 wb_val=00000000 IF_pc=00000220 IF_inst=00800193 ID_pc=0000021c ID_inst=3a771c63 EX_pc=00000218 EX_alu=aa00aa00 mem_stall=0 mem_commit=0 mem_we=0000 mem_addr=aa00b000 mem_wd=00000000 mem_rd=0540006f
TRACE t=1645000 wb_have=1 pcIF=00000224 instIF=00002117 pcID=00000220 instID=00800193 pcEX=0000021c aluMEM=aa00aa00 mem_stall=0 mem_waited=0 mem_addr=aa00aa00 mem_we=0000 mem_rd=00000000
COMMIT t=1645000 wb_pc=00000214 wb_we=1 wb_rd=x7 wb_val=aa00b000 IF_pc=00000224 IF_inst=00002117 ID_pc=00000220 ID_inst=00800193 EX_pc=0000021c EX_alu=000005d4 mem_stall=0 mem_commit=0 mem_we=0000 mem_addr=aa00aa00 mem_wd=00000000 mem_rd=00000000
TRACE t=1655000 wb_have=1 pcIF=00000228 instIF=d3410113 pcID=00000224 instID=00002117 pcEX=00000220 aluMEM=000005d4 mem_stall=0 mem_waited=0 mem_addr=000005d4 mem_we=0000 mem_rd=00000000
COMMIT t=1655000 wb_pc=00000218 wb_we=1 wb_rd=x7 wb_val=aa00aa00 IF_pc=00000228 IF_inst=d3410113 ID_pc=00000224 ID_inst=00002117 EX_pc=00000220 EX_alu=00000008 mem_stall=0 mem_commit=0 mem_we=0000 mem_addr=000005d4 mem_wd=0000aa00 mem_rd=00000000
TRACE t=1665000 wb_have=1 pcIF=0000022c instIF=0aa010b7 pcID=00000228 instID=d3410113 pcEX=00000224 aluMEM=00000008 mem_stall=0 mem_waited=0 mem_addr=00000008 mem_we=0000 mem_rd=0ff0000f
COMMIT t=1665000 wb_pc=0000021c wb_we=0 wb_rd=x24 wb_val=000005d4 IF_pc=0000022c IF_inst=0aa010b7 ID_pc=00000228 ID_inst=d3410113 EX_pc=00000224 EX_alu=00002224 mem_stall=0 mem_commit=0 mem_we=0000 mem_addr=00000008 mem_wd=00000000 mem_rd=0ff0000f
TRACE t=1675000 wb_have=1 pcIF=00000230 instIF=aa008093 pcID=0000022c instID=0aa010b7 pcEX=00000228 aluMEM=00002224 mem_stall=0 mem_waited=0 mem_addr=00002224 mem_we=0000 mem_rd=00800f93
COMMIT t=1675000 wb_pc=00000220 wb_we=1 wb_rd=x3 wb_val=00000008 IF_pc=00000230 IF_inst=aa008093 ID_pc=0000022c ID_inst=0aa010b7 EX_pc=00000228 EX_alu=00001f58 mem_stall=0 mem_commit=0 mem_we=0000 mem_addr=00002224 mem_wd=00000000 mem_rd=00800f93
TRACE t=1685000 wb_have=1 pcIF=00000234 instIF=00000797 pcID=00000230 instID=aa008093 pcEX=0000022c aluMEM=00001f58 mem_stall=0 mem_waited=0 mem_addr=00001f58 mem_we=0000 mem_rd=00000000
COMMIT t=1685000 wb_pc=00000224 wb_we=1 wb_rd=x2 wb_val=00002224 IF_pc=00000234 IF_inst=00000797 ID_pc=00000230 ID_inst=aa008093 EX_pc=0000022c EX_alu=0aa01000 mem_stall=0 mem_commit=0 mem_we=0000 mem_addr=00001f58 mem_wd=00000000 mem_rd=00000000
TRACE t=1695000 wb_have=1 pcIF=00000238 instIF=01478793 pcID=00000234 instID=00000797 pcEX=00000230 aluMEM=0aa01000 mem_stall=0 mem_waited=0 mem_addr=0aa01000 mem_we=0000 mem_rd=deadbeef
COMMIT t=1695000 wb_pc=00000228 wb_we=1 wb_rd=x2 wb_val=00001f58 IF_pc=00000238 IF_inst=01478793 ID_pc=00000234 ID_inst=00000797 EX_pc=00000230 EX_alu=0aa00aa0 mem_stall=0 mem_commit=0 mem_we=0000 mem_addr=0aa01000 mem_wd=00000000 mem_rd=deadbeef
TRACE t=1705000 wb_have=1 pcIF=0000023c instIF=fe112e23 pcID=00000238 instID=01478793 pcEX=00000234 aluMEM=0aa00aa0 mem_stall=0 mem_waited=0 mem_addr=0aa00aa0 mem_we=0000 mem_rd=00000000
COMMIT t=1705000 wb_pc=0000022c wb_we=1 wb_rd=x1 wb_val=0aa01000 IF_pc=0000023c IF_inst=fe112e23 ID_pc=00000238 ID_inst=01478793 EX_pc=00000234 EX_alu=00000234 mem_stall=0 mem_commit=0 mem_we=0000 mem_addr=0aa00aa0 mem_wd=00000000 mem_rd=00000000
TRACE t=1715000 wb_have=1 pcIF=00000240 instIF=ffc12703 pcID=0000023c instID=fe112e23 pcEX=00000238 aluMEM=00000234 mem_stall=0 mem_waited=0 mem_addr=00000234 mem_we=0000 mem_rd=00000000
COMMIT t=1715000 wb_pc=00000230 wb_we=1 wb_rd=x1 wb_val=0aa00aa0 IF_pc=00000240 IF_inst=ffc12703 ID_pc=0000023c ID_inst=fe112e23 EX_pc=00000238 EX_alu=00000248 mem_stall=0 mem_commit=0 mem_we=0000 mem_addr=00000234 mem_wd=00000000 mem_rd=00000000
TRACE t=1725000 wb_have=1 pcIF=00000244 instIF=0080006f pcID=00000240 instID=ffc12703 pcEX=0000023c aluMEM=00000248 mem_stall=0 mem_waited=0 mem_addr=00000248 mem_we=0000 mem_rd=00000797
COMMIT t=1725000 wb_pc=00000234 wb_we=1 wb_rd=x15 wb_val=00000234 IF_pc=00000244 IF_inst=0080006f ID_pc=00000240 ID_inst=ffc12703 EX_pc=0000023c EX_alu=00001f54 mem_stall=0 mem_commit=0 mem_we=0000 mem_addr=00000248 mem_wd=00000000 mem_rd=00000797
TRACE t=1735000 wb_have=1 pcIF=00000248 instIF=00008713 pcID=00000244 instID=0080006f pcEX=00000240 aluMEM=00001f54 mem_stall=1 mem_waited=0 mem_addr=00001f54 mem_we=0000 mem_rd=00008713
COMMIT t=1735000 wb_pc=00000238 wb_we=1 wb_rd=x15 wb_val=00000248 IF_pc=00000248 IF_inst=00008713 ID_pc=00000244 ID_inst=0080006f EX_pc=00000240 EX_alu=00001f54 mem_stall=1 mem_commit=0 mem_we=0000 mem_addr=00001f54 mem_wd=0aa00aa0 mem_rd=00008713
TRACE t=1745000 wb_have=1 pcIF=00000248 instIF=00008713 pcID=00000244 instID=0080006f pcEX=00000240 aluMEM=00001f54 mem_stall=0 mem_waited=1 mem_addr=00001f54 mem_we=1111 mem_rd=deadbeef
COMMIT t=1745000 wb_pc=00000238 wb_we=1 wb_rd=x15 wb_val=00000248 IF_pc=00000248 IF_inst=00008713 ID_pc=00000244 ID_inst=0080006f EX_pc=00000240 EX_alu=00001f54 mem_stall=0 mem_commit=1 mem_we=1111 mem_addr=00001f54 mem_wd=0aa00aa0 mem_rd=deadbeef
MEM_WRITE t=1745000 pc=00000238 addr=00001f54 wd=0aa00aa0 ctrl=1
TRACE t=1755000 wb_have=1 pcIF=0000024c instIF=0aa013b7 pcID=00000248 instID=00008713 pcEX=00000244 aluMEM=00001f54 mem_stall=1 mem_waited=0 mem_addr=00001f54 mem_we=0000 mem_rd=0aa00aa0
COMMIT t=1755000 wb_pc=0000023c wb_we=0 wb_rd=x28 wb_val=00001f54 IF_pc=0000024c IF_inst=0aa013b7 ID_pc=00000248 ID_inst=00008713 EX_pc=00000244 EX_alu=0000024c mem_stall=1 mem_commit=0 mem_we=0000 mem_addr=00001f54 mem_wd=00000000 mem_rd=0aa00aa0
TRACE t=1765000 wb_have=0 pcIF=00000000 instIF=00000013 pcID=00000000 instID=00000013 pcEX=00000244 aluMEM=00001f54 mem_stall=0 mem_waited=1 mem_addr=00001f54 mem_we=0000 mem_rd=0aa00aa0
TRACE t=1775000 wb_have=1 pcIF=00000000 instIF=00000013 pcID=00000000 instID=00000013 pcEX=00000000 aluMEM=0000024c mem_stall=0 mem_waited=0 mem_addr=0000024c mem_we=0000 mem_rd=0aa00aa0
COMMIT t=1775000 wb_pc=00000240 wb_we=1 wb_rd=x14 wb_val=0aa00aa0 IF_pc=00000000 IF_inst=00000013 ID_pc=00000000 ID_inst=00000013 EX_pc=00000000 EX_alu=00000000 mem_stall=0 mem_commit=0 mem_we=0000 mem_addr=0000024c mem_wd=00000000 mem_rd=0aa00aa0
TRACE t=1785000 wb_have=0 pcIF=00000000 instIF=00000013 pcID=00000000 instID=00000013 pcEX=00000000 aluMEM=00000000 mem_stall=0 mem_waited=0 mem_addr=00000000 mem_we=0000 mem_rd=0aa013b7
TRACE t=1795000 wb_have=0 pcIF=0000024c instIF=0aa013b7 pcID=00000000 instID=00000013 pcEX=00000000 aluMEM=00000000 mem_stall=0 mem_waited=0 mem_addr=00000000 mem_we=0000 mem_rd=0540006f
TRACE t=1805000 wb_have=0 pcIF=00000250 instIF=aa038393 pcID=0000024c instID=0aa013b7 pcEX=00000000 aluMEM=00000000 mem_stall=0 mem_waited=0 mem_addr=00000000 mem_we=0000 mem_rd=0540006f
TRACE t=1815000 wb_have=1 pcIF=00000254 instIF=38771063 pcID=00000250 instID=aa038393 pcEX=0000024c aluMEM=00000000 mem_stall=0 mem_waited=0 mem_addr=00000000 mem_we=0000 mem_rd=0540006f
COMMIT t=1815000 wb_pc=00000000 wb_we=1 wb_rd=x0 wb_val=00000000 IF_pc=00000254 IF_inst=38771063 ID_pc=00000250 ID_inst=aa038393 EX_pc=0000024c EX_alu=0aa01000 mem_stall=0 mem_commit=0 mem_we=0000 mem_addr=00000000 mem_wd=00000000 mem_rd=0540006f
TRACE t=1825000 wb_have=1 pcIF=00000258 instIF=00900193 pcID=00000254 instID=38771063 pcEX=00000250 aluMEM=0aa01000 mem_stall=0 mem_waited=0 mem_addr=0aa01000 mem_we=0000 mem_rd=0540006f
COMMIT t=1825000 wb_pc=00000000 wb_we=1 wb_rd=x0 wb_val=00000000 IF_pc=00000258 IF_inst=00900193 ID_pc=00000254 ID_inst=38771063 EX_pc=00000250 EX_alu=0aa00aa0 mem_stall=0 mem_commit=0 mem_we=0000 mem_addr=0aa01000 mem_wd=00000000 mem_rd=0540006f
TRACE t=1835000 wb_have=1 pcIF=0000025c instIF=00002117 pcID=00000258 instID=00900193 pcEX=00000254 aluMEM=0aa00aa0 mem_stall=0 mem_waited=0 mem_addr=0aa00aa0 mem_we=0000 mem_rd=00000000
COMMIT t=1835000 wb_pc=0000024c wb_we=1 wb_rd=x7 wb_val=0aa01000 IF_pc=0000025c IF_inst=00002117 ID_pc=00000258 ID_inst=00900193 EX_pc=00000254 EX_alu=000005d4 mem_stall=0 mem_commit=0 mem_we=0000 mem_addr=0aa00aa0 mem_wd=00000000 mem_rd=00000000
TRACE t=1845000 wb_have=1 pcIF=00000260 instIF=cfc10113 pcID=0000025c instID=00002117 pcEX=00000258 aluMEM=000005d4 mem_stall=0 mem_waited=0 mem_addr=000005d4 mem_we=0000 mem_rd=00000000
COMMIT t=1845000 wb_pc=00000250 wb_we=1 wb_rd=x7 wb_val=0aa00aa0 IF_pc=00000260 IF_inst=cfc10113 ID_pc=0000025c ID_inst=00002117 EX_pc=00000258 EX_alu=00000009 mem_stall=0 mem_commit=0 mem_we=0000 mem_addr=000005d4 mem_wd=00000aa0 mem_rd=00000000
TRACE t=1855000 wb_have=1 pcIF=00000264 instIF=a00aa0b7 pcID=00000260 instID=cfc10113 pcEX=0000025c aluMEM=00000009 mem_stall=0 mem_waited=0 mem_addr=00000009 mem_we=0000 mem_rd=0ff0000f
COMMIT t=1855000 wb_pc=00000254 wb_we=0 wb_rd=x0 wb_val=000005d4 IF_pc=00000264 IF_inst=a00aa0b7 ID_pc=00000260 ID_inst=cfc10113 EX_pc=0000025c EX_alu=0000225c mem_stall=0 mem_commit=0 mem_we=0000 mem_addr=00000009 mem_wd=00000000 mem_rd=0ff0000f
TRACE t=1865000 wb_have=1 pcIF=00000268 instIF=00a08093 pcID=00000264 instID=a00aa0b7 pcEX=00000260 aluMEM=0000225c mem_stall=0 mem_waited=0 mem_addr=0000225c mem_we=0000 mem_rd=00800f93
COMMIT t=1865000 wb_pc=00000258 wb_we=1 wb_rd=x3 wb_val=00000009 IF_pc=00000268 IF_inst=00a08093 ID_pc=00000264 ID_inst=a00aa0b7 EX_pc=00000260 EX_alu=00001f58 mem_stall=0 mem_commit=0 mem_we=0000 mem_addr=0000225c mem_wd=00000000 mem_rd=00800f93
TRACE t=1875000 wb_have=1 pcIF=0000026c instIF=00000797 pcID=00000268 instID=00a08093 pcEX=00000264 aluMEM=00001f58 mem_stall=0 mem_waited=0 mem_addr=00001f58 mem_we=0000 mem_rd=00000000
COMMIT t=1875000 wb_pc=0000025c wb_we=1 wb_rd=x2 wb_val=0000225c IF_pc=0000026c IF_inst=00000797 ID_pc=00000268 ID_inst=00a08093 EX_pc=00000264 EX_alu=a00aa000 mem_stall=0 mem_commit=0 mem_we=0000 mem_addr=00001f58 mem_wd=00000000 mem_rd=00000000
TRACE t=1885000 wb_have=1 pcIF=00000270 instIF=01478793 pcID=0000026c instID=00000797 pcEX=00000268 aluMEM=a00aa000 mem_stall=0 mem_waited=0 mem_addr=a00aa000 mem_we=0000 mem_rd=deadbeef
COMMIT t=1885000 wb_pc=00000260 wb_we=1 wb_rd=x2 wb_val=00001f58 IF_pc=00000270 IF_inst=01478793 ID_pc=0000026c ID_inst=00000797 EX_pc=00000268 EX_alu=a00aa00a mem_stall=0 mem_commit=0 mem_we=0000 mem_addr=a00aa000 mem_wd=00000000 mem_rd=deadbeef
TRACE t=1895000 wb_have=1 pcIF=00000274 instIF=00112023 pcID=00000270 instID=01478793 pcEX=0000026c aluMEM=a00aa00a mem_stall=0 mem_waited=0 mem_addr=a00aa00a mem_we=0000 mem_rd=00000000
COMMIT t=1895000 wb_pc=00000264 wb_we=1 wb_rd=x1 wb_val=a00aa000 IF_pc=00000274 IF_inst=00112023 ID_pc=00000270 ID_inst=01478793 EX_pc=0000026c EX_alu=0000026c mem_stall=0 mem_commit=0 mem_we=0000 mem_addr=a00aa00a mem_wd=00000000 mem_rd=00000000
TRACE t=1905000 wb_have=1 pcIF=00000278 instIF=00012703 pcID=00000274 instID=00112023 pcEX=00000270 aluMEM=0000026c mem_stall=0 mem_waited=0 mem_addr=0000026c mem_we=0000 mem_rd=00000000
COMMIT t=1905000 wb_pc=00000268 wb_we=1 wb_rd=x1 wb_val=a00aa00a IF_pc=00000278 IF_inst=00012703 ID_pc=00000274 ID_inst=00112023 EX_pc=00000270 EX_alu=00000280 mem_stall=0 mem_commit=0 mem_we=0000 mem_addr=0000026c mem_wd=00000000 mem_rd=00000000
TRACE t=1915000 wb_have=1 pcIF=0000027c instIF=0080006f pcID=00000278 instID=00012703 pcEX=00000274 aluMEM=00000280 mem_stall=0 mem_waited=0 mem_addr=00000280 mem_we=0000 mem_rd=00000797
COMMIT t=1915000 wb_pc=0000026c wb_we=1 wb_rd=x15 wb_val=0000026c IF_pc=0000027c IF_inst=0080006f ID_pc=00000278 ID_inst=00012703 EX_pc=00000274 EX_alu=00001f58 mem_stall=0 mem_commit=0 mem_we=0000 mem_addr=00000280 mem_wd=00000000 mem_rd=00000797
TRACE t=1925000 wb_have=1 pcIF=00000280 instIF=00008713 pcID=0000027c instID=0080006f pcEX=00000278 aluMEM=00001f58 mem_stall=1 mem_waited=0 mem_addr=00001f58 mem_we=0000 mem_rd=00008713
COMMIT t=1925000 wb_pc=00000270 wb_we=1 wb_rd=x15 wb_val=00000280 IF_pc=00000280 IF_inst=00008713 ID_pc=0000027c ID_inst=0080006f EX_pc=00000278 EX_alu=00001f58 mem_stall=1 mem_commit=0 mem_we=0000 mem_addr=00001f58 mem_wd=a00aa00a mem_rd=00008713
TRACE t=1935000 wb_have=1 pcIF=00000280 instIF=00008713 pcID=0000027c instID=0080006f pcEX=00000278 aluMEM=00001f58 mem_stall=0 mem_waited=1 mem_addr=00001f58 mem_we=1111 mem_rd=deadbeef
COMMIT t=1935000 wb_pc=00000270 wb_we=1 wb_rd=x15 wb_val=00000280 IF_pc=00000280 IF_inst=00008713 ID_pc=0000027c ID_inst=0080006f EX_pc=00000278 EX_alu=00001f58 mem_stall=0 mem_commit=1 mem_we=1111 mem_addr=00001f58 mem_wd=a00aa00a mem_rd=deadbeef
MEM_WRITE t=1935000 pc=00000270 addr=00001f58 wd=a00aa00a ctrl=1
TRACE t=1945000 wb_have=1 pcIF=00000284 instIF=a00aa3b7 pcID=00000280 instID=00008713 pcEX=0000027c aluMEM=00001f58 mem_stall=1 mem_waited=0 mem_addr=00001f58 mem_we=0000 mem_rd=a00aa00a
COMMIT t=1945000 wb_pc=00000274 wb_we=0 wb_rd=x0 wb_val=00001f58 IF_pc=00000284 IF_inst=a00aa3b7 ID_pc=00000280 ID_inst=00008713 EX_pc=0000027c EX_alu=00000284 mem_stall=1 mem_commit=0 mem_we=0000 mem_addr=00001f58 mem_wd=00000000 mem_rd=a00aa00a
TRACE t=1955000 wb_have=0 pcIF=00000000 instIF=00000013 pcID=00000000 instID=00000013 pcEX=0000027c aluMEM=00001f58 mem_stall=0 mem_waited=1 mem_addr=00001f58 mem_we=0000 mem_rd=a00aa00a
TRACE t=1965000 wb_have=1 pcIF=00000000 instIF=00000013 pcID=00000000 instID=00000013 pcEX=00000000 aluMEM=00000284 mem_stall=0 mem_waited=0 mem_addr=00000284 mem_we=0000 mem_rd=a00aa00a
COMMIT t=1965000 wb_pc=00000278 wb_we=1 wb_rd=x14 wb_val=a00aa00a IF_pc=00000000 IF_inst=00000013 ID_pc=00000000 ID_inst=00000013 EX_pc=00000000 EX_alu=00000000 mem_stall=0 mem_commit=0 mem_we=0000 mem_addr=00000284 mem_wd=00000000 mem_rd=a00aa00a
TRACE t=1975000 wb_have=0 pcIF=00000000 instIF=00000013 pcID=00000000 instID=00000013 pcEX=00000000 aluMEM=00000000 mem_stall=0 mem_waited=0 mem_addr=00000000 mem_we=0000 mem_rd=a00aa3b7
TRACE t=1985000 wb_have=0 pcIF=00000284 instIF=a00aa3b7 pcID=00000000 instID=00000013 pcEX=00000000 aluMEM=00000000 mem_stall=0 mem_waited=0 mem_addr=00000000 mem_we=0000 mem_rd=0540006f
TRACE t=1995000 wb_have=0 pcIF=00000288 instIF=00a38393 pcID=00000284 instID=a00aa3b7 pcEX=00000000 aluMEM=00000000 mem_stall=0 mem_waited=0 mem_addr=00000000 mem_we=0000 mem_rd=0540006f
COMMIT t=2005000 wb_pc=00000000 wb_we=1 wb_rd=x0 wb_val=00000000 IF_pc=0000028c IF_inst=34771463 ID_pc=00000288 ID_inst=00a38393 EX_pc=00000284 EX_alu=a00aa000 mem_stall=0 mem_commit=0 mem_we=0000 mem_addr=00000000 mem_wd=00000000 mem_rd=0540006f
COMMIT t=2015000 wb_pc=00000000 wb_we=1 wb_rd=x0 wb_val=00000000 IF_pc=00000290 IF_inst=00a00193 ID_pc=0000028c ID_inst=34771463 EX_pc=00000288 EX_alu=a00aa00a mem_stall=0 mem_commit=0 mem_we=0000 mem_addr=a00aa000 mem_wd=00000000 mem_rd=0540006f
COMMIT t=2025000 wb_pc=00000284 wb_we=1 wb_rd=x7 wb_val=a00aa000 IF_pc=00000294 IF_inst=00002097 ID_pc=00000290 ID_inst=00a00193 EX_pc=0000028c EX_alu=000005d4 mem_stall=0 mem_commit=0 mem_we=0000 mem_addr=a00aa00a mem_wd=00000000 mem_rd=00000000
COMMIT t=2035000 wb_pc=00000288 wb_we=1 wb_rd=x7 wb_val=a00aa00a IF_pc=00000298 IF_inst=cc808093 ID_pc=00000294 ID_inst=00002097 EX_pc=00000290 EX_alu=0000000a mem_stall=0 mem_commit=0 mem_we=0000 mem_addr=000005d4 mem_wd=0000a00a mem_rd=00000000
COMMIT t=2045000 wb_pc=0000028c wb_we=0 wb_rd=x8 wb_val=000005d4 IF_pc=0000029c IF_inst=12345137 ID_pc=00000298 ID_inst=cc808093 EX_pc=00000294 EX_alu=00002294 mem_stall=0 mem_commit=0 mem_we=0000 mem_addr=0000000a mem_wd=00000000 mem_rd=0ff0000f
COMMIT t=2055000 wb_pc=00000290 wb_we=1 wb_rd=x3 wb_val=0000000a IF_pc=000002a0 IF_inst=67810113 ID_pc=0000029c ID_inst=12345137 EX_pc=00000298 EX_alu=00001f5c mem_stall=0 mem_commit=0 mem_we=0000 mem_addr=00002294 mem_wd=00000000 mem_rd=00800f93
COMMIT t=2065000 wb_pc=00000294 wb_we=1 wb_rd=x1 wb_val=00002294 IF_pc=000002a4 IF_inst=fe008213 ID_pc=000002a0 ID_inst=67810113 EX_pc=0000029c EX_alu=12345000 mem_stall=0 mem_commit=0 mem_we=0000 mem_addr=00001f5c mem_wd=00000000 mem_rd=00000000
COMMIT t=2075000 wb_pc=00000298 wb_we=1 wb_rd=x1 wb_val=00001f5c IF_pc=000002a8 IF_inst=02222023 ID_pc=000002a4 ID_inst=fe008213 EX_pc=000002a0 EX_alu=12345678 mem_stall=0 mem_commit=0 mem_we=0000 mem_addr=12345000 mem_wd=0000000a mem_rd=deadbeef
COMMIT t=2085000 wb_pc=0000029c wb_we=1 wb_rd=x2 wb_val=12345000 IF_pc=000002ac IF_inst=0000a283 ID_pc=000002a8 ID_inst=02222023 EX_pc=000002a4 EX_alu=00001f3c mem_stall=0 mem_commit=0 mem_we=0000 mem_addr=12345678 mem_wd=00000000 mem_rd=00000000
COMMIT t=2095000 wb_pc=000002a0 wb_we=1 wb_rd=x2 wb_val=12345678 IF_pc=000002b0 IF_inst=123453b7 ID_pc=000002ac ID_inst=0000a283 EX_pc=000002a8 EX_alu=00001f5c mem_stall=0 mem_commit=0 mem_we=0000 mem_addr=00001f3c mem_wd=00000000 mem_rd=00000000
COMMIT t=2105000 wb_pc=000002a4 wb_we=1 wb_rd=x4 wb_val=00001f3c IF_pc=000002b4 IF_inst=67838393 ID_pc=000002b0 ID_inst=123453b7 EX_pc=000002ac EX_alu=00001f5c mem_stall=1 mem_commit=0 mem_we=0000 mem_addr=00001f5c mem_wd=12345678 mem_rd=00aa00aa
COMMIT t=2115000 wb_pc=000002a4 wb_we=1 wb_rd=x4 wb_val=00001f3c IF_pc=000002b4 IF_inst=67838393 ID_pc=000002b0 ID_inst=123453b7 EX_pc=000002ac EX_alu=00001f5c mem_stall=0 mem_commit=1 mem_we=1111 mem_addr=00001f5c mem_wd=12345678 mem_rd=deadbeef
MEM_WRITE t=2115000 pc=000002a4 addr=00001f5c wd=12345678 ctrl=1
COMMIT t=2125000 wb_pc=000002a8 wb_we=0 wb_rd=x0 wb_val=00001f5c IF_pc=000002b8 IF_inst=30729e63 ID_pc=000002b4 ID_inst=67838393 EX_pc=000002b0 EX_alu=12345000 mem_stall=1 mem_commit=0 mem_we=0000 mem_addr=00001f5c mem_wd=00000000 mem_rd=12345678
COMMIT t=2145000 wb_pc=000002ac wb_we=1 wb_rd=x5 wb_val=12345678 IF_pc=000002bc IF_inst=00b00193 ID_pc=000002b8 ID_inst=30729e63 EX_pc=000002b4 EX_alu=12345678 mem_stall=0 mem_commit=0 mem_we=0000 mem_addr=12345000 mem_wd=0000000a mem_rd=12345678
COMMIT t=2165000 wb_pc=000002b4 wb_we=1 wb_rd=x7 wb_val=12345678 IF_pc=000002c4 IF_inst=c9c08093 ID_pc=000002c0 ID_inst=00002097 EX_pc=000002bc EX_alu=0000000b mem_stall=0 mem_commit=0 mem_we=0000 mem_addr=000005d4 mem_wd=00005678 mem_rd=00000000
COMMIT t=2175000 wb_pc=000002b8 wb_we=0 wb_rd=x28 wb_val=000005d4 IF_pc=000002c8 IF_inst=58213137 ID_pc=000002c4 ID_inst=c9c08093 EX_pc=000002c0 EX_alu=000022c0 mem_stall=0 mem_commit=0 mem_we=0000 mem_addr=0000000b mem_wd=00000000 mem_rd=0ff0000f
COMMIT t=2185000 wb_pc=000002bc wb_we=1 wb_rd=x3 wb_val=0000000b IF_pc=000002cc IF_inst=09810113 ID_pc=000002c8 ID_inst=58213137 EX_pc=000002c4 EX_alu=00001f5c mem_stall=0 mem_commit=0 mem_we=0000 mem_addr=000022c0 mem_wd=00000000 mem_rd=00800f93
COMMIT t=2195000 wb_pc=000002c0 wb_we=1 wb_rd=x1 wb_val=000022c0 IF_pc=000002d0 IF_inst=ffd08093 ID_pc=000002cc ID_inst=09810113 EX_pc=000002c8 EX_alu=58213000 mem_stall=0 mem_commit=0 mem_we=0000 mem_addr=00001f5c mem_wd=00000000 mem_rd=00000000
COMMIT t=2205000 wb_pc=000002c4 wb_we=1 wb_rd=x1 wb_val=00001f5c IF_pc=000002d4 IF_inst=0020a3a3 ID_pc=000002d0 ID_inst=ffd08093 EX_pc=000002cc EX_alu=58213098 mem_stall=0 mem_commit=0 mem_we=0000 mem_addr=58213000 mem_wd=12345678 mem_rd=12345678
COMMIT t=2215000 wb_pc=000002c8 wb_we=1 wb_rd=x2 wb_val=58213000 IF_pc=000002d8 IF_inst=00002217 ID_pc=000002d4 ID_inst=0020a3a3 EX_pc=000002d0 EX_alu=00001f59 mem_stall=0 mem_commit=0 mem_we=0000 mem_addr=58213098 mem_wd=00000000 mem_rd=00000000
COMMIT t=2225000 wb_pc=000002cc wb_we=1 wb_rd=x2 wb_val=58213098 IF_pc=000002dc IF_inst=c8820213 ID_pc=000002d8 ID_inst=00002217 EX_pc=000002d4 EX_alu=00001f60 mem_stall=0 mem_commit=0 mem_we=0000 mem_addr=00001f59 mem_wd=00000000 mem_rd=00000000
COMMIT t=2235000 wb_pc=000002d0 wb_we=1 wb_rd=x1 wb_val=00001f59 IF_pc=000002e0 IF_inst=00022283 ID_pc=000002dc ID_inst=c8820213 EX_pc=000002d8 EX_alu=000022d8 mem_stall=1 mem_commit=0 mem_we=0000 mem_addr=00001f60 mem_wd=58213098 mem_rd=a00aa00a
COMMIT t=2245000 wb_pc=000002d0 wb_we=1 wb_rd=x1 wb_val=00001f59 IF_pc=000002e0 IF_inst=00022283 ID_pc=000002dc ID_inst=c8820213 EX_pc=000002d8 EX_alu=000022d8 mem_stall=0 mem_commit=1 mem_we=1111 mem_addr=00001f60 mem_wd=58213098 mem_rd=deadbeef
MEM_WRITE t=2245000 pc=000002d0 addr=00001f60 wd=58213098 ctrl=1
COMMIT t=2255000 wb_pc=000002d4 wb_we=0 wb_rd=x7 wb_val=00001f60 IF_pc=000002e4 IF_inst=582133b7 ID_pc=000002e0 ID_inst=00022283 EX_pc=000002dc EX_alu=00001f60 mem_stall=0 mem_commit=0 mem_we=0000 mem_addr=000022d8 mem_wd=00000000 mem_rd=58213098
COMMIT t=2275000 wb_pc=000002dc wb_we=1 wb_rd=x4 wb_val=00001f60 IF_pc=000002ec IF_inst=2e729463 ID_pc=000002e8 ID_inst=09838393 EX_pc=000002e4 EX_alu=58213000 mem_stall=1 mem_commit=0 mem_we=0000 mem_addr=00001f60 mem_wd=00000000 mem_rd=58213098
COMMIT t=2285000 wb_pc=000002dc wb_we=1 wb_rd=x4 wb_val=00001f60 IF_pc=000002ec IF_inst=2e729463 ID_pc=000002e8 ID_inst=09838393 EX_pc=000002e4 EX_alu=58213000 mem_stall=0 mem_commit=1 mem_we=0000 mem_addr=00001f60 mem_wd=00000000 mem_rd=58213098
COMMIT t=2295000 wb_pc=000002e0 wb_we=1 wb_rd=x5 wb_val=58213098 IF_pc=000002f0 IF_inst=00c00193 ID_pc=000002ec ID_inst=2e729463 EX_pc=000002e8 EX_alu=58213098 mem_stall=0 mem_commit=0 mem_we=0000 mem_addr=58213000 mem_wd=58213098 mem_rd=58213098
COMMIT t=2315000 wb_pc=000002e8 wb_we=1 wb_rd=x7 wb_val=58213098 IF_pc=000002f8 IF_inst=aabbd6b7 ID_pc=000002f4 ID_inst=00000213 EX_pc=000002f0 EX_alu=0000000c mem_stall=0 mem_commit=0 mem_we=0000 mem_addr=000005d4 mem_wd=00003098 mem_rd=00000000
COMMIT t=2325000 wb_pc=000002ec wb_we=0 wb_rd=x8 wb_val=000005d4 IF_pc=000002fc IF_inst=cdd68693 ID_pc=000002f8 ID_inst=aabbd6b7 EX_pc=000002f4 EX_alu=00000000 mem_stall=0 mem_commit=0 mem_we=0000 mem_addr=0000000c mem_wd=00000000 mem_rd=0ff0000f
COMMIT t=2335000 wb_pc=000002f0 wb_we=1 wb_rd=x3 wb_val=0000000c IF_pc=00000300 IF_inst=00002617 ID_pc=000002fc ID_inst=cdd68693 EX_pc=000002f8 EX_alu=aabbd000 mem_stall=0 mem_commit=0 mem_we=0000 mem_addr=00000000 mem_wd=00000000 mem_rd=03ff0a63
COMMIT t=2345000 wb_pc=000002f4 wb_we=1 wb_rd=x4 wb_val=00000000 IF_pc=00000304 IF_inst=c3c60613 ID_pc=00000300 ID_inst=00002617 EX_pc=000002fc EX_alu=aabbccdd mem_stall=0 mem_commit=0 mem_we=0000 mem_addr=aabbd000 mem_wd=00000000 mem_rd=0540006f
COMMIT t=2355000 wb_pc=000002f8 wb_we=1 wb_rd=x13 wb_val=aabbd000 IF_pc=00000308 IF_inst=00d62023 ID_pc=00000304 ID_inst=c3c60613 EX_pc=00000300 EX_alu=00002300 mem_stall=0 mem_commit=0 mem_we=0000 mem_addr=aabbccdd mem_wd=00000000 mem_rd=00000000
COMMIT t=2365000 wb_pc=000002fc wb_we=1 wb_rd=x13 wb_val=aabbccdd IF_pc=0000030c IF_inst=00062703 ID_pc=00000308 ID_inst=00d62023 EX_pc=00000304 EX_alu=00001f3c mem_stall=0 mem_commit=0 mem_we=0000 mem_addr=00002300 mem_wd=00000000 mem_rd=00000000
COMMIT t=2375000 wb_pc=00000300 wb_we=1 wb_rd=x12 wb_val=00002300 IF_pc=00000310 IF_inst=aabbd3b7 ID_pc=0000030c ID_inst=00062703 EX_pc=00000308 EX_alu=00001f3c mem_stall=0 mem_commit=0 mem_we=0000 mem_addr=00001f3c mem_wd=00000000 mem_rd=00000000
COMMIT t=2385000 wb_pc=00000304 wb_we=1 wb_rd=x12 wb_val=00001f3c IF_pc=00000314 IF_inst=cdd38393 ID_pc=00000310 ID_inst=aabbd3b7 EX_pc=0000030c EX_alu=00001f3c mem_stall=1 mem_commit=0 mem_we=0000 mem_addr=00001f3c mem_wd=aabbccdd mem_rd=00aa00aa
COMMIT t=2395000 wb_pc=00000304 wb_we=1 wb_rd=x12 wb_val=00001f3c IF_pc=00000314 IF_inst=cdd38393 ID_pc=00000310 ID_inst=aabbd3b7 EX_pc=0000030c EX_alu=00001f3c mem_stall=0 mem_commit=1 mem_we=1111 mem_addr=00001f3c mem_wd=aabbccdd mem_rd=00aa00aa
MEM_WRITE t=2395000 pc=00000304 addr=00001f3c wd=aabbccdd ctrl=1
COMMIT t=2405000 wb_pc=00000308 wb_we=0 wb_rd=x0 wb_val=00001f3c IF_pc=00000318 IF_inst=2a771e63 ID_pc=00000314 ID_inst=cdd38393 EX_pc=00000310 EX_alu=aabbd000 mem_stall=1 mem_commit=0 mem_we=0000 mem_addr=00001f3c mem_wd=00000000 mem_rd=aabbccdd
COMMIT t=2425000 wb_pc=0000030c wb_we=1 wb_rd=x14 wb_val=aabbccdd IF_pc=0000031c IF_inst=00120213 ID_pc=00000318 ID_inst=2a771e63 EX_pc=00000314 EX_alu=aabbccdd mem_stall=0 mem_commit=0 mem_we=0000 mem_addr=aabbd000 mem_wd=00000000 mem_rd=aabbccdd
COMMIT t=2445000 wb_pc=00000314 wb_we=1 wb_rd=x7 wb_val=aabbccdd IF_pc=00000324 IF_inst=fc521ae3 ID_pc=00000320 ID_inst=00200293 EX_pc=0000031c EX_alu=00000001 mem_stall=0 mem_commit=0 mem_we=0000 mem_addr=000005d4 mem_wd=0000ccdd mem_rd=00000000
COMMIT t=2455000 wb_pc=00000318 wb_we=0 wb_rd=x28 wb_val=000005d4 IF_pc=00000328 IF_inst=00d00193 ID_pc=00000324 ID_inst=fc521ae3 EX_pc=00000320 EX_alu=00000002 mem_stall=0 mem_commit=0 mem_we=0000 mem_addr=00000001 mem_wd=00005900 mem_rd=0ff0000f
COMMIT t=2465000 wb_pc=0000031c wb_we=1 wb_rd=x4 wb_val=00000001 IF_pc=0000032c IF_inst=00000213 ID_pc=00000328 ID_inst=00d00193 EX_pc=00000324 EX_alu=000002f8 mem_stall=0 mem_commit=0 mem_we=0000 mem_addr=00000002 mem_wd=00980000 mem_rd=0540006f
COMMIT t=2475000 wb_pc=00000320 wb_we=1 wb_rd=x5 wb_val=00000002 IF_pc=00000000 IF_inst=00000013 ID_pc=00000000 ID_inst=00000013 EX_pc=00000000 EX_alu=00000000 mem_stall=0 mem_commit=0 mem_we=0000 mem_addr=000002f8 mem_wd=00000002 mem_rd=0540006f
COMMIT t=2485000 wb_pc=00000324 wb_we=0 wb_rd=x21 wb_val=000002f8 IF_pc=00000000 IF_inst=00000013 ID_pc=00000000 ID_inst=00000013 EX_pc=00000000 EX_alu=00000000 mem_stall=0 mem_commit=0 mem_we=0000 mem_addr=00000000 mem_wd=00000000 mem_rd=aabbd6b7
COMMIT t=2515000 wb_pc=00000000 wb_we=1 wb_rd=x0 wb_val=00000000 IF_pc=00000300 IF_inst=00002617 ID_pc=000002fc ID_inst=cdd68693 EX_pc=000002f8 EX_alu=aabbd000 mem_stall=0 mem_commit=0 mem_we=0000 mem_addr=00000000 mem_wd=00000000 mem_rd=0540006f
COMMIT t=2525000 wb_pc=00000000 wb_we=1 wb_rd=x0 wb_val=00000000 IF_pc=00000304 IF_inst=c3c60613 ID_pc=00000300 ID_inst=00002617 EX_pc=000002fc EX_alu=aabbccdd mem_stall=0 mem_commit=0 mem_we=0000 mem_addr=aabbd000 mem_wd=00000000 mem_rd=0540006f
COMMIT t=2535000 wb_pc=000002f8 wb_we=1 wb_rd=x13 wb_val=aabbd000 IF_pc=00000308 IF_inst=00d62023 ID_pc=00000304 ID_inst=c3c60613 EX_pc=00000300 EX_alu=00002300 mem_stall=0 mem_commit=0 mem_we=0000 mem_addr=aabbccdd mem_wd=00000000 mem_rd=00000000
COMMIT t=2545000 wb_pc=000002fc wb_we=1 wb_rd=x13 wb_val=aabbccdd IF_pc=0000030c IF_inst=00062703 ID_pc=00000308 ID_inst=00d62023 EX_pc=00000304 EX_alu=00001f3c mem_stall=0 mem_commit=0 mem_we=0000 mem_addr=00002300 mem_wd=00000000 mem_rd=00000000
COMMIT t=2555000 wb_pc=00000300 wb_we=1 wb_rd=x12 wb_val=00002300 IF_pc=00000310 IF_inst=aabbd3b7 ID_pc=0000030c ID_inst=00062703 EX_pc=00000308 EX_alu=00001f3c mem_stall=0 mem_commit=0 mem_we=0000 mem_addr=00001f3c mem_wd=00000000 mem_rd=00000000
COMMIT t=2565000 wb_pc=00000304 wb_we=1 wb_rd=x12 wb_val=00001f3c IF_pc=00000314 IF_inst=cdd38393 ID_pc=00000310 ID_inst=aabbd3b7 EX_pc=0000030c EX_alu=00001f3c mem_stall=1 mem_commit=0 mem_we=0000 mem_addr=00001f3c mem_wd=aabbccdd mem_rd=aabbccdd
COMMIT t=2575000 wb_pc=00000304 wb_we=1 wb_rd=x12 wb_val=00001f3c IF_pc=00000314 IF_inst=cdd38393 ID_pc=00000310 ID_inst=aabbd3b7 EX_pc=0000030c EX_alu=00001f3c mem_stall=0 mem_commit=1 mem_we=1111 mem_addr=00001f3c mem_wd=aabbccdd mem_rd=aabbccdd
MEM_WRITE t=2575000 pc=00000304 addr=00001f3c wd=aabbccdd ctrl=1
COMMIT t=2585000 wb_pc=00000308 wb_we=0 wb_rd=x0 wb_val=00001f3c IF_pc=00000318 IF_inst=2a771e63 ID_pc=00000314 ID_inst=cdd38393 EX_pc=00000310 EX_alu=aabbd000 mem_stall=1 mem_commit=0 mem_we=0000 mem_addr=00001f3c mem_wd=00000000 mem_rd=aabbccdd
COMMIT t=2605000 wb_pc=0000030c wb_we=1 wb_rd=x14 wb_val=aabbccdd IF_pc=0000031c IF_inst=00120213 ID_pc=00000318 ID_inst=2a771e63 EX_pc=00000314 EX_alu=aabbccdd mem_stall=0 mem_commit=0 mem_we=0000 mem_addr=aabbd000 mem_wd=00000000 mem_rd=aabbccdd
COMMIT t=2625000 wb_pc=00000314 wb_we=1 wb_rd=x7 wb_val=aabbccdd IF_pc=00000324 IF_inst=fc521ae3 ID_pc=00000320 ID_inst=00200293 EX_pc=0000031c EX_alu=00000002 mem_stall=0 mem_commit=0 mem_we=0000 mem_addr=000005d4 mem_wd=0000ccdd mem_rd=00000000
COMMIT t=2635000 wb_pc=00000318 wb_we=0 wb_rd=x28 wb_val=000005d4 IF_pc=00000328 IF_inst=00d00193 ID_pc=00000324 ID_inst=fc521ae3 EX_pc=00000320 EX_alu=00000002 mem_stall=0 mem_commit=0 mem_we=0000 mem_addr=00000002 mem_wd=00590000 mem_rd=0ff0000f
COMMIT t=2645000 wb_pc=0000031c wb_we=1 wb_rd=x4 wb_val=00000002 IF_pc=0000032c IF_inst=00000213 ID_pc=00000328 ID_inst=00d00193 EX_pc=00000324 EX_alu=000002f8 mem_stall=0 mem_commit=0 mem_we=0000 mem_addr=00000002 mem_wd=00980000 mem_rd=0540006f
COMMIT t=2655000 wb_pc=00000320 wb_we=1 wb_rd=x5 wb_val=00000002 IF_pc=00000330 IF_inst=daabc6b7 ID_pc=0000032c ID_inst=00000213 EX_pc=00000328 EX_alu=0000000d mem_stall=0 mem_commit=0 mem_we=0000 mem_addr=000002f8 mem_wd=00000002 mem_rd=0540006f
COMMIT t=2665000 wb_pc=00000324 wb_we=0 wb_rd=x21 wb_val=000002f8 IF_pc=00000334 IF_inst=ccd68693 ID_pc=00000330 ID_inst=daabc6b7 EX_pc=0000032c EX_alu=00000000 mem_stall=0 mem_commit=0 mem_we=0000 mem_addr=0000000d mem_wd=0000dd00 mem_rd=aabbd6b7
COMMIT t=2675000 wb_pc=00000328 wb_we=1 wb_rd=x3 wb_val=0000000d IF_pc=00000338 IF_inst=00002617 ID_pc=00000334 ID_inst=ccd68693 EX_pc=00000330 EX_alu=daabc000 mem_stall=0 mem_commit=0 mem_we=0000 mem_addr=00000000 mem_wd=00000000 mem_rd=03ff0a63
COMMIT t=2685000 wb_pc=0000032c wb_we=1 wb_rd=x4 wb_val=00000000 IF_pc=0000033c IF_inst=c0460613 ID_pc=00000338 ID_inst=00002617 EX_pc=00000334 EX_alu=daabbccd mem_stall=0 mem_commit=0 mem_we=0000 mem_addr=daabc000 mem_wd=00000000 mem_rd=0540006f
COMMIT t=2695000 wb_pc=00000330 wb_we=1 wb_rd=x13 wb_val=daabc000 IF_pc=00000340 IF_inst=00000013 ID_pc=0000033c ID_inst=c0460613 EX_pc=00000338 EX_alu=00002338 mem_stall=0 mem_commit=0 mem_we=0000 mem_addr=daabbccd mem_wd=00000000 mem_rd=00000000
COMMIT t=2705000 wb_pc=00000334 wb_we=1 wb_rd=x13 wb_val=daabbccd IF_pc=00000344 IF_inst=00d62223 ID_pc=00000340 ID_inst=00000013 EX_pc=0000033c EX_alu=00001f3c mem_stall=0 mem_commit=0 mem_we=0000 mem_addr=00002338 mem_wd=00000000 mem_rd=00000000
COMMIT t=2715000 wb_pc=00000338 wb_we=1 wb_rd=x12 wb_val=00002338 IF_pc=00000348 IF_inst=00462703 ID_pc=00000344 ID_inst=00d62223 EX_pc=00000340 EX_alu=00000000 mem_stall=0 mem_commit=0 mem_we=0000 mem_addr=00001f3c mem_wd=00000000 mem_rd=00000000
COMMIT t=2725000 wb_pc=0000033c wb_we=1 wb_rd=x12 wb_val=00001f3c IF_pc=0000034c IF_inst=daabc3b7 ID_pc=00000348 ID_inst=00462703 EX_pc=00000344 EX_alu=00001f40 mem_stall=0 mem_commit=0 mem_we=0000 mem_addr=00000000 mem_wd=00000000 mem_rd=aabbccdd
COMMIT t=2735000 wb_pc=00000340 wb_we=1 wb_rd=x0 wb_val=00000000 IF_pc=00000350 IF_inst=ccd38393 ID_pc=0000034c ID_inst=daabc3b7 EX_pc=00000348 EX_alu=00001f40 mem_stall=1 mem_commit=0 mem_we=0000 mem_addr=00001f40 mem_wd=daabbccd mem_rd=0540006f
COMMIT t=2745000 wb_pc=00000340 wb_we=1 wb_rd=x0 wb_val=00000000 IF_pc=00000350 IF_inst=ccd38393 ID_pc=0000034c ID_inst=daabc3b7 EX_pc=00000348 EX_alu=00001f40 mem_stall=0 mem_commit=1 mem_we=1111 mem_addr=00001f40 mem_wd=daabbccd mem_rd=aa00aa00
MEM_WRITE t=2745000 pc=00000340 addr=00001f40 wd=daabbccd ctrl=1
COMMIT t=2755000 wb_pc=00000344 wb_we=0 wb_rd=x4 wb_val=00001f40 IF_pc=00000354 IF_inst=28771063 ID_pc=00000350 ID_inst=ccd38393 EX_pc=0000034c EX_alu=daabc000 mem_stall=1 mem_commit=0 mem_we=0000 mem_addr=00001f40 mem_wd=00000000 mem_rd=daabbccd
COMMIT t=2775000 wb_pc=00000348 wb_we=1 wb_rd=x14 wb_val=daabbccd IF_pc=00000358 IF_inst=00120213 ID_pc=00000354 ID_inst=28771063 EX_pc=00000350 EX_alu=daabbccd mem_stall=0 mem_commit=0 mem_we=0000 mem_addr=daabc000 mem_wd=00000000 mem_rd=daabbccd
COMMIT t=2795000 wb_pc=00000350 wb_we=1 wb_rd=x7 wb_val=daabbccd IF_pc=00000360 IF_inst=fc5218e3 ID_pc=0000035c ID_inst=00200293 EX_pc=00000358 EX_alu=00000001 mem_stall=0 mem_commit=0 mem_we=0000 mem_addr=000005d4 mem_wd=0000bccd mem_rd=00000000
COMMIT t=2805000 wb_pc=00000354 wb_we=0 wb_rd=x0 wb_val=000005d4 IF_pc=00000364 IF_inst=00e00193 ID_pc=00000360 ID_inst=fc5218e3 EX_pc=0000035c EX_alu=00000002 mem_stall=0 mem_commit=0 mem_we=0000 mem_addr=00000001 mem_wd=00005900 mem_rd=0ff0000f
COMMIT t=2815000 wb_pc=00000358 wb_we=1 wb_rd=x4 wb_val=00000001 IF_pc=00000368 IF_inst=00000213 ID_pc=00000364 ID_inst=00e00193 EX_pc=00000360 EX_alu=00000330 mem_stall=0 mem_commit=0 mem_we=0000 mem_addr=00000002 mem_wd=00980000 mem_rd=0540006f
COMMIT t=2825000 wb_pc=0000035c wb_we=1 wb_rd=x5 wb_val=00000002 IF_pc=00000000 IF_inst=00000013 ID_pc=00000000 ID_inst=00000013 EX_pc=00000000 EX_alu=00000000 mem_stall=0 mem_commit=0 mem_we=0000 mem_addr=00000330 mem_wd=00000002 mem_rd=0540006f
COMMIT t=2835000 wb_pc=00000360 wb_we=0 wb_rd=x17 wb_val=00000330 IF_pc=00000000 IF_inst=00000013 ID_pc=00000000 ID_inst=00000013 EX_pc=00000000 EX_alu=00000000 mem_stall=0 mem_commit=0 mem_we=0000 mem_addr=00000000 mem_wd=00000000 mem_rd=daabc6b7
COMMIT t=2865000 wb_pc=00000000 wb_we=1 wb_rd=x0 wb_val=00000000 IF_pc=00000338 IF_inst=00002617 ID_pc=00000334 ID_inst=ccd68693 EX_pc=00000330 EX_alu=daabc000 mem_stall=0 mem_commit=0 mem_we=0000 mem_addr=00000000 mem_wd=00000000 mem_rd=0540006f
COMMIT t=2875000 wb_pc=00000000 wb_we=1 wb_rd=x0 wb_val=00000000 IF_pc=0000033c IF_inst=c0460613 ID_pc=00000338 ID_inst=00002617 EX_pc=00000334 EX_alu=daabbccd mem_stall=0 mem_commit=0 mem_we=0000 mem_addr=daabc000 mem_wd=00000000 mem_rd=0540006f
COMMIT t=2885000 wb_pc=00000330 wb_we=1 wb_rd=x13 wb_val=daabc000 IF_pc=00000340 IF_inst=00000013 ID_pc=0000033c ID_inst=c0460613 EX_pc=00000338 EX_alu=00002338 mem_stall=0 mem_commit=0 mem_we=0000 mem_addr=daabbccd mem_wd=00000000 mem_rd=00000000
COMMIT t=2895000 wb_pc=00000334 wb_we=1 wb_rd=x13 wb_val=daabbccd IF_pc=00000344 IF_inst=00d62223 ID_pc=00000340 ID_inst=00000013 EX_pc=0000033c EX_alu=00001f3c mem_stall=0 mem_commit=0 mem_we=0000 mem_addr=00002338 mem_wd=00000000 mem_rd=00000000
COMMIT t=2905000 wb_pc=00000338 wb_we=1 wb_rd=x12 wb_val=00002338 IF_pc=00000348 IF_inst=00462703 ID_pc=00000344 ID_inst=00d62223 EX_pc=00000340 EX_alu=00000000 mem_stall=0 mem_commit=0 mem_we=0000 mem_addr=00001f3c mem_wd=00000001 mem_rd=00000000
COMMIT t=2915000 wb_pc=0000033c wb_we=1 wb_rd=x12 wb_val=00001f3c IF_pc=0000034c IF_inst=daabc3b7 ID_pc=00000348 ID_inst=00462703 EX_pc=00000344 EX_alu=00001f40 mem_stall=0 mem_commit=0 mem_we=0000 mem_addr=00000000 mem_wd=00000000 mem_rd=aabbccdd
COMMIT t=2925000 wb_pc=00000340 wb_we=1 wb_rd=x0 wb_val=00000000 IF_pc=00000350 IF_inst=ccd38393 ID_pc=0000034c ID_inst=daabc3b7 EX_pc=00000348 EX_alu=00001f40 mem_stall=1 mem_commit=0 mem_we=0000 mem_addr=00001f40 mem_wd=daabbccd mem_rd=0540006f
COMMIT t=2935000 wb_pc=00000340 wb_we=1 wb_rd=x0 wb_val=00000000 IF_pc=00000350 IF_inst=ccd38393 ID_pc=0000034c ID_inst=daabc3b7 EX_pc=00000348 EX_alu=00001f40 mem_stall=0 mem_commit=1 mem_we=1111 mem_addr=00001f40 mem_wd=daabbccd mem_rd=daabbccd
MEM_WRITE t=2935000 pc=00000340 addr=00001f40 wd=daabbccd ctrl=1
COMMIT t=2945000 wb_pc=00000344 wb_we=0 wb_rd=x4 wb_val=00001f40 IF_pc=00000354 IF_inst=28771063 ID_pc=00000350 ID_inst=ccd38393 EX_pc=0000034c EX_alu=daabc000 mem_stall=1 mem_commit=0 mem_we=0000 mem_addr=00001f40 mem_wd=00000001 mem_rd=daabbccd
COMMIT t=2965000 wb_pc=00000348 wb_we=1 wb_rd=x14 wb_val=daabbccd IF_pc=00000358 IF_inst=00120213 ID_pc=00000354 ID_inst=28771063 EX_pc=00000350 EX_alu=daabbccd mem_stall=0 mem_commit=0 mem_we=0000 mem_addr=daabc000 mem_wd=00000000 mem_rd=daabbccd
COMMIT t=2985000 wb_pc=00000350 wb_we=1 wb_rd=x7 wb_val=daabbccd IF_pc=00000360 IF_inst=fc5218e3 ID_pc=0000035c ID_inst=00200293 EX_pc=00000358 EX_alu=00000002 mem_stall=0 mem_commit=0 mem_we=0000 mem_addr=000005d4 mem_wd=0000bccd mem_rd=00000000
COMMIT t=2995000 wb_pc=00000354 wb_we=0 wb_rd=x0 wb_val=000005d4 IF_pc=00000364 IF_inst=00e00193 ID_pc=00000360 ID_inst=fc5218e3 EX_pc=0000035c EX_alu=00000002 mem_stall=0 mem_commit=0 mem_we=0000 mem_addr=00000002 mem_wd=00590000 mem_rd=0ff0000f
COMMIT t=3005000 wb_pc=00000358 wb_we=1 wb_rd=x4 wb_val=00000002 IF_pc=00000368 IF_inst=00000213 ID_pc=00000364 ID_inst=00e00193 EX_pc=00000360 EX_alu=00000330 mem_stall=0 mem_commit=0 mem_we=0000 mem_addr=00000002 mem_wd=00980000 mem_rd=0540006f
COMMIT t=3015000 wb_pc=0000035c wb_we=1 wb_rd=x5 wb_val=00000002 IF_pc=0000036c IF_inst=ddaac6b7 ID_pc=00000368 ID_inst=00000213 EX_pc=00000364 EX_alu=0000000e mem_stall=0 mem_commit=0 mem_we=0000 mem_addr=00000330 mem_wd=00000002 mem_rd=0540006f
COMMIT t=3025000 wb_pc=00000360 wb_we=0 wb_rd=x17 wb_val=00000330 IF_pc=00000370 IF_inst=bcc68693 ID_pc=0000036c ID_inst=ddaac6b7 EX_pc=00000368 EX_alu=00000000 mem_stall=0 mem_commit=0 mem_we=0000 mem_addr=0000000e mem_wd=00cd0000 mem_rd=daabc6b7
COMMIT t=3035000 wb_pc=00000364 wb_we=1 wb_rd=x3 wb_val=0000000e IF_pc=00000374 IF_inst=00002617 ID_pc=00000370 ID_inst=bcc68693 EX_pc=0000036c EX_alu=ddaac000 mem_stall=0 mem_commit=0 mem_we=0000 mem_addr=00000000 mem_wd=00000000 mem_rd=03ff0a63
COMMIT t=3045000 wb_pc=00000368 wb_we=1 wb_rd=x4 wb_val=00000000 IF_pc=00000378 IF_inst=bc860613 ID_pc=00000374 ID_inst=00002617 EX_pc=00000370 EX_alu=ddaabbcc mem_stall=0 mem_commit=0 mem_we=0000 mem_addr=ddaac000 mem_wd=00000000 mem_rd=0540006f
COMMIT t=3055000 wb_pc=0000036c wb_we=1 wb_rd=x13 wb_val=ddaac000 IF_pc=0000037c IF_inst=00000013 ID_pc=00000378 ID_inst=bc860613 EX_pc=00000374 EX_alu=00002374 mem_stall=0 mem_commit=0 mem_we=0000 mem_addr=ddaabbcc mem_wd=0000003c mem_rd=00000000
COMMIT t=3065000 wb_pc=00000370 wb_we=1 wb_rd=x13 wb_val=ddaabbcc IF_pc=00000380 IF_inst=00000013 ID_pc=0000037c ID_inst=00000013 EX_pc=00000378 EX_alu=00001f3c mem_stall=0 mem_commit=0 mem_we=0000 mem_addr=00002374 mem_wd=00000000 mem_rd=00000000
COMMIT t=3075000 wb_pc=00000374 wb_we=1 wb_rd=x12 wb_val=00002374 IF_pc=00000384 IF_inst=00d62423 ID_pc=00000380 ID_inst=00000013 EX_pc=0000037c EX_alu=00000000 mem_stall=0 mem_commit=0 mem_we=0000 mem_addr=00001f3c mem_wd=00000000 mem_rd=00000000
COMMIT t=3085000 wb_pc=00000378 wb_we=1 wb_rd=x12 wb_val=00001f3c IF_pc=00000388 IF_inst=00862703 ID_pc=00000384 ID_inst=00d62423 EX_pc=00000380 EX_alu=00000000 mem_stall=0 mem_commit=0 mem_we=0000 mem_addr=00000000 mem_wd=00000000 mem_rd=aabbccdd
COMMIT t=3095000 wb_pc=0000037c wb_we=1 wb_rd=x0 wb_val=00000000 IF_pc=0000038c IF_inst=ddaac3b7 ID_pc=00000388 ID_inst=00862703 EX_pc=00000384 EX_alu=00001f44 mem_stall=0 mem_commit=0 mem_we=0000 mem_addr=00000000 mem_wd=00000000 mem_rd=0540006f
COMMIT t=3105000 wb_pc=00000380 wb_we=1 wb_rd=x0 wb_val=00000000 IF_pc=00000390 IF_inst=bcc38393 ID_pc=0000038c ID_inst=ddaac3b7 EX_pc=00000388 EX_alu=00001f44 mem_stall=1 mem_commit=0 mem_we=0000 mem_addr=00001f44 mem_wd=ddaabbcc mem_rd=0540006f
COMMIT t=3115000 wb_pc=00000380 wb_we=1 wb_rd=x0 wb_val=00000000 IF_pc=00000390 IF_inst=bcc38393 ID_pc=0000038c ID_inst=ddaac3b7 EX_pc=00000388 EX_alu=00001f44 mem_stall=0 mem_commit=1 mem_we=1111 mem_addr=00001f44 mem_wd=ddaabbcc mem_rd=0aa00aa0
MEM_WRITE t=3115000 pc=00000380 addr=00001f44 wd=ddaabbcc ctrl=1
COMMIT t=3125000 wb_pc=00000384 wb_we=0 wb_rd=x8 wb_val=00001f44 IF_pc=00000394 IF_inst=24771063 ID_pc=00000390 ID_inst=bcc38393 EX_pc=0000038c EX_alu=ddaac000 mem_stall=1 mem_commit=0 mem_we=0000 mem_addr=00001f44 mem_wd=00000000 mem_rd=ddaabbcc
COMMIT t=3145000 wb_pc=00000388 wb_we=1 wb_rd=x14 wb_val=ddaabbcc IF_pc=00000398 IF_inst=00120213 ID_pc=00000394 ID_inst=24771063 EX_pc=00000390 EX_alu=ddaabbcc mem_stall=0 mem_commit=0 mem_we=0000 mem_addr=ddaac000 mem_wd=00000000 mem_rd=ddaabbcc
COMMIT t=3165000 wb_pc=00000390 wb_we=1 wb_rd=x7 wb_val=ddaabbcc IF_pc=000003a0 IF_inst=fc5216e3 ID_pc=0000039c ID_inst=00200293 EX_pc=00000398 EX_alu=00000001 mem_stall=0 mem_commit=0 mem_we=0000 mem_addr=000005d4 mem_wd=0000bbcc mem_rd=00000000
COMMIT t=3175000 wb_pc=00000394 wb_we=0 wb_rd=x0 wb_val=000005d4 IF_pc=000003a4 IF_inst=00f00193 ID_pc=000003a0 ID_inst=fc5216e3 EX_pc=0000039c EX_alu=00000002 mem_stall=0 mem_commit=0 mem_we=0000 mem_addr=00000001 mem_wd=00005900 mem_rd=0ff0000f
COMMIT t=3185000 wb_pc=00000398 wb_we=1 wb_rd=x4 wb_val=00000001 IF_pc=000003a8 IF_inst=00000213 ID_pc=000003a4 ID_inst=00f00193 EX_pc=000003a0 EX_alu=0000036c mem_stall=0 mem_commit=0 mem_we=0000 mem_addr=00000002 mem_wd=00980000 mem_rd=0540006f
COMMIT t=3195000 wb_pc=0000039c wb_we=1 wb_rd=x5 wb_val=00000002 IF_pc=00000000 IF_inst=00000013 ID_pc=00000000 ID_inst=00000013 EX_pc=00000000 EX_alu=00000000 mem_stall=0 mem_commit=0 mem_we=0000 mem_addr=0000036c mem_wd=00000002 mem_rd=0540006f
COMMIT t=3205000 wb_pc=000003a0 wb_we=0 wb_rd=x13 wb_val=0000036c IF_pc=00000000 IF_inst=00000013 ID_pc=00000000 ID_inst=00000013 EX_pc=00000000 EX_alu=00000000 mem_stall=0 mem_commit=0 mem_we=0000 mem_addr=00000000 mem_wd=00000000 mem_rd=ddaac6b7
COMMIT t=3235000 wb_pc=00000000 wb_we=1 wb_rd=x0 wb_val=00000000 IF_pc=00000374 IF_inst=00002617 ID_pc=00000370 ID_inst=bcc68693 EX_pc=0000036c EX_alu=ddaac000 mem_stall=0 mem_commit=0 mem_we=0000 mem_addr=00000000 mem_wd=00000000 mem_rd=0540006f
COMMIT t=3245000 wb_pc=00000000 wb_we=1 wb_rd=x0 wb_val=00000000 IF_pc=00000378 IF_inst=bc860613 ID_pc=00000374 ID_inst=00002617 EX_pc=00000370 EX_alu=ddaabbcc mem_stall=0 mem_commit=0 mem_we=0000 mem_addr=ddaac000 mem_wd=00000000 mem_rd=0540006f
COMMIT t=3255000 wb_pc=0000036c wb_we=1 wb_rd=x13 wb_val=ddaac000 IF_pc=0000037c IF_inst=00000013 ID_pc=00000378 ID_inst=bc860613 EX_pc=00000374 EX_alu=00002374 mem_stall=0 mem_commit=0 mem_we=0000 mem_addr=ddaabbcc mem_wd=0000003c mem_rd=00000000
COMMIT t=3265000 wb_pc=00000370 wb_we=1 wb_rd=x13 wb_val=ddaabbcc IF_pc=00000380 IF_inst=00000013 ID_pc=0000037c ID_inst=00000013 EX_pc=00000378 EX_alu=00001f3c mem_stall=0 mem_commit=0 mem_we=0000 mem_addr=00002374 mem_wd=00000000 mem_rd=00000000
COMMIT t=3275000 wb_pc=00000374 wb_we=1 wb_rd=x12 wb_val=00002374 IF_pc=00000384 IF_inst=00d62423 ID_pc=00000380 ID_inst=00000013 EX_pc=0000037c EX_alu=00000000 mem_stall=0 mem_commit=0 mem_we=0000 mem_addr=00001f3c mem_wd=00000000 mem_rd=00000000
COMMIT t=3285000 wb_pc=00000378 wb_we=1 wb_rd=x12 wb_val=00001f3c IF_pc=00000388 IF_inst=00862703 ID_pc=00000384 ID_inst=00d62423 EX_pc=00000380 EX_alu=00000000 mem_stall=0 mem_commit=0 mem_we=0000 mem_addr=00000000 mem_wd=00000000 mem_rd=aabbccdd
COMMIT t=3295000 wb_pc=0000037c wb_we=1 wb_rd=x0 wb_val=00000000 IF_pc=0000038c IF_inst=ddaac3b7 ID_pc=00000388 ID_inst=00862703 EX_pc=00000384 EX_alu=00001f44 mem_stall=0 mem_commit=0 mem_we=0000 mem_addr=00000000 mem_wd=00000000 mem_rd=0540006f
COMMIT t=3305000 wb_pc=00000380 wb_we=1 wb_rd=x0 wb_val=00000000 IF_pc=00000390 IF_inst=bcc38393 ID_pc=0000038c ID_inst=ddaac3b7 EX_pc=00000388 EX_alu=00001f44 mem_stall=1 mem_commit=0 mem_we=0000 mem_addr=00001f44 mem_wd=ddaabbcc mem_rd=0540006f
COMMIT t=3315000 wb_pc=00000380 wb_we=1 wb_rd=x0 wb_val=00000000 IF_pc=00000390 IF_inst=bcc38393 ID_pc=0000038c ID_inst=ddaac3b7 EX_pc=00000388 EX_alu=00001f44 mem_stall=0 mem_commit=1 mem_we=1111 mem_addr=00001f44 mem_wd=ddaabbcc mem_rd=ddaabbcc
MEM_WRITE t=3315000 pc=00000380 addr=00001f44 wd=ddaabbcc ctrl=1
COMMIT t=3325000 wb_pc=00000384 wb_we=0 wb_rd=x8 wb_val=00001f44 IF_pc=00000394 IF_inst=24771063 ID_pc=00000390 ID_inst=bcc38393 EX_pc=0000038c EX_alu=ddaac000 mem_stall=1 mem_commit=0 mem_we=0000 mem_addr=00001f44 mem_wd=00000000 mem_rd=ddaabbcc
COMMIT t=3345000 wb_pc=00000388 wb_we=1 wb_rd=x14 wb_val=ddaabbcc IF_pc=00000398 IF_inst=00120213 ID_pc=00000394 ID_inst=24771063 EX_pc=00000390 EX_alu=ddaabbcc mem_stall=0 mem_commit=0 mem_we=0000 mem_addr=ddaac000 mem_wd=00000000 mem_rd=ddaabbcc
COMMIT t=3365000 wb_pc=00000390 wb_we=1 wb_rd=x7 wb_val=ddaabbcc IF_pc=000003a0 IF_inst=fc5216e3 ID_pc=0000039c ID_inst=00200293 EX_pc=00000398 EX_alu=00000002 mem_stall=0 mem_commit=0 mem_we=0000 mem_addr=000005d4 mem_wd=0000bbcc mem_rd=00000000
COMMIT t=3375000 wb_pc=00000394 wb_we=0 wb_rd=x0 wb_val=000005d4 IF_pc=000003a4 IF_inst=00f00193 ID_pc=000003a0 ID_inst=fc5216e3 EX_pc=0000039c EX_alu=00000002 mem_stall=0 mem_commit=0 mem_we=0000 mem_addr=00000002 mem_wd=00590000 mem_rd=0ff0000f
COMMIT t=3385000 wb_pc=00000398 wb_we=1 wb_rd=x4 wb_val=00000002 IF_pc=000003a8 IF_inst=00000213 ID_pc=000003a4 ID_inst=00f00193 EX_pc=000003a0 EX_alu=0000036c mem_stall=0 mem_commit=0 mem_we=0000 mem_addr=00000002 mem_wd=00980000 mem_rd=0540006f
COMMIT t=3395000 wb_pc=0000039c wb_we=1 wb_rd=x5 wb_val=00000002 IF_pc=000003ac IF_inst=cddab6b7 ID_pc=000003a8 ID_inst=00000213 EX_pc=000003a4 EX_alu=0000000f mem_stall=0 mem_commit=0 mem_we=0000 mem_addr=0000036c mem_wd=00000002 mem_rd=0540006f
COMMIT t=3405000 wb_pc=000003a0 wb_we=0 wb_rd=x13 wb_val=0000036c IF_pc=000003b0 IF_inst=bbc68693 ID_pc=000003ac ID_inst=cddab6b7 EX_pc=000003a8 EX_alu=00000000 mem_stall=0 mem_commit=0 mem_we=0000 mem_addr=0000000f mem_wd=80000000 mem_rd=ddaac6b7
COMMIT t=3415000 wb_pc=000003a4 wb_we=1 wb_rd=x3 wb_val=0000000f IF_pc=000003b4 IF_inst=00000013 ID_pc=000003b0 ID_inst=bbc68693 EX_pc=000003ac EX_alu=cddab000 mem_stall=0 mem_commit=0 mem_we=0000 mem_addr=00000000 mem_wd=00000000 mem_rd=03ff0a63
COMMIT t=3425000 wb_pc=000003a8 wb_we=1 wb_rd=x4 wb_val=00000000 IF_pc=000003b8 IF_inst=00002617 ID_pc=000003b4 ID_inst=00000013 EX_pc=000003b0 EX_alu=cddaabbc mem_stall=0 mem_commit=0 mem_we=0000 mem_addr=cddab000 mem_wd=00000000 mem_rd=0540006f
COMMIT t=3435000 wb_pc=000003ac wb_we=1 wb_rd=x13 wb_val=cddab000 IF_pc=000003bc IF_inst=b8460613 ID_pc=000003b8 ID_inst=00002617 EX_pc=000003b4 EX_alu=00000000 mem_stall=0 mem_commit=0 mem_we=0000 mem_addr=cddaabbc mem_wd=00000000 mem_rd=00000000
COMMIT t=3445000 wb_pc=000003b0 wb_we=1 wb_rd=x13 wb_val=cddaabbc IF_pc=000003c0 IF_inst=00d62623 ID_pc=000003bc ID_inst=b8460613 EX_pc=000003b8 EX_alu=000023b8 mem_stall=0 mem_commit=0 mem_we=0000 mem_addr=00000000 mem_wd=00000000 mem_rd=00000000
COMMIT t=3455000 wb_pc=000003b4 wb_we=1 wb_rd=x0 wb_val=00000000 IF_pc=000003c4 IF_inst=00c62703 ID_pc=000003c0 ID_inst=00d62623 EX_pc=000003bc EX_alu=00001f3c mem_stall=0 mem_commit=0 mem_we=0000 mem_addr=000023b8 mem_wd=00000000 mem_rd=0540006f
COMMIT t=3465000 wb_pc=000003b8 wb_we=1 wb_rd=x12 wb_val=000023b8 IF_pc=000003c8 IF_inst=cddab3b7 ID_pc=000003c4 ID_inst=00c62703 EX_pc=000003c0 EX_alu=00001f48 mem_stall=0 mem_commit=0 mem_we=0000 mem_addr=00001f3c mem_wd=00000000 mem_rd=00000000
COMMIT t=3475000 wb_pc=000003bc wb_we=1 wb_rd=x12 wb_val=00001f3c IF_pc=000003cc IF_inst=bbc38393 ID_pc=000003c8 ID_inst=cddab3b7 EX_pc=000003c4 EX_alu=00001f48 mem_stall=1 mem_commit=0 mem_we=0000 mem_addr=00001f48 mem_wd=cddaabbc mem_rd=aabbccdd
COMMIT t=3485000 wb_pc=000003bc wb_we=1 wb_rd=x12 wb_val=00001f3c IF_pc=000003cc IF_inst=bbc38393 ID_pc=000003c8 ID_inst=cddab3b7 EX_pc=000003c4 EX_alu=00001f48 mem_stall=0 mem_commit=1 mem_we=1111 mem_addr=00001f48 mem_wd=cddaabbc mem_rd=a00aa00a
MEM_WRITE t=3485000 pc=000003bc addr=00001f48 wd=cddaabbc ctrl=1
COMMIT t=3495000 wb_pc=000003c0 wb_we=0 wb_rd=x12 wb_val=00001f48 IF_pc=000003d0 IF_inst=20771263 ID_pc=000003cc ID_inst=bbc38393 EX_pc=000003c8 EX_alu=cddab000 mem_stall=1 mem_commit=0 mem_we=0000 mem_addr=00001f48 mem_wd=00001f3c mem_rd=cddaabbc
COMMIT t=3515000 wb_pc=000003c4 wb_we=1 wb_rd=x14 wb_val=cddaabbc IF_pc=000003d4 IF_inst=00120213 ID_pc=000003d0 ID_inst=20771263 EX_pc=000003cc EX_alu=cddaabbc mem_stall=0 mem_commit=0 mem_we=0000 mem_addr=cddab000 mem_wd=00000000 mem_rd=cddaabbc
COMMIT t=3535000 wb_pc=000003cc wb_we=1 wb_rd=x7 wb_val=cddaabbc IF_pc=000003dc IF_inst=fc5218e3 ID_pc=000003d8 ID_inst=00200293 EX_pc=000003d4 EX_alu=00000001 mem_stall=0 mem_commit=0 mem_we=0000 mem_addr=000005d4 mem_wd=0000abbc mem_rd=00000000
COMMIT t=3545000 wb_pc=000003d0 wb_we=0 wb_rd=x4 wb_val=000005d4 IF_pc=000003e0 IF_inst=01000193 ID_pc=000003dc ID_inst=fc5218e3 EX_pc=000003d8 EX_alu=00000002 mem_stall=0 mem_commit=0 mem_we=0000 mem_addr=00000001 mem_wd=00005900 mem_rd=0ff0000f
COMMIT t=3555000 wb_pc=000003d4 wb_we=1 wb_rd=x4 wb_val=00000001 IF_pc=000003e4 IF_inst=00000213 ID_pc=000003e0 ID_inst=01000193 EX_pc=000003dc EX_alu=000003ac mem_stall=0 mem_commit=0 mem_we=0000 mem_addr=00000002 mem_wd=00980000 mem_rd=0540006f
COMMIT t=3565000 wb_pc=000003d8 wb_we=1 wb_rd=x5 wb_val=00000002 IF_pc=00000000 IF_inst=00000013 ID_pc=00000000 ID_inst=00000013 EX_pc=00000000 EX_alu=00000000 mem_stall=0 mem_commit=0 mem_we=0000 mem_addr=000003ac mem_wd=00000002 mem_rd=0540006f
COMMIT t=3575000 wb_pc=000003dc wb_we=0 wb_rd=x17 wb_val=000003ac IF_pc=00000000 IF_inst=00000013 ID_pc=00000000 ID_inst=00000013 EX_pc=00000000 EX_alu=00000000 mem_stall=0 mem_commit=0 mem_we=0000 mem_addr=00000000 mem_wd=00000000 mem_rd=cddab6b7
COMMIT t=3605000 wb_pc=00000000 wb_we=1 wb_rd=x0 wb_val=00000000 IF_pc=000003b4 IF_inst=00000013 ID_pc=000003b0 ID_inst=bbc68693 EX_pc=000003ac EX_alu=cddab000 mem_stall=0 mem_commit=0 mem_we=0000 mem_addr=00000000 mem_wd=00000000 mem_rd=0540006f
COMMIT t=3615000 wb_pc=00000000 wb_we=1 wb_rd=x0 wb_val=00000000 IF_pc=000003b8 IF_inst=00002617 ID_pc=000003b4 ID_inst=00000013 EX_pc=000003b0 EX_alu=cddaabbc mem_stall=0 mem_commit=0 mem_we=0000 mem_addr=cddab000 mem_wd=00000000 mem_rd=0540006f
COMMIT t=3625000 wb_pc=000003ac wb_we=1 wb_rd=x13 wb_val=cddab000 IF_pc=000003bc IF_inst=b8460613 ID_pc=000003b8 ID_inst=00002617 EX_pc=000003b4 EX_alu=00000000 mem_stall=0 mem_commit=0 mem_we=0000 mem_addr=cddaabbc mem_wd=00000000 mem_rd=00000000
COMMIT t=3635000 wb_pc=000003b0 wb_we=1 wb_rd=x13 wb_val=cddaabbc IF_pc=000003c0 IF_inst=00d62623 ID_pc=000003bc ID_inst=b8460613 EX_pc=000003b8 EX_alu=000023b8 mem_stall=0 mem_commit=0 mem_we=0000 mem_addr=00000000 mem_wd=00000000 mem_rd=00000000
COMMIT t=3645000 wb_pc=000003b4 wb_we=1 wb_rd=x0 wb_val=00000000 IF_pc=000003c4 IF_inst=00c62703 ID_pc=000003c0 ID_inst=00d62623 EX_pc=000003bc EX_alu=00001f3c mem_stall=0 mem_commit=0 mem_we=0000 mem_addr=000023b8 mem_wd=00000000 mem_rd=0540006f
COMMIT t=3655000 wb_pc=000003b8 wb_we=1 wb_rd=x12 wb_val=000023b8 IF_pc=000003c8 IF_inst=cddab3b7 ID_pc=000003c4 ID_inst=00c62703 EX_pc=000003c0 EX_alu=00001f48 mem_stall=0 mem_commit=0 mem_we=0000 mem_addr=00001f3c mem_wd=00000001 mem_rd=00000000
COMMIT t=3665000 wb_pc=000003bc wb_we=1 wb_rd=x12 wb_val=00001f3c IF_pc=000003cc IF_inst=bbc38393 ID_pc=000003c8 ID_inst=cddab3b7 EX_pc=000003c4 EX_alu=00001f48 mem_stall=1 mem_commit=0 mem_we=0000 mem_addr=00001f48 mem_wd=cddaabbc mem_rd=aabbccdd
COMMIT t=3675000 wb_pc=000003bc wb_we=1 wb_rd=x12 wb_val=00001f3c IF_pc=000003cc IF_inst=bbc38393 ID_pc=000003c8 ID_inst=cddab3b7 EX_pc=000003c4 EX_alu=00001f48 mem_stall=0 mem_commit=1 mem_we=1111 mem_addr=00001f48 mem_wd=cddaabbc mem_rd=cddaabbc
MEM_WRITE t=3675000 pc=000003bc addr=00001f48 wd=cddaabbc ctrl=1
COMMIT t=3685000 wb_pc=000003c0 wb_we=0 wb_rd=x12 wb_val=00001f48 IF_pc=000003d0 IF_inst=20771263 ID_pc=000003cc ID_inst=bbc38393 EX_pc=000003c8 EX_alu=cddab000 mem_stall=1 mem_commit=0 mem_we=0000 mem_addr=00001f48 mem_wd=00001f3c mem_rd=cddaabbc
COMMIT t=3705000 wb_pc=000003c4 wb_we=1 wb_rd=x14 wb_val=cddaabbc IF_pc=000003d4 IF_inst=00120213 ID_pc=000003d0 ID_inst=20771263 EX_pc=000003cc EX_alu=cddaabbc mem_stall=0 mem_commit=0 mem_we=0000 mem_addr=cddab000 mem_wd=00000000 mem_rd=cddaabbc
COMMIT t=3725000 wb_pc=000003cc wb_we=1 wb_rd=x7 wb_val=cddaabbc IF_pc=000003dc IF_inst=fc5218e3 ID_pc=000003d8 ID_inst=00200293 EX_pc=000003d4 EX_alu=00000002 mem_stall=0 mem_commit=0 mem_we=0000 mem_addr=000005d4 mem_wd=0000abbc mem_rd=00000000
COMMIT t=3735000 wb_pc=000003d0 wb_we=0 wb_rd=x4 wb_val=000005d4 IF_pc=000003e0 IF_inst=01000193 ID_pc=000003dc ID_inst=fc5218e3 EX_pc=000003d8 EX_alu=00000002 mem_stall=0 mem_commit=0 mem_we=0000 mem_addr=00000002 mem_wd=00590000 mem_rd=0ff0000f
COMMIT t=3745000 wb_pc=000003d4 wb_we=1 wb_rd=x4 wb_val=00000002 IF_pc=000003e4 IF_inst=00000213 ID_pc=000003e0 ID_inst=01000193 EX_pc=000003dc EX_alu=000003ac mem_stall=0 mem_commit=0 mem_we=0000 mem_addr=00000002 mem_wd=00980000 mem_rd=0540006f
COMMIT t=3755000 wb_pc=000003d8 wb_we=1 wb_rd=x5 wb_val=00000002 IF_pc=000003e8 IF_inst=ccddb6b7 ID_pc=000003e4 ID_inst=00000213 EX_pc=000003e0 EX_alu=00000010 mem_stall=0 mem_commit=0 mem_we=0000 mem_addr=000003ac mem_wd=00000002 mem_rd=0540006f
COMMIT t=3765000 wb_pc=000003dc wb_we=0 wb_rd=x17 wb_val=000003ac IF_pc=000003ec IF_inst=abb68693 ID_pc=000003e8 ID_inst=ccddb6b7 EX_pc=000003e4 EX_alu=00000000 mem_stall=0 mem_commit=0 mem_we=0000 mem_addr=00000010 mem_wd=00000000 mem_rd=cddab6b7
COMMIT t=3775000 wb_pc=000003e0 wb_we=1 wb_rd=x3 wb_val=00000010 IF_pc=000003f0 IF_inst=00000013 ID_pc=000003ec ID_inst=abb68693 EX_pc=000003e8 EX_alu=ccddb000 mem_stall=0 mem_commit=0 mem_we=0000 mem_addr=00000000 mem_wd=00000000 mem_rd=00900f93
COMMIT t=3785000 wb_pc=000003e4 wb_we=1 wb_rd=x4 wb_val=00000000 IF_pc=000003f4 IF_inst=00002617 ID_pc=000003f0 ID_inst=00000013 EX_pc=000003ec EX_alu=ccddaabb mem_stall=0 mem_commit=0 mem_we=0000 mem_addr=ccddb000 mem_wd=cddaabbc mem_rd=0540006f
COMMIT t=3795000 wb_pc=000003e8 wb_we=1 wb_rd=x13 wb_val=ccddb000 IF_pc=000003f8 IF_inst=b4860613 ID_pc=000003f4 ID_inst=00002617 EX_pc=000003f0 EX_alu=00000000 mem_stall=0 mem_commit=0 mem_we=0000 mem_addr=ccddaabb mem_wd=00000000 mem_rd=00000000
COMMIT t=3805000 wb_pc=000003ec wb_we=1 wb_rd=x13 wb_val=ccddaabb IF_pc=000003fc IF_inst=00000013 ID_pc=000003f8 ID_inst=b4860613 EX_pc=000003f4 EX_alu=000023f4 mem_stall=0 mem_commit=0 mem_we=0000 mem_addr=00000000 mem_wd=00000000 mem_rd=00000000
COMMIT t=3815000 wb_pc=000003f0 wb_we=1 wb_rd=x0 wb_val=00000000 IF_pc=00000400 IF_inst=00d62823 ID_pc=000003fc ID_inst=00000013 EX_pc=000003f8 EX_alu=00001f3c mem_stall=0 mem_commit=0 mem_we=0000 mem_addr=000023f4 mem_wd=00000000 mem_rd=0540006f
COMMIT t=3825000 wb_pc=000003f4 wb_we=1 wb_rd=x12 wb_val=000023f4 IF_pc=00000404 IF_inst=01062703 ID_pc=00000400 ID_inst=00d62823 EX_pc=000003fc EX_alu=00000000 mem_stall=0 mem_commit=0 mem_we=0000 mem_addr=00001f3c mem_wd=00000000 mem_rd=00000000
COMMIT t=3835000 wb_pc=000003f8 wb_we=1 wb_rd=x12 wb_val=00001f3c IF_pc=00000408 IF_inst=ccddb3b7 ID_pc=00000404 ID_inst=01062703 EX_pc=00000400 EX_alu=00001f4c mem_stall=0 mem_commit=0 mem_we=0000 mem_addr=00000000 mem_wd=00000000 mem_rd=aabbccdd
COMMIT t=3845000 wb_pc=000003fc wb_we=1 wb_rd=x0 wb_val=00000000 IF_pc=0000040c IF_inst=abb38393 ID_pc=00000408 ID_inst=ccddb3b7 EX_pc=00000404 EX_alu=00001f4c mem_stall=1 mem_commit=0 mem_we=0000 mem_addr=00001f4c mem_wd=ccddaabb mem_rd=0540006f
COMMIT t=3855000 wb_pc=000003fc wb_we=1 wb_rd=x0 wb_val=00000000 IF_pc=0000040c IF_inst=abb38393 ID_pc=00000408 ID_inst=ccddb3b7 EX_pc=00000404 EX_alu=00001f4c mem_stall=0 mem_commit=1 mem_we=1111 mem_addr=00001f4c mem_wd=ccddaabb mem_rd=00aa00aa
MEM_WRITE t=3855000 pc=000003fc addr=00001f4c wd=ccddaabb ctrl=1
COMMIT t=3865000 wb_pc=00000400 wb_we=0 wb_rd=x16 wb_val=00001f4c IF_pc=00000410 IF_inst=1c771263 ID_pc=0000040c ID_inst=abb38393 EX_pc=00000408 EX_alu=ccddb000 mem_stall=1 mem_commit=0 mem_we=0000 mem_addr=00001f4c mem_wd=00000000 mem_rd=ccddaabb
COMMIT t=3885000 wb_pc=00000404 wb_we=1 wb_rd=x14 wb_val=ccddaabb IF_pc=00000414 IF_inst=00120213 ID_pc=00000410 ID_inst=1c771263 EX_pc=0000040c EX_alu=ccddaabb mem_stall=0 mem_commit=0 mem_we=0000 mem_addr=ccddb000 mem_wd=ccddaabb mem_rd=ccddaabb
COMMIT t=3905000 wb_pc=0000040c wb_we=1 wb_rd=x7 wb_val=ccddaabb IF_pc=0000041c IF_inst=fc5216e3 ID_pc=00000418 ID_inst=00200293 EX_pc=00000414 EX_alu=00000001 mem_stall=0 mem_commit=0 mem_we=0000 mem_addr=000005d4 mem_wd=0000aabb mem_rd=00000000
COMMIT t=3915000 wb_pc=00000410 wb_we=0 wb_rd=x4 wb_val=000005d4 IF_pc=00000420 IF_inst=01100193 ID_pc=0000041c ID_inst=fc5216e3 EX_pc=00000418 EX_alu=00000002 mem_stall=0 mem_commit=0 mem_we=0000 mem_addr=00000001 mem_wd=00005900 mem_rd=0ff0000f
COMMIT t=3925000 wb_pc=00000414 wb_we=1 wb_rd=x4 wb_val=00000001 IF_pc=00000424 IF_inst=00000213 ID_pc=00000420 ID_inst=01100193 EX_pc=0000041c EX_alu=000003e8 mem_stall=0 mem_commit=0 mem_we=0000 mem_addr=00000002 mem_wd=00980000 mem_rd=0540006f
COMMIT t=3935000 wb_pc=00000418 wb_we=1 wb_rd=x5 wb_val=00000002 IF_pc=00000000 IF_inst=00000013 ID_pc=00000000 ID_inst=00000013 EX_pc=00000000 EX_alu=00000000 mem_stall=0 mem_commit=0 mem_we=0000 mem_addr=000003e8 mem_wd=00000002 mem_rd=0540006f
COMMIT t=3945000 wb_pc=0000041c wb_we=0 wb_rd=x13 wb_val=000003e8 IF_pc=00000000 IF_inst=00000013 ID_pc=00000000 ID_inst=00000013 EX_pc=00000000 EX_alu=00000000 mem_stall=0 mem_commit=0 mem_we=0000 mem_addr=00000000 mem_wd=00000000 mem_rd=ccddb6b7
COMMIT t=3975000 wb_pc=00000000 wb_we=1 wb_rd=x0 wb_val=00000000 IF_pc=000003f0 IF_inst=00000013 ID_pc=000003ec ID_inst=abb68693 EX_pc=000003e8 EX_alu=ccddb000 mem_stall=0 mem_commit=0 mem_we=0000 mem_addr=00000000 mem_wd=00000000 mem_rd=0540006f
COMMIT t=3985000 wb_pc=00000000 wb_we=1 wb_rd=x0 wb_val=00000000 IF_pc=000003f4 IF_inst=00002617 ID_pc=000003f0 ID_inst=00000013 EX_pc=000003ec EX_alu=ccddaabb mem_stall=0 mem_commit=0 mem_we=0000 mem_addr=ccddb000 mem_wd=ccddaabb mem_rd=0540006f
COMMIT t=3995000 wb_pc=000003e8 wb_we=1 wb_rd=x13 wb_val=ccddb000 IF_pc=000003f8 IF_inst=b4860613 ID_pc=000003f4 ID_inst=00002617 EX_pc=000003f0 EX_alu=00000000 mem_stall=0 mem_commit=0 mem_we=0000 mem_addr=ccddaabb mem_wd=00000000 mem_rd=00000000
COMMIT t=4005000 wb_pc=000003ec wb_we=1 wb_rd=x13 wb_val=ccddaabb IF_pc=000003fc IF_inst=00000013 ID_pc=000003f8 ID_inst=b4860613 EX_pc=000003f4 EX_alu=000023f4 mem_stall=0 mem_commit=0 mem_we=0000 mem_addr=00000000 mem_wd=00000000 mem_rd=00000000
COMMIT t=4015000 wb_pc=000003f0 wb_we=1 wb_rd=x0 wb_val=00000000 IF_pc=00000400 IF_inst=00d62823 ID_pc=000003fc ID_inst=00000013 EX_pc=000003f8 EX_alu=00001f3c mem_stall=0 mem_commit=0 mem_we=0000 mem_addr=000023f4 mem_wd=00000000 mem_rd=0540006f
COMMIT t=4025000 wb_pc=000003f4 wb_we=1 wb_rd=x12 wb_val=000023f4 IF_pc=00000404 IF_inst=01062703 ID_pc=00000400 ID_inst=00d62823 EX_pc=000003fc EX_alu=00000000 mem_stall=0 mem_commit=0 mem_we=0000 mem_addr=00001f3c mem_wd=00000000 mem_rd=00000000
COMMIT t=4035000 wb_pc=000003f8 wb_we=1 wb_rd=x12 wb_val=00001f3c IF_pc=00000408 IF_inst=ccddb3b7 ID_pc=00000404 ID_inst=01062703 EX_pc=00000400 EX_alu=00001f4c mem_stall=0 mem_commit=0 mem_we=0000 mem_addr=00000000 mem_wd=00000000 mem_rd=aabbccdd
COMMIT t=4045000 wb_pc=000003fc wb_we=1 wb_rd=x0 wb_val=00000000 IF_pc=0000040c IF_inst=abb38393 ID_pc=00000408 ID_inst=ccddb3b7 EX_pc=00000404 EX_alu=00001f4c mem_stall=1 mem_commit=0 mem_we=0000 mem_addr=00001f4c mem_wd=ccddaabb mem_rd=0540006f
COMMIT t=4055000 wb_pc=000003fc wb_we=1 wb_rd=x0 wb_val=00000000 IF_pc=0000040c IF_inst=abb38393 ID_pc=00000408 ID_inst=ccddb3b7 EX_pc=00000404 EX_alu=00001f4c mem_stall=0 mem_commit=1 mem_we=1111 mem_addr=00001f4c mem_wd=ccddaabb mem_rd=ccddaabb
MEM_WRITE t=4055000 pc=000003fc addr=00001f4c wd=ccddaabb ctrl=1
COMMIT t=4065000 wb_pc=00000400 wb_we=0 wb_rd=x16 wb_val=00001f4c IF_pc=00000410 IF_inst=1c771263 ID_pc=0000040c ID_inst=abb38393 EX_pc=00000408 EX_alu=ccddb000 mem_stall=1 mem_commit=0 mem_we=0000 mem_addr=00001f4c mem_wd=00000000 mem_rd=ccddaabb
COMMIT t=4085000 wb_pc=00000404 wb_we=1 wb_rd=x14 wb_val=ccddaabb IF_pc=00000414 IF_inst=00120213 ID_pc=00000410 ID_inst=1c771263 EX_pc=0000040c EX_alu=ccddaabb mem_stall=0 mem_commit=0 mem_we=0000 mem_addr=ccddb000 mem_wd=ccddaabb mem_rd=ccddaabb
COMMIT t=4105000 wb_pc=0000040c wb_we=1 wb_rd=x7 wb_val=ccddaabb IF_pc=0000041c IF_inst=fc5216e3 ID_pc=00000418 ID_inst=00200293 EX_pc=00000414 EX_alu=00000002 mem_stall=0 mem_commit=0 mem_we=0000 mem_addr=000005d4 mem_wd=0000aabb mem_rd=00000000
COMMIT t=4115000 wb_pc=00000410 wb_we=0 wb_rd=x4 wb_val=000005d4 IF_pc=00000420 IF_inst=01100193 ID_pc=0000041c ID_inst=fc5216e3 EX_pc=00000418 EX_alu=00000002 mem_stall=0 mem_commit=0 mem_we=0000 mem_addr=00000002 mem_wd=00590000 mem_rd=0ff0000f
COMMIT t=4125000 wb_pc=00000414 wb_we=1 wb_rd=x4 wb_val=00000002 IF_pc=00000424 IF_inst=00000213 ID_pc=00000420 ID_inst=01100193 EX_pc=0000041c EX_alu=000003e8 mem_stall=0 mem_commit=0 mem_we=0000 mem_addr=00000002 mem_wd=00980000 mem_rd=0540006f
COMMIT t=4135000 wb_pc=00000418 wb_we=1 wb_rd=x5 wb_val=00000002 IF_pc=00000428 IF_inst=bccde6b7 ID_pc=00000424 ID_inst=00000213 EX_pc=00000420 EX_alu=00000011 mem_stall=0 mem_commit=0 mem_we=0000 mem_addr=000003e8 mem_wd=00000002 mem_rd=0540006f
COMMIT t=4145000 wb_pc=0000041c wb_we=0 wb_rd=x13 wb_val=000003e8 IF_pc=0000042c IF_inst=aab68693 ID_pc=00000428 ID_inst=bccde6b7 EX_pc=00000424 EX_alu=00000000 mem_stall=0 mem_commit=0 mem_we=0000 mem_addr=00000011 mem_wd=00000000 mem_rd=ccddb6b7
COMMIT t=4155000 wb_pc=00000420 wb_we=1 wb_rd=x3 wb_val=00000011 IF_pc=00000430 IF_inst=00000013 ID_pc=0000042c ID_inst=aab68693 EX_pc=00000428 EX_alu=bccde000 mem_stall=0 mem_commit=0 mem_we=0000 mem_addr=00000000 mem_wd=00000000 mem_rd=00900f93
COMMIT t=4165000 wb_pc=00000424 wb_we=1 wb_rd=x4 wb_val=00000000 IF_pc=00000434 IF_inst=00000013 ID_pc=00000430 ID_inst=00000013 EX_pc=0000042c EX_alu=bccddaab mem_stall=0 mem_commit=0 mem_we=0000 mem_addr=bccde000 mem_wd=00001f3c mem_rd=0540006f
COMMIT t=4175000 wb_pc=00000428 wb_we=1 wb_rd=x13 wb_val=bccde000 IF_pc=00000438 IF_inst=00002617 ID_pc=00000434 ID_inst=00000013 EX_pc=00000430 EX_alu=00000000 mem_stall=0 mem_commit=0 mem_we=0000 mem_addr=bccddaab mem_wd=00000000 mem_rd=00000000
COMMIT t=4185000 wb_pc=0000042c wb_we=1 wb_rd=x13 wb_val=bccddaab IF_pc=0000043c IF_inst=b0460613 ID_pc=00000438 ID_inst=00002617 EX_pc=00000434 EX_alu=00000000 mem_stall=0 mem_commit=0 mem_we=0000 mem_addr=00000000 mem_wd=00000000 mem_rd=00000000
COMMIT t=4195000 wb_pc=00000430 wb_we=1 wb_rd=x0 wb_val=00000000 IF_pc=00000440 IF_inst=00d62a23 ID_pc=0000043c ID_inst=b0460613 EX_pc=00000438 EX_alu=00002438 mem_stall=0 mem_commit=0 mem_we=0000 mem_addr=00000000 mem_wd=00000000 mem_rd=0540006f
COMMIT t=4205000 wb_pc=00000434 wb_we=1 wb_rd=x0 wb_val=00000000 IF_pc=00000444 IF_inst=01462703 ID_pc=00000440 ID_inst=00d62a23 EX_pc=0000043c EX_alu=00001f3c mem_stall=0 mem_commit=0 mem_we=0000 mem_addr=00002438 mem_wd=00000000 mem_rd=0540006f
COMMIT t=4215000 wb_pc=00000438 wb_we=1 wb_rd=x12 wb_val=00002438 IF_pc=00000448 IF_inst=bccde3b7 ID_pc=00000444 ID_inst=01462703 EX_pc=00000440 EX_alu=00001f50 mem_stall=0 mem_commit=0 mem_we=0000 mem_addr=00001f3c mem_wd=00000000 mem_rd=00000000
COMMIT t=4225000 wb_pc=0000043c wb_we=1 wb_rd=x12 wb_val=00001f3c IF_pc=0000044c IF_inst=aab38393 ID_pc=00000448 ID_inst=bccde3b7 EX_pc=00000444 EX_alu=00001f50 mem_stall=1 mem_commit=0 mem_we=0000 mem_addr=00001f50 mem_wd=bccddaab mem_rd=aabbccdd
COMMIT t=4235000 wb_pc=0000043c wb_we=1 wb_rd=x12 wb_val=00001f3c IF_pc=0000044c IF_inst=aab38393 ID_pc=00000448 ID_inst=bccde3b7 EX_pc=00000444 EX_alu=00001f50 mem_stall=0 mem_commit=1 mem_we=1111 mem_addr=00001f50 mem_wd=bccddaab mem_rd=aa00aa00
MEM_WRITE t=4235000 pc=0000043c addr=00001f50 wd=bccddaab ctrl=1
COMMIT t=4245000 wb_pc=00000440 wb_we=0 wb_rd=x20 wb_val=00001f50 IF_pc=00000450 IF_inst=18771263 ID_pc=0000044c ID_inst=aab38393 EX_pc=00000448 EX_alu=bccde000 mem_stall=1 mem_commit=0 mem_we=0000 mem_addr=00001f50 mem_wd=00000000 mem_rd=bccddaab
COMMIT t=4265000 wb_pc=00000444 wb_we=1 wb_rd=x14 wb_val=bccddaab IF_pc=00000454 IF_inst=00120213 ID_pc=00000450 ID_inst=18771263 EX_pc=0000044c EX_alu=bccddaab mem_stall=0 mem_commit=0 mem_we=0000 mem_addr=bccde000 mem_wd=00001f3c mem_rd=bccddaab
COMMIT t=4285000 wb_pc=0000044c wb_we=1 wb_rd=x7 wb_val=bccddaab IF_pc=0000045c IF_inst=fc5216e3 ID_pc=00000458 ID_inst=00200293 EX_pc=00000454 EX_alu=00000001 mem_stall=0 mem_commit=0 mem_we=0000 mem_addr=000005d4 mem_wd=0000daab mem_rd=00000000
COMMIT t=4295000 wb_pc=00000450 wb_we=0 wb_rd=x4 wb_val=000005d4 IF_pc=00000460 IF_inst=01200193 ID_pc=0000045c ID_inst=fc5216e3 EX_pc=00000458 EX_alu=00000002 mem_stall=0 mem_commit=0 mem_we=0000 mem_addr=00000001 mem_wd=00005900 mem_rd=0ff0000f
COMMIT t=4305000 wb_pc=00000454 wb_we=1 wb_rd=x4 wb_val=00000001 IF_pc=00000464 IF_inst=00000213 ID_pc=00000460 ID_inst=01200193 EX_pc=0000045c EX_alu=00000428 mem_stall=0 mem_commit=0 mem_we=0000 mem_addr=00000002 mem_wd=00980000 mem_rd=0540006f
COMMIT t=4315000 wb_pc=00000458 wb_we=1 wb_rd=x5 wb_val=00000002 IF_pc=00000000 IF_inst=00000013 ID_pc=00000000 ID_inst=00000013 EX_pc=00000000 EX_alu=00000000 mem_stall=0 mem_commit=0 mem_we=0000 mem_addr=00000428 mem_wd=00000002 mem_rd=0540006f
COMMIT t=4325000 wb_pc=0000045c wb_we=0 wb_rd=x13 wb_val=00000428 IF_pc=00000000 IF_inst=00000013 ID_pc=00000000 ID_inst=00000013 EX_pc=00000000 EX_alu=00000000 mem_stall=0 mem_commit=0 mem_we=0000 mem_addr=00000000 mem_wd=00000000 mem_rd=bccde6b7
COMMIT t=4355000 wb_pc=00000000 wb_we=1 wb_rd=x0 wb_val=00000000 IF_pc=00000430 IF_inst=00000013 ID_pc=0000042c ID_inst=aab68693 EX_pc=00000428 EX_alu=bccde000 mem_stall=0 mem_commit=0 mem_we=0000 mem_addr=00000000 mem_wd=00000000 mem_rd=0540006f
COMMIT t=4365000 wb_pc=00000000 wb_we=1 wb_rd=x0 wb_val=00000000 IF_pc=00000434 IF_inst=00000013 ID_pc=00000430 ID_inst=00000013 EX_pc=0000042c EX_alu=bccddaab mem_stall=0 mem_commit=0 mem_we=0000 mem_addr=bccde000 mem_wd=00001f3c mem_rd=0540006f
COMMIT t=4375000 wb_pc=00000428 wb_we=1 wb_rd=x13 wb_val=bccde000 IF_pc=00000438 IF_inst=00002617 ID_pc=00000434 ID_inst=00000013 EX_pc=00000430 EX_alu=00000000 mem_stall=0 mem_commit=0 mem_we=0000 mem_addr=bccddaab mem_wd=00000000 mem_rd=00000000
COMMIT t=4385000 wb_pc=0000042c wb_we=1 wb_rd=x13 wb_val=bccddaab IF_pc=0000043c IF_inst=b0460613 ID_pc=00000438 ID_inst=00002617 EX_pc=00000434 EX_alu=00000000 mem_stall=0 mem_commit=0 mem_we=0000 mem_addr=00000000 mem_wd=00000000 mem_rd=00000000
COMMIT t=4395000 wb_pc=00000430 wb_we=1 wb_rd=x0 wb_val=00000000 IF_pc=00000440 IF_inst=00d62a23 ID_pc=0000043c ID_inst=b0460613 EX_pc=00000438 EX_alu=00002438 mem_stall=0 mem_commit=0 mem_we=0000 mem_addr=00000000 mem_wd=00000000 mem_rd=0540006f
COMMIT t=4405000 wb_pc=00000434 wb_we=1 wb_rd=x0 wb_val=00000000 IF_pc=00000444 IF_inst=01462703 ID_pc=00000440 ID_inst=00d62a23 EX_pc=0000043c EX_alu=00001f3c mem_stall=0 mem_commit=0 mem_we=0000 mem_addr=00002438 mem_wd=00000000 mem_rd=0540006f
COMMIT t=4415000 wb_pc=00000438 wb_we=1 wb_rd=x12 wb_val=00002438 IF_pc=00000448 IF_inst=bccde3b7 ID_pc=00000444 ID_inst=01462703 EX_pc=00000440 EX_alu=00001f50 mem_stall=0 mem_commit=0 mem_we=0000 mem_addr=00001f3c mem_wd=00000001 mem_rd=00000000
COMMIT t=4425000 wb_pc=0000043c wb_we=1 wb_rd=x12 wb_val=00001f3c IF_pc=0000044c IF_inst=aab38393 ID_pc=00000448 ID_inst=bccde3b7 EX_pc=00000444 EX_alu=00001f50 mem_stall=1 mem_commit=0 mem_we=0000 mem_addr=00001f50 mem_wd=bccddaab mem_rd=aabbccdd
COMMIT t=4435000 wb_pc=0000043c wb_we=1 wb_rd=x12 wb_val=00001f3c IF_pc=0000044c IF_inst=aab38393 ID_pc=00000448 ID_inst=bccde3b7 EX_pc=00000444 EX_alu=00001f50 mem_stall=0 mem_commit=1 mem_we=1111 mem_addr=00001f50 mem_wd=bccddaab mem_rd=bccddaab
MEM_WRITE t=4435000 pc=0000043c addr=00001f50 wd=bccddaab ctrl=1
COMMIT t=4445000 wb_pc=00000440 wb_we=0 wb_rd=x20 wb_val=00001f50 IF_pc=00000450 IF_inst=18771263 ID_pc=0000044c ID_inst=aab38393 EX_pc=00000448 EX_alu=bccde000 mem_stall=1 mem_commit=0 mem_we=0000 mem_addr=00001f50 mem_wd=00000000 mem_rd=bccddaab
COMMIT t=4465000 wb_pc=00000444 wb_we=1 wb_rd=x14 wb_val=bccddaab IF_pc=00000454 IF_inst=00120213 ID_pc=00000450 ID_inst=18771263 EX_pc=0000044c EX_alu=bccddaab mem_stall=0 mem_commit=0 mem_we=0000 mem_addr=bccde000 mem_wd=00001f3c mem_rd=bccddaab
COMMIT t=4485000 wb_pc=0000044c wb_we=1 wb_rd=x7 wb_val=bccddaab IF_pc=0000045c IF_inst=fc5216e3 ID_pc=00000458 ID_inst=00200293 EX_pc=00000454 EX_alu=00000002 mem_stall=0 mem_commit=0 mem_we=0000 mem_addr=000005d4 mem_wd=0000daab mem_rd=00000000
COMMIT t=4495000 wb_pc=00000450 wb_we=0 wb_rd=x4 wb_val=000005d4 IF_pc=00000460 IF_inst=01200193 ID_pc=0000045c ID_inst=fc5216e3 EX_pc=00000458 EX_alu=00000002 mem_stall=0 mem_commit=0 mem_we=0000 mem_addr=00000002 mem_wd=00590000 mem_rd=0ff0000f
COMMIT t=4505000 wb_pc=00000454 wb_we=1 wb_rd=x4 wb_val=00000002 IF_pc=00000464 IF_inst=00000213 ID_pc=00000460 ID_inst=01200193 EX_pc=0000045c EX_alu=00000428 mem_stall=0 mem_commit=0 mem_we=0000 mem_addr=00000002 mem_wd=00980000 mem_rd=0540006f
COMMIT t=4515000 wb_pc=00000458 wb_we=1 wb_rd=x5 wb_val=00000002 IF_pc=00000468 IF_inst=00002117 ID_pc=00000464 ID_inst=00000213 EX_pc=00000460 EX_alu=00000012 mem_stall=0 mem_commit=0 mem_we=0000 mem_addr=00000428 mem_wd=00000002 mem_rd=0540006f
COMMIT t=4525000 wb_pc=0000045c wb_we=0 wb_rd=x13 wb_val=00000428 IF_pc=0000046c IF_inst=ad410113 ID_pc=00000468 ID_inst=00002117 EX_pc=00000464 EX_alu=00000000 mem_stall=0 mem_commit=0 mem_we=0000 mem_addr=00000012 mem_wd=00000000 mem_rd=bccde6b7
COMMIT t=4535000 wb_pc=00000460 wb_we=1 wb_rd=x3 wb_val=00000012 IF_pc=00000470 IF_inst=001120b7 ID_pc=0000046c ID_inst=ad410113 EX_pc=00000468 EX_alu=00002468 mem_stall=0 mem_commit=0 mem_we=0000 mem_addr=00000000 mem_wd=00000000 mem_rd=00900f93
COMMIT t=4545000 wb_pc=00000464 wb_we=1 wb_rd=x4 wb_val=00000000 IF_pc=00000474 IF_inst=23308093 ID_pc=00000470 ID_inst=001120b7 EX_pc=0000046c EX_alu=00001f3c mem_stall=0 mem_commit=0 mem_we=0000 mem_addr=00002468 mem_wd=00000000 mem_rd=0540006f
COMMIT t=4555000 wb_pc=00000468 wb_we=1 wb_rd=x2 wb_val=00002468 IF_pc=00000478 IF_inst=00112023 ID_pc=00000474 ID_inst=23308093 EX_pc=00000470 EX_alu=00112000 mem_stall=0 mem_commit=0 mem_we=0000 mem_addr=00001f3c mem_wd=00000000 mem_rd=00000000
COMMIT t=4565000 wb_pc=0000046c wb_we=1 wb_rd=x2 wb_val=00001f3c IF_pc=0000047c IF_inst=00012703 ID_pc=00000478 ID_inst=00112023 EX_pc=00000474 EX_alu=00112233 mem_stall=0 mem_commit=0 mem_we=0000 mem_addr=00112000 mem_wd=00001f59 mem_rd=aabbccdd
COMMIT t=4575000 wb_pc=00000470 wb_we=1 wb_rd=x1 wb_val=00112000 IF_pc=00000480 IF_inst=001123b7 ID_pc=0000047c ID_inst=00012703 EX_pc=00000478 EX_alu=00001f3c mem_stall=0 mem_commit=0 mem_we=0000 mem_addr=00112233 mem_wd=00000000 mem_rd=00000000
COMMIT t=4585000 wb_pc=00000474 wb_we=1 wb_rd=x1 wb_val=00112233 IF_pc=00000484 IF_inst=23338393 ID_pc=00000480 ID_inst=001123b7 EX_pc=0000047c EX_alu=00001f3c mem_stall=1 mem_commit=0 mem_we=0000 mem_addr=00001f3c mem_wd=00112233 mem_rd=00000000
COMMIT t=4595000 wb_pc=00000474 wb_we=1 wb_rd=x1 wb_val=00112233 IF_pc=00000484 IF_inst=23338393 ID_pc=00000480 ID_inst=001123b7 EX_pc=0000047c EX_alu=00001f3c mem_stall=0 mem_commit=1 mem_we=1111 mem_addr=00001f3c mem_wd=00112233 mem_rd=aabbccdd
MEM_WRITE t=4595000 pc=00000474 addr=00001f3c wd=00112233 ctrl=1
COMMIT t=4605000 wb_pc=00000478 wb_we=0 wb_rd=x0 wb_val=00001f3c IF_pc=00000488 IF_inst=14771663 ID_pc=00000484 ID_inst=23338393 EX_pc=00000480 EX_alu=00112000 mem_stall=1 mem_commit=0 mem_we=0000 mem_addr=00001f3c mem_wd=00000000 mem_rd=00112233
COMMIT t=4625000 wb_pc=0000047c wb_we=1 wb_rd=x14 wb_val=00112233 IF_pc=0000048c IF_inst=00120213 ID_pc=00000488 ID_inst=14771663 EX_pc=00000484 EX_alu=00112233 mem_stall=0 mem_commit=0 mem_we=0000 mem_addr=00112000 mem_wd=00112233 mem_rd=00112233
COMMIT t=4645000 wb_pc=00000484 wb_we=1 wb_rd=x7 wb_val=00112233 IF_pc=00000494 IF_inst=fc521ae3 ID_pc=00000490 ID_inst=00200293 EX_pc=0000048c EX_alu=00000001 mem_stall=0 mem_commit=0 mem_we=0000 mem_addr=000005d4 mem_wd=00002233 mem_rd=00000000
COMMIT t=4655000 wb_pc=00000488 wb_we=0 wb_rd=x12 wb_val=000005d4 IF_pc=00000498 IF_inst=01300193 ID_pc=00000494 ID_inst=fc521ae3 EX_pc=00000490 EX_alu=00000002 mem_stall=0 mem_commit=0 mem_we=0000 mem_addr=00000001 mem_wd=00003300 mem_rd=0ff0000f
COMMIT t=4665000 wb_pc=0000048c wb_we=1 wb_rd=x4 wb_val=00000001 IF_pc=0000049c IF_inst=00000213 ID_pc=00000498 ID_inst=01300193 EX_pc=00000494 EX_alu=00000468 mem_stall=0 mem_commit=0 mem_we=0000 mem_addr=00000002 mem_wd=003c0000 mem_rd=0540006f
COMMIT t=4675000 wb_pc=00000490 wb_we=1 wb_rd=x5 wb_val=00000002 IF_pc=00000000 IF_inst=00000013 ID_pc=00000000 ID_inst=00000013 EX_pc=00000000 EX_alu=00000000 mem_stall=0 mem_commit=0 mem_we=0000 mem_addr=00000468 mem_wd=00000002 mem_rd=0540006f
COMMIT t=4685000 wb_pc=00000494 wb_we=0 wb_rd=x21 wb_val=00000468 IF_pc=00000000 IF_inst=00000013 ID_pc=00000000 ID_inst=00000013 EX_pc=00000000 EX_alu=00000000 mem_stall=0 mem_commit=0 mem_we=0000 mem_addr=00000000 mem_wd=00000000 mem_rd=00002117
COMMIT t=4715000 wb_pc=00000000 wb_we=1 wb_rd=x0 wb_val=00000000 IF_pc=00000470 IF_inst=001120b7 ID_pc=0000046c ID_inst=ad410113 EX_pc=00000468 EX_alu=00002468 mem_stall=0 mem_commit=0 mem_we=0000 mem_addr=00000000 mem_wd=00000000 mem_rd=0540006f
COMMIT t=4725000 wb_pc=00000000 wb_we=1 wb_rd=x0 wb_val=00000000 IF_pc=00000474 IF_inst=23308093 ID_pc=00000470 ID_inst=001120b7 EX_pc=0000046c EX_alu=00001f3c mem_stall=0 mem_commit=0 mem_we=0000 mem_addr=00002468 mem_wd=00000000 mem_rd=0540006f
COMMIT t=4735000 wb_pc=00000468 wb_we=1 wb_rd=x2 wb_val=00002468 IF_pc=00000478 IF_inst=00112023 ID_pc=00000474 ID_inst=23308093 EX_pc=00000470 EX_alu=00112000 mem_stall=0 mem_commit=0 mem_we=0000 mem_addr=00001f3c mem_wd=00000000 mem_rd=00000000
COMMIT t=4745000 wb_pc=0000046c wb_we=1 wb_rd=x2 wb_val=00001f3c IF_pc=0000047c IF_inst=00012703 ID_pc=00000478 ID_inst=00112023 EX_pc=00000474 EX_alu=00112233 mem_stall=0 mem_commit=0 mem_we=0000 mem_addr=00112000 mem_wd=00112233 mem_rd=00112233
COMMIT t=4755000 wb_pc=00000470 wb_we=1 wb_rd=x1 wb_val=00112000 IF_pc=00000480 IF_inst=001123b7 ID_pc=0000047c ID_inst=00012703 EX_pc=00000478 EX_alu=00001f3c mem_stall=0 mem_commit=0 mem_we=0000 mem_addr=00112233 mem_wd=00000000 mem_rd=00000000
COMMIT t=4765000 wb_pc=00000474 wb_we=1 wb_rd=x1 wb_val=00112233 IF_pc=00000484 IF_inst=23338393 ID_pc=00000480 ID_inst=001123b7 EX_pc=0000047c EX_alu=00001f3c mem_stall=1 mem_commit=0 mem_we=0000 mem_addr=00001f3c mem_wd=00112233 mem_rd=00000000
COMMIT t=4775000 wb_pc=00000474 wb_we=1 wb_rd=x1 wb_val=00112233 IF_pc=00000484 IF_inst=23338393 ID_pc=00000480 ID_inst=001123b7 EX_pc=0000047c EX_alu=00001f3c mem_stall=0 mem_commit=1 mem_we=1111 mem_addr=00001f3c mem_wd=00112233 mem_rd=00112233
MEM_WRITE t=4775000 pc=00000474 addr=00001f3c wd=00112233 ctrl=1
COMMIT t=4785000 wb_pc=00000478 wb_we=0 wb_rd=x0 wb_val=00001f3c IF_pc=00000488 IF_inst=14771663 ID_pc=00000484 ID_inst=23338393 EX_pc=00000480 EX_alu=00112000 mem_stall=1 mem_commit=0 mem_we=0000 mem_addr=00001f3c mem_wd=00000000 mem_rd=00112233
COMMIT t=4805000 wb_pc=0000047c wb_we=1 wb_rd=x14 wb_val=00112233 IF_pc=0000048c IF_inst=00120213 ID_pc=00000488 ID_inst=14771663 EX_pc=00000484 EX_alu=00112233 mem_stall=0 mem_commit=0 mem_we=0000 mem_addr=00112000 mem_wd=00112233 mem_rd=00112233
COMMIT t=4825000 wb_pc=00000484 wb_we=1 wb_rd=x7 wb_val=00112233 IF_pc=00000494 IF_inst=fc521ae3 ID_pc=00000490 ID_inst=00200293 EX_pc=0000048c EX_alu=00000002 mem_stall=0 mem_commit=0 mem_we=0000 mem_addr=000005d4 mem_wd=00002233 mem_rd=00000000
COMMIT t=4835000 wb_pc=00000488 wb_we=0 wb_rd=x12 wb_val=000005d4 IF_pc=00000498 IF_inst=01300193 ID_pc=00000494 ID_inst=fc521ae3 EX_pc=00000490 EX_alu=00000002 mem_stall=0 mem_commit=0 mem_we=0000 mem_addr=00000002 mem_wd=00330000 mem_rd=0ff0000f
COMMIT t=4845000 wb_pc=0000048c wb_we=1 wb_rd=x4 wb_val=00000002 IF_pc=0000049c IF_inst=00000213 ID_pc=00000498 ID_inst=01300193 EX_pc=00000494 EX_alu=00000468 mem_stall=0 mem_commit=0 mem_we=0000 mem_addr=00000002 mem_wd=003c0000 mem_rd=0540006f
COMMIT t=4855000 wb_pc=00000490 wb_we=1 wb_rd=x5 wb_val=00000002 IF_pc=000004a0 IF_inst=00002117 ID_pc=0000049c ID_inst=00000213 EX_pc=00000498 EX_alu=00000013 mem_stall=0 mem_commit=0 mem_we=0000 mem_addr=00000468 mem_wd=00000002 mem_rd=0540006f
COMMIT t=4865000 wb_pc=00000494 wb_we=0 wb_rd=x21 wb_val=00000468 IF_pc=000004a4 IF_inst=a9c10113 ID_pc=000004a0 ID_inst=00002117 EX_pc=0000049c EX_alu=00000000 mem_stall=0 mem_commit=0 mem_we=0000 mem_addr=00000013 mem_wd=00000000 mem_rd=00002117
COMMIT t=4875000 wb_pc=00000498 wb_we=1 wb_rd=x3 wb_val=00000013 IF_pc=000004a8 IF_inst=300110b7 ID_pc=000004a4 ID_inst=a9c10113 EX_pc=000004a0 EX_alu=000024a0 mem_stall=0 mem_commit=0 mem_we=0000 mem_addr=00000000 mem_wd=00000000 mem_rd=00900f93
COMMIT t=4885000 wb_pc=0000049c wb_we=1 wb_rd=x4 wb_val=00000000 IF_pc=000004ac IF_inst=22308093 ID_pc=000004a8 ID_inst=300110b7 EX_pc=000004a4 EX_alu=00001f3c mem_stall=0 mem_commit=0 mem_we=0000 mem_addr=000024a0 mem_wd=00000000 mem_rd=0540006f
COMMIT t=4895000 wb_pc=000004a0 wb_we=1 wb_rd=x2 wb_val=000024a0 IF_pc=000004b0 IF_inst=00000013 ID_pc=000004ac ID_inst=22308093 EX_pc=000004a8 EX_alu=30011000 mem_stall=0 mem_commit=0 mem_we=0000 mem_addr=00001f3c mem_wd=00000000 mem_rd=00000000
COMMIT t=4905000 wb_pc=000004a4 wb_we=1 wb_rd=x2 wb_val=00001f3c IF_pc=000004b4 IF_inst=00112223 ID_pc=000004b0 ID_inst=00000013 EX_pc=000004ac EX_alu=30011223 mem_stall=0 mem_commit=0 mem_we=0000 mem_addr=30011000 mem_wd=00000000 mem_rd=00112233
COMMIT t=4915000 wb_pc=000004a8 wb_we=1 wb_rd=x1 wb_val=30011000 IF_pc=000004b8 IF_inst=00412703 ID_pc=000004b4 ID_inst=00112223 EX_pc=000004b0 EX_alu=00000000 mem_stall=0 mem_commit=0 mem_we=0000 mem_addr=30011223 mem_wd=13000000 mem_rd=00000000
COMMIT t=4925000 wb_pc=000004ac wb_we=1 wb_rd=x1 wb_val=30011223 IF_pc=000004bc IF_inst=300113b7 ID_pc=000004b8 ID_inst=00412703 EX_pc=000004b4 EX_alu=00001f40 mem_stall=0 mem_commit=0 mem_we=0000 mem_addr=00000000 mem_wd=00000000 mem_rd=00000000
COMMIT t=4935000 wb_pc=000004b0 wb_we=1 wb_rd=x0 wb_val=00000000 IF_pc=000004c0 IF_inst=22338393 ID_pc=000004bc ID_inst=300113b7 EX_pc=000004b8 EX_alu=00001f40 mem_stall=1 mem_commit=0 mem_we=0000 mem_addr=00001f40 mem_wd=30011223 mem_rd=0540006f
COMMIT t=4945000 wb_pc=000004b0 wb_we=1 wb_rd=x0 wb_val=00000000 IF_pc=000004c0 IF_inst=22338393 ID_pc=000004bc ID_inst=300113b7 EX_pc=000004b8 EX_alu=00001f40 mem_stall=0 mem_commit=1 mem_we=1111 mem_addr=00001f40 mem_wd=30011223 mem_rd=daabbccd
MEM_WRITE t=4945000 pc=000004b0 addr=00001f40 wd=30011223 ctrl=1
COMMIT t=4955000 wb_pc=000004b4 wb_we=0 wb_rd=x4 wb_val=00001f40 IF_pc=000004c4 IF_inst=10771863 ID_pc=000004c0 ID_inst=22338393 EX_pc=000004bc EX_alu=30011000 mem_stall=1 mem_commit=0 mem_we=0000 mem_addr=00001f40 mem_wd=00000000 mem_rd=30011223
COMMIT t=4975000 wb_pc=000004b8 wb_we=1 wb_rd=x14 wb_val=30011223 IF_pc=000004c8 IF_inst=00120213 ID_pc=000004c4 ID_inst=10771863 EX_pc=000004c0 EX_alu=30011223 mem_stall=0 mem_commit=0 mem_we=0000 mem_addr=30011000 mem_wd=00000000 mem_rd=30011223
COMMIT t=4995000 wb_pc=000004c0 wb_we=1 wb_rd=x7 wb_val=30011223 IF_pc=000004d0 IF_inst=fc5218e3 ID_pc=000004cc ID_inst=00200293 EX_pc=000004c8 EX_alu=00000001 mem_stall=0 mem_commit=0 mem_we=0000 mem_addr=000005d4 mem_wd=00001223 mem_rd=00000000
COMMIT t=5005000 wb_pc=000004c4 wb_we=0 wb_rd=x16 wb_val=000005d4 IF_pc=000004d4 IF_inst=01400193 ID_pc=000004d0 ID_inst=fc5218e3 EX_pc=000004cc EX_alu=00000002 mem_stall=0 mem_commit=0 mem_we=0000 mem_addr=00000001 mem_wd=00002300 mem_rd=0ff0000f
COMMIT t=5015000 wb_pc=000004c8 wb_we=1 wb_rd=x4 wb_val=00000001 IF_pc=000004d8 IF_inst=00000213 ID_pc=000004d4 ID_inst=01400193 EX_pc=000004d0 EX_alu=000004a0 mem_stall=0 mem_commit=0 mem_we=0000 mem_addr=00000002 mem_wd=003c0000 mem_rd=0540006f
COMMIT t=5025000 wb_pc=000004cc wb_we=1 wb_rd=x5 wb_val=00000002 IF_pc=00000000 IF_inst=00000013 ID_pc=00000000 ID_inst=00000013 EX_pc=00000000 EX_alu=00000000 mem_stall=0 mem_commit=0 mem_we=0000 mem_addr=000004a0 mem_wd=00000002 mem_rd=0540006f
COMMIT t=5035000 wb_pc=000004d0 wb_we=0 wb_rd=x17 wb_val=000004a0 IF_pc=00000000 IF_inst=00000013 ID_pc=00000000 ID_inst=00000013 EX_pc=00000000 EX_alu=00000000 mem_stall=0 mem_commit=0 mem_we=0000 mem_addr=00000000 mem_wd=00000000 mem_rd=00002117
COMMIT t=5065000 wb_pc=00000000 wb_we=1 wb_rd=x0 wb_val=00000000 IF_pc=000004a8 IF_inst=300110b7 ID_pc=000004a4 ID_inst=a9c10113 EX_pc=000004a0 EX_alu=000024a0 mem_stall=0 mem_commit=0 mem_we=0000 mem_addr=00000000 mem_wd=00000000 mem_rd=0540006f
COMMIT t=5075000 wb_pc=00000000 wb_we=1 wb_rd=x0 wb_val=00000000 IF_pc=000004ac IF_inst=22308093 ID_pc=000004a8 ID_inst=300110b7 EX_pc=000004a4 EX_alu=00001f3c mem_stall=0 mem_commit=0 mem_we=0000 mem_addr=000024a0 mem_wd=00000000 mem_rd=0540006f
COMMIT t=5085000 wb_pc=000004a0 wb_we=1 wb_rd=x2 wb_val=000024a0 IF_pc=000004b0 IF_inst=00000013 ID_pc=000004ac ID_inst=22308093 EX_pc=000004a8 EX_alu=30011000 mem_stall=0 mem_commit=0 mem_we=0000 mem_addr=00001f3c mem_wd=00000000 mem_rd=00000000
COMMIT t=5095000 wb_pc=000004a4 wb_we=1 wb_rd=x2 wb_val=00001f3c IF_pc=000004b4 IF_inst=00112223 ID_pc=000004b0 ID_inst=00000013 EX_pc=000004ac EX_alu=30011223 mem_stall=0 mem_commit=0 mem_we=0000 mem_addr=30011000 mem_wd=00000000 mem_rd=00112233
COMMIT t=5105000 wb_pc=000004a8 wb_we=1 wb_rd=x1 wb_val=30011000 IF_pc=000004b8 IF_inst=00412703 ID_pc=000004b4 ID_inst=00112223 EX_pc=000004b0 EX_alu=00000000 mem_stall=0 mem_commit=0 mem_we=0000 mem_addr=30011223 mem_wd=13000000 mem_rd=00000000
COMMIT t=5115000 wb_pc=000004ac wb_we=1 wb_rd=x1 wb_val=30011223 IF_pc=000004bc IF_inst=300113b7 ID_pc=000004b8 ID_inst=00412703 EX_pc=000004b4 EX_alu=00001f40 mem_stall=0 mem_commit=0 mem_we=0000 mem_addr=00000000 mem_wd=00000000 mem_rd=00000000
COMMIT t=5125000 wb_pc=000004b0 wb_we=1 wb_rd=x0 wb_val=00000000 IF_pc=000004c0 IF_inst=22338393 ID_pc=000004bc ID_inst=300113b7 EX_pc=000004b8 EX_alu=00001f40 mem_stall=1 mem_commit=0 mem_we=0000 mem_addr=00001f40 mem_wd=30011223 mem_rd=0540006f
COMMIT t=5135000 wb_pc=000004b0 wb_we=1 wb_rd=x0 wb_val=00000000 IF_pc=000004c0 IF_inst=22338393 ID_pc=000004bc ID_inst=300113b7 EX_pc=000004b8 EX_alu=00001f40 mem_stall=0 mem_commit=1 mem_we=1111 mem_addr=00001f40 mem_wd=30011223 mem_rd=30011223
MEM_WRITE t=5135000 pc=000004b0 addr=00001f40 wd=30011223 ctrl=1
COMMIT t=5145000 wb_pc=000004b4 wb_we=0 wb_rd=x4 wb_val=00001f40 IF_pc=000004c4 IF_inst=10771863 ID_pc=000004c0 ID_inst=22338393 EX_pc=000004bc EX_alu=30011000 mem_stall=1 mem_commit=0 mem_we=0000 mem_addr=00001f40 mem_wd=00000001 mem_rd=30011223
COMMIT t=5165000 wb_pc=000004b8 wb_we=1 wb_rd=x14 wb_val=30011223 IF_pc=000004c8 IF_inst=00120213 ID_pc=000004c4 ID_inst=10771863 EX_pc=000004c0 EX_alu=30011223 mem_stall=0 mem_commit=0 mem_we=0000 mem_addr=30011000 mem_wd=00000000 mem_rd=30011223
COMMIT t=5185000 wb_pc=000004c0 wb_we=1 wb_rd=x7 wb_val=30011223 IF_pc=000004d0 IF_inst=fc5218e3 ID_pc=000004cc ID_inst=00200293 EX_pc=000004c8 EX_alu=00000002 mem_stall=0 mem_commit=0 mem_we=0000 mem_addr=000005d4 mem_wd=00001223 mem_rd=00000000
COMMIT t=5195000 wb_pc=000004c4 wb_we=0 wb_rd=x16 wb_val=000005d4 IF_pc=000004d4 IF_inst=01400193 ID_pc=000004d0 ID_inst=fc5218e3 EX_pc=000004cc EX_alu=00000002 mem_stall=0 mem_commit=0 mem_we=0000 mem_addr=00000002 mem_wd=00230000 mem_rd=0ff0000f
COMMIT t=5205000 wb_pc=000004c8 wb_we=1 wb_rd=x4 wb_val=00000002 IF_pc=000004d8 IF_inst=00000213 ID_pc=000004d4 ID_inst=01400193 EX_pc=000004d0 EX_alu=000004a0 mem_stall=0 mem_commit=0 mem_we=0000 mem_addr=00000002 mem_wd=003c0000 mem_rd=0540006f
COMMIT t=5215000 wb_pc=000004cc wb_we=1 wb_rd=x5 wb_val=00000002 IF_pc=000004dc IF_inst=00002117 ID_pc=000004d8 ID_inst=00000213 EX_pc=000004d4 EX_alu=00000014 mem_stall=0 mem_commit=0 mem_we=0000 mem_addr=000004a0 mem_wd=00000002 mem_rd=0540006f
COMMIT t=5225000 wb_pc=000004d0 wb_we=0 wb_rd=x17 wb_val=000004a0 IF_pc=000004e0 IF_inst=a6010113 ID_pc=000004dc ID_inst=00002117 EX_pc=000004d8 EX_alu=00000000 mem_stall=0 mem_commit=0 mem_we=0000 mem_addr=00000014 mem_wd=00000000 mem_rd=00002117
COMMIT t=5235000 wb_pc=000004d4 wb_we=1 wb_rd=x3 wb_val=00000014 IF_pc=000004e4 IF_inst=330010b7 ID_pc=000004e0 ID_inst=a6010113 EX_pc=000004dc EX_alu=000024dc mem_stall=0 mem_commit=0 mem_we=0000 mem_addr=00000000 mem_wd=00000000 mem_rd=03ff0663
COMMIT t=5245000 wb_pc=000004d8 wb_we=1 wb_rd=x4 wb_val=00000000 IF_pc=000004e8 IF_inst=12208093 ID_pc=000004e4 ID_inst=330010b7 EX_pc=000004e0 EX_alu=00001f3c mem_stall=0 mem_commit=0 mem_we=0000 mem_addr=000024dc mem_wd=00000000 mem_rd=0540006f
COMMIT t=5255000 wb_pc=000004dc wb_we=1 wb_rd=x2 wb_val=000024dc IF_pc=000004ec IF_inst=00000013 ID_pc=000004e8 ID_inst=12208093 EX_pc=000004e4 EX_alu=33001000 mem_stall=0 mem_commit=0 mem_we=0000 mem_addr=00001f3c mem_wd=00000000 mem_rd=00000000
COMMIT t=5265000 wb_pc=000004e0 wb_we=1 wb_rd=x2 wb_val=00001f3c IF_pc=000004f0 IF_inst=00000013 ID_pc=000004ec ID_inst=00000013 EX_pc=000004e8 EX_alu=33001122 mem_stall=0 mem_commit=0 mem_we=0000 mem_addr=33001000 mem_wd=00000000 mem_rd=00112233
COMMIT t=5275000 wb_pc=000004e4 wb_we=1 wb_rd=x1 wb_val=33001000 IF_pc=000004f4 IF_inst=00112423 ID_pc=000004f0 ID_inst=00000013 EX_pc=000004ec EX_alu=00000000 mem_stall=0 mem_commit=0 mem_we=0000 mem_addr=33001122 mem_wd=003c0000 mem_rd=00000000
COMMIT t=5285000 wb_pc=000004e8 wb_we=1 wb_rd=x1 wb_val=33001122 IF_pc=000004f8 IF_inst=00812703 ID_pc=000004f4 ID_inst=00112423 EX_pc=000004f0 EX_alu=00000000 mem_stall=0 mem_commit=0 mem_we=0000 mem_addr=00000000 mem_wd=00000000 mem_rd=00000000
COMMIT t=5295000 wb_pc=000004ec wb_we=1 wb_rd=x0 wb_val=00000000 IF_pc=000004fc IF_inst=330013b7 ID_pc=000004f8 ID_inst=00812703 EX_pc=000004f4 EX_alu=00001f44 mem_stall=0 mem_commit=0 mem_we=0000 mem_addr=00000000 mem_wd=00000000 mem_rd=0540006f
COMMIT t=5305000 wb_pc=000004f0 wb_we=1 wb_rd=x0 wb_val=00000000 IF_pc=00000500 IF_inst=12238393 ID_pc=000004fc ID_inst=330013b7 EX_pc=000004f8 EX_alu=00001f44 mem_stall=1 mem_commit=0 mem_we=0000 mem_addr=00001f44 mem_wd=33001122 mem_rd=0540006f
COMMIT t=5315000 wb_pc=000004f0 wb_we=1 wb_rd=x0 wb_val=00000000 IF_pc=00000500 IF_inst=12238393 ID_pc=000004fc ID_inst=330013b7 EX_pc=000004f8 EX_alu=00001f44 mem_stall=0 mem_commit=1 mem_we=1111 mem_addr=00001f44 mem_wd=33001122 mem_rd=ddaabbcc
MEM_WRITE t=5315000 pc=000004f0 addr=00001f44 wd=33001122 ctrl=1
COMMIT t=5325000 wb_pc=000004f4 wb_we=0 wb_rd=x8 wb_val=00001f44 IF_pc=00000504 IF_inst=0c771863 ID_pc=00000500 ID_inst=12238393 EX_pc=000004fc EX_alu=33001000 mem_stall=1 mem_commit=0 mem_we=0000 mem_addr=00001f44 mem_wd=00000000 mem_rd=33001122
COMMIT t=5345000 wb_pc=000004f8 wb_we=1 wb_rd=x14 wb_val=33001122 IF_pc=00000508 IF_inst=00120213 ID_pc=00000504 ID_inst=0c771863 EX_pc=00000500 EX_alu=33001122 mem_stall=0 mem_commit=0 mem_we=0000 mem_addr=33001000 mem_wd=00000000 mem_rd=33001122
COMMIT t=5365000 wb_pc=00000500 wb_we=1 wb_rd=x7 wb_val=33001122 IF_pc=00000510 IF_inst=fc5216e3 ID_pc=0000050c ID_inst=00200293 EX_pc=00000508 EX_alu=00000001 mem_stall=0 mem_commit=0 mem_we=0000 mem_addr=000005d4 mem_wd=00001122 mem_rd=00000000
COMMIT t=5375000 wb_pc=00000504 wb_we=0 wb_rd=x16 wb_val=000005d4 IF_pc=00000514 IF_inst=01500193 ID_pc=00000510 ID_inst=fc5216e3 EX_pc=0000050c EX_alu=00000002 mem_stall=0 mem_commit=0 mem_we=0000 mem_addr=00000001 mem_wd=00002200 mem_rd=0ff0000f
COMMIT t=5385000 wb_pc=00000508 wb_we=1 wb_rd=x4 wb_val=00000001 IF_pc=00000518 IF_inst=00000213 ID_pc=00000514 ID_inst=01500193 EX_pc=00000510 EX_alu=000004dc mem_stall=0 mem_commit=0 mem_we=0000 mem_addr=00000002 mem_wd=003c0000 mem_rd=0540006f
COMMIT t=5395000 wb_pc=0000050c wb_we=1 wb_rd=x5 wb_val=00000002 IF_pc=00000000 IF_inst=00000013 ID_pc=00000000 ID_inst=00000013 EX_pc=00000000 EX_alu=00000000 mem_stall=0 mem_commit=0 mem_we=0000 mem_addr=000004dc mem_wd=00000002 mem_rd=0540006f
COMMIT t=5405000 wb_pc=00000510 wb_we=0 wb_rd=x13 wb_val=000004dc IF_pc=00000000 IF_inst=00000013 ID_pc=00000000 ID_inst=00000013 EX_pc=00000000 EX_alu=00000000 mem_stall=0 mem_commit=0 mem_we=0000 mem_addr=00000000 mem_wd=00000000 mem_rd=00002117
COMMIT t=5435000 wb_pc=00000000 wb_we=1 wb_rd=x0 wb_val=00000000 IF_pc=000004e4 IF_inst=330010b7 ID_pc=000004e0 ID_inst=a6010113 EX_pc=000004dc EX_alu=000024dc mem_stall=0 mem_commit=0 mem_we=0000 mem_addr=00000000 mem_wd=00000000 mem_rd=0540006f
COMMIT t=5445000 wb_pc=00000000 wb_we=1 wb_rd=x0 wb_val=00000000 IF_pc=000004e8 IF_inst=12208093 ID_pc=000004e4 ID_inst=330010b7 EX_pc=000004e0 EX_alu=00001f3c mem_stall=0 mem_commit=0 mem_we=0000 mem_addr=000024dc mem_wd=00000000 mem_rd=0540006f
COMMIT t=5455000 wb_pc=000004dc wb_we=1 wb_rd=x2 wb_val=000024dc IF_pc=000004ec IF_inst=00000013 ID_pc=000004e8 ID_inst=12208093 EX_pc=000004e4 EX_alu=33001000 mem_stall=0 mem_commit=0 mem_we=0000 mem_addr=00001f3c mem_wd=00000000 mem_rd=00000000
COMMIT t=5465000 wb_pc=000004e0 wb_we=1 wb_rd=x2 wb_val=00001f3c IF_pc=000004f0 IF_inst=00000013 ID_pc=000004ec ID_inst=00000013 EX_pc=000004e8 EX_alu=33001122 mem_stall=0 mem_commit=0 mem_we=0000 mem_addr=33001000 mem_wd=00000000 mem_rd=00112233
COMMIT t=5475000 wb_pc=000004e4 wb_we=1 wb_rd=x1 wb_val=33001000 IF_pc=000004f4 IF_inst=00112423 ID_pc=000004f0 ID_inst=00000013 EX_pc=000004ec EX_alu=00000000 mem_stall=0 mem_commit=0 mem_we=0000 mem_addr=33001122 mem_wd=003c0000 mem_rd=00000000
COMMIT t=5485000 wb_pc=000004e8 wb_we=1 wb_rd=x1 wb_val=33001122 IF_pc=000004f8 IF_inst=00812703 ID_pc=000004f4 ID_inst=00112423 EX_pc=000004f0 EX_alu=00000000 mem_stall=0 mem_commit=0 mem_we=0000 mem_addr=00000000 mem_wd=00000000 mem_rd=00000000
COMMIT t=5495000 wb_pc=000004ec wb_we=1 wb_rd=x0 wb_val=00000000 IF_pc=000004fc IF_inst=330013b7 ID_pc=000004f8 ID_inst=00812703 EX_pc=000004f4 EX_alu=00001f44 mem_stall=0 mem_commit=0 mem_we=0000 mem_addr=00000000 mem_wd=00000000 mem_rd=0540006f
COMMIT t=5505000 wb_pc=000004f0 wb_we=1 wb_rd=x0 wb_val=00000000 IF_pc=00000500 IF_inst=12238393 ID_pc=000004fc ID_inst=330013b7 EX_pc=000004f8 EX_alu=00001f44 mem_stall=1 mem_commit=0 mem_we=0000 mem_addr=00001f44 mem_wd=33001122 mem_rd=0540006f
COMMIT t=5515000 wb_pc=000004f0 wb_we=1 wb_rd=x0 wb_val=00000000 IF_pc=00000500 IF_inst=12238393 ID_pc=000004fc ID_inst=330013b7 EX_pc=000004f8 EX_alu=00001f44 mem_stall=0 mem_commit=1 mem_we=1111 mem_addr=00001f44 mem_wd=33001122 mem_rd=33001122
MEM_WRITE t=5515000 pc=000004f0 addr=00001f44 wd=33001122 ctrl=1
COMMIT t=5525000 wb_pc=000004f4 wb_we=0 wb_rd=x8 wb_val=00001f44 IF_pc=00000504 IF_inst=0c771863 ID_pc=00000500 ID_inst=12238393 EX_pc=000004fc EX_alu=33001000 mem_stall=1 mem_commit=0 mem_we=0000 mem_addr=00001f44 mem_wd=00000000 mem_rd=33001122
COMMIT t=5545000 wb_pc=000004f8 wb_we=1 wb_rd=x14 wb_val=33001122 IF_pc=00000508 IF_inst=00120213 ID_pc=00000504 ID_inst=0c771863 EX_pc=00000500 EX_alu=33001122 mem_stall=0 mem_commit=0 mem_we=0000 mem_addr=33001000 mem_wd=00000000 mem_rd=33001122
COMMIT t=5565000 wb_pc=00000500 wb_we=1 wb_rd=x7 wb_val=33001122 IF_pc=00000510 IF_inst=fc5216e3 ID_pc=0000050c ID_inst=00200293 EX_pc=00000508 EX_alu=00000002 mem_stall=0 mem_commit=0 mem_we=0000 mem_addr=000005d4 mem_wd=00001122 mem_rd=00000000
COMMIT t=5575000 wb_pc=00000504 wb_we=0 wb_rd=x16 wb_val=000005d4 IF_pc=00000514 IF_inst=01500193 ID_pc=00000510 ID_inst=fc5216e3 EX_pc=0000050c EX_alu=00000002 mem_stall=0 mem_commit=0 mem_we=0000 mem_addr=00000002 mem_wd=00220000 mem_rd=0ff0000f
COMMIT t=5585000 wb_pc=00000508 wb_we=1 wb_rd=x4 wb_val=00000002 IF_pc=00000518 IF_inst=00000213 ID_pc=00000514 ID_inst=01500193 EX_pc=00000510 EX_alu=000004dc mem_stall=0 mem_commit=0 mem_we=0000 mem_addr=00000002 mem_wd=003c0000 mem_rd=0540006f
COMMIT t=5595000 wb_pc=0000050c wb_we=1 wb_rd=x5 wb_val=00000002 IF_pc=0000051c IF_inst=00002117 ID_pc=00000518 ID_inst=00000213 EX_pc=00000514 EX_alu=00000015 mem_stall=0 mem_commit=0 mem_we=0000 mem_addr=000004dc mem_wd=00000002 mem_rd=0540006f
COMMIT t=5605000 wb_pc=00000510 wb_we=0 wb_rd=x13 wb_val=000004dc IF_pc=00000520 IF_inst=a2010113 ID_pc=0000051c ID_inst=00002117 EX_pc=00000518 EX_alu=00000000 mem_stall=0 mem_commit=0 mem_we=0000 mem_addr=00000015 mem_wd=00000000 mem_rd=00002117
COMMIT t=5615000 wb_pc=00000514 wb_we=1 wb_rd=x3 wb_val=00000015 IF_pc=00000524 IF_inst=00000013 ID_pc=00000520 ID_inst=a2010113 EX_pc=0000051c EX_alu=0000251c mem_stall=0 mem_commit=0 mem_we=0000 mem_addr=00000000 mem_wd=00000000 mem_rd=03ff0663
COMMIT t=5625000 wb_pc=00000518 wb_we=1 wb_rd=x4 wb_val=00000000 IF_pc=00000528 IF_inst=233000b7 ID_pc=00000524 ID_inst=00000013 EX_pc=00000520 EX_alu=00001f3c mem_stall=0 mem_commit=0 mem_we=0000 mem_addr=0000251c mem_wd=00000000 mem_rd=0540006f
COMMIT t=5635000 wb_pc=0000051c wb_we=1 wb_rd=x2 wb_val=0000251c IF_pc=0000052c IF_inst=11208093 ID_pc=00000528 ID_inst=233000b7 EX_pc=00000524 EX_alu=00000000 mem_stall=0 mem_commit=0 mem_we=0000 mem_addr=00001f3c mem_wd=00000000 mem_rd=00000000
COMMIT t=5645000 wb_pc=00000520 wb_we=1 wb_rd=x2 wb_val=00001f3c IF_pc=00000530 IF_inst=00112623 ID_pc=0000052c ID_inst=11208093 EX_pc=00000528 EX_alu=23300000 mem_stall=0 mem_commit=0 mem_we=0000 mem_addr=00000000 mem_wd=00000000 mem_rd=00112233
COMMIT t=5655000 wb_pc=00000524 wb_we=1 wb_rd=x0 wb_val=00000000 IF_pc=00000534 IF_inst=00c12703 ID_pc=00000530 ID_inst=00112623 EX_pc=0000052c EX_alu=23300112 mem_stall=0 mem_commit=0 mem_we=0000 mem_addr=23300000 mem_wd=00000000 mem_rd=0540006f
COMMIT t=5665000 wb_pc=00000528 wb_we=1 wb_rd=x1 wb_val=23300000 IF_pc=00000538 IF_inst=233003b7 ID_pc=00000534 ID_inst=00c12703 EX_pc=00000530 EX_alu=00001f48 mem_stall=0 mem_commit=0 mem_we=0000 mem_addr=23300112 mem_wd=00000000 mem_rd=00000000
COMMIT t=5675000 wb_pc=0000052c wb_we=1 wb_rd=x1 wb_val=23300112 IF_pc=0000053c IF_inst=11238393 ID_pc=00000538 ID_inst=233003b7 EX_pc=00000534 EX_alu=00001f48 mem_stall=1 mem_commit=0 mem_we=0000 mem_addr=00001f48 mem_wd=23300112 mem_rd=00000000
COMMIT t=5685000 wb_pc=0000052c wb_we=1 wb_rd=x1 wb_val=23300112 IF_pc=0000053c IF_inst=11238393 ID_pc=00000538 ID_inst=233003b7 EX_pc=00000534 EX_alu=00001f48 mem_stall=0 mem_commit=1 mem_we=1111 mem_addr=00001f48 mem_wd=23300112 mem_rd=cddaabbc
MEM_WRITE t=5685000 pc=0000052c addr=00001f48 wd=23300112 ctrl=1
COMMIT t=5695000 wb_pc=00000530 wb_we=0 wb_rd=x12 wb_val=00001f48 IF_pc=00000540 IF_inst=08771a63 ID_pc=0000053c ID_inst=11238393 EX_pc=00000538 EX_alu=23300000 mem_stall=1 mem_commit=0 mem_we=0000 mem_addr=00001f48 mem_wd=00001f3c mem_rd=23300112
COMMIT t=5715000 wb_pc=00000534 wb_we=1 wb_rd=x14 wb_val=23300112 IF_pc=00000544 IF_inst=00120213 ID_pc=00000540 ID_inst=08771a63 EX_pc=0000053c EX_alu=23300112 mem_stall=0 mem_commit=0 mem_we=0000 mem_addr=23300000 mem_wd=00000000 mem_rd=23300112
COMMIT t=5735000 wb_pc=0000053c wb_we=1 wb_rd=x7 wb_val=23300112 IF_pc=0000054c IF_inst=fc5218e3 ID_pc=00000548 ID_inst=00200293 EX_pc=00000544 EX_alu=00000001 mem_stall=0 mem_commit=0 mem_we=0000 mem_addr=000005d4 mem_wd=00000112 mem_rd=00000000
COMMIT t=5745000 wb_pc=00000540 wb_we=0 wb_rd=x20 wb_val=000005d4 IF_pc=00000550 IF_inst=01600193 ID_pc=0000054c ID_inst=fc5218e3 EX_pc=00000548 EX_alu=00000002 mem_stall=0 mem_commit=0 mem_we=0000 mem_addr=00000001 mem_wd=00001200 mem_rd=0ff0000f
COMMIT t=5755000 wb_pc=00000544 wb_we=1 wb_rd=x4 wb_val=00000001 IF_pc=00000554 IF_inst=00000213 ID_pc=00000550 ID_inst=01600193 EX_pc=0000054c EX_alu=0000051c mem_stall=0 mem_commit=0 mem_we=0000 mem_addr=00000002 mem_wd=003c0000 mem_rd=0540006f
COMMIT t=5765000 wb_pc=00000548 wb_we=1 wb_rd=x5 wb_val=00000002 IF_pc=00000000 IF_inst=00000013 ID_pc=00000000 ID_inst=00000013 EX_pc=00000000 EX_alu=00000000 mem_stall=0 mem_commit=0 mem_we=0000 mem_addr=0000051c mem_wd=00000002 mem_rd=0540006f
COMMIT t=5775000 wb_pc=0000054c wb_we=0 wb_rd=x17 wb_val=0000051c IF_pc=00000000 IF_inst=00000013 ID_pc=00000000 ID_inst=00000013 EX_pc=00000000 EX_alu=00000000 mem_stall=0 mem_commit=0 mem_we=0000 mem_addr=00000000 mem_wd=00000000 mem_rd=00002117
COMMIT t=5805000 wb_pc=00000000 wb_we=1 wb_rd=x0 wb_val=00000000 IF_pc=00000524 IF_inst=00000013 ID_pc=00000520 ID_inst=a2010113 EX_pc=0000051c EX_alu=0000251c mem_stall=0 mem_commit=0 mem_we=0000 mem_addr=00000000 mem_wd=00000000 mem_rd=0540006f
COMMIT t=5815000 wb_pc=00000000 wb_we=1 wb_rd=x0 wb_val=00000000 IF_pc=00000528 IF_inst=233000b7 ID_pc=00000524 ID_inst=00000013 EX_pc=00000520 EX_alu=00001f3c mem_stall=0 mem_commit=0 mem_we=0000 mem_addr=0000251c mem_wd=00000000 mem_rd=0540006f
COMMIT t=5825000 wb_pc=0000051c wb_we=1 wb_rd=x2 wb_val=0000251c IF_pc=0000052c IF_inst=11208093 ID_pc=00000528 ID_inst=233000b7 EX_pc=00000524 EX_alu=00000000 mem_stall=0 mem_commit=0 mem_we=0000 mem_addr=00001f3c mem_wd=00000000 mem_rd=00000000
COMMIT t=5835000 wb_pc=00000520 wb_we=1 wb_rd=x2 wb_val=00001f3c IF_pc=00000530 IF_inst=00112623 ID_pc=0000052c ID_inst=11208093 EX_pc=00000528 EX_alu=23300000 mem_stall=0 mem_commit=0 mem_we=0000 mem_addr=00000000 mem_wd=00000000 mem_rd=00112233
COMMIT t=5845000 wb_pc=00000524 wb_we=1 wb_rd=x0 wb_val=00000000 IF_pc=00000534 IF_inst=00c12703 ID_pc=00000530 ID_inst=00112623 EX_pc=0000052c EX_alu=23300112 mem_stall=0 mem_commit=0 mem_we=0000 mem_addr=23300000 mem_wd=00000000 mem_rd=0540006f
COMMIT t=5855000 wb_pc=00000528 wb_we=1 wb_rd=x1 wb_val=23300000 IF_pc=00000538 IF_inst=233003b7 ID_pc=00000534 ID_inst=00c12703 EX_pc=00000530 EX_alu=00001f48 mem_stall=0 mem_commit=0 mem_we=0000 mem_addr=23300112 mem_wd=00000000 mem_rd=00000000
COMMIT t=5865000 wb_pc=0000052c wb_we=1 wb_rd=x1 wb_val=23300112 IF_pc=0000053c IF_inst=11238393 ID_pc=00000538 ID_inst=233003b7 EX_pc=00000534 EX_alu=00001f48 mem_stall=1 mem_commit=0 mem_we=0000 mem_addr=00001f48 mem_wd=23300112 mem_rd=00000000
COMMIT t=5875000 wb_pc=0000052c wb_we=1 wb_rd=x1 wb_val=23300112 IF_pc=0000053c IF_inst=11238393 ID_pc=00000538 ID_inst=233003b7 EX_pc=00000534 EX_alu=00001f48 mem_stall=0 mem_commit=1 mem_we=1111 mem_addr=00001f48 mem_wd=23300112 mem_rd=23300112
MEM_WRITE t=5875000 pc=0000052c addr=00001f48 wd=23300112 ctrl=1
COMMIT t=5885000 wb_pc=00000530 wb_we=0 wb_rd=x12 wb_val=00001f48 IF_pc=00000540 IF_inst=08771a63 ID_pc=0000053c ID_inst=11238393 EX_pc=00000538 EX_alu=23300000 mem_stall=1 mem_commit=0 mem_we=0000 mem_addr=00001f48 mem_wd=00001f3c mem_rd=23300112
COMMIT t=5905000 wb_pc=00000534 wb_we=1 wb_rd=x14 wb_val=23300112 IF_pc=00000544 IF_inst=00120213 ID_pc=00000540 ID_inst=08771a63 EX_pc=0000053c EX_alu=23300112 mem_stall=0 mem_commit=0 mem_we=0000 mem_addr=23300000 mem_wd=00000000 mem_rd=23300112
COMMIT t=5925000 wb_pc=0000053c wb_we=1 wb_rd=x7 wb_val=23300112 IF_pc=0000054c IF_inst=fc5218e3 ID_pc=00000548 ID_inst=00200293 EX_pc=00000544 EX_alu=00000002 mem_stall=0 mem_commit=0 mem_we=0000 mem_addr=000005d4 mem_wd=00000112 mem_rd=00000000
COMMIT t=5935000 wb_pc=00000540 wb_we=0 wb_rd=x20 wb_val=000005d4 IF_pc=00000550 IF_inst=01600193 ID_pc=0000054c ID_inst=fc5218e3 EX_pc=00000548 EX_alu=00000002 mem_stall=0 mem_commit=0 mem_we=0000 mem_addr=00000002 mem_wd=00120000 mem_rd=0ff0000f
COMMIT t=5945000 wb_pc=00000544 wb_we=1 wb_rd=x4 wb_val=00000002 IF_pc=00000554 IF_inst=00000213 ID_pc=00000550 ID_inst=01600193 EX_pc=0000054c EX_alu=0000051c mem_stall=0 mem_commit=0 mem_we=0000 mem_addr=00000002 mem_wd=003c0000 mem_rd=0540006f
COMMIT t=5955000 wb_pc=00000548 wb_we=1 wb_rd=x5 wb_val=00000002 IF_pc=00000558 IF_inst=00002117 ID_pc=00000554 ID_inst=00000213 EX_pc=00000550 EX_alu=00000016 mem_stall=0 mem_commit=0 mem_we=0000 mem_addr=0000051c mem_wd=00000002 mem_rd=0540006f
COMMIT t=5965000 wb_pc=0000054c wb_we=0 wb_rd=x17 wb_val=0000051c IF_pc=0000055c IF_inst=9e410113 ID_pc=00000558 ID_inst=00002117 EX_pc=00000554 EX_alu=00000000 mem_stall=0 mem_commit=0 mem_we=0000 mem_addr=00000016 mem_wd=00000000 mem_rd=00002117
COMMIT t=5975000 wb_pc=00000550 wb_we=1 wb_rd=x3 wb_val=00000016 IF_pc=00000560 IF_inst=00000013 ID_pc=0000055c ID_inst=9e410113 EX_pc=00000558 EX_alu=00002558 mem_stall=0 mem_commit=0 mem_we=0000 mem_addr=00000000 mem_wd=00000000 mem_rd=03ff0663
COMMIT t=5985000 wb_pc=00000554 wb_we=1 wb_rd=x4 wb_val=00000000 IF_pc=00000564 IF_inst=223300b7 ID_pc=00000560 ID_inst=00000013 EX_pc=0000055c EX_alu=00001f3c mem_stall=0 mem_commit=0 mem_we=0000 mem_addr=00002558 mem_wd=00000000 mem_rd=0540006f
COMMIT t=5995000 wb_pc=00000558 wb_we=1 wb_rd=x2 wb_val=00002558 IF_pc=00000568 IF_inst=01108093 ID_pc=00000564 ID_inst=223300b7 EX_pc=00000560 EX_alu=00000000 mem_stall=0 mem_commit=0 mem_we=0000 mem_addr=00001f3c mem_wd=00000000 mem_rd=00000000
COMMIT t=6005000 wb_pc=0000055c wb_we=1 wb_rd=x2 wb_val=00001f3c IF_pc=0000056c IF_inst=00000013 ID_pc=00000568 ID_inst=01108093 EX_pc=00000564 EX_alu=22330000 mem_stall=0 mem_commit=0 mem_we=0000 mem_addr=00000000 mem_wd=00000000 mem_rd=00112233
COMMIT t=6015000 wb_pc=00000560 wb_we=1 wb_rd=x0 wb_val=00000000 IF_pc=00000570 IF_inst=00112823 ID_pc=0000056c ID_inst=00000013 EX_pc=00000568 EX_alu=22330011 mem_stall=0 mem_commit=0 mem_we=0000 mem_addr=22330000 mem_wd=00000016 mem_rd=0540006f
COMMIT t=6025000 wb_pc=00000564 wb_we=1 wb_rd=x1 wb_val=22330000 IF_pc=00000574 IF_inst=01012703 ID_pc=00000570 ID_inst=00112823 EX_pc=0000056c EX_alu=00000000 mem_stall=0 mem_commit=0 mem_we=0000 mem_addr=22330011 mem_wd=00000000 mem_rd=00000000
COMMIT t=6035000 wb_pc=00000568 wb_we=1 wb_rd=x1 wb_val=22330011 IF_pc=00000578 IF_inst=223303b7 ID_pc=00000574 ID_inst=01012703 EX_pc=00000570 EX_alu=00001f4c mem_stall=0 mem_commit=0 mem_we=0000 mem_addr=00000000 mem_wd=00000000 mem_rd=00000000
COMMIT t=6045000 wb_pc=0000056c wb_we=1 wb_rd=x0 wb_val=00000000 IF_pc=0000057c IF_inst=01138393 ID_pc=00000578 ID_inst=223303b7 EX_pc=00000574 EX_alu=00001f4c mem_stall=1 mem_commit=0 mem_we=0000 mem_addr=00001f4c mem_wd=22330011 mem_rd=0540006f
COMMIT t=6055000 wb_pc=0000056c wb_we=1 wb_rd=x0 wb_val=00000000 IF_pc=0000057c IF_inst=01138393 ID_pc=00000578 ID_inst=223303b7 EX_pc=00000574 EX_alu=00001f4c mem_stall=0 mem_commit=1 mem_we=1111 mem_addr=00001f4c mem_wd=22330011 mem_rd=ccddaabb
MEM_WRITE t=6055000 pc=0000056c addr=00001f4c wd=22330011 ctrl=1
COMMIT t=6065000 wb_pc=00000570 wb_we=0 wb_rd=x16 wb_val=00001f4c IF_pc=00000580 IF_inst=04771a63 ID_pc=0000057c ID_inst=01138393 EX_pc=00000578 EX_alu=22330000 mem_stall=1 mem_commit=0 mem_we=0000 mem_addr=00001f4c mem_wd=00000000 mem_rd=22330011
COMMIT t=6085000 wb_pc=00000574 wb_we=1 wb_rd=x14 wb_val=22330011 IF_pc=00000584 IF_inst=00120213 ID_pc=00000580 ID_inst=04771a63 EX_pc=0000057c EX_alu=22330011 mem_stall=0 mem_commit=0 mem_we=0000 mem_addr=22330000 mem_wd=00000016 mem_rd=22330011
COMMIT t=6105000 wb_pc=0000057c wb_we=1 wb_rd=x7 wb_val=22330011 IF_pc=0000058c IF_inst=fc5216e3 ID_pc=00000588 ID_inst=00200293 EX_pc=00000584 EX_alu=00000001 mem_stall=0 mem_commit=0 mem_we=0000 mem_addr=000005d4 mem_wd=00000011 mem_rd=00000000
COMMIT t=6115000 wb_pc=00000580 wb_we=0 wb_rd=x20 wb_val=000005d4 IF_pc=00000590 IF_inst=01700193 ID_pc=0000058c ID_inst=fc5216e3 EX_pc=00000588 EX_alu=00000002 mem_stall=0 mem_commit=0 mem_we=0000 mem_addr=00000001 mem_wd=00001100 mem_rd=0ff0000f
COMMIT t=6125000 wb_pc=00000584 wb_we=1 wb_rd=x4 wb_val=00000001 IF_pc=00000594 IF_inst=00000213 ID_pc=00000590 ID_inst=01700193 EX_pc=0000058c EX_alu=00000558 mem_stall=0 mem_commit=0 mem_we=0000 mem_addr=00000002 mem_wd=003c0000 mem_rd=0540006f
COMMIT t=6135000 wb_pc=00000588 wb_we=1 wb_rd=x5 wb_val=00000002 IF_pc=00000000 IF_inst=00000013 ID_pc=00000000 ID_inst=00000013 EX_pc=00000000 EX_alu=00000000 mem_stall=0 mem_commit=0 mem_we=0000 mem_addr=00000558 mem_wd=00000002 mem_rd=0540006f
COMMIT t=6145000 wb_pc=0000058c wb_we=0 wb_rd=x13 wb_val=00000558 IF_pc=00000000 IF_inst=00000013 ID_pc=00000000 ID_inst=00000013 EX_pc=00000000 EX_alu=00000000 mem_stall=0 mem_commit=0 mem_we=0000 mem_addr=00000000 mem_wd=00000000 mem_rd=00002117
COMMIT t=6175000 wb_pc=00000000 wb_we=1 wb_rd=x0 wb_val=00000000 IF_pc=00000560 IF_inst=00000013 ID_pc=0000055c ID_inst=9e410113 EX_pc=00000558 EX_alu=00002558 mem_stall=0 mem_commit=0 mem_we=0000 mem_addr=00000000 mem_wd=00000000 mem_rd=0540006f
COMMIT t=6185000 wb_pc=00000000 wb_we=1 wb_rd=x0 wb_val=00000000 IF_pc=00000564 IF_inst=223300b7 ID_pc=00000560 ID_inst=00000013 EX_pc=0000055c EX_alu=00001f3c mem_stall=0 mem_commit=0 mem_we=0000 mem_addr=00002558 mem_wd=00000000 mem_rd=0540006f
COMMIT t=6195000 wb_pc=00000558 wb_we=1 wb_rd=x2 wb_val=00002558 IF_pc=00000568 IF_inst=01108093 ID_pc=00000564 ID_inst=223300b7 EX_pc=00000560 EX_alu=00000000 mem_stall=0 mem_commit=0 mem_we=0000 mem_addr=00001f3c mem_wd=00000001 mem_rd=00000000
COMMIT t=6205000 wb_pc=0000055c wb_we=1 wb_rd=x2 wb_val=00001f3c IF_pc=0000056c IF_inst=00000013 ID_pc=00000568 ID_inst=01108093 EX_pc=00000564 EX_alu=22330000 mem_stall=0 mem_commit=0 mem_we=0000 mem_addr=00000000 mem_wd=00000000 mem_rd=00112233
COMMIT t=6215000 wb_pc=00000560 wb_we=1 wb_rd=x0 wb_val=00000000 IF_pc=00000570 IF_inst=00112823 ID_pc=0000056c ID_inst=00000013 EX_pc=00000568 EX_alu=22330011 mem_stall=0 mem_commit=0 mem_we=0000 mem_addr=22330000 mem_wd=00000016 mem_rd=0540006f
COMMIT t=6225000 wb_pc=00000564 wb_we=1 wb_rd=x1 wb_val=22330000 IF_pc=00000574 IF_inst=01012703 ID_pc=00000570 ID_inst=00112823 EX_pc=0000056c EX_alu=00000000 mem_stall=0 mem_commit=0 mem_we=0000 mem_addr=22330011 mem_wd=00000000 mem_rd=00000000
COMMIT t=6235000 wb_pc=00000568 wb_we=1 wb_rd=x1 wb_val=22330011 IF_pc=00000578 IF_inst=223303b7 ID_pc=00000574 ID_inst=01012703 EX_pc=00000570 EX_alu=00001f4c mem_stall=0 mem_commit=0 mem_we=0000 mem_addr=00000000 mem_wd=00000000 mem_rd=00000000
COMMIT t=6245000 wb_pc=0000056c wb_we=1 wb_rd=x0 wb_val=00000000 IF_pc=0000057c IF_inst=01138393 ID_pc=00000578 ID_inst=223303b7 EX_pc=00000574 EX_alu=00001f4c mem_stall=1 mem_commit=0 mem_we=0000 mem_addr=00001f4c mem_wd=22330011 mem_rd=0540006f
COMMIT t=6255000 wb_pc=0000056c wb_we=1 wb_rd=x0 wb_val=00000000 IF_pc=0000057c IF_inst=01138393 ID_pc=00000578 ID_inst=223303b7 EX_pc=00000574 EX_alu=00001f4c mem_stall=0 mem_commit=1 mem_we=1111 mem_addr=00001f4c mem_wd=22330011 mem_rd=22330011
MEM_WRITE t=6255000 pc=0000056c addr=00001f4c wd=22330011 ctrl=1
COMMIT t=6265000 wb_pc=00000570 wb_we=0 wb_rd=x16 wb_val=00001f4c IF_pc=00000580 IF_inst=04771a63 ID_pc=0000057c ID_inst=01138393 EX_pc=00000578 EX_alu=22330000 mem_stall=1 mem_commit=0 mem_we=0000 mem_addr=00001f4c mem_wd=00000000 mem_rd=22330011
COMMIT t=6285000 wb_pc=00000574 wb_we=1 wb_rd=x14 wb_val=22330011 IF_pc=00000584 IF_inst=00120213 ID_pc=00000580 ID_inst=04771a63 EX_pc=0000057c EX_alu=22330011 mem_stall=0 mem_commit=0 mem_we=0000 mem_addr=22330000 mem_wd=00000016 mem_rd=22330011
COMMIT t=6305000 wb_pc=0000057c wb_we=1 wb_rd=x7 wb_val=22330011 IF_pc=0000058c IF_inst=fc5216e3 ID_pc=00000588 ID_inst=00200293 EX_pc=00000584 EX_alu=00000002 mem_stall=0 mem_commit=0 mem_we=0000 mem_addr=000005d4 mem_wd=00000011 mem_rd=00000000
COMMIT t=6315000 wb_pc=00000580 wb_we=0 wb_rd=x20 wb_val=000005d4 IF_pc=00000590 IF_inst=01700193 ID_pc=0000058c ID_inst=fc5216e3 EX_pc=00000588 EX_alu=00000002 mem_stall=0 mem_commit=0 mem_we=0000 mem_addr=00000002 mem_wd=00110000 mem_rd=0ff0000f
COMMIT t=6325000 wb_pc=00000584 wb_we=1 wb_rd=x4 wb_val=00000002 IF_pc=00000594 IF_inst=00000213 ID_pc=00000590 ID_inst=01700193 EX_pc=0000058c EX_alu=00000558 mem_stall=0 mem_commit=0 mem_we=0000 mem_addr=00000002 mem_wd=003c0000 mem_rd=0540006f
COMMIT t=6335000 wb_pc=00000588 wb_we=1 wb_rd=x5 wb_val=00000002 IF_pc=00000598 IF_inst=00002117 ID_pc=00000594 ID_inst=00000213 EX_pc=00000590 EX_alu=00000017 mem_stall=0 mem_commit=0 mem_we=0000 mem_addr=00000558 mem_wd=00000002 mem_rd=0540006f
COMMIT t=6345000 wb_pc=0000058c wb_we=0 wb_rd=x13 wb_val=00000558 IF_pc=0000059c IF_inst=9a410113 ID_pc=00000598 ID_inst=00002117 EX_pc=00000594 EX_alu=00000000 mem_stall=0 mem_commit=0 mem_we=0000 mem_addr=00000017 mem_wd=00000000 mem_rd=00002117
COMMIT t=6355000 wb_pc=00000590 wb_we=1 wb_rd=x3 wb_val=00000017 IF_pc=000005a0 IF_inst=00000013 ID_pc=0000059c ID_inst=9a410113 EX_pc=00000598 EX_alu=00002598 mem_stall=0 mem_commit=0 mem_we=0000 mem_addr=00000000 mem_wd=00000000 mem_rd=03ff0663
COMMIT t=6365000 wb_pc=00000594 wb_we=1 wb_rd=x4 wb_val=00000000 IF_pc=000005a4 IF_inst=00000013 ID_pc=000005a0 ID_inst=00000013 EX_pc=0000059c EX_alu=00001f3c mem_stall=0 mem_commit=0 mem_we=0000 mem_addr=00002598 mem_wd=00000000 mem_rd=0540006f
COMMIT t=6375000 wb_pc=00000598 wb_we=1 wb_rd=x2 wb_val=00002598 IF_pc=000005a8 IF_inst=122330b7 ID_pc=000005a4 ID_inst=00000013 EX_pc=000005a0 EX_alu=00000000 mem_stall=0 mem_commit=0 mem_we=0000 mem_addr=00001f3c mem_wd=00000000 mem_rd=00000000
COMMIT t=6385000 wb_pc=0000059c wb_we=1 wb_rd=x2 wb_val=00001f3c IF_pc=000005ac IF_inst=00108093 ID_pc=000005a8 ID_inst=122330b7 EX_pc=000005a4 EX_alu=00000000 mem_stall=0 mem_commit=0 mem_we=0000 mem_addr=00000000 mem_wd=00000000 mem_rd=00112233
COMMIT t=6395000 wb_pc=000005a0 wb_we=1 wb_rd=x0 wb_val=00000000 IF_pc=000005b0 IF_inst=00112a23 ID_pc=000005ac ID_inst=00108093 EX_pc=000005a8 EX_alu=12233000 mem_stall=0 mem_commit=0 mem_we=0000 mem_addr=00000000 mem_wd=00000000 mem_rd=0540006f
COMMIT t=6405000 wb_pc=000005a4 wb_we=1 wb_rd=x0 wb_val=00000000 IF_pc=000005b4 IF_inst=01412703 ID_pc=000005b0 ID_inst=00112a23 EX_pc=000005ac EX_alu=12233001 mem_stall=0 mem_commit=0 mem_we=0000 mem_addr=12233000 mem_wd=00001f3c mem_rd=0540006f
COMMIT t=6415000 wb_pc=000005a8 wb_we=1 wb_rd=x1 wb_val=12233000 IF_pc=000005b8 IF_inst=122333b7 ID_pc=000005b4 ID_inst=01412703 EX_pc=000005b0 EX_alu=00001f50 mem_stall=0 mem_commit=0 mem_we=0000 mem_addr=12233001 mem_wd=00000000 mem_rd=00000000
COMMIT t=6425000 wb_pc=000005ac wb_we=1 wb_rd=x1 wb_val=12233001 IF_pc=000005bc IF_inst=00138393 ID_pc=000005b8 ID_inst=122333b7 EX_pc=000005b4 EX_alu=00001f50 mem_stall=1 mem_commit=0 mem_we=0000 mem_addr=00001f50 mem_wd=12233001 mem_rd=00000000
COMMIT t=6435000 wb_pc=000005ac wb_we=1 wb_rd=x1 wb_val=12233001 IF_pc=000005bc IF_inst=00138393 ID_pc=000005b8 ID_inst=122333b7 EX_pc=000005b4 EX_alu=00001f50 mem_stall=0 mem_commit=1 mem_we=1111 mem_addr=00001f50 mem_wd=12233001 mem_rd=bccddaab
MEM_WRITE t=6435000 pc=000005ac addr=00001f50 wd=12233001 ctrl=1
COMMIT t=6445000 wb_pc=000005b0 wb_we=0 wb_rd=x20 wb_val=00001f50 IF_pc=000005c0 IF_inst=00771a63 ID_pc=000005bc ID_inst=00138393 EX_pc=000005b8 EX_alu=12233000 mem_stall=1 mem_commit=0 mem_we=0000 mem_addr=00001f50 mem_wd=00000000 mem_rd=12233001
COMMIT t=6465000 wb_pc=000005b4 wb_we=1 wb_rd=x14 wb_val=12233001 IF_pc=000005c4 IF_inst=00120213 ID_pc=000005c0 ID_inst=00771a63 EX_pc=000005bc EX_alu=12233001 mem_stall=0 mem_commit=0 mem_we=0000 mem_addr=12233000 mem_wd=00001f3c mem_rd=12233001
COMMIT t=6485000 wb_pc=000005bc wb_we=1 wb_rd=x7 wb_val=12233001 IF_pc=000005cc IF_inst=fc5216e3 ID_pc=000005c8 ID_inst=00200293 EX_pc=000005c4 EX_alu=00000001 mem_stall=0 mem_commit=0 mem_we=0000 mem_addr=000005d4 mem_wd=00003001 mem_rd=00000000
COMMIT t=6495000 wb_pc=000005c0 wb_we=0 wb_rd=x20 wb_val=000005d4 IF_pc=000005d0 IF_inst=00301c63 ID_pc=000005cc ID_inst=fc5216e3 EX_pc=000005c8 EX_alu=00000002 mem_stall=0 mem_commit=0 mem_we=0000 mem_addr=00000001 mem_wd=00000100 mem_rd=0ff0000f
COMMIT t=6505000 wb_pc=000005c4 wb_we=1 wb_rd=x4 wb_val=00000001 IF_pc=000005d4 IF_inst=0ff0000f ID_pc=000005d0 ID_inst=00301c63 EX_pc=000005cc EX_alu=00000598 mem_stall=0 mem_commit=0 mem_we=0000 mem_addr=00000002 mem_wd=003c0000 mem_rd=0540006f
COMMIT t=6515000 wb_pc=000005c8 wb_we=1 wb_rd=x5 wb_val=00000002 IF_pc=00000000 IF_inst=00000013 ID_pc=00000000 ID_inst=00000013 EX_pc=00000000 EX_alu=00000000 mem_stall=0 mem_commit=0 mem_we=0000 mem_addr=00000598 mem_wd=00000002 mem_rd=0540006f
COMMIT t=6525000 wb_pc=000005cc wb_we=0 wb_rd=x13 wb_val=00000598 IF_pc=00000000 IF_inst=00000013 ID_pc=00000000 ID_inst=00000013 EX_pc=00000000 EX_alu=00000000 mem_stall=0 mem_commit=0 mem_we=0000 mem_addr=00000000 mem_wd=00000000 mem_rd=00002117
COMMIT t=6555000 wb_pc=00000000 wb_we=1 wb_rd=x0 wb_val=00000000 IF_pc=000005a0 IF_inst=00000013 ID_pc=0000059c ID_inst=9a410113 EX_pc=00000598 EX_alu=00002598 mem_stall=0 mem_commit=0 mem_we=0000 mem_addr=00000000 mem_wd=00000000 mem_rd=0540006f
COMMIT t=6565000 wb_pc=00000000 wb_we=1 wb_rd=x0 wb_val=00000000 IF_pc=000005a4 IF_inst=00000013 ID_pc=000005a0 ID_inst=00000013 EX_pc=0000059c EX_alu=00001f3c mem_stall=0 mem_commit=0 mem_we=0000 mem_addr=00002598 mem_wd=00000000 mem_rd=0540006f
COMMIT t=6575000 wb_pc=00000598 wb_we=1 wb_rd=x2 wb_val=00002598 IF_pc=000005a8 IF_inst=122330b7 ID_pc=000005a4 ID_inst=00000013 EX_pc=000005a0 EX_alu=00000000 mem_stall=0 mem_commit=0 mem_we=0000 mem_addr=00001f3c mem_wd=00000001 mem_rd=00000000
COMMIT t=6585000 wb_pc=0000059c wb_we=1 wb_rd=x2 wb_val=00001f3c IF_pc=000005ac IF_inst=00108093 ID_pc=000005a8 ID_inst=122330b7 EX_pc=000005a4 EX_alu=00000000 mem_stall=0 mem_commit=0 mem_we=0000 mem_addr=00000000 mem_wd=00000000 mem_rd=00112233
COMMIT t=6595000 wb_pc=000005a0 wb_we=1 wb_rd=x0 wb_val=00000000 IF_pc=000005b0 IF_inst=00112a23 ID_pc=000005ac ID_inst=00108093 EX_pc=000005a8 EX_alu=12233000 mem_stall=0 mem_commit=0 mem_we=0000 mem_addr=00000000 mem_wd=00000000 mem_rd=0540006f
COMMIT t=6605000 wb_pc=000005a4 wb_we=1 wb_rd=x0 wb_val=00000000 IF_pc=000005b4 IF_inst=01412703 ID_pc=000005b0 ID_inst=00112a23 EX_pc=000005ac EX_alu=12233001 mem_stall=0 mem_commit=0 mem_we=0000 mem_addr=12233000 mem_wd=00001f3c mem_rd=0540006f
COMMIT t=6615000 wb_pc=000005a8 wb_we=1 wb_rd=x1 wb_val=12233000 IF_pc=000005b8 IF_inst=122333b7 ID_pc=000005b4 ID_inst=01412703 EX_pc=000005b0 EX_alu=00001f50 mem_stall=0 mem_commit=0 mem_we=0000 mem_addr=12233001 mem_wd=00000000 mem_rd=00000000
COMMIT t=6625000 wb_pc=000005ac wb_we=1 wb_rd=x1 wb_val=12233001 IF_pc=000005bc IF_inst=00138393 ID_pc=000005b8 ID_inst=122333b7 EX_pc=000005b4 EX_alu=00001f50 mem_stall=1 mem_commit=0 mem_we=0000 mem_addr=00001f50 mem_wd=12233001 mem_rd=00000000
COMMIT t=6635000 wb_pc=000005ac wb_we=1 wb_rd=x1 wb_val=12233001 IF_pc=000005bc IF_inst=00138393 ID_pc=000005b8 ID_inst=122333b7 EX_pc=000005b4 EX_alu=00001f50 mem_stall=0 mem_commit=1 mem_we=1111 mem_addr=00001f50 mem_wd=12233001 mem_rd=12233001
MEM_WRITE t=6635000 pc=000005ac addr=00001f50 wd=12233001 ctrl=1
COMMIT t=6645000 wb_pc=000005b0 wb_we=0 wb_rd=x20 wb_val=00001f50 IF_pc=000005c0 IF_inst=00771a63 ID_pc=000005bc ID_inst=00138393 EX_pc=000005b8 EX_alu=12233000 mem_stall=1 mem_commit=0 mem_we=0000 mem_addr=00001f50 mem_wd=00000000 mem_rd=12233001
COMMIT t=6665000 wb_pc=000005b4 wb_we=1 wb_rd=x14 wb_val=12233001 IF_pc=000005c4 IF_inst=00120213 ID_pc=000005c0 ID_inst=00771a63 EX_pc=000005bc EX_alu=12233001 mem_stall=0 mem_commit=0 mem_we=0000 mem_addr=12233000 mem_wd=00001f3c mem_rd=12233001
COMMIT t=6685000 wb_pc=000005bc wb_we=1 wb_rd=x7 wb_val=12233001 IF_pc=000005cc IF_inst=fc5216e3 ID_pc=000005c8 ID_inst=00200293 EX_pc=000005c4 EX_alu=00000002 mem_stall=0 mem_commit=0 mem_we=0000 mem_addr=000005d4 mem_wd=00003001 mem_rd=00000000
COMMIT t=6695000 wb_pc=000005c0 wb_we=0 wb_rd=x20 wb_val=000005d4 IF_pc=000005d0 IF_inst=00301c63 ID_pc=000005cc ID_inst=fc5216e3 EX_pc=000005c8 EX_alu=00000002 mem_stall=0 mem_commit=0 mem_we=0000 mem_addr=00000002 mem_wd=00010000 mem_rd=0ff0000f
COMMIT t=6705000 wb_pc=000005c4 wb_we=1 wb_rd=x4 wb_val=00000002 IF_pc=000005d4 IF_inst=0ff0000f ID_pc=000005d0 ID_inst=00301c63 EX_pc=000005cc EX_alu=00000598 mem_stall=0 mem_commit=0 mem_we=0000 mem_addr=00000002 mem_wd=003c0000 mem_rd=0540006f
COMMIT t=6715000 wb_pc=000005c8 wb_we=1 wb_rd=x5 wb_val=00000002 IF_pc=000005d8 IF_inst=800002b7 ID_pc=000005d4 ID_inst=0ff0000f EX_pc=000005d0 EX_alu=000005e8 mem_stall=0 mem_commit=0 mem_we=0000 mem_addr=00000598 mem_wd=00000002 mem_rd=0540006f
COMMIT t=6725000 wb_pc=000005cc wb_we=0 wb_rd=x13 wb_val=00000598 IF_pc=00000000 IF_inst=00000013 ID_pc=00000000 ID_inst=00000013 EX_pc=00000000 EX_alu=00000000 mem_stall=0 mem_commit=0 mem_we=0000 mem_addr=000005e8 mem_wd=00000017 mem_rd=00002117
COMMIT t=6735000 wb_pc=000005d0 wb_we=0 wb_rd=x24 wb_val=000005e8 IF_pc=00000000 IF_inst=00000013 ID_pc=00000000 ID_inst=00000013 EX_pc=00000000 EX_alu=00000000 mem_stall=0 mem_commit=0 mem_we=0000 mem_addr=00000000 mem_wd=00000000 mem_rd=0ff0000f
COMMIT t=6765000 wb_pc=00000000 wb_we=1 wb_rd=x0 wb_val=00000000 IF_pc=000005f0 IF_inst=00100313 ID_pc=000005ec ID_inst=800002b7 EX_pc=000005e8 EX_alu=000000ff mem_stall=0 mem_commit=0 mem_we=0000 mem_addr=00000000 mem_wd=00000000 mem_rd=0540006f
COMMIT t=6775000 wb_pc=00000000 wb_we=1 wb_rd=x0 wb_val=00000000 IF_pc=000005f4 IF_inst=0062a023 ID_pc=000005f0 ID_inst=00100313 EX_pc=000005ec EX_alu=80000000 mem_stall=0 mem_commit=0 mem_we=0000 mem_addr=000000ff mem_wd=00000000 mem_rd=0540006f
COMMIT t=6785000 wb_pc=000005e8 wb_we=0 wb_rd=x0 wb_val=000000ff IF_pc=000005f8 IF_inst=0000006f ID_pc=000005f4 ID_inst=0062a023 EX_pc=000005f0 EX_alu=00000001 mem_stall=0 mem_commit=0 mem_we=0000 mem_addr=80000000 mem_wd=00000000 mem_rd=00aa03b7
COMMIT t=6795000 wb_pc=000005ec wb_we=1 wb_rd=x5 wb_val=80000000 IF_pc=000005fc IF_inst=c0001073 ID_pc=000005f8 ID_inst=0000006f EX_pc=000005f4 EX_alu=80000000 mem_stall=0 mem_commit=0 mem_we=0000 mem_addr=00000001 mem_wd=00000100 mem_rd=00000000
COMMIT t=6805000 wb_pc=000005f0 wb_we=1 wb_rd=x6 wb_val=00000001 IF_pc=00000600 IF_inst=00000000 ID_pc=000005fc ID_inst=c0001073 EX_pc=000005f8 EX_alu=000005f8 mem_stall=1 mem_commit=0 mem_we=0000 mem_addr=80000000 mem_wd=00000001 mem_rd=0540006f
COMMIT t=6815000 wb_pc=000005f0 wb_we=1 wb_rd=x6 wb_val=00000001 IF_pc=00000000 IF_inst=00000013 ID_pc=00000000 ID_inst=00000013 EX_pc=000005f8 EX_alu=000005f8 mem_stall=0 mem_commit=1 mem_we=1111 mem_addr=80000000 mem_wd=00000001 mem_rd=00000000
MEM_WRITE t=6815000 pc=000005f0 addr=80000000 wd=00000001 ctrl=1
RESULT PASS pc=000005f0 time=6815000

--- console ---
START test_current.mem
RESULT PASS test_current.mem pc=000005f0 time=6815000
D:\riscv32_pipeline\riscv32_pipeline.srcs\sim_1\new\tb_bram_batch.v:142: $finish called at 6815000 (1ps)

