00000000000000010000000100010111
00000000000000010000000100010011
00000000000000000111000110010111
00101010110000011000000110010011
00000000000000000111001010010111
10101010010000101000001010010011
11111111110000011000001100010011
00000000011000101111100001100011
00000000000000101010000000100011
00000000010000101000001010010011
11111111010111111111000001101111
00001111010000000001000011101111
00000000000000000000000001101111
00000000000001100000101001100011
00000000001001010001010100000011
00000000001001011001011110000011
01000000111101010000010100110011
00000000000000001000000001100111
00000000000001010001011110000011
00000001000001111001011100010011
00000001000001110101011100010011
00000000100001110101011100010011
11110000000001111111011110010011
00000000111001111110011110110011
00000000111101010001000000100011
00000000000001011001011110000011
00000000001001010001010100000011
00000001000001111001011100010011
00000001000001110101011100010011
00000000100001110101011100010011
11110000000001111111011110010011
00000000111001111110011110110011
00000000111101011001000000100011
00000000001001011001011110000011
01000000111101010000010100110011
00000000000000001000000001100111
11111110000000010000000100010011
00000000100100010010101000100011
11111101000000011000010010010011
00000001010100010010001000100011
00000000000001001010101010000011
00000001001100010010011000100011
00000001010000010010010000100011
00000000000100010010111000100011
00000000100000010010110000100011
00000001001000010010100000100011
00000001011000010010000000100011
00000011111100000000011110010011
00000000000001010000100110010011
00000000000001011000101000010011
00000111010101111111100001100011
00000000000001010001010000000011
00000000000110101000011110010011
11111100111100011010100000100011
01000000011101000101011110010011
00000000000101111111011110010011
00000111111101000111010010010011
00010110000001111001000001100011
01000000001101000101010110010011
00000000111101011111010110010011
00000000010001011001011100010011
00000000011101000111011110010011
00000000111001011110010110110011
00011100000001111000000001100011
00000000000100000000011100010011
00010110111001111001011001100011
00000011100010100101011000000011
00000010100010100000010100010011
00100001010100000010000011101111
00000011110010100101011110000011
00000001000001010001010010010011
00000000000001010000100100010011
01000001000001001101010010010011
00010100000001111001110001100011
00000011001010100001111000100011
00000011111100000000011110010011
00010101010101111110011001100011
00001010110000000000000001101111
00000000000001010000011000010011
00000000000010101000010110010011
00000000000010100000011010010011
00000000000000000100010100010111
01001101010001010000010100010011
00000001000100000011000011101111
00000000000010011001010000000011
00000000000001001010011110000011
00000000000000000100010100010111
01001111010001010000010100010011
01000000011101000101010010010011
00000001000001000001100100010011
00000000000101001111010010010011
00000001000010010101100100010011
00000000000101111000011110010011
00000000000001001000011000010011
00000000000010010000010110010011
11111100111100011010100000100011
01111101110000000011000011101111
00010010000001001001000001100011
01000000001101000101010010010011
00000000111101001111011000010011
00000000010001100001010010010011
00000011100010100101100000000011
00000010100010100010011110000011
00000001010010100010011100000011
00000001100010100010011010000011
00000000011101000111101100010011
00000000110001001110010010110011
00000000000001001000011000010011
00000000000010110000010110010011
00000000000000000100010100010111
01011010000001010000010100010011
01111010000000000011000011101111
00011000000010110000011001100011
00000000000100000000011110010011
00010010111110110000111001100011
00000000000010010000010110010011
00000000000000000100010100010111
01001010010001010000010100010011
01111000010000000011000011101111
00000000000001000000010010010011
00000011100010100101011000000011
00000000000010010000010110010011
00000000000000000100010100010111
01001011000001010000010100010011
01110110110000000011000011101111
00000011100010100101010110000011
00000111111101001111010010010011
11110000000001000111010000010011
00000000000010010000010100010011
00000000100001001110010000110011
00100100100000000011000011101111
00001000000001000110010000010011
00000001000001000001011000010011
00000010101010100001110000100011
00000001000001100101011000010011
00000000000010011000010110010011
00000000000000000100010100010111
01001010110001010000010100010011
01110011010000000011000011101111
00000000100010011001000000100011
00000011100010100101011000000011
00000000000001001000010110010011
00000000000000000100010100010111
01001100100001010000010100010011
01110001110000000011000011101111
00000001110000010010000010000011
00000001100000010010010000000011
00000000000001001000010100010011
00000001000000010010100100000011
00000001010000010010010010000011
00000000110000010010100110000011
00000000100000010010101000000011
00000000010000010010101010000011
00000000000000010010101100000011
00000010000000010000000100010011
00000000000000001000000001100111
00000001000001000001100100010011
00000001000010010101100100010011
00000000000001000000010010010011
00000011100010100101010110000011
00000000000010010000010100010011
00000111111101001111010010010011
11110000000001000111010000010011
00011100010000000011000011101111
00000000100001001110010000110011
00000010101010100001110000100011
00001000000001000110010000010011
00000000100010011001000000100011
11111010010111111111000001101111
00000111111101000111010010010011
00000000000001001000010110010011
00000000000000000100010100010111
01001000010001010000010100010011
01101010100000000011000011101111
11111000110111111111000001101111
00000010001000000000011010010011
00000011100010100101011110000011
00000000000001011000011100010011
00000000110101011101010001100011
00000010001000000000011100010011
00000000001010100001011010000011
00000000000010100001011000000011
00000001010010100010010110000011
00000001100010100010010100000011
00001111111101110111011100010011
01011111110100000010000011101111
00000011111010100101011110000011
00000001000001010001010010010011
00000000000001010000100100010011
01000001000001001101010010010011
11111000000001111001001011100011
00000011001010100001111100100011
11100010110111111111000001101111
00000000000001001000010110010011
00000000000000000100010100010111
01001110100001010000010100010011
01100100110000000011000011101111
00000011100010100101011000000011
00000000000001001000010110010011
00000010100010100000010100010011
00000000010100000010000011101111
00000000000001010000100100010011
00000000000001010000010110010011
00000000000000000100010100010111
01001110100001010000010100010011
01100010100000000011000011101111
00000011110010100101011110000011
00000001000010010001010010010011
01000001000001001101010010010011
11011110000001111000001011100011
11101001100111111111000001101111
00000010001000000000011110010011
00000000000001001000011100010011
00000110111101001100001001100011
00000001000001110001010010010011
01000001000001001101010010010011
00000000000001001000010110010011
00000000000000000100010100010111
01000100010001010000010100010011
01011111000000000011000011101111
00000011100010100101011110000011
00000000001010100001011010000011
00000000000010100001011000000011
00000001010010100010010110000011
00000001100010100010010100000011
00000000000001001000011100010011
01010101100100000010000011101111
00000000000001010000100100010011
00000000000001010000010110010011
00000000000000000100010100010111
01000011100001010000010100010011
01011100000000000011000011101111
00000011111010100101011110000011
00000001000010010001010010010011
01000001000001001101010010010011
11100010000001111001101011100011
00000011001010100001111100100011
11010111100111111111000001101111
00000010001000000000011100010011
11111001110111111111000001101111
11111110000000010000000100010011
00000000100000010010110000100011
11111101010000011000010000010011
00000000000001000010100000000011
00000000100100010010101000100011
00000001001000010010100000100011
00000000000100010010111000100011
00000001001100010010011000100011
00000011111100000000011110010011
00000000000001011000100100010011
00000000000001100000010010010011
00000101000001111111010001100011
00000000000110000000100000010011
00000000000001100000010110010011
11111101000000011010101000100011
11001001010111111111000011101111
00000000000001010000010000010011
00000000000001001000010110010011
00000000000010010000010100010011
11001000010111111111000011101111
01000000101001000000010000110011
00000000000001000000010100010011
00000001110000010010000010000011
00000001100000010010010000000011
00000001010000010010010010000011
00000001000000010010100100000011
00000000110000010010100110000011
00000010000000010000000100010011
00000000000000001000000001100111
00000000000001010000011100010011
00000000000001011000011010010011
00000000000001010000011000010011
00000000000001010000100110010011
00000000000001011000011110010011
00000000000000000100010100010111
00111111010001010000010100010011
00000000000010000000010110010011
01010000100000000011000011101111
00000000000001000010011110000011
00000000000001001000010110010011
00000000000010011000010100010011
00000000000101111000011110010011
11111100111100011010101000100011
11000010010111111111000011101111
00000001000001010001100110010011
00000001000010011101100110010011
00000000000010011000010110010011
00000000000001010000010000010011
00000000000000000100010100010111
01000000010001010000010100010011
01001101010000000011000011101111
00000000000001001000010110010011
00000000000010010000010100010011
10111111110111111111000011101111
01000000101001000000010000110011
00000001000001010001011000010011
00000000000001000000011010010011
00000000000010011000010110010011
00000001000001100101011000010011
00000000000000000100010100010111
00111111100001010000010100010011
01001010100000000011000011101111
00000000000001000000010100010011
00000001110000010010000010000011
00000001100000010010010000000011
00000001010000010010010010000011
00000001000000010010100100000011
00000000110000010010100110000011
00000010000000010000000100010011
00000000000000001000000001100111
11111110000000010000000100010011
00000000100100010010101000100011
00000001001000010010100000100011
00000000000001101000010010010011
00000000000001100000100100010011
00000000000001101010011010000011
00000000000001100010011000000011
00000001001100010010011000100011
00000000000001010000100110010011
00000001010000010010010000100011
00000000000000000100010100010111
01111111110001010000010100010011
00000000000001011000101000010011
00000000000010011000010110010011
00000000100000010010110000100011
00000001010100010010001000100011
00000001011000010010000000100011
00000000000100010010111000100011
00000000000001111000101100010011
00000000000001110000101010010011
01000011010000000011000011101111
00000000000010010010010000000011
00000000100001000000011110010011
00001011010101111111010001100011
00000000000001001010011100000011
00000000010001110000011010010011
00001001011001101111010001100011
00000000111110010010000000100011
00000000000010011010011110000011
00000000001010100001010100000011
00000000000010100001100000000011
00000000111101000010000000100011
00000000100010011010000000100011
00000000111001000010001000100011
00000000000001001010011100000011
00000000000001000010011000000011
00000001000001010001011110010011
00000000010001110000011100010011
00000000111001001010000000100011
00000000010001000010011010000011
00000001000010000001011100010011
00000001000001111101011110010011
00000000101001101001000100100011
00000001000001110101011100010011
00000000000001000000010110010011
00000001000001101001000000100011
00000000000000000100010100010111
01111111100001010000010100010011
00111100010000000011000011101111
00000000000001000000010100010011
00000001110000010010000010000011
00000001100000010010010000000011
00000001010000010010010010000011
00000001000000010010100100000011
00000000110000010010100110000011
00000000100000010010101000000011
00000000010000010010101010000011
00000000000000010010101100000011
00000010000000010000000100010011
00000000000000001000000001100111
00000000000000000100010100010111
01111010100001010000010100010011
00111000110000000011000011101111
00000000000000000000010000010011
11111100010111111111000001101111
00000000000000000100010100010111
01110111110001010000010100010011
00110111100000000011000011101111
00000000000000000000010000010011
11111011000111111111000001101111
00000000001001011001011100000011
00000010000001110100100001100011
00000010000001010000010001100011
00000000010001010010011110000011
00000000001001111001011110000011
00000000111001111001101001100011
00000101000000000000000001101111
00000000010001010010011110000011
00000000001001111001011110000011
00000000111001111000011001100011
00000000000001010010010100000011
11111110000001010001100011100011
00000000000000001000000001100111
11111110000001010000111011100011
00000000010001010010011110000011
00000000000001011001011100000011
00000000000001111100011110000011
00000000111001111001101001100011
00000010010000000000000001101111
00000000010001010010011110000011
00000000000001111100011110000011
00000000111001111000100001100011
00000000000001010010010100000011
11111110000001010001100011100011
11111101000111111111000001101111
00000000000000001000000001100111
00000000000000001000000001100111
00000000000000001000000001100111
11111011000000010000000100010011
00000011101000010010000000100011
00000000000001010000110100010011
00000011011100010010011000100011
00000000000000000100010100010111
01110110110001010000010100010011
00000000000001011000101110010011
00000000000011010000010110010011
00000011010000010010110000100011
00000011010100010010101000100011
00000011011000010010100000100011
00000011100100010010001000100011
00000100000100010010011000100011
00000100100000010010010000100011
00000100100100010010001000100011
00000101001000010010000000100011
00000011001100010010111000100011
00000011100000010010010000100011
00000001101100010010111000100011
00000000000001100000101100010011
00000000000100000000110010010011
00101010100000000011000011101111
00000000000011010000011000010011
00000000000011001000010110010011
00000000000000000100010100010111
01110100000001010000010100010011
11111101100000011000101000010011
00000101111100000000101010010011
00101000110000000011000011101111
00010110000011010000010001100011
00000000000000010010011000100011
00000000000000000000100100010011
00000000000000000000100110010011
00000000110000010010011110000011
00000000000011010000010000010011
00000000000000000000010010010011
00000000000101111000011110010011
00000000111100010010011000100011
00000000000001000010010000000011
00000000000101001000010010010011
00000000000001000000010001100011
11111110100111001001101011100011
00000000000011001000110110010011
00000100000001001000100001100011
00000110000011011000100001100011
00000110000001000000011001100011
00000000000010100010111000000011
00000000010011010010010100000011
00000000010001000010010110000011
00000111110010101111011001100011
00000000000111100000111000010011
11111101110000011010110000100011
00000000000010110000011000010011
00000000000010111000000011100111
00000000000001010000110000010011
00000101100000000101001001100011
00000000000001000000011110010011
00000000000001000010010000000011
11111111111111011000110110010011
00000010000010010000010001100011
00000000111110010010000000100011
00000000000001111000100100010011
11111010000001001001110011100011
00001000000011011000100001100011
00001000000001000000101001100011
00000000000001000000011110010011
11111111111111011000110110010011
00000000000001000010010000000011
11111110000010010001000011100011
00000000000001111000100110010011
00000000000001111000100100010011
11111101110111111111000001101111
00000000000011010000011110010011
11111111111101001000010010010011
00000000000011010010110100000011
11111100000111111111000001101111
00000000000001010000011100010011
00000000000011011000100010010011
00000000000001001000100000010011
00000000000001011000011110010011
00000000000001000000011010010011
00000000000011100000010110010011
00000000000011010000011000010011
00000000000000000100010100010111
01101000100001010000010100010011
00011010100000000011000011101111
00000000000010100010011110000011
00000000010001000010010110000011
00000000010011010010010100000011
00000000000101111000011110010011
11111100111100011010110000100011
00000000000010110000011000010011
00000000000010111000000011100111
00000000000001010000110000010011
00000000000001010000010110010011
00000000000000000100010100010111
01101011110001010000010100010011
00010111100000000011000011101111
11110101010111111111000001101111
00000000000001000000110100010011
11101110000001000001101011100011
00000000110000010010010000000011
00000000000010010010000000100011
00000000000010011000011010010011
00000000000001000000011000010011
00000000000011001000010110010011
00000000000000000100010100010111
01101011010001010000010100010011
00010100110000000011000011101111
00000000000100000000011110010011
00000010111101000000011001100011
00000000000010011000110100010011
00000000000111001001110010010011
00000000000011010000011000010011
00000000000011001000010110010011
00000000000000000100010100010111
01011101010001010000010100010011
00010010100000000011000011101111
11101010000011010001000011100011
00000000000000000010000000100011
00000000000100000000000001110011
00000000000010011000010110010011
00000000000000000100010100010111
01101011010001010000010100010011
00010000110000000011000011101111
00000100110000010010000010000011
00000100100000010010010000000011
00000000000010011000010100010011
00000100010000010010010010000011
00000100000000010010100100000011
00000011110000010010100110000011
00000011100000010010101000000011
00000011010000010010101010000011
00000011000000010010101100000011
00000010110000010010101110000011
00000010100000010010110000000011
00000010010000010010110010000011
00000010000000010010110100000011
00000001110000010010110110000011
00000101000000010000000100010011
00000000000000001000000001100111
11111100000000010000000100010011
00000001100000010010110000100011
00000000010001010001110000000011
00000010100000010010110000100011
00000011010100010010001000100011
00000011011000010010000000100011
00000010000100010010111000100011
00000010100100010010101000100011
00000011001000010010100000100011
00000011001100010010011000100011
00000011010000010010010000100011
00000001011100010010111000100011
00000001100100010010101000100011
00000000000000010001011000100011
00000000101100010001011100100011
00000000000001010000101100010011
00000000000001011000101010010011
00000010010001010010010000000011
00100001100000000101101001100011
00000000000001011000110010010011
00000000000000000000010010010011
00000000000000000000101110010011
00000000000000000000100110010011
00000000000000000000100100010011
00000000110000010000101000010011
00001111111101001111011110010011
00000000000010100000010110010011
00000000000001000000010100010011
00000000111100010001011000100011
11001110100111111111000011101111
00000010000001000000000001100011
00000000000000000000011100010011
00000000100000000000000001101111
00000000000001111000010000010011
00000000000001000010011110000011
00000000111001000010000000100011
00000000000001000000011100010011
11111110000001111001100011100011
00000110000001010000101001100011
00000000010001010010011110000011
00000000000110011000100110010011
00000001000010011001100110010011
00000000000001111001011110000011
00000001000010011101100110010011
00000000000101111111011100010011
00000000000001110000110001100011
01000000100101111101011110010011
00000000000101111111011110010011
00000000111110010000100100110011
00000001000010010001100100010011
00000001000010010101100100010011
00000000000001010010011110000011
00000000000001111000110001100011
00000000000001111010011100000011
00000000111001010010000000100011
00000000000001000010011100000011
00000000111001111010000000100011
00000000111101000010000000100011
00000000000011001100011001100011
00000000000111001000110010010011
00000001100100010001011100100011
00000000000101001000010010010011
00000001000001001001010010010011
01000001000001001101010010010011
00000010100111000000110001100011
00000000111000010001110010000011
11110101110111111111000001101111
00000000000001000010011110000011
00000000000110111000101110010011
00000001000010111001101110010011
00000000010001111010011110000011
00000001000010111101101110010011
00000000000101111000011110000011
00000000000101111111011110010011
00000000111110010000100100110011
00000001000010010001100100010011
00000001000010010101100100010011
11111011010111111111000001101111
00000000001010011001010010010011
01000001011101001000010010110011
00000000100110010000010010110011
00000001000001001001010010010011
00000001000001001101010010010011
00000001010100000101111001100011
00000000000001000000010100010011
00000000000010110000011000010011
00000000000000000000010110010111
10011101010001011000010110010011
11000110110111111111000011101111
00000000000001010000010000010011
00000000000001000010011110000011
00000000000010100000010110010011
00000000000001000000010100010011
00000000000001111010100110000011
00000000010001111010101000000011
00000000010010011010011010000011
00000000000010011010011100000011
00000000110101111010001000100011
00000001010010011010001000100011
00000000111001111010000000100011
00000000000010011010000000100011
10111100100111111111000011101111
00000000000001010000100100010011
00001010000001010000101001100011
00000000010001000010011110000011
00000000000001001000010110010011
00000000000001111001010100000011
00101100010100000010000011101111
00000000000010010010100100000011
00000000000001010000010010010011
11111110000010010001010011100011
00000000000001000010100100000011
00000000010010011010101000000011
00000000010010010010011100000011
00000000000010010010011110000011
00000000000001000000010100010011
00000000111010011010001000100011
00000001010010010010001000100011
00000000111110011010000000100011
00000001001110010010000000100011
00000000000000000000011000010011
11111111111111111111010110010111
01011011110001011000010110010011
10111110000111111111000011101111
00000000000001010010010000000011
00000000000001010000100100010011
00000010000001000000000001100011
00000000010010010010011110000011
00000000000001001000010110010011
00000000000001111001010100000011
00100110100100000010000011101111
00000000000001000010010000000011
00000000000001010000010010010011
11111110000001000001010011100011
00000011110000010010000010000011
00000011100000010010010000000011
00000000000001001000010100010011
00000011000000010010100100000011
00000011010000010010010010000011
00000010110000010010100110000011
00000010100000010010101000000011
00000010010000010010101010000011
00000010000000010010101100000011
00000001110000010010101110000011
00000001100000010010110000000011
00000001010000010010110010000011
00000100000000010000000100010011
00000000000000001000000001100111
00000000000001000010100100000011
11110100000010010001011011100011
11110110110111111111000001101111
00000000000000000000010010010011
00000000110000010000101000010011
11101110100111111111000001101111
11111010000000010000000100010011
00000101010000010010010000100011
00000001000001100001101000010011
00000101001100010010011000100011
00000001000010100101101000010011
00000000000001010000100110010011
00000000100000000000011100010011
00000000000010100000011010010011
00000000010000000000011110010011
00000000000001011000011000010011
00000000101100010010011000100011
00000000000000000100010100010111
11011011000001010000010100010011
00000000000010011000010110010011
00000100000100010010111000100011
00000100100000010010110000100011
00000100100100010010101000100011
00000101001000010010100000100011
00000101010100010010001000100011
00000101011000010010000000100011
00000011011100010010111000100011
00000011100000010010110000100011
00000011100100010010101000100011
00000011101000010010100000100011
00000011101100010010011000100011
01011111110100000010000011101111
00000001010000000000010110010011
00000000000000000100010100010111
11011100000001010000010100010011
01011110110100000010000011101111
00000001010000000000011000010011
00000000000010011000010110010011
00000000000000000100010100010111
11011100110001010000010100010011
01011101100100000010000011101111
00000001010000000000011110010011
00000010111110011101011110110011
00000000000000000100010100010111
11011110100001010000010100010011
11111111111001111000010000010011
00000000000001000000010110010011
00000000111100010010010000100011
01011011100100000010000011101111
00000000110000010010010010000011
00000000001101000001100100010011
00000000001001000001101010010011
00000001001001001000100100110011
00000001010110010000101010110011
00000000000010101000011010010011
00000000000010010000011000010011
00000000000001001000011100010011
00000000000010010000010110010011
00000000000000000100010100010111
11011100110001010000010100010011
00000001001000010010110000100011
01011000010100000010000011101111
00000000000000000100010100010111
11100000010001010000010100010011
01010111100100000010000011101111
00000000000000000100010100010111
11100001000001010000010100010011
00000000000001001010000000100011
01010110100100000010000011101111
00000001100000010010011110000011
00000000000000000100010100010111
11100001010001010000010100010011
00000000000001111000010110010011
00000000111101001010001000100011
01010101000100000010000011101111
00000000010001001010011110000011
00000000000000000100010100010111
11100010000001010000010100010011
00000000000001111001000100100011
01010011110100000010000011101111
00000000010001001010011100000011
11111111111111111000011110110111
00001000000001111000011110010011
00000000111101110001000000100011
00000000000000000100010100010111
11100001100001010000010100010011
01010010000100000010000011101111
00000001100000010010011110000011
00000000110000010010011100000011
00000000000000000100010100010111
11100001110001010000010100010011
00000000010001111000011110010011
00000000100001110000011100010011
00000000000001111000011000010011
00000000111100010010110000100011
10000000000000000000011110110111
00000000000001110000010110010011
11111111111101111100011110010011
00000000111000010010011000100011
00000000111100010010111000100011
01001110100100000010000011101111
00000001100000010000011010010011
00000000110000010000011000010011
00000001110000010000010110010011
00000000000010101000011110010011
00000000000010010000011100010011
00000000000001001000010100010011
10000100100111111111000011101111
00000001100000010010011010000011
00000000110000010010011000000011
00000000000001010000101100010011
00000000000001010000010110010011
00000000000000000100010100010111
11011111010001010000010100010011
01001011000100000010000011101111
00011100000010110000011001100011
00000000000001000000010110010011
00000000000000000100010100010111
11100010000001010000010100010011
01001001110100000010000011101111
00000000000000000000110010010011
00001000000001000000101001100011
00000000001100000000101100010011
00000000000000000100110000010111
11111110010011000000110000010011
00000000000000000100101110010111
11100010010010111000101110010011
00000001000011001001011110010011
00000001000001111101011110010011
00000000111110100100011000110011
00000000001101100001011000010011
00000000011101111111011110010011
00000111100001100111011000010011
00000000111101100110011000110011
00000000100001100001011110010011
00000000110001111110011110110011
00000000111100010001111000100011
00100001100110110111101001100011
00000000000111001000110100010011
00011100100011010000011001100011
00000000011111010111100110010011
00011100000010011000001001100011
00000000000010101000011110010011
00000000000010010000011100010011
00000001100000010000011010010011
00000000110000010000011000010011
00000001110000010000010110010011
00000000000001001000010100010011
11111010010011111111000011101111
00000000000001010000110110010011
00000000000010011001101001100011
00000000000011011000011000010011
00000000000011001000010110010011
00000000000010111000010100010011
01000001000100000010000011101111
00100000000011011000001001100011
00000000000111001000110010010011
11111001100101000001010011100011
00000001100000010010011010000011
00000000110000010010011000000011
00000000000011001000010110010011
00000000000000000100010100010111
11011110010001010000010100010011
00111110110100000010000011101111
00000000000001001010101010000011
00000000100000010010011110000011
00000000000000000100010100010111
11100000100001010000010100010011
00000000000010101000010110010011
00000000010100000000101110010011
00000000001101111000100110010011
00111100110100000010000011101111
00000011011101000101101110110011
00000000000000000100110000110111
00000000000100000000110110010011
00000000000000000000100100010011
00000000001100000000101100010011
00000000000000000100110100010111
11100000000011010000110100010011
11111111111111000000110000010011
00000000000000000100110010010111
11100011100011001000110010010011
00000000000010101010011010000011
00000110000001101000100001100011
00000001001010110111011001100011
00000000011110010111011110010011
00000000000001111001110001100011
00000000000011011000011100010011
00000000000010101000011000010011
00000000000010010000010110010011
00000000000011010000010100010011
00110111110100000010000011101111
00000000010010101010011100000011
00001101011111011111101001100011
00000001101101110001000100100011
00000001001010110111011001100011
00000000011110010111011110010011
00000000000001111001101001100011
00000000001001110101011000000011
00000000000010010000010110010011
00000000000011001000010100010011
00110101010100000010000011101111
00000000000110010000100100010011
00000000000010101010101010000011
00000000000111011000110110010011
11111011001110010001001011100011
00000000000001000000011000010011
00000000000010010000010110010011
00000000000000000100010100010111
11011111010001010000010100010011
00110011000100000010000011101111
00000000000010101000011000010011
00000000000010010000010110010011
00000000000000000100010100010111
11100001000001010000010100010011
00110001110100000010000011101111
00000000000001001000010110010011
00000000000000000100010100010111
11100010110001010000010100010011
00110000110100000010000011101111
11111111111111111111010110010111
00011110000001011000010110010011
00000000000001001000010100010011
00000000000000000000011000010011
11111111110011111111000011101111
00000000000001010000010010010011
00000000000001010000010110010011
00000000000000000100010100010111
11100010010001010000010100010011
00101110010100000010000011101111
00000101110000010010000010000011
00000101100000010010010000000011
00000000000001001000010100010011
00000101000000010010100100000011
00000101010000010010010010000011
00000100110000010010100110000011
00000100100000010010101000000011
00000100010000010010101010000011
00000100000000010010101100000011
00000011110000010010101110000011
00000011100000010010110000000011
00000011010000010010110010000011
00000011000000010010110100000011
00000010110000010010110110000011
00000110000000010000000100010011
00000000000000001000000001100111
00000000100010010001011110010011
00100000000001111000011110010011
01110000000001111111011110010011
00000001101110100100011010110011
00000000110101111110011110110011
00000001100001111111011110110011
00000000111101110001000100100011
11110001100111111111000001101111
00000001100000010010011100000011
00000000110000010010011010000011
00000000000011001000010110010011
00000000000011000000010100010011
00100111000100000010000011101111
00000000000010101000011110010011
00000000000010010000011100010011
00000001100000010000011010010011
00000000110000010000011000010011
00000001110000010000010110010011
00000000000001001000010100010011
11011101000011111111000011101111
00000000000001010000110110010011
00000000011111010111100110010011
11100011101001000001010011100011
11100010100111111111000001101111
00000001100000010010011100000011
00000000110000010010011010000011
00000000000011001000010110010011
00000000000011000000010100010011
00100011000100000010000011101111
00000000000010101000011110010011
00000000000010010000011100010011
00000001100000010000011010010011
00000000110000010000011000010011
00000001110000010000010110010011
00000000000001001000010100010011
11011001000011111111000011101111
00000000000001010000110110010011
11011111000111111111000001101111
00000000000011001000010110010011
00000000000000000100010100010111
10111101010001010000010100010011
00011111110100000010000011101111
11011111100111111111000001101111
11111101000000010000000100010011
00000011001000010010000000100011
00000001110001010010100100000011
00000010100000010010010000100011
00000010000100010010011000100011
00000010100100010010001000100011
00000001001100010010111000100011
00000001010000010010110000100011
00000001010100010010101000100011
00000001011000010010100000100011
00000001011100010010011000100011
00000001100000010010010000100011
00000001100100010010001000100011
00000001101000010010000000100011
00000000000001010000010000010011
00000010000001010010110000100011
00000010000001010010111000100011
00000000000010010000010110010011
00000000000000000100010100010111
11110111000001010000010100010011
00011010010100000010000011101111
00010000000010010000110001100011
00000000000000000000011110010011
00000000001010010101110010010011
00000000010000000000101000010011
00000000000000000100100110010111
00000010000010011000100110010011
00000000000000000100110000010111
11111001000011000000110000010011
00000000000000000100101110010111
11111010010010111000101110010011
00000000000000000100101100010111
11111100010010110000101100010011
00000000000000000100101010010111
11111101100010101000101010010011
00000000000100000000010110010011
00000000000001000000010100010011
00000000000101111000010010010011
00000100000001111000100001100011
10001001000111111111000011101111
00000011100001000101010110000011
01000100010000000010000011101111
00000010101001000001110000100011
11111111111100000000010110010011
00000000000001000000010100010011
10000111100111111111000011101111
00000011100001000101010110000011
01000010110000000010000011101111
00000010101001000001110000100011
00001001001010100111100001100011
00001000100110010000011001100011
00000011100101001111011110110011
00001000000001111000001001100011
00000000000001001000011110010011
00000000000100000000010110010011
00000000000001000000010100010011
00000000000101111000010010010011
11111010000001111001110011100011
00000000000011000000010100010011
00010000100100000010000011101111
00000000000100000000010110010011
00000000000001000000010100010011
10000011010111111111000011101111
00000000000001010000110100010011
00000000000001010000010110010011
00000000000010111000010100010011
00001110110100000010000011101111
00000011100001000101010110000011
00000000000011010000010100010011
00111101010000000010000011101111
00000010101001000001110000100011
00000000000010110000010100010011
00001101010100000010000011101111
11111111111100000000010110010011
00000000000001000000010100010011
10000000000111111111000011101111
00000000000001010000010110010011
00000000000001010000110100010011
00000000000010101000010100010011
00001011100100000010000011101111
00000011100001000101010110000011
00000000000011010000010100010011
00111010000000000010000011101111
00000010101001000001110000100011
00000010101001000001110100100011
00000000000001010000011010010011
00000000000010010000011000010011
00000000000001001000010110010011
00000000000010011000010100010011
00001001000100000010000011101111
11110110100110010001011011100011
00000011100001000101010110000011
00000000000000000100010100010111
11100110110001010000010100010011
00000111110100000010000011101111
00000010110000010010000010000011
00000010100000010010010000000011
00000010010000010010010010000011
00000010000000010010100100000011
00000001110000010010100110000011
00000001100000010010101000000011
00000001010000010010101010000011
00000001000000010010101100000011
00000000110000010010101110000011
00000000100000010010110000000011
00000000010000010010110010000011
00000000000000010010110100000011
00000000000000000000010100010011
00000011000000010000000100010011
00000000000000001000000001100111
11110101000000010000000100010011
00000010100000010000011000010011
00000010010000010000010110010011
00000110111000010000010100010011
00001010000100010010011000100011
00001010100000010010010000100011
00001010100100010010001000100011
00001011001000010010000000100011
00001001001100010010111000100011
00001001010000010010110000100011
00001001010100010010101000100011
00001001011000010010100000100011
00001001011100010010011000100011
00001001100000010010010000100011
00001001100100010010001000100011
00001001101000010010000000100011
00000111101100010010111000100011
00000010000000010010001000100011
00111111100000000010000011101111
00000000000000000100010100010111
11101011010001010000010100010011
01111110100000000010000011101111
00000000000000000100010100010111
11101101000001010000010100010011
01111101110000000010000011101111
00000000000100000000010100010011
00100101100000000010000011101111
00000010101000010001011000100011
00000000001000000000010100010011
00100100110000000010000011101111
00000010101000010001011100100011
00000000001100000000010100010011
00100100000000000010000011101111
00000010101000010001100000100011
00000000010000000000010100010011
00100011010000000010000011101111
00000100101000010010010000100011
00000000010100000000010100010011
00100010100000000010000011101111
00000010110000010001010110000011
00000100100000010010011100000011
00000011000000010001011010000011
00000010111000010001011000000011
00000000000001010000100000010011
00000000000001010000011110010011
00000000000000000100010100010111
11101001010001010000010100010011
00000101000000010010011000100011
01110111110000000010000011101111
00000100110000010010010110000011
00011100000001011000101001100011
00000000000000000100010100010111
11101111100001010000010100010011
01110110100000000010000011101111
00000010110000010010011110000011
00011000000001111001101001100011
00000011000000010001011010000011
00011010000001101000010001100011
00000100100000010010011100000011
00000100110000010010011110000011
00000010111000010001011000000011
00000010110000010001010110000011
00000000000000000100010100010111
11101111000001010000010100010011
00000000000000000110010000010111
10001001010001000000010000010011
01110011010000000010000011101111
00000011000000010001011010000011
00000010111000010001011000000011
00000010110000010001010110000011
00000000000000000100010100010111
11110010100001010000010100010011
00000000000000000000010010010011
01110001100000000010000011101111
01111101000000000000011000010011
00000000000001000000010110010011
00000000000000000100010100010111
11110100110001010000010100010011
01110000010000000010000011101111
01111101000000000000011000010011
00000000000001000000010110010011
00000000000000000100010100010111
11110011100001010000010100010011
01101111000000000010000011101111
01111101000000000000011110010011
00000000000000000000011010010011
01111101000000000000011000010011
00000000000001000000010110010011
00000000000000000100010100010111
11110101010001010000010100010011
00000100111100010010001000100011
00000010100000010010101000100011
00000110000000010001011000100011
01101100100000000010000011101111
00000110110000010001011010000011
00000100010000010010011000000011
00000011010000010010010110000011
00000000000000000100010100010111
11110011000001010000010100010011
00000000000000000000100100010011
01101010110000000010000011101111
00000100110000010010010110000011
00000000001100000000011000010011
00000000000000000100010100010111
11110101010001010000010100010011
01101001100000000010000011101111
00000100110000010010011000000011
00000000000100000000101010010011
00000000000000000100101000010111
11110111100010100000101000010011
00000000001100000000100110010011
00000000100110101001010000110011
00000000110001000111011010110011
00000000000001001000010110010011
00000000000001000000011000010011
00000000000010010000011100010011
00000000110100000011011010110011
00000000000010100000010100010011
01100110010000000010000011101111
00000100110000010010011000000011
00000000000101001000010010010011
00000000000110010000011110010011
00000000100001100111010000110011
00000000000001000000011001100011
00000001000001111001100100010011
00000001000010010101100100010011
11111101001101001001001011100011
00000000000010010000010110010011
00000000000000000100010100010111
11110110010001010000010100010011
01100011010000000010000011101111
00000000000010010000010110010011
00000000000000000100010100010111
11111000110001010000010100010011
01100010010000000010000011101111
00001010000010010001000001100011
00000100110000010010010110000011
00000000000000000100010100010111
11111010000001010000010100010011
01100001000000000010000011101111
00001010110000010010000010000011
00001010100000010010010000000011
00001010010000010010010010000011
00001010000000010010100100000011
00001001110000010010100110000011
00001001100000010010101000000011
00001001010000010010101010000011
00001001000000010010101100000011
00001000110000010010101110000011
00001000100000010010110000000011
00001000010000010010110010000011
00001000000000010010110100000011
00000111110000010010110110000011
00000000000000000000010100010011
00001011000000010000000100010011
00000000000000001000000001100111
00000000000100000000011100010011
00000011000000010001011010000011
11100110111001111001100011100011
11100110000001101001011011100011
00110100000101010011011110110111
01000001010101111000011110010011
00000010111100010010011000100011
00000110011000000000011110010011
00000010111100010001100000100011
00000110011000000000011010010011
11100101000111111111000001101111
00000000011100000000010110010011
00000000000000000100010100010111
11001111110001010000010100010011
01011001010000000010000011101111
00000000011100000000011110010011
00000100111100010010011000100011
00000000011100000000010110010011
11100001010111111111000001101111
00000100010000010010010110000011
00000000000100000000011010010011
00000000000010010000011000010011
00000000000000000100010100010111
11110010110001010000010100010011
01010110110000000010000011101111
00000100010000010010011000000011
00000000000000000000010110010011
00000000000000000100010100010111
11110101100001010000010100010011
01010101100000000010000011101111
00000100010000010010011110000011
00000000000000000000010110010011
00000000000000000100010100010111
11110111100001010000010100010011
00000011001001111101011110110011
00000000000000000000010010010011
00000000000000000000010000010011
00000000000100000000101100010011
00000000000000000100101000010111
11111111010010100000101000010011
00000000000000000100100110010111
00000001110010011000100110010011
00000000001100000000101010010011
00000000000001111000011000010011
00000100111100010010001000100011
01010001100000000010000011101111
00000100010000010010011000000011
00000000000010010000010110010011
01111101000000000000011010010011
00000000000000000100010100010111
11110110010001010000010100010011
01010000000000000010000011101111
00000100010000010010010110000011
00000000000000000100010100010111
11111001010001010000010100010011
01001111000000000010000011101111
00000100110000010010011110000011
00000000100110110001011010110011
00000000111101101111011110110011
00100010000001111001000011100011
00000000000101001000010010010011
11111111010101001001011011100011
00000100010000010010011000000011
00000000000001000000010110010011
00000000000000000100010100010111
11111110110001010000010100010011
01001100010000000010000011101111
00000000000001000000010110010011
00000000000000000100010100010111
00000000110001010000010100010011
01001011010000000010000011101111
00000100110000010010011110000011
00000000000101111111011100010011
00010110000001110001111011100011
00000000001001111111011100010011
00010000000001110001000011100011
00000000010001111111011110010011
00000100000001111000111001100011
00000100010000010010011010000011
00000100000000010010011000000011
00000000000000000000010110010011
00000000000000000100010100010111
00010011010001010000010100010011
01001000000000000010000011101111
00000000000000000000010110010011
00000000000000000100010100010111
00010101100001010000010100010011
01000111000000000010000011101111
00000100000000010010011000000011
00000010110000010001010110000011
00000100010000010010010100000011
01110101010000000001000011101111
00000000000000000000010110010011
00000000000000000100010100010111
00010101100001010000010100010011
01000101000000000010000011101111
00000000000000000000010110010011
00000000000000000100010100010111
00010100100001010000010100010011
01000100000000000010000011101111
00000000000000000100010100010111
00010101110001010000010100010011
01000011010000000010000011101111
00000000000000000100010100010111
00010101000001010000010100010011
01000010100000000010000011101111
00000100100000010010010110000011
00011010000001011000101011100011
00000000000000000100010100010111
00011110100001010000010100010011
01000001010000000010000011101111
00000100100000010010010110000011
00000000000000000100010100010111
00011101100001010000010100010011
01000000010000000010000011101111
00000100100000010010010110000011
00000000000000000100010100010111
00011111000001010000010100010011
00000000000000000101100100010111
01010100000010010000100100010011
00111110110000000010000011101111
00000100100000010010010110000011
00000000000000000100010100010111
00011101100001010000010100010011
00111101110000000010000011101111
01111001010100000001000011101111
00000000000000000100010100010111
00011110110001010000010100010011
00111100110000000010000011101111
00000010110000010000010100010011
10011101000111111111000011101111
00000110101000010101011100000011
00000110100000010101011010000011
00000110011000010101011000000011
00000110010000010101010110000011
00000000000000000100010100010111
00011110010001010000010100010011
00111010100000000010000011101111
01110111000100000001000011101111
00000000000000000100010100010111
00100010010001010000010100010011
00111001100000000010000011101111
01110111000100000001000011101111
00000000000001010000010110010011
00000000000001010000101110010011
00000000000000000100010100010111
00100010010001010000010100010011
00111000000000000010000011101111
00000000000010111000010110010011
00000000000000000100010100010111
00100001010001010000010100010011
00110111000000000010000011101111
00000000000010010010011110000011
00000100100000010010011100000011
00000010111001111000010010110011
00100000000010111000010011100011
01110110010110010011010100110111
11100000000001010000010100010011
00000000000010111000011000010011
00000000000000000000011010010011
00000010111001111011011110110011
00000001000100000000011100010011
00000010100101110000011100110011
00000010101001111000011110110011
00000010101001001011010110110011
00000000111001111000011110110011
00000010101001001000010100110011
00000000101101111000010110110011
00111011010100000010000011101111
00000000000001010000010000010011
00000000000001001000010110010011
00000000000010111000011000010011
00000000000000000100010100010111
00011101010001010000010100010011
00110001010000000010000011101111
00111110100000000000010010010011
00000010100101000111011010110011
00000000000000000100010110010111
00011111000001011000010110010011
00000000000000000100010100010111
00100000000001010000010100010011
00000010100101000101011000110011
00101111010000000010000011101111
00000100101100000000011010010011
00000010110101000101011010110011
00000000000000010010011000110111
01001111100001100000011000010011
00000000000000000100010110010111
00011111000001011000010110010011
00000000000000000100010100010111
00011101100001010000010100010011
00000010110001000101011000110011
00000010100101101111011010110011
00101100100000000010000011101111
00000100010000010010011100000011
00000011000000010001011010000011
00000010111000010001011000000011
00000010110000010001010110000011
00000000000000000100010100010111
00011101110001010000010100010011
00101010110000000010000011101111
00000010110000010001010100000011
00000000000000000000010110010011
01100100100100000001000011101111
00000000000001010000010000010011
00000000000001010000010110010011
00000000000000000100010100010111
00100000010001010000010100010011
00101000110000000010000011101111
00000010111000010001010100000011
00000000000001000000010110010011
01100010100100000001000011101111
00000000000001010000010000010011
00000000000001010000010110010011
00000000000000000100010100010111
00100000100001010000010100010011
00100110110000000010000011101111
00000011000000010001010100000011
00000000000001000000010110010011
01100000100100000001000011101111
00000000000001010000010110010011
00000000000001010000010000010011
00000000000000000100010100010111
00100000110001010000010100010011
00100100110000000010000011101111
00000100010000010001010100000011
00000000000001000000010110010011
01011110100100000001000011101111
00000100010000010010011000000011
00000000000001010000010110010011
00000000000001010000110010010011
00000000000000000100010100010111
00100000110001010000010100010011
00100010100000000010000011101111
00000000000000001000011110110111
10110000010101111000011110010011
00011100111111001000101011100011
00000101100101111110100011100011
00000000000000000010011110110111
10001111001001111000011110010011
00011100111111001000111011100011
00000000000000000101011110110111
11101010111101111000011110010011
00000110111111001001010011100011
00000000000000000100010100010111
00100101110001010000010100010011
00011111010000000010000011101111
00000000001000000000011110010011
00000000111100010010110000100011
00000001100000010010010000000011
00000000000000000000011010010011
00000000000011001000010110010011
00000000000001000000011000010011
00000000000000000100010100010111
00101100100001010000010100010011
00011101000000000010000011101111
00000100110000010010011010000011
00000000000010010010011000000011
00000000000001000000010110010011
00000000000000000101010100010111
10010000110001010000010100010011
00011011100000000010000011101111
00000100110000010010011010000011
00000000000010010010011000000011
00000000000001000000010110010011
00000000000000000101010100010111
10001111010001010000010100010011
00011010000000000010000011101111
00000000000010010010011110000011
00000000100000010010111000100011
00000000000000000000100110010011
00101000000001111000101001100011
00000001100000010010011110000011
00000000000000000100011010010111
10000100000001101000011010010011
00000000000000000101011100010111
10010000110001110000011100010011
00000000000101111001011000010011
00000000000000000101011110010111
10010000110001111000011110010011
00000000110001101000011010110011
00000000110001110000011100110011
00000000110001111000011110110011
00000000000001101101101100000011
00000000000001110101101010000011
00000000000001111101101000000011
00000000000000000000100110010011
00000000000000000000010000010011
00000000000000000100110110010111
00101011110011011000110110010011
00000000000000000100110000010111
00101101110011000000110000010011
00000000010001000001110100010011
00000000100011010000010010110011
00000111000000010000011110010011
00000000001001001001010010010011
00000000100101111000010010110011
11111101110001001010011000000011
00000000000001000000010110010011
00000000000011011000010100010011
11111110000001001001111000100011
00010001100000000010000011101111
11111111010001001101010100000011
11111111101001001101100000000011
11111111100001001101011100000011
11111111011001001101011000000011
00000000000010100000100010010011
00000000000010101000011110010011
00000000000010110000011010010011
00000000000001000000010110010011
00000000101000010010000000100011
00000000000011000000010100010011
00001110110000000010000011101111
11111111010001001101010100000011
11111111101001001101100000000011
11111111100001001101011100000011
11111111011001001101011000000011
00000000000010101000011110010011
00000000000010100000100010010011
00000000000010110000011010010011
00000000000001000000010110010011
00000000101000010010000000100011
00000000000011000000010100010011
00001100000000000010000011101111
11111101110001001010011000000011
00000000000001000000010110010011
00000000000000000100010100010111
00101011100001010000010100010011
00000000000101100111011000010011
00001010100000000010000011101111
11111101110001001010011110000011
00000000000101111111011110010011
00000010000001111000111001100011
11111111011001001101011000000011
00000011011001100000101001100011
00000000000010110000011010010011
00000000000001000000010110010011
00000000000000000100010100010111
00101011100001010000010100010011
00001000000000000010000011101111
00000100010000000000011110010011
00000010111101000000011110110011
00000111000000010000011100010011
00000000111101110000011110110011
11111111110001111101011100000011
00000000000101110000011100010011
11111110111001111001111000100011
00000000100011010000010010110011
00000111000000010000011110010011
00000000001001001001010010010011
00000000100101111000010010110011
11111111110001001001011000000011
00000000000001000000010110010011
00000000000000000100010100010111
00101010100001010000010100010011
00000100000000000010000011101111
11111101110001001010011000000011
00000000000001000000010110010011
00000000000000000100010100010111
00101011110001010000010100010011
00000000000101100101011000010011
00000000000101100111011000010011
00000010010000000010000011101111
11111101110001001010011110000011
00000000001001111111011110010011
00000010000001111000111001100011
11111111100001001101011000000011
00000010110010101000101001100011
00000000000010101000011010010011
00000000000001000000010110010011
00000000000000000100010100010111
00101011110001010000010100010011
01111111110100000001000011101111
00000100010000000000011110010011
00000010111101000000011110110011
00000111000000010000011100010011
00000000111101110000011110110011
11111111110001111101011100000011
00000000000101110000011100010011
11111110111001111001111000100011
00000000100011010000010010110011
00000111000000010000011110010011
00000000001001001001010010010011
00000000100101111000010010110011
11111111110001001001011000000011
00000000000001000000010110010011
00000000000000000100010100010111
00101011000001010000010100010011
01111011110100000001000011101111
11111101110001001010011000000011
00000000000001000000010110010011
00000000000000000100010100010111
00101100100001010000010100010011
00000000001001100101011000010011
00000000000101100111011000010011
01111010000100000001000011101111
11111101110001001010011110000011
00000000010001111111011110010011
00000010000001111000111001100011
11111111101001001101011000000011
00000010110010100000101001100011
00000000000010100000011010010011
00000000000001000000010110010011
00000000000000000100010100010111
00101100100001010000010100010011
01110111100100000001000011101111
00000100010000000000011110010011
00000010111101000000011110110011
00000111000000010000011100010011
00000000111101110000011110110011
11111111110001111101011100000011
00000000000101110000011100010011
11111110111001111001111000100011
00000000100011010000110100110011
00000111000000010000011110010011
00000000001011010001110100010011
00000001101001111000110100110011
11111111110011010001011000000011
00000000000001000000010110010011
00000000000000000100010100010111
00101011100001010000010100010011
01110011100100000001000011101111
11111111110011010001011000000011
00000000000001000000010110010011
00000000000000000100010100010111
00101100110001010000010100010011
00000001001101100000100110110011
00000001000010011001100110010011
01000001000010011101100110010011
00000000000010011000011010010011
01110001010100000001000011101111
00000000000101000000010000010011
00000000000010010010011110000011
00000001000001000001010000010011
00000001000001000101010000010011
11011100111101000110001011100011
00000000000010011000010110010011
00000000000000000100010100010111
00101100110001010000010100010011
01101111000100000001000011101111
00000000000010011000010110010011
00000000000000000100010100010111
00101011110001010000010100010011
01101110000100000001000011101111
00000000000000000100010100010111
00101101110001010000010100010011
01101101010100000001000011101111
00000000000000000100010100010111
00101101000001010000010100010011
01101100100100000001000011101111
00100111100100000001000011101111
00000001001101010000100110110011
00000001000010011001100110010011
00000001000010011101100110010011
00000001000010011001010010010011
01000001000001001101010010010011
00000000000001001000010110010011
00000000000000000100010100010111
00101100010001010000010100010011
01101010000100000001000011101111
00000000000001001000010110010011
00000000000000000100010100010111
00101011010001010000010100010011
01101001000100000001000011101111
00000001110000010010010000000011
00000000000001001000010110010011
00000000000000000100010100010111
00101100100001010000010100010011
00000000000001000000011000010011
01100111100100000001000011101111
00000000000001000000011000010011
00000000000001001000010110010011
00000000000000000100010100010111
00101011000001010000010100010011
01100110010100000001000011101111
00000100010000010010010110000011
00000000000000000100010100010111
00101101000001010000010100010011
01100101010100000001000011101111
00000000000010111000010110010011
00000000000000000100010100010111
00101101100001010000010100010011
01100100010100000001000011101111
00000000000010111000010100010011
00100011000100000001000011101111
00000000000001010000010110010011
00000000000000000100010100010111
00101101100001010000010100010011
01100010110100000001000011101111
00000000000010111000010100010011
00100001100100000001000011101111
01001100000001010001110001100011
00000000000010010010011110000011
00000100100000010010010110000011
01001100000010111000001001100011
00000010101101111000010100110011
01110110010110010011011100110111
11100000000001110000011100010011
00000001000100000000100000010011
00000000000010111000011000010011
00000000000000000000011010010011
00000010101101111011011110110011
00000010101010000000100000110011
00000010111001111000011110110011
00000010111001010011010110110011
00000001000001111000011110110011
00000010111001010000010100110011
00000000101101111000010110110011
01100110010000000010000011101111
00000000000001010000010000010011
00111110100000000000101000010011
00000011010001000111011010110011
00000000000000000100010110010111
00101010000001011000010110010011
00000000000000000100010100010111
11001100010001010000010100010011
00000011010001000101011000110011
01011011100100000001000011101111
00000100101100000000011010010011
00000010110101000101011010110011
00000000000000010010011000110111
01001111100001100000011000010011
00000000000000000100010110010111
00101000110001011000010110010011
00000000000000000100010100010111
11001001110001010000010100010011
00000011010001101111011010110011
00000010110001000101011000110011
01011000110100000001000011101111
00000000000010111000010100010011
00010111100100000001000011101111
00000000100100000000011110010011
01000100101001111111111001100011
00000000000010010010011110000011
00000100100000010010010110000011
00000000000000000100010100010111
00101010110001010000010100010011
00000010111101011000010110110011
01010110010100000001000011101111
00000000000000000100010110010111
00101011010001011000010110010011
00000000000000000100010100010111
00101011100001010000010100010011
01010101000100000001000011101111
00000000000000000100010110010111
00101100010001011000010110010011
00000000000000000100010100010111
00101101110001010000010100010011
01010011110100000001000011101111
00000000000000000100010110010111
00101110100001011000010110010011
00000000000000000100010100010111
00101110100001010000010100010011
01010010100100000001000011101111
00000000000011001000010110010011
00000000000000000100010100010111
00101111000001010000010100010011
01010001100100000001000011101111
00000100110000010010011110000011
00000000000101111111011100010011
00000100000001110000101001100011
00000000000010010010011100000011
00000100000001110000011001100011
00000000000000000000010000010011
00000000000000000100100110010111
00101110100010011000100110010011
00000000010001000001011110010011
00000000100001111000011110110011
00000111000000010000011100010011
00000000001001111001011110010011
00000000111101110000011110110011
11111111011001111101011000000011
00000000000001000000010110010011
00000000000010011000010100010011
01001101010100000001000011101111
00000000000101000000010000010011
00000000000010010010011110000011
00000001000001000001010000010011
00000001000001000101010000010011
11111100111101000110011011100011
00000100110000010010011110000011
00000000001001111111011100010011
00000100000001110000101001100011
00000000000010010010011100000011
01001010000001110000010001100011
00000000000000000000010000010011
00000000000000000100100110010111
00101010110010011000100110010011
00000000010001000001011110010011
00000000100001111000011110110011
00000111000000010000011100010011
00000000001001111001011110010011
00000000111101110000011110110011
11111111100001111101011000000011
00000000000001000000010110010011
00000000000010011000010100010011
01000111110100000001000011101111
00000000000101000000010000010011
00000000000010010010011110000011
00000001000001000001010000010011
00000001000001000101010000010011
11111100111101000110011011100011
00000100110000010010011110000011
00000000010001111111011110010011
00000100000001111000100001100011
00000000000010010010011110000011
00000000000000000000010000010011
00000000000000000100100110010111
00100111010010011000100110010011
00001000000001111000010001100011
00000000010001000001011110010011
00000000100001111000011110110011
00000111000000010000011100010011
00000000001001111001011110010011
00000000111101110000011110110011
11111111101001111101011000000011
00000000000001000000010110010011
00000000000010011000010100010011
01000010010100000001000011101111
00000000000101000000010000010011
00000000000010010010011110000011
00000001000001000001010000010011
00000001000001000101010000010011
11111100111101000110011011100011
00000000000010010010011110000011
00000000000000000000010000010011
00000000000000000100100110010111
00100100010010011000100110010011
00000010000001111000111001100011
00000000010001000001011110010011
00000000100001111000011110110011
00000111000000010000011100010011
00000000001001111001011110010011
00000000111101110000011110110011
11111111010001111101011000000011
00000000000001000000010110010011
00000000000010011000010100010011
00111101100100000001000011101111
00000000000101000000010000010011
00000000000010010010011110000011
00000001000001000001010000010011
00000001000001000101010000010011
11111100111101000110011011100011
00101010000001001000111001100011
00110110100100000101001001100011
00000000000000000100010100010111
00101000110001010000010100010011
00111011000100000001000011101111
00000110111000010000010100010011
00000111000100000001000011101111
11011001100011111111000001101111
00000100010000010010011010000011
00000011110000010010011000000011
00000000000000000000010110010011
00000000000000000011010100010111
01111010000001010000010100010011
00111000110100000001000011101111
00000000000000000000010110010011
00000000000000000011010100010111
01111100100001010000010100010011
00110111110100000001000011101111
00000010111000010001011110000011
00000010110000010001011000000011
00000011110000010010010110000011
00000100010000010010010100000011
00000001000001111001011110010011
00000000110001111110011000110011
00000101010000010000011010010011
00110110010000000000000011101111
00000101010000010010011000000011
00000000000000000000010110010011
00000000000000000011010100010111
01111011010001010000010100010011
00110100100100000001000011101111
00000000000000000000010110010011
00000000000000000011010100010111
01111100110001010000010100010011
00110011100100000001000011101111
00000100110000010010011110000011
11101001010011111111000001101111
00000100010000010010011010000011
00000011100000010010011000000011
00000000000000000000010110010011
00000000000000000011010100010111
01101000110001010000010100010011
00110001100100000001000011101111
00000000000000000000010110010011
00000000000000000011010100010111
01101011000001010000010100010011
00110000100100000001000011101111
00000010110000010001011000000011
00000011100000010010010110000011
00000100010000010010010100000011
11001001100111111110000011101111
00000000000001010000011110010011
00000000000001010000011000010011
00000000000000000000010110010011
00000000000000000011010100010111
01101010100001010000010100010011
00000100111100010010100000100011
00101101110100000001000011101111
00000000000000000000010110010011
00000000000000000011010100010111
01101100000001010000010100010011
00101100110100000001000011101111
00000100110000010010011110000011
11100010000011111111000001101111
00000000000001000000011000010011
00000000000001001000010110010011
00000000000010100000010100010011
00101011010100000001000011101111
00000100010000010010011100000011
00000000001001001001011110010011
00000000000001001000011000010011
00000010111001000000011010110011
00000010110000010000011100010011
00000000111101110000011110110011
00000011010000010010011100000011
00000000000101000000010000010011
00000000000000000000010110010011
00000000000010011000010100010011
00000001000001000001010000010011
00000001000001000101010000010011
00000000110101110000011100110011
00000000000001110000011010010011
00000000111001111010011000100011
00100111010100000001000011101111
11011001010011111111000001101111
00000000000000000011010100010111
01111010010001010000010100010011
00100110010100000001000011101111
00000000000100000000011110010011
00000100111100010010010000100011
00000000000000000011100100010111
01111010100010010000100100010011
00000000000000000011010010010111
01111100010001001000010010010011
00000100100000010010011100000011
00000000000010010000010100010011
00000000001001110001011110010011
00000000111001111000011110110011
00000000000101111001011110010011
00000000000001111000010110010011
00000100111100010010010000100011
00100010110100000001000011101111
01011110010000000001000011101111
00000010110000010000010100010011
10000010110011111111000011101111
01011110100000000001000011101111
01011111010000000001000011101111
01100000100000000001000011101111
00000000000001010000010000010011
01011110100000000001000011101111
00000000000001010000010110010011
00000000000001000000011000010011
00000000000001001000010100010011
00011111110100000001000011101111
11111010000001000000100011100011
00000000101000000000011110010011
00000010100001111101011110110011
00000100100000010010011100000011
00000000000000000011010100010111
01111000100001010000010100010011
00000000000101111000011110010011
00000010111001111000011110110011
00000000000001111000010110010011
00000100111100010010010000100011
00011101000100000001000011101111
11011100110011111111000001101111
00000000000000001001011110110111
10100000001001111000011110010011
00011010111111001000010001100011
00000000000000001111011110110111
10011111010101111000011110010011
00000000111111001001111001100011
00000000000000000100010100010111
10100100010001010000010100010011
00011010100100000001000011101111
00000000001100000000011110010011
00000000111100010010110000100011
11111011010011111111000001101111
11111111111100000000011010010011
11111111111100000000011000010011
00000000000011001000010110010011
00000000000000000100010100010111
10100111110001010000010100010011
00011000010100000001000011101111
11111111111100000000011000010011
11111111111100000000010110010011
00000000000000000100010100010111
10101011000001010000010100010011
00010111000100000001000011101111
11111111111100000000011110010011
00000000111100010010110000100011
00000000111100010010111000100011
11111111111100000000100110010011
10101000000111111111000001101111
00000000000000000000010000010011
11100011000011111111000001101111
00000000000000000000010000010011
10110111100111111111000001101111
00000000000010010010010110000011
00000100100000010010010000000011
00000000000010111000010100010011
00000010101101000000010000110011
01010010110000000001000011101111
00000010101001000101010110110011
00000000000000000100010100010111
11011110110001010000010100010011
00010010100100000001000011101111
10110000100111111111000001101111
00000000000110011000010010010011
00000000000000000100010100010111
11100001100001010000010100010011
00000001000001001001010010010011
00010001000100000001000011101111
01000001000001001101010010010011
10111001000111111111000001101111
00000000000000000100010100010111
11110110000001010000010100010011
00001111110100000001000011101111
00000001100000010010011100000011
00000000001100000000011110010011
11010100111101110001001011100011
00000000000010010010011110000011
00000100100000010010010110000011
00000100000010111000000001100011
00000010101101111000010100110011
01110110010110010011011100110111
11100000000001110000011100010011
00000001000100000000100000010011
00000000000010111000011000010011
00000000000000000000011010010011
00000010101101111011011110110011
00000010101010000000100000110011
00000010111001111000011110110011
00000010111001010011010110110011
00000001000001111000011110110011
00000010111001010000010100110011
00000000101101111000010110110011
00010011010000000010000011101111
00000000000001010000101110010011
00111110100000000000010110010011
00000010101110111111011000110011
00000000000000000100011100010111
11100001010001110000011100010011
00000000000000000100011010010111
11011110100001101000011010010011
00000000000000000100010100010111
11110011010001010000010100010011
00000010101110111101010110110011
00001000000100000001000011101111
00000000000000000100010110010111
11100010110001011000010110010011
00000000000000000100010100010111
11110100000001010000010100010011
00000110110100000001000011101111
00000000000000000100010100010111
01011011000001010000010100010011
00000110000100000001000011101111
11001011000111111111000001101111
00000000000000000100010100010111
11110100000001010000010100010011
00000101000100000001000011101111
11001010000111111111000001101111
00000000000000000100010100010111
10000111110001010000010100010011
00000100000100000001000011101111
00000000000100000000011110010011
00000000111100010010110000100011
11100100110011111111000001101111
00000000000000000100010100010111
10001111010001010000010100010011
00000010100100000001000011101111
00000000010000000000011110010011
00000000111100010010110000100011
11100011010011111111000001101111
00000000000000000100010100010111
10000001110001010000010100010011
00000001000100000001000011101111
00000000000000010010110000100011
11100010000011111111000001101111
00000000010001111111011110010011
11000100000001111001000011100011
10111111000111111111000001101111
11111111000000010000000100010011
00000000100000010010011000100011
00000000100100010010010000100011
00000001001000010010001000100011
00000000000001010000100000010011
00000000000001100001010001100011
00000000000100000000011000010011
11111111111101011000001110010011
11111111110000111111001110010011
00000000010000111000010010010011
00000000000000000000010100010011
00000000000010000001011001100011
00001110000000000000000001101111
00000000000001110000010100010011
00000000000101010000011100010011
00000010111001110000011110110011
00000000001101111001011110010011
11111111000001111110100011100011
00000010101001010000001010110011
00000000000001010000100100010011
00000000000100101001001010010011
00000000010101001000001110110011
00001000000001010000001001100011
00000000000000010000111000110111
00000000000101010001010000010011
00000000000000111000111110010011
00000000000000000000111100010011
00000000000100000000100000010011
01000000011101001000111010110011
11111111111111100000111000010011
00000000000011111000010110010011
00000000000000000000100010010011
00000011000001100000011000110011
00000001000010000001011110010011
00000001000001111101011110010011
00000000101111101000001100110011
00000000001001011000010110010011
00000000000110001000100010010011
00000000000110000000100000010011
01000001111101100101011100010011
00000001000001110101011100010011
00000000111001100000011000110011
00000001110001100111011000110011
01000000111001100000011000110011
00000000110001111000011100110011
00000001000001110001011100010011
00000001000001110101011100010011
00000000111101110000011110110011
11111110111001011001111100100011
00001111111101111111011110010011
00000000111100110001000000100011
11111010101010001110101011100011
00000000000111110000111100010011
00000000100011111000111110110011
11111010101011110110000011100011
00000000010100111000011110110011
11111111111101111000011110010011
00000000110000010010010000000011
11111111110001111111011110010011
00000000010001111000011110010011
00000000100101101010001000100011
00000001001001101010000000100011
00000000011101101010010000100011
00000000111101101010011000100011
00000000100000010010010010000011
00000000010000010010100100000011
00000001000000010000000100010011
00000000000000001000000001100111
00000000011000111000001110010011
11111111111100000000100100010011
11111111111100000000010100010011
00000000001000000000001010010011
11110011110111111111000001101111
00000100000001010000011001100011
00000000000101010001111010010011
00000000001001010001010100010011
00000000101001011000111000110011
00000001110101101000001100110011
00000000000001101000011110010011
00000000000001100000010100010011
00000000000000000000100000010011
00000000000001010001011100000011
00000000000001111001100010000011
00000000001001111000011110010011
00000000001001010000010100010011
00000011000101110000011100110011
00000000111010000000100000110011
11111110111100110001010011100011
00000001000001011010000000100011
00000000010001011000010110010011
00000001110101100000011000110011
11111100101111100001011011100011
00000000000000001000000001100111
00001000000001010000010001100011
00000000000101010001100010010011
11111111000000010000000100010011
00000000100000010010011000100011
00000000000001100000111100010011
00000001000101100000001100110011
00000000001001010001010000010011
00000000000001011000001010010011
00000001000101101000111110110011
00000000000000000000001110010011
00000000000001101000111000010011
00000000000000101000111010010011
00000000000011100000011000010011
00000000000011110000011110010011
00000000000000000000010110010011
00000000000001111001011100000011
00000000000001100001100000000011
00000000001001111000011110010011
00000001000101100000011000110011
00000011000001110000011100110011
00000000111001011000010110110011
11111110111100110001010011100011
00000000101111101010000000100011
00000000001011100000111000010011
00000000010011101000111010010011
11111101110011111001011011100011
00000000000100111000001110010011
00000001000111110000111100110011
00000001000100110000001100110011
00000000100000101000001010110011
11111010011101010001100011100011
00000000110000010010010000000011
00000001000000010000000100010011
00000000000000001000000001100111
00000000000000001000000001100111
00001000000001010000111001100011
00000000000101010001100010010011
11111111000000010000000100010011
00000000100000010010011000100011
00000000000001100000111100010011
00000001000101100000001100110011
00000000001001010001010000010011
00000000000001011000001010010011
00000001000101101000111110110011
00000000000000000000001110010011
00000000000001101000111000010011
00000000000000101000111010010011
00000000000011100000010110010011
00000000000011110000011000010011
00000000000000000000100000010011
00000000000001011001011100000011
00000000000001100001011110000011
00000000001001100000011000010011
00000001000101011000010110110011
00000010111001111000011110110011
01000000001001111101011100010011
01000000010101111101011110010011
00000000111101110111011100010011
00000111111101111111011110010011
00000010111101110000011110110011
00000000111110000000100000110011
11111100110000110001101011100011
00000001000011101010000000100011
00000000001011100000111000010011
00000000010011101000111010010011
11111011110011111001110011100011
00000000000100111000001110010011
00000001000111110000111100110011
00000001000100110000001100110011
00000000100000101000001010110011
11111000011101010001111011100011
00000000110000010010010000000011
00000001000000010000000100010011
00000000000000001000000001100111
00000000000000001000000001100111
11111101000000010000000100010011
00000001011100010010011000100011
11111110000000011000101110010011
00000010100100010010001000100011
00000000000010111010010010000011
00000010100000010010010000100011
00000011001000010010000000100011
00000001001100010010111000100011
00000001010000010010110000100011
00000001010100010010101000100011
00000001011000010010100000100011
00000001100000010010010000100011
11111111111111111111101010110111
00000001000001110001101100010011
00000010000100010010011000100011
00000000111100000000011110010011
00000000000001110000110000010011
00000000000001010000101000010011
00000000000001011000100100010011
00000000000001100000010000010011
00000000000001101000100110010011
00000001010101110110101010110011
00000001000010110101101100010011
01000100100101111111010001100011
00000000000101001000011110010011
11111110111100011010000000100011
00000100000010100000001001100011
01000001010000000000011100110011
00000000000110100001011000010011
00000000000101110001100000010011
00000000110001000000011000110011
00000000000000000000010110010011
00000000001001110001011100010011
00000001000001100000010100110011
00000000000001010000011110010011
00000000000001111101011010000011
00000000001001111000011110010011
00000000110110110000011010110011
11111110110101111001111100100011
11111110111101100001100011100011
00000000000101011000010110010011
01000000111001010000011000110011
11111100101110100001111011100011
00000000111100000000011110010011
00110110100101111111101001100011
00111000000010100000011001100011
01000001010000000000011100110011
00000000000110100001010110010011
00000000000101110001001100010011
00000000001010100001101110010011
00000000000010010000100000010011
00000000101101000000010110110011
00000000000000000000010100010011
00000000001001110001011100010011
00000000101100110000100010110011
00000000000010000000011000010011
00000000000010001000011110010011
00000000000001111001011010000011
00000000010001100000011000010011
00000000001001111000011110010011
00000011100001101000011010110011
11111110110101100010111000100011
11111110111101011001011011100011
00000000000101010000010100010011
00000001011110000000100000110011
01000000111010001000010110110011
11111100101010100001100011100011
00000000111100000000011110010011
01011110100101111111101001100011
00000000000010010000001100010011
00000000000000000000010100010011
00000000000000000000011110010011
00000000000000000000011010010011
00000000000000000000100010010011
00000000000000110000010110010011
00000000000000000000011000010011
00000010000000000000000001101111
00000001000010000001010100010011
00000000000101100000011000010011
01000001000001010101010100010011
00000000000000000000011010010011
00000000010001011000010110010011
00000000000001110000011110010011
00000011010001100111111001100011
00000000000001011010011100000011
00000001000001010001010100010011
00000001000001010101010100010011
00000000111001111010011110110011
00000000111001101000011010110011
00000000101001010000100000010011
00000000111101010000010100110011
11111100110110101100010011100011
00000001000001010001010100010011
00000000000101100000011000010011
01000001000001010101010100010011
00000000010001011000010110010011
00000000000001110000011110010011
11111101010001100110011011100011
00000000000110001000100010010011
00000001011100110000001100110011
11111001010010001110110011100011
00000000000000000000010110010011
01110110100100000000000011101111
00000000111100000000011110010011
00000000000001010000110000010011
01010000100101111111100001100011
00000000000010011000011010010011
00000000000001000000011000010011
00000000000010010000010110010011
00000000000010100000010100010011
11001100110111111111000011101111
00101010000010100000100001100011
00000000000010010000001100010011
00000000000000000000010100010011
00000000000000000000011110010011
00000000000000000000011010010011
00000000000000000000100010010011
00000000000000110000010110010011
00000000000000000000011000010011
00000010000000000000000001101111
00000001000010000001010100010011
00000000000101100000011000010011
01000001000001010101010100010011
00000000000000000000011010010011
00000000010001011000010110010011
00000000000001110000011110010011
00000011010001100111111001100011
00000000000001011010011100000011
00000001000001010001010100010011
00000001000001010101010100010011
00000000111001111010011110110011
00000000111001101000011010110011
00000000101001010000100000010011
00000000111101010000010100110011
11111100110110101100010011100011
00000001000001010001010100010011
00000000000101100000011000010011
01000001000001010101010100010011
00000000010001011000010110010011
00000000000001110000011110010011
11111101010001100110011011100011
00000000000110001000100010010011
00000001011100110000001100110011
11111001010010001110110011100011
00000000000011000000010110010011
01101011110100000000000011101111
00000000111100000000011110010011
00000000000001010000110000010011
00111110100101111111110001100011
00000000000010011000011010010011
00000000000001000000011000010011
00000000000010010000010110010011
00000000000010100000010100010011
11000111000111111111000011101111
00000000000010010000001100010011
00000000000000000000010100010011
00000000000000000000011110010011
00000000000000000000011010010011
00000000000000000000100010010011
00000000000000110000010110010011
00000000000000000000011000010011
00000010000000000000000001101111
00000001000010000001010100010011
00000000000101100000011000010011
01000001000001010101010100010011
00000000000000000000011010010011
00000000010001011000010110010011
00000000000001110000011110010011
00000011010001100111111001100011
00000000000001011010011100000011
00000001000001010001010100010011
00000001000001010101010100010011
00000000111001111010011110110011
00000000111001101000011010110011
00000000101001010000100000010011
00000000111101010000010100110011
11111100110110101100010011100011
00000001000001010001010100010011
00000000000101100000011000010011
01000001000001010101010100010011
00000000010001011000010110010011
00000000000001110000011110010011
11111101010001100110011011100011
00000000000110001000100010010011
00000001011100110000001100110011
11111001010010001110110011100011
00000000000011000000010110010011
01100001010100000000000011101111
00000000111100000000011110010011
00000000000001010000101110010011
00110000100101111111001001100011
00000000000010011000011010010011
00000000000001000000011000010011
00000000000010010000010110010011
00000000000010100000010100010011
11000101010111111111000011101111
00011100000010100000011001100011
01000001010000000000011100110011
00000000001010100001011110010011
00000000111110010000100100110011
00000000001001110001111000010011
00000000000000000000010100010011
00000000000000000000011110010011
00000000000000000000011000010011
00000000000000000000100010010011
00000000001101110001100000010011
00000001001011100000001100110011
00000000000000110000011100010011
00000001110000000000000001101111
00000001000001011001010100010011
00000000010001110000011100010011
01000001000001010101010100010011
00000000000000000000011000010011
00000000000001101000011110010011
00000010111010010000110001100011
00000000000001110010011010000011
00000001000001010001010100010011
00000001000001010101010100010011
00000000110101111010011110110011
00000000110101100000011000110011
00000000101001010000010110010011
00000000111101010000010100110011
11111100110010101100011011100011
00000001000001010001010100010011
00000000010001110000011100010011
01000001000001010101010100010011
00000000000001101000011110010011
11111100111010010001100011100011
00000000000110001000100010010011
01000001000000110000100100110011
11111011000110100001000011100011
00000000000010111000010110010011
01010110000100000000000011101111
00000000111100000000011110010011
00000000000001010000100100010011
00101110100101111111010001100011
00000000000110100001010110010011
00000000000000000000011000010011
00000000000001000000011110010011
00000000000000000000011010010011
00000000000001111101011100000011
00000000001001111000011110010011
00000000000101101000011010010011
01000001011001110000011100110011
11111110111001111001111100100011
11111111010001101110011011100011
00000000000101100000011000010011
00000000101101000000010000110011
11111101010001100110110011100011
00000000111100000000011110010011
00010010100101111111010001100011
00000010110000010010000010000011
00000010100000010010010000000011
00000001000010010001010100010011
00000010010000010010010010000011
00000010000000010010100100000011
00000001110000010010100110000011
00000001100000010010101000000011
00000001010000010010101010000011
00000001000000010010101100000011
00000000110000010010101110000011
00000000100000010010110000000011
01000001000001010101010100010011
00000011000000010000000100010011
00000000000000001000000001100111
00000000000000000100010100010111
10011001010001010000010100010011
00010010110000000001000011101111
00000000000000000100010100010111
10011010010001010000010100010011
00010010000000000001000011101111
11000110000010100001111011100011
00000000111100000000011110010011
00001110100101111111000001100011
00000000000000000000010110010011
00000000000000000000010100010011
01001011000100000000000011101111
00000000000001010000110000010011
00000000000010011000011010010011
00000000000001000000011000010011
00000000000010010000010110010011
00000000000000000000010100010011
10100001110111111111000011101111
00000000000011000000010110010011
00000000000000000000010100010011
01001000110100000000000011101111
00000000000001010000101110010011
00000000000010011000011010010011
00000000000001000000011000010011
00000000000010010000010110010011
00000000000000000000010100010011
10100100100111111111000011101111
00000000000010111000010110010011
00000000000000000000010100010011
01000110100100000000000011101111
00000000000001010000101110010011
11100101110111111111000001101111
00000001000010101001011010010011
00000000000001010000010110010011
00000001000001101101011010010011
00000000000010110000011000010011
00000000000000000100010100010111
10001011100001010000010100010011
00001001110000000001000011101111
00000000000010111010011110000011
00000000000000000100010100010111
10001101100001010000010100010011
00000000000101111000011110010011
11111110111100011010000000100011
00001000010000000001000011101111
10111001000111111111000001101111
00000000000010111000010110010011
00000000000000000000010100010011
01000001110100000000000011101111
00000000111100000000011110010011
00000000000001010000100100010011
11101110100101111110111011100011
00000000000010010000010110010011
00000000000000000100010100010111
10100111110001010000010100010011
00000101100000000001000011101111
00000000000000000100010100010111
10101001000001010000010100010011
00000100110000000001000011101111
00000000000010010000010110010011
00000000000000000100010100010111
10100100000001010000010100010011
00000011110000000001000011101111
11101100110111111111000001101111
00000000000000000100010100010111
10001100100001010000010100010011
00000010110000000001000011101111
00000000000000000100010100010111
10001101010001010000010100010011
00000010000000000001000011101111
00000000000000000000010110010011
00000000000000000000010100010011
00111011110100000000000011101111
00000000000001010000010110010011
00000000000001010000110000010011
00000000000000000100010100010111
10001100100001010000010100010011
00000000000000000001000011101111
00000000000000000100010100010111
10001101110001010000010100010011
01111111010100000000000011101111
00000000000010011000011010010011
00000000000001000000011000010011
00000000000010010000010110010011
00000000000000000000010100010011
10010000110111111111000011101111
00000000000000000100010100010111
10001101010001010000010100010011
01111101010100000000000011101111
00000000000000000100010100010111
10001110000001010000010100010011
01111100100100000000000011101111
00000000000011000000010110010011
00000000000000000000010100010011
00110110010100000000000011101111
00000000000001010000010110010011
00000000000001010000101110010011
00000000000000000100010100010111
10001101010001010000010100010011
01111010100100000000000011101111
00000000000000000100010100010111
10001110100001010000010100010011
01111001110100000000000011101111
00000000000010011000011010010011
00000000000001000000011000010011
00000000000010010000010110010011
00000000000000000000010100010011
10010000010111111111000011101111
00000000000000000100010100010111
10001110010001010000010100010011
01110111110100000000000011101111
00000000000000000100010100010111
10001111000001010000010100010011
01110111000100000000000011101111
00000000000010111000010110010011
00000000000000000000010100010011
00110000110100000000000011101111
00000000000001010000101110010011
00000000000010111000010110010011
00000000000000000100010100010111
10001110010001010000010100010011
01110101000100000000000011101111
00000000000000000100010100010111
10001111100001010000010100010011
01110100010100000000000011101111
00000000000010011000011010010011
00000000000001000000011000010011
00000000000010010000010110010011
00000000000010100000010100010011
10010011100111111111000011101111
00000000000000000100010100010111
10001111100001010000010100010011
01110010010100000000000011101111
00000000000000000100010100010111
10010000100001010000010100010011
01110001100100000000000011101111
11001100110111111111000001101111
00000000000001010000010110010011
00000000000000000100010100010111
10000011000001010000010100010011
01110000010100000000000011101111
00000000000000000100010100010111
10000100010001010000010100010011
01101111100100000000000011101111
00000000000010011000011010010011
00000000000001000000011000010011
00000000000010010000010110010011
00000000000010100000010100010011
10000110000111111111000011101111
00000000000000000100010100010111
10000100000001010000010100010011
01101101100100000000000011101111
00000000000000000100010100010111
10000100110001010000010100010011
01101100110100000000000011101111
10111101100111111111000001101111
00000000000001010000010110010011
00000000000000000100010100010111
10001101110001010000010100010011
01101011100100000000000011101111
00000000000000000100010100010111
10001111000001010000010100010011
01101010110100000000000011101111
11010000000111111111000001101111
00000000000001010000010110010011
00000000000000000011010100010111
01110110000001010000010100010011
01101001100100000000000011101111
00000000000000000011010100010111
01110111010001010000010100010011
01101000110100000000000011101111
00000000000010011000011010010011
00000000000001000000011000010011
00000000000010010000010110010011
00000000000010100000010100010011
11111010010011111111000011101111
00000000000000000011010100010111
01110110110001010000010100010011
01100110110100000000000011101111
00000000000000000011010100010111
01110111100001010000010100010011
01100110000100000000000011101111
10101100000010100001001011100011
11101001010111111111000001101111
00000000000000000011010100010111
01101110100001010000010100010011
01100100110100000000000011101111
00000000000000000011010100010111
01101111010001010000010100010011
01100100000100000000000011101111
10011111100111111111000001101111
11111110000000010000000100010011
00000001011000010010000000100011
11111101110000011000101100010011
00000000000010110010011110000011
00000000100000010010110000100011
00000000100100010010101000100011
00000001001000010010100000100011
00000001001100010010011000100011
00000001010000010010010000100011
00000001010100010010001000100011
00000000000100010010111000100011
00000000111100000000011100010011
00000000000001011000101010010011
00000000000001100000010000010011
00000000000001010010010010000011
00000000110001010010100100000011
00000000010001010010100110000011
00000000100001010010101000000011
00000100111101110111100001100011
00000000000101111000011110010011
00000000000001011000011100010011
00000000000010100000011010010011
00000000000010010000010110010011
00000000000010011000011000010011
00000000000001001000010100010011
11111100111100011010111000100011
10000111100111111111000011101111
00000000000001000000010110010011
00000001100000010010010000000011
00000001110000010010000010000011
00000001010000010010010010000011
00000001000000010010100100000011
00000000110000010010100110000011
00000000100000010010101000000011
00000000010000010010101010000011
00000000000000010010101100000011
00000010000000010000000100010011
00010100110100000000000001101111
00000000000001100000011010010011
00000001000001011001011000010011
00000000000010010000100000010011
00000000000010100000011110010011
00000000000010011000011100010011
00000000000001001000010110010011
00000001000001100101011000010011
00000000000000000011010100010111
01010010100001010000010100010011
01010111110100000000000011101111
00000000000010110010011110000011
00000000000010101000011100010011
00000000000010100000011010010011
00000000000101111000011110010011
00000000000010011000011000010011
00000000000010010000010110010011
00000000000001001000010100010011
11111100111100011010111000100011
10000000000111111111000011101111
00000000000001000000010110010011
00001111100100000000000011101111
00000000000001010000010000010011
00000000000001010000010110010011
00000000000000000011010100010111
01010011100001010000010100010011
01010011110100000000000011101111
00000000000001000000010100010011
00000001110000010010000010000011
00000001100000010010010000000011
00000001010000010010010010000011
00000001000000010010100100000011
00000000110000010010100110000011
00000000100000010010101000000011
00000000010000010010101010000011
00000000000000010010101100000011
00000010000000010000000100010011
00000000000000001000000001100111
11111111000000010000000100010011
00000000000000000000011100010011
00000000000000000000011010010011
00000000100000010010011000100011
00000000000101011000010110010011
00000000111001101000010000110011
00000000100100010010010000100011
00000001000001011001010110010011
11111111111101010000100010010011
00000000000101000000010010010011
00000001000001011101010110010011
00000000000000000000011110010011
00000010110000000000111000010011
00000000010000000000001100010011
00000000000000000100001010010111
10001100100000101000001010010011
00000000000000000011100000010111
01110010100010000000100000010011
00000000000000000100111110010111
10001001100011111000111110010011
00000000000000000100111100010111
10001100000011110000111100010011
00000000000000000100111010010111
10001001100011101000111010010011
00000111000101001111000001100011
00001010000001110001001001100011
00000000011101011111011110010011
11111111110101111000011110010011
00000001000001111001011110010011
00000000001101011101011100010011
00000001000001111101011110010011
00000000001101110111011100010011
00001100111100110110011001100011
00000000001001111001011110010011
00000001000001111000011110110011
00000000000001111010011110000011
00000000001001110001011100010011
00000001000001111000011110110011
00000000000001111000000001100111
00000000111011101000011100110011
00000000000001110010011110000011
00000000100000000000011100010011
00000000000101011000010110010011
00000000111001101000010000110011
00000001000001011001010110010011
00000000000101000000010010010011
00000001000001011101010110010011
11111011000101001110010011100011
00000000110101100000011110110011
00000000101001100000011000110011
00000000101001101111100001100011
00000000000001111000000000100011
00000000000101111000011110010011
11111110111101100001110011100011
00000000110000010010010000000011
00000000100000010010010010000011
00000001000000010000000100010011
00000000000000001000000001100111
00000000111011110000011100110011
00000000000001110010011110000011
00000000100000000000011100010011
11111011010111111111000001101111
00000000111011111000011100110011
00000000000001110010011110000011
00000000100000000000011100010011
11111010010111111111000001101111
00000000110101100000011010110011
00000000111001111000011100110011
00000000000001111100001110000011
00000000000101101000011010010011
00000000000101111000011110010011
11111110011101101000111110100011
11111110111101110001100011100011
00000000011101011111011110010011
11111111110101111000011110010011
00000000100001100000010000110011
00000001000001111001011110010011
00000000001101011101011100010011
00000001110001000000000000100011
00000001000001111101011110010011
00000000000001001000011010010011
00000000001101110111011100010011
11110010111100110111111011100011
00000000001001110001011100010011
00000000111000101000011100110011
00000000000001110010011110000011
00000000010000000000011100010011
11110100110111111111000001101111
00000000000001010010011110000011
00000000000001111100011010000011
00101110000001101000100001100011
00000010110000000000100000010011
00000000000101111000011100010011
00101011000001101000111001100011
00000000000001011010100010000011
11111101000001101000011000010011
00001111111101100111011000010011
00000000100100000000001100010011
00000000000110001000100010010011
00001010110000110110110001100011
00000001000101011010000000100011
00000000000101111100011010000011
00010110000001101000010001100011
00000000001001111000011110010011
00010101000001101000111001100011
11111101000001101000011000010011
00000010111000000000100000010011
00000000100100000000100010010011
00000010110000000000001100010011
00001111111101100111011000010011
00000011000001101000011001100011
00001100110010001110000001100011
00000000000101110100011010000011
00000000000101111000011000010011
00000000000001111000011100010011
00010010000001101000100001100011
00101010011001101000101001100011
00000000000001100000011110010011
11111101000001101000011000010011
00001111111101100111011000010011
11111101000001101001111011100011
00000001000001011010011010000011
00000000000101101000011010010011
00000000110101011010100000100011
00000000000101110100011010000011
00101000000001101000001001100011
00000010110000000000011100010011
00000000000101111000011000010011
00100010111001101000001001100011
00000100010100000000100000010011
00000000100100000000100010010011
00000010110000000000001100010011
11111101000001101000011100010011
00001101111101101111011010010011
00001111111101110111011100010011
00001111000001101000011001100011
00011010111010001111101001100011
00000001010001011010011010000011
00000000000001100000011100010011
00000000000100000000011110010011
00000000000101101000011010010011
00000000110101011010101000100011
00000000111001010010000000100011
00000000000001111000010100010011
00000000000000001000000001100111
00000010101100000000011000010011
00000100110001101000101001100011
00000010110100000000011000010011
00000100110001101000011001100011
00000010111000000000011000010011
00011000110001101000110001100011
00000000010001011010011010000011
00000001000101011010000000100011
00000000000100000000011110010011
00000000000101101000011010010011
00000000110101011010001000100011
00000000111001010010000000100011
00000000000001111000010100010011
00000000000000001000000001100111
00000001000001011010011010000011
00000000000001111000011100010011
00000000000100000000011110010011
00000000000101101000011010010011
00000000110101011010100000100011
00000000111001010010000000100011
00000000000001111000010100010011
00000000000000001000000001100111
00000001000101011010000000100011
00000000000101111100100010000011
00011100000010001000000001100011
00000000001001111000011100010011
00011011000010001000110001100011
00000000100001011010011000000011
11111101000010001000011010010011
00001111111101101111011010010011
00000000100100000000100000010011
00000000000101100000011000010011
00000010110110000111000001100011
00000010111000000000011010010011
00010100110110001000000001100011
00000000110001011010010000100011
00000000000100000000011110010011
00000000111001010010000000100011
00000000000001111000010100010011
00000000000000001000000001100111
00000000110001011010010000100011
00000000001001111100011010000011
00000000000001101000101001100011
00000010110000000000011000010011
00000000000101110000011110010011
11101010110001101001011011100011
00000000000001111000011100010011
00000000010000000000011110010011
11111000110111111111000001101111
00000001010001011010011100000011
00000000000101110000011100010011
00000000111001011010101000100011
00000000000101111100011110000011
00010010000001111000101001100011
00000010110000000000100000010011
00000000000101100000011100010011
00010011000001111000011001100011
00000000110001011010011010000011
11111101010101111000011110010011
00001111110101111111011110010011
00000000000101101000011010010011
00000000110101011010011000100011
00000000000001111000101001100011
00000000000100000000011110010011
00000000111001010010000000100011
00000000000001111000010100010011
00000000000000001000000001100111
00000000000101100100011110000011
00001110000001111000100001100011
00000000001001100000011100010011
00001111000001111000010001100011
00000001100001011010011010000011
11111101000001111000011110010011
00001111111101111111011110010011
00000000000101101000011010010011
00000000100100000000100010010011
00000000110101011010110000100011
11111100111110001110010011100011
00000000001001100100011010000011
00001010000001101000111001100011
00000000001101100000011110010011
00001011000001101000100001100011
00000000100100000000011000010011
00000010110000000000100010010011
11111101000001101000011010010011
00001111111101101111011010010011
00000000110101100111111001100011
00000000010001011010011010000011
00000000000001111000011100010011
00000000000100000000011110010011
00000000000101101000011010010011
00000000110101011010001000100011
11101101110111111111000001101111
00000000000101110100011010000011
00000000000101111000100000010011
00000000000001111000011100010011
00000110000001101000101001100011
00001011000101101000001001100011
00000000000010000000011110010011
11111100010111111111000001101111
00000000000101111100011010000011
00000000000101100000011100010011
00000000000001100000011110010011
00000100000001101000001001100011
00000100011001101000001001100011
00000000000001110000011000010011
11100010010111111111000001101111
00000001000101011010000000100011
00000000000101111100011010000011
00000010000001101000100001100011
00000000001001111000011000010011
00000011000001101000001001100011
00000000000001110000011110010011
11011111110111111111000001101111
00000000110001011010010000100011
00000000001001111100011010000011
00000000000001101000101001100011
00000010110000000000011110010011
00000000000101110000011000010011
11111110111101101001001011100011
00000000000001100000011100010011
00000000010100000000011110010011
11100110010111111111000001101111
00000000000000000000011110010011
11100101110111111111000001101111
00000000000001111000011100010011
00000000011100000000011110010011
11100101000111111111000001101111
00000000011000000000011110010011
11100100100111111111000001101111
00000000000001100000011100010011
00000000001100000000011110010011
11100011110111111111000001101111
00000000000001111000011100010011
00000000000000000000011110010011
11100011000111111111000001101111
00000000001000000000011110010011
11100010100111111111000001101111
00000000000010000000011100010011
00000000011100000000011110010011
11100001110111111111000001101111
00000000000001111000011100010011
00000000010100000000011110010011
11100001000111111111000001101111
00000000000001100000011100010011
00000000010000000000011110010011
11100000010111111111000001101111
11111000000000010000000100010011
00000110100100010010101000100011
11111110010000011000010010010011
00000111011000010010000000100011
00000000000001001010101100000011
00000110100000010010110000100011
00000111001100010010011000100011
00000111010000010010010000100011
00000111010100010010001000100011
00000101100000010010110000100011
00000101100100010010101000100011
00000110000100010010111000100011
00000111001000010010100000100011
00000101011100010010111000100011
00000000101100010010011000100011
00000000111100000000100000010011
00000000000001111000100110010011
00000000000001011000010000010011
00000000000001010000110010010011
00000000000001100000110000010011
00000000000001101000101010010011
00000000000001110000101000010011
00000000000010110000011110010011
00100101011010000111010001100011
00000000000101111000011110010011
11111110111100011010001000100011
00000001000000010000010010010011
00000011000000010000100100010011
00000101000000010000011010010011
00000000000001001000011100010011
00000000000010010000011110010011
00000000000001111010000000100011
00000000000001110010000000100011
00000000010001111000011110010011
00000000010001110000011100010011
11111110110101111001100011100011
00000000111100000000011110010011
00000000000001011100011000000011
00010111011001111111010001100011
00000100000001100000000001100011
00000000110000010000101110010011
00000011000000010000010110010011
00000000000010111000010100010011
11000010010111111111000011101111
00000101000000010000011110010011
00000000001001010001010100010011
00000000101001111000010100110011
00000000110000010010010110000011
11111100000001010010011110000011
00000000000001011100011100000011
00000000000101111000011110010011
11111100111101010010000000100011
11111100000001110001101011100011
00000000111100000000011110010011
00010101011001111111000001100011
00000000100000010010011000100011
00000001100101000000110010110011
00000000000001000000011110010011
00100001100101000111011001100011
00000010110000000000011000010011
00000000000001111100011100000011
00000001100001110100011010110011
00000000110001110000010001100011
00000000110101111000000000100011
00000000110000010010011110000011
00000001010001111000011110110011
00000000111100010010011000100011
11111111100101111110001011100011
00000000111100000000011110010011
00010011011001111111011001100011
00000000000001000100011110000011
00000000100000010010011000100011
00000100000001111000001001100011
00000000110000010000101110010011
00000011000000010000010110010011
00000000000010111000010100010011
10111010000111111111000011101111
00000101000000010000011110010011
00000000001001010001010100010011
00000000101001111000010100110011
00000000110000010010010110000011
11111100000001010010011110000011
00000000000001011100011100000011
00000000000101111000011110010011
11111100111101010010000000100011
11111100000001110001101011100011
00000000111100000000011110010011
00010001011001111111101001100011
00000000100000010010011000100011
00000011100101000111100001100011
00000010110000000000011010010011
00000000000001000100011110000011
00000001010101111100011100110011
00000000110101111000010001100011
00000000111001000000000000100011
00000000110000010010010000000011
00000001010001000000010000110011
00000000100000010010011000100011
11111111100101000110001011100011
00000000111100000000011110010011
00010001011001111111001001100011
00000010000001001000010000010011
00000000000001001010010100000011
00000000000010011000010110010011
00000000010001001000010010010011
00100100110000000000000011101111
00000000000001010000010110010011
00000000000010010010010100000011
00000000010010010000100100010011
00100011110000000000000011101111
00000000000001010000100110010011
11111100100001001001111011100011
00000000111100000000011110010011
00010001011001111111111001100011
00000111110000010010000010000011
00000111100000010010010000000011
00000000000010011000010100010011
00000111010000010010010010000011
00000111000000010010100100000011
00000110110000010010100110000011
00000110100000010010101000000011
00000110010000010010101010000011
00000110000000010010101100000011
00000101110000010010101110000011
00000101100000010010110000000011
00000101010000010010110010000011
00001000000000010000000100010011
00000000000000001000000001100111
00000000000000000011010100010111
00010100100001010000010100010011
01100111010000000000000011101111
00000000110000010010010110000011
00000000000001011100011110000011
11101000000001111001011011100011
00000000000000000011010100010111
00010101110001010000010100010011
01100101110000000000000011101111
00000000000000000011010100010111
00010110110001010000010100010011
00000000100000010010011000100011
01100100110000000000000011101111
00000000110000010010011110000011
00000001100101000000110010110011
11101011100101111110100011100011
00000000000000000011010100010111
00010110100001010000010100010011
01100011010000000000000011101111
00000000000001000100011000000011
00000000000001000000010110010011
00000000000000000011010100010111
00010110100001010000010100010011
00000000100000010010011000100011
01100001110000000000000011101111
00000000110000010010010110000011
00000000000001011100011110000011
11101010000001111001110011100011
00000000000000000011010100010111
00010111100001010000010100010011
01100000010000000000000011101111
00000000000000000011010100010111
00011000100001010000010100010011
00000000100000010010011000100011
01011111010000000000000011101111
00000000110000010010010000000011
11101101100101000110110011100011
00000000000000000011010100010111
00011000100001010000010100010011
01011110000000000000000011101111
11101111010111111111000001101111
00000001000001110001011110010011
00000001000001101001011100010011
00000001000001100001011010010011
00000001000001111101011110010011
00000000000001011000011000010011
00000000000010011000100000010011
00000000000001010000010110010011
00000001000001110101011100010011
00000001000001101101011010010011
00000000000000000011010100010111
00000010010001010000010100010011
01011010110000000000000011101111
00000000000001001010011110000011
00000000110000010010010110000011
11011000010111111111000001101111
00000000000001010000010110010011
00000000000000000011010100010111
00010100110001010000010100010011
01011001000000000000000011101111
11101101100111111111000001101111
00000000000001000100011110000011
11100010000001111001011011100011
11101001000111111111000001101111
00000000010100000000011110010011
00000110101001111110001001100011
00000000000000000011011100010111
00100011100001110000011100010011
00000000001001010001010100010011
00000000111001010000010100110011
00000000000001010010011110000011
00000000111001111000011110110011
00000000000001111000000001100111
11111111000000011000011110010011
00000000000001111010010100000011
00000000000000001000000001100111
11111110100000011000011110010011
00000000000001111010010100000011
00000000000000001000000001100111
11111110110000011000011110010011
00000000000001111010010100000011
00000000000000001000000001100111
00000000000000000011011110010111
01101000010001111000011110010011
00000000000001111010010100000011
00000000000000001000000001100111
00000000000000000011011110010111
01100111100001111000011110010011
00000000000001111010010100000011
00000000000000001000000001100111
00000000000000000000010100010011
00000000000000001000000001100111
11111111111111111010100000110111
00001111111101010111011010010011
00000000100000000000011110010011
00000000000110000000100000010011
00000000110101011100011100110011
11111111111101111000011110010011
00000000000101011101010110010011
00000000000101110111011100010011
00001111111101111111011110010011
00000001000001011100011000110011
00000000000101101101011010010011
00000000000001110000011001100011
00000001000001100001010110010011
00000001000001011101010110010011
11111100000001111001110011100011
11111111111111111010011000110111
00000000100001010101010100010011
00000000100000000000011110010011
00000000000101100000011000010011
00000000101001011100011100110011
11111111111101111000011110010011
00000000000101011101010110010011
00000000000101110111011100010011
00001111111101111111011110010011
00000000110001011100011010110011
00000000000101010101010100010011
00000000000001110000011001100011
00000001000001101001010110010011
00000001000001011101010110010011
11111100000001111001110011100011
00000000000001011000010100010011
00000000000000001000000001100111
11111111000000010000000100010011
00000000100000010010010000100011
00000000000001010000010000010011
00000001000001010001010100010011
00000001000001010101010100010011
00000000000100010010011000100011
11110110100111111111000011101111
00000000000001010000010110010011
00000001000001000101010100010011
00000000100000010010010000000011
00000000110000010010000010000011
00000001000000010000000100010011
11110101000111111111000001101111
00000001000001010001010100010011
00000001000001010101010100010011
11110100010111111111000001101111
00000000000000000000010100010011
00000000000000001000000001100111
11111111111111111111011110110111
00001001000001111010011110000011
11111110111100011010101000100011
00000000000000001000000001100111
11111111111111111111011110110111
00001001000001111010011110000011
11111110111100011010110000100011
00000000000000001000000001100111
11111111100000011000011110010011
00000000000001111010010100000011
11111111010000011000011110010011
00000000000001111010011110000011
01000000111101010000010100110011
00000000000000001000000001100111
00000100011110000111011110110111
10001100000001111000011110010011
00000010111101010101010100110011
00000000000000001000000001100111
11111110000000010000000100010011
00000000100000010010110000100011
00000000000001010000010000010011
00000000000000000011010100010111
00001111000001010000010100010011
00000000000100010010111000100011
00111110010000000000000011101111
00000000000000000011010100010111
00010000100001010000010100010011
00111101100000000000000011101111
00000000000000000011010100010111
00010010000001010000010100010011
00111100110000000000000011101111
00000000000000000011010100010111
00010011000001010000010100010011
00111100000000000000000011101111
00000100011110000111010110110111
10001100000001011000010110010011
00000000000000000011010100010111
00010100100001010000010100010011
00111010110000000000000011101111
11111111111111111111011110110111
00001001000001111010011010000011
00000000000000010010011000100011
00000000110000010010011100000011
00111110011100000000011110010011
00000000111001111110111001100011
00111110011100000000011100010011
00000000110000010010011110000011
00000000000101111000011110010011
00000000111100010010011000100011
00000000110000010010011110000011
11111110111101110111100011100011
11111111111111111111011110110111
00001001000001111010011000000011
00000000000001101000010110010011
00000000000000000011010100010111
00010001000001010000010100010011
01000000110101100000011010110011
00110110000000000000000011101111
00000000000000000011010100010111
00010010100001010000010100010011
00110101010000000000000011101111
00000000000100000000011110010011
00000000111101000000000000100011
00000001110000010010000010000011
00000001100000010010010000000011
00000010000000010000000100010011
00000000000000001000000001100111
11111111000000010000000100010011
00000000000100010010011000100011
00000000000001010000000000100011
00000000000000000011010100010111
00000010110001010000010100010011
00110010010000000000000011101111
00000000000000000011010100010111
11111111110001010000010100010011
00110001100000000000000011101111
00000000110000010010000010000011
00000000000000000011010100010111
00001101110001010000010100010011
00000001000000010000000100010011
00110000010000000000000001101111
11111010000000010000000100010011
00000100100000010010111000100011
00000100100100010010110000100011
00000101001000010010101000100011
00000101001100010010100000100011
00000100000001111111100000010011
00000000000000000011111110010111
00110000110011111000111110010011
00000000000010000001011001100011
00000000000000000011111110010111
00101101100011111000111110010011
00000001000001111111010000010011
00011010000001000001111001100011
00000000000101111111100000010011
00000001000101111111100110010011
00000011000000000000001110010011
00011010000010000000101001100011
00000000001001111111100000010011
00000010000001111111010010010011
00011010000010000000110001100011
00011010000001011100111001100011
00000000010001111111100000010011
00100000000010000001000001100011
00000000100001111111011110010011
00000000000000000000100100010011
00000000000001111000011001100011
11111111111101101000011010010011
00000010000000000000100100010011
00000000000001001000110001100011
00000001000000000000011110010011
00100000111101100000001001100011
11111111100001100000011110010011
00000000000101111011011110010011
01000000111101101000011010110011
00011000000001011001101001100011
00000011000000000000011110010011
00000000111100010000011000100011
00000000000000000000001100010011
00000011000000000000100000010011
00000000000100000000001010010011
00000000000100000000111000010011
00000000110000010000011110010011
00000000000000101000111010010011
00000000111000101101010001100011
00000000000001110000111010010011
01000001110101101000011010110011
11111111111101101000100010010011
00000010000010011001001001100011
00000000110101010000010110110011
00000010000000000000011100010011
00011100110100000101101001100011
00000000000101010000010100010011
11111110111001010000111110100011
11111110101101010001110011100011
11111111111000000000100010010011
11111111111100000000011010010011
00000000000010010000011001100011
00000001001001010000000000100011
00000000000101010000010100010011
00000000000001001000101001100011
00000000100000000000011100010011
00011000111001100000100001100011
00000001000000000000011100010011
00010110111001100000010001100011
00000100000001000001010001100011
00000000000001010000011100010011
00000000000100000000011000010011
00011010110100000101000001100011
00000000000101110000011100010011
01000000111001100000011010110011
00000001000101101000011010110011
11111110011101110000111110100011
00000000110101010000011010110011
11111110110100000100011011100011
11111111111110001100011100010011
01000001111101110101011100010011
00000000111010001111011100110011
11111111111110001000011010010011
01000000111001101000011010110011
00000000000101110000011100010011
00000000111001010000010100110011
11111111111101101000100010010011
01000000010111101000011100110011
00000000111001010000011100110011
00000011000000000000011000010011
00010101110100101101000001100011
00000000000101010000010100010011
11111110110001010000111110100011
11111110111001010001110011100011
00000000011001111000010110110011
00000000000001110000011000010011
00000000000100000000010100010011
00000000100000000000000001101111
00000000000001011100100000000011
00000000000101100000011000010011
01000000110001010000011110110011
00000000011001111000011110110011
11111111000001100000111110100011
00000000111101110000011110110011
11111111111101011000010110010011
11111110111100000100001011100011
00000001110001110000010100110011
00000010110100000101111001100011
00000000000001010000011100010011
00000010000000000000011000010011
00000000000100000000011010010011
00000000000101110000011100010011
01000000111001101000011110110011
00000001000101111000011110110011
11111110110001110000111110100011
00000000111101010000011110110011
11111110111100000100011011100011
11111111111110001100011110010011
01000001111101111101011110010011
00000000111110001111100010110011
00000000000110001000100010010011
00000001000101010000010100110011
00000101110000010010010000000011
00000101100000010010010010000011
00000101010000010010100100000011
00000101000000010010100110000011
00000110000000010000000100010011
00000000000000001000000001100111
11111111111001111111011110010011
00000000000001000000100110010011
00000000001001111111100000010011
00000010000000000000001110010011
00000010000001111111010010010011
11100100000010000001100011100011
00000000000000000000100100010011
11100110100111111111000001101111
01000000101100000000010110110011
11111111111101101000011010010011
00000010110100000000100100010011
11100100000001001001111011100011
00000000000000000000001100010011
00000000110000010000011110010011
00000000100000000000000001101111
00000000000011100000001100010011
00000010110001011111100000110011
00000000000100110000111000010011
00000001110001111000111100110011
00000000000001011000111010010011
00000000000011100000001010010011
00000001000011111000100000110011
00000000000010000100100000000011
00000010110001011101010110110011
11111111000011110000111110100011
11111100110011101111110011100011
11100101010111111111000001101111
11111111111101101000011010010011
00000010101100000000100100010011
11100001000111111111000001101111
00000011000000000000011100010011
00000000111001010000000000100011
00000111100000000000011100010011
00000000111001010000000010100011
00000000001001010000010100010011
11101000100111111111000001101111
11111111111001101000011010010011
11100000100111111111000001101111
00000011000000000000011100010011
00000000111001010000000000100011
00000000000101010000010100010011
11100111000111111111000001101111
00000000000001010000011100010011
11101100110111111111000001101111
11111111111001101000011100010011
00000000000010001000011010010011
00000000000001110000100010010011
11100011100111111111000001101111
00000000000010001000011010010011
11111111111110001000100010010011
11101001010111111111000001101111
11111111000000010000000100010011
00000000100000010010010000100011
00000000000100010010011000100011
00000000101000000000011110010011
00000000000001010000010000010011
00000010111101010000010001100011
11111111111111111111011100110111
00001000010001110010011110000011
00000000000101111111011110010011
11111110000001111001110011100011
00001000100001110010000000100011
00000000110000010010000010000011
00000000100000010010010000000011
00000001000000010000000100010011
00000000000000001000000001100111
00000000110100000000010100010011
11111100000111111111000011101111
11111101010111111111000001101111
10111001000000010000000100010011
01000011001100010010111000100011
01000100000100010010011000100011
01000100100000010010010000100011
01000100100100010010001000100011
01000101001000010010000000100011
01000011010000010010110000100011
01000011010100010010101000100011
01000011011000010010100000100011
01000011011100010010011000100011
01000011100000010010010000100011
01000011100100010010001000100011
01000011101000010010000000100011
01000100101100010010101000100011
01000100110000010010110000100011
01000100110100010010111000100011
01000110111000010010000000100011
01000110111100010010001000100011
01000111000000010010010000100011
01000111000100010010011000100011
00000000000001010100011110000011
01000101010000010000100110010011
00000001001100010010001000100011
01110100000001111000111001100011
00000010000000010000100100010011
00000000000001010000001100010011
00000000000000000011010010010111
11011000100001001000010010010011
00000000000010010000010100010011
00000010111000000000101000010011
00000000000000000011101100010111
11011011110010110000101100010011
00000000000000000011010000010111
11110111110001000000010000010011
00000000000000000011101010010111
11101000110010101000101010010011
00000010010100000000011100010011
00001000111001111000011001100011
00000000111101010000000000100011
00000000000100110100011110000011
00000000000101010000010100010011
00000000000100110000001100010011
11111110000001111001010011100011
00000000000001010000000000100011
01000001001001010000010010110011
00000010100100000101100001100011
00000000100110010000101010110011
00000000101000000000101000010011
11111111111111111111010000110111
00000000000010010100100110000011
00010011010010011000010001100011
00001000010001000010011110000011
00000000000101111111011110010011
11111110000001111001110011100011
00001001001101000010000000100011
00000000000110010000100100010011
11111111001010101001001011100011
01000100110000010010000010000011
01000100100000010010010000000011
00000000000001001000010100010011
01000100000000010010100100000011
01000100010000010010010010000011
01000011110000010010100110000011
01000011100000010010101000000011
01000011010000010010101010000011
01000011000000010010101100000011
01000010110000010010101110000011
01000010100000010010110000000011
01000010010000010010110010000011
01000010000000010010110100000011
01000111000000010000000100010011
00000000000000001000000001100111
00000000000100110100010110000011
00000001000000000000011010010011
00000000000000000000011110010011
11111110000001011000011100010011
00001111111101110111011100010011
00000000000100110000011000010011
00000010111001101110101001100011
00000000001001110001011100010011
00000000100101110000011100110011
00000000000001110010011100000011
00000000100101110000011100110011
00000000000001110000000001100111
00000000000101111110011110010011
00000000000001100000001100010011
00000000000100110100010110000011
00000000000100110000011000010011
11111110000001011000011100010011
00001111111101110111011100010011
11111100111001101111101011100011
11111101000001011000011100010011
00001111111101110111011100010011
00000000100100000000011010010011
00001100111001101111111001100011
00000010101000000000011100010011
11111111111100000000011010010011
00010000111001011000001001100011
11111111111100000000011100010011
00001001010001011000111001100011
00001101111101011111100000010011
00000100110000000000100010010011
00000111000110000000001001100011
11111011111101011000100000010011
00001111111110000111100000010011
00000011011100000000100010010011
00100101000010001110110001100011
00000000001010000001100000010011
00000001011010000000100000110011
00000000000010000010100000000011
00000001011010000000100000110011
00000000000010000000000001100111
00000001000001111110011110010011
00000000000001100000001100010011
11111001000111111111000001101111
00000000010001111110011110010011
00000000000001100000001100010011
11111000010111111111000001101111
00000010000001111110011110010011
00000000000001100000001100010011
11110111100111111111000001101111
00000000100001111110011110010011
00000000000001100000001100010011
11110110110111111111000001101111
00000000110100000000010100010011
11011100010111111111000011101111
11101101010111111111000001101111
00000000000101100100100010000011
00000011011100000000001100010011
00000000000101100000101110010011
11111011111110001000100000010011
00001111111110000111100000010011
00011111000000110110110001100011
00000000001010000001100000010011
00000001010110000000100000110011
00000000000010000010100000000011
00000001010110000000100000110011
00000000000010000000000001100111
00000000000101100100010110000011
00000000100100000000100010010011
00000000000101100000100000010011
11111101000001011000011100010011
00001111111101110111011100010011
00011110111010001111011001100011
00000010101000000000011100010011
00100000111001011000110001100011
00000000000010000000011000010011
00000000000000000000011100010011
11110100000111111111000001101111
00000000000000000000011010010011
00000000100100000000100000010011
00000000001001101001011100010011
00000000110101110000011010110011
00000000000101100000011000010011
00000000000101101001011010010011
00000000101101101000011010110011
00000000000001100100010110000011
11111101000001101000011010010011
11111101000001011000011100010011
00001111111101110111011100010011
11111100111010000111111011100011
11110000010111111111000001101111
00000000000010011010011010000011
00000000001000110000011000010011
00000000001000110100010110000011
00000000010010011000100110010011
11101110000001101101100011100011
01000000110100000000011010110011
00000001000001111110011110010011
11101110010111111111000001101111
00000000000001100000101110010011
00000100000001111110011110010011
00000001000000000000011000010011
00000000010010011000100000010011
00000000000010011010010110000011
00000000000010000000100110010011
10100100000111111111000011101111
00000000000110111100011110000011
00000000000110111000001100010011
11011100000001111001001011100011
11011101110111111111000001101111
00000000000001100000101110010011
00000000101000000000011000010011
11111101100111111111000001101111
00000000000001100000101110010011
00000000000010011010011000000011
00000000010010011000100110010011
01001000000001100000100001100011
00000000000001100100010110000011
01010000000001011000000001100011
01001110000001110000111001100011
00000000000001100000010110010011
00000000110000000000000001101111
01000000111001011000100000110011
00000000110010000000100001100011
00000000000101011000010110010011
00000000000001011100100000000011
11111110000010000001100011100011
00000001000001111111011100010011
01000000110001011000011110110011
01001010000001110000010001100011
01010100111100000101111001100011
00000000111101100000100000110011
00000000000001010000011100010011
00000000000101100000011000010011
11111111111101100100010110000011
00000000000101110000011100010011
11111110101101110000111110100011
11111111000001100001100011100011
00000000111101010000011100110011
01000000111101101000010100110011
00000000000110111000001100010011
00000000101001110000010100110011
00000010000000000000011000010011
01001100110101111101111001100011
00000000000101110000011100010011
11111110110001110000111110100011
11111110101001110001110011100011
00000000000110111100011110000011
11010010000001111001001011100011
11010011110111111111000001101111
00000000000001100000101110010011
11111111111100000000011000010011
00111100110001101000101001100011
00000000000010011010010110000011
00000001000000000000011000010011
00000000010010011000100110010011
10010111010111111111000011101111
00000000000110111100011110000011
00000000000110111000001100010011
11001110000001111001110011100011
11010001000111111111000001101111
00000000000001100000101110010011
00000000100000000000011000010011
11110000110111111111000001101111
00000000000001100000101110010011
00000001000001111111011110010011
11111111111101101000011010010011
00111010000001111000001001100011
00000000000010011010011100000011
00000000000101010000011000010011
00000000000101101000011110010011
00000000111001010000000000100011
00000000010010011000100110010011
00000000111101010000010100110011
00000000000110111000001100010011
00000000000001100000011110010011
00000010000000000000011100010011
01000010110100000101111001100011
00000000000101111000011110010011
11111110111001111000111110100011
11111110101001111001110011100011
00000000000110111100011110000011
00000000110101100000010100110011
11001000000001111001110011100011
11001011000111111111000001101111
00000000000001011000100010010011
00000000000001100000101110010011
00000010010100000000011100010011
00000000000101010000011110010011
00110000111010001000111001100011
00000000111001010000000000100011
00000000000010111100011100000011
01000000000001110001100001100011
00000000000001111000010100010011
11001000100111111111000001101111
00000000000000000000011100010011
00000000001001110001011000010011
00000000111001100000011100110011
00000000000110000000100000010011
00000000000101110001011100010011
00000000101101110000011100110011
00000000000010000100010110000011
11111101000001110000011100010011
11111101000001011000011000010011
00001111111101100111011000010011
11111100110010001111111011100011
00000000000010000000011000010011
11010011100111111111000001101111
00000000000010011010011100000011
00000000001001100100010110000011
00000000010010011000100110010011
11111111111101110100100000010011
01000001111110000101100000010011
00000001000001110111011100110011
00000000001001100000011000010011
11010001100111111111000001101111
00000110110000000000100000010011
00000000000010011010011100000011
00000100000001111110011110010011
00000000010010011000100110010011
00000000000000000011111010010111
10111001100011101000111010010011
00110011000001011001011001100011
00000000100000010000001100010011
00000001101000010000111000010011
00000000000000110000100000010011
00000011101000000000111100010011
00000000100000000000000001101111
11111111111010000000111110100011
00000000000001110100010110000011
00000000001110000000100000010011
00000000000101110000011100010011
00000000010001011101100010010011
00000000111101011111010110010011
00000001000111101000100010110011
00000000101111101000010110110011
00000000000010001100100010000011
00000000000001011100010110000011
11111111000110000000111010100011
11111110101110000000111100100011
11111101000011100001100011100011
00000001000001111111011110010011
11111111111101101000100010010011
00000010000001111001011001100011
11111110111101101000011110010011
00000001000100000000010110010011
00000000111101010000011110110011
00000010000000000000011100010011
00110110110101011101101001100011
00000000000101010000010100010011
11111110111001010000111110100011
11111110111101010001110011100011
00000000111100000000100010010011
00000001000000000000011010010011
00000000000001010000100000010011
00000001000100110000010110010011
00000000000001010000011110010011
00000000000000110100011100000011
00000000000101111000011110010011
00000000000100110000001100010011
11111110111001111000111110100011
11111110101100110001100011100011
00000001000100000000011110010011
00000001000101010000010100010011
00000010110101111101010001100011
00000010000000000000010110010011
00000001001000000000011010010011
00000001000100000000011100010011
00000000000101010000010100010011
01000000101001101000011110110011
00000001000001111000011110110011
11111110101101010000111110100011
00000001000101111000011110110011
11111110111101110100011011100011
00000000001001100100011110000011
00000000001001100000001100010011
10110010000001111001001011100011
10110011110111111111000001101111
00000110110000000000100000010011
00000000000010011010011100000011
00000000010010011000100110010011
00100101000001011001000001100011
00000100000001111111010110010011
00000000000001000000111010010011
11110000000001011000011011100011
00000000000000000011111010010111
10101001010011101000111010010011
11110000000111111111000001101111
00000110110000000000100010010011
00000000001001111110011110010011
00000000010010011000100000010011
00000000101000000000011000010011
11010001000101011000011011100011
00010110110000000000000001101111
00000000000001100000101110010011
00000001000000000000011000010011
11001111100111111111000001101111
00000000000010011010011100000011
00000000010010011000100110010011
00000000000001110100010110000011
00000000000000000000100010010011
00000000010001110000001100010011
00000110001100000000111100010011
00000000100100000000001010010011
00000000101000000000111000010011
00000110010000000000111110010011
00000011000000000000111010010011
00000000000110001000100000010011
00000010000001011001101001100011
01000010000000010000010110010011
00000001000101011000100010110011
10111111110110001000010000100011
00000000000101110000011100010011
00000110011001110000111001100011
01000010000000010000010110010011
00000001000001011000010110110011
10111111010001011000010000100011
00000000000001110100010110000011
00000000000110000000100010010011
00000000000110001000100000010011
11111100000001011000101011100011
00010110101111110101010001100011
00000011111101011110110000110011
01000010000000010000001110010011
00000001000100111000110100110011
00000001000000111000110010110011
00000000001010001000101110010011
00000000001110001000100000010011
00000011111101011100010110110011
00000011110011000100100010110011
00000000101101000000001110110011
00000000000000111100010110000011
10111110101111010000010000100011
00000011110011000110010110110011
00000001000101000000100010110011
00000000000010001100100010000011
10111111000111001000010000100011
00000000101101000000010110110011
00000000000001011100100010000011
01000010000000010000010110010011
00000001011101011000010110110011
10111111000101011000010000100011
00000000000101110000011100010011
11111000011001110001011011100011
00000001000001111111011110010011
11111111111101101000100010010011
00000010000001111001011001100011
01000001000001101000011110110011
00000000111101010000011110110011
00000010000000000000011100010011
00011010110110000101100001100011
00000000000101010000010100010011
11111110111001010000111110100011
11111110111101010001110011100011
01000000110110000000011010110011
00000001000101101000011010110011
11111111111101101000100010010011
00000000100000010000011110010011
00000001000001010000011100110011
00000000000001111100010110000011
00000000000101010000010100010011
00000000000101111000011110010011
11111110101101010000111110100011
11111110111001010001100011100011
00000010110110000101001001100011
00000010000000000000010110010011
00000000000100000000011010010011
00000000000101010000010100010011
01000000101001101000011110110011
00000001000101111000011110110011
11111110101101010000111110100011
00000000111101110000011110110011
11111110111110000100011011100011
00000000000101100100011110000011
00000000000101100000001100010011
10011000000001111001110011100011
10011011000111111111000001101111
00000000000010011010011100000011
00000100000001111110011110010011
00000000010010011000100110010011
11101011110111111111000001101111
00000000001001111110011110010011
00000000010010011000100000010011
00000000000001100000101110010011
00000000000010011010010110000011
00000000101000000000011000010011
00000000000010000000100110010011
10111001100111111111000001101111
00000000000010111100011100000011
00000000000001111000011010010011
00000000000001010000011110010011
00000000000001101000010100010011
00000000111001111000000000100011
00000000000110111100011110000011
00000000000110111000001100010011
10010100000001111001010011100011
10010110000111111111000001101111
00000000000101111110011110010011
00000000100000000000011010010011
11000010100111111111000001101111
00000000110101010000011100110011
00000010000000000000011110010011
00001010110100000101001001100011
00000000000101010000010100010011
11111110111101010000111110100011
11111110111001010001110011100011
11111111111100000000011010010011
11000100010111111111000001101111
00000000000000000011011000010111
10000111100001100000011000010011
10110111010111111111000001101111
00000000000010001000101110010011
11101100101100101101101011100011
00000011110001011100001110110011
01000010000000010000101110010011
00000001000110111000110000110011
00000000000010000000101110010011
00000000001010001000100000010011
00000000011101000000100010110011
00000000000010001100100010000011
00000011110001011110010110110011
10111111000111000000010000100011
11101010110111111111000001101111
00000000000000000000010010010011
10010010100111111111000001101111
00000000000010111000011000010011
11100000010111111111000001101111
11111111111101101000100000010011
00001000110101111101010001100011
01000000111101101000011100110011
00000000111001010000011100110011
00000010000000000000010110010011
00000000000101010000010100010011
11111110101101010000111110100011
11111110101001110001110011100011
01000000110101111000011010110011
00000001000001101000011010110011
10110011010111111111000001101111
00000001000001111111011110010011
00000110000001111000001001100011
00000000000001010000011100010011
00000000000000000000011110010011
10110100010111111111000001101111
00000000000010011010011110000011
00000000000101010000011000010011
00000000010010011000100110010011
00000000111101010000000000100011
00000000000110111000001100010011
00000000000110111100011110000011
00000000000001100000010100010011
10000110000001111001011011100011
10001000010111111111000001101111
00000000001001010000010100010011
11110000110111111111000001101111
00000000000110111100011110000011
00000000000001110000010100010011
10000100000001111001101011100011
10000110110111111111000001101111
11111111111001101000011110010011
00000000000010001000011010010011
00000000000001111000100010010011
11100110000111111111000001101111
00000000000010000000011010010011
10101100110111111111000001101111
11111111111101101000100000010011
11110110110100000100100011100011
00000000000010000000011010010011
00000000000001010000011100010011
10101101110111111111000001101111
11111111111001101000011110010011
00000000000010001000011010010011
00000000000001111000100010010011
11001001100111111111000001101111
00000000000001010000011100010011
10101100010111111111000001101111
00000000000001011000011110010011
00000000000001100000100000010011
00000000000001101000011100010011
00000000000001010000001100010011
00101000000001101001011001100011
00000000000000000010100010010111
01111011000010001000100010010011
00001110110001011111011001100011
00000000000000010000011100110111
00001100111001100111100001100011
00001111111100000000011100010011
00000000110001110011011100110011
00000000001101110001011100010011
00000000111001100101011010110011
00000000110110001000100010110011
00000000000010001100011010000011
00000000111001101000011100110011
00000010000000000000011010010011
01000000111001101000011010110011
00000000000001101000110001100011
00000000110101111001011110110011
00000000111001010101011100110011
00000000110101100001100000110011
00000000111101110110010110110011
00000000110101010001001100110011
00000001000010000101010100010011
00000010101001011111011100110011
00000001000010000001011000010011
00000001000001100101011000010011
00000001000000110101011010010011
00000010101001011101010110110011
00000001000001110001011100010011
00000000110101110110011010110011
00000010101101100000011110110011
00000000000001011000011100010011
00000000111101101111111001100011
00000001000001101000011010110011
11111111111101011000011100010011
00000001000001101110100001100011
00000000111101101111011001100011
11111111111001011000011100010011
00000001000001101000011010110011
01000000111101101000011010110011
00000010101001101111011110110011
00000001000000110001001100010011
00000001000000110101001100010011
00000010101001101101011010110011
00000001000001111001011110010011
00000000011001111110001100110011
00000010110101100000010110110011
00000000000001101000010100010011
00000000101100110111110001100011
00000000011010000000001100110011
11111111111101101000010100010011
00000001000000110110011001100011
00000000101100110111010001100011
11111111111001101000010100010011
00000001000001110001011100010011
00000000101001110110011100110011
00000000000000000000010110010011
00001110010000000000000001101111
00000001000000000000011010110111
00000001000000000000011100010011
11110010110101100110110011100011
00000001100000000000011100010011
11110011000111111111000001101111
00000000000001100001011001100011
00000000000100000000011010010011
00000010110001101101100000110011
00000000000000010000011010110111
00001100110110000111001001100011
00001111111100000000011010010011
00000001000001101111010001100011
00000000100000000000011100010011
00000000111010000101011010110011
00000000110110001000100010110011
00000000000010001100011010000011
00000000111001101000011010110011
00000010000000000000011100010011
01000000110101110000011100110011
00001010000001110001100001100011
01000001000001111000011110110011
00000000000100000000010110010011
00000001000010000101011000010011
00000001000010000001100010010011
00000001000010001101100010010011
00000001000000110101011010010011
00000010110001111111011100110011
00000010110001111101011110110011
00000001000001110001011100010011
00000000110101110110011010110011
00000010111110001000010100110011
00000000000001111000011100010011
00000000101001101111111001100011
00000001000001101000011010110011
11111111111101111000011100010011
00000001000001101110100001100011
00000000101001101111011001100011
11111111111001111000011100010011
00000001000001101000011010110011
01000000101001101000011010110011
00000010110001101111011110110011
00000001000000110001001100010011
00000001000000110101001100010011
00000010110001101101011010110011
00000001000001111001011110010011
00000000011001111110001100110011
00000010110110001000100010110011
00000000000001101000010100010011
00000001000100110111110001100011
00000000011010000000001100110011
11111111111101101000010100010011
00000001000000110110011001100011
00000001000100110111010001100011
11111111111001101000010100010011
00000001000001110001011100010011
00000000101001110110011100110011
00000000000001110000010100010011
00000000000000001000000001100111
00000001000000000000011010110111
00000001000000000000011100010011
11110100110110000110001011100011
00000001100000000000011100010011
11110011110111111111000001101111
00000000111010000001100000110011
00000000110101111101010110110011
00000000111001010001001100110011
00000000110101010101011010110011
00000001000010000101010100010011
00000000111001111001011110110011
00000010101001011111011100110011
00000000111101101110100010110011
00000001000010000001011110010011
00000001000001111101011110010011
00000001000010001101011000010011
00000010101001011101010110110011
00000001000001110001011100010011
00000000110001110110011100110011
00000010101101111000011010110011
00000000000001011000011000010011
00000000110101110111111001100011
00000001000001110000011100110011
11111111111101011000011000010011
00000001000001110110100001100011
00000000110101110111011001100011
11111111111001011000011000010011
00000001000001110000011100110011
01000000110101110000011010110011
00000010101001101111011100110011
00000001000010001001100010010011
00000001000010001101100010010011
00000010101001101101011010110011
00000001000001110001011100010011
00000010110101111000010110110011
00000001000101110110011110110011
00000000000001101000011100010011
00000000101101111111111001100011
00000001000001111000011110110011
11111111111101101000011100010011
00000001000001111110100001100011
00000000101101111111011001100011
11111111111001101000011100010011
00000001000001111000011110110011
01000000101101111000011110110011
00000001000001100001010110010011
00000000111001011110010110110011
11101011010111111111000001101111
00011000110101011110011001100011
00000000000000010000011100110111
00000100111001101111010001100011
00001111111100000000100000010011
00000000110110000011011100110011
00000000001101110001011100010011
00000000111001101101100000110011
00000000000000000010010110010111
01010000110001011000010110010011
00000001000001011000010110110011
00000000000001011100100000000011
00000010000000000000010110010011
00000000111010000000100000110011
01000001000001011000010110110011
00000010000001011001011001100011
00000000000100000000011100010011
11101110111101101110110011100011
00000000110001010011010100110011
00000000000101010100011100010011
11101110110111111111000001101111
00000001000000000000010110110111
00000001000000000000011100010011
11111100101101101110000011100011
00000001100000000000011100010011
11111011100111111111000001101111
00000001000001100101011100110011
00000000101101101001011010110011
00000000110101110110011010110011
00000001000001101101111010010011
00000001000001111101011100110011
00000011110101110111100010110011
00000000101101111001011110110011
00000001000001010101100000110011
00000000111110000110001100110011
00000001000001101001011110010011
00000001000001111101011110010011
00000001000000110101100000010011
00000000101101100001011000110011
00000011110101110101011100110011
00000001000010001001100010010011
00000001000010001110100000110011
00000010111001111000111100110011
00000000000001110000111000010011
00000001111010000111111001100011
00000000110110000000100000110011
11111111111101110000111000010011
00000000110110000110100001100011
00000001111010000111011001100011
11111111111001110000111000010011
00000000110110000000100000110011
01000001111010000000100000110011
00000011110110000111100010110011
00000011110110000101100000110011
00000001000010001001100010010011
00000011000001111000111010110011
00000001000000110001011110010011
00000001000001111101011110010011
00000000111110001110011110110011
00000000000010000000011100010011
00000001110101111111111001100011
00000000110101111000011110110011
11111111111110000000011100010011
00000000110101111110100001100011
00000001110101111111011001100011
11111111111010000000011100010011
00000000110101111000011110110011
00000001000011100001111000010011
01000001110101111000011110110011
00000000000000010000111010110111
00000000111011100110011100110011
11111111111111101000100000010011
00000001000001110111001100110011
00000001000001110101100010010011
00000001000001100111100000110011
00000001000001100101011000010011
00000011000000110000111000110011
00000011000010001000100000110011
00000001000011100101011010010011
00000010110000110000001100110011
00000001000000110000001100110011
00000000011001101000011010110011
00000010110010001000100010110011
00000001000001101111010001100011
00000001110110001000100010110011
00000001000001101101011000010011
00000001000101100000100010110011
00000011000101111110011001100011
11001111000101111001101011100011
00000000000000010000011110110111
11111111111101111000011110010011
00000000111101101111011010110011
00000001000001101001011010010011
00000000111111100111111000110011
00000000101101010001010100110011
00000001110001101000011010110011
00000000000000000000010110010011
11011010110101010111110011100011
11111111111101110000011100010011
11001100100111111111000001101111
00000000000000000000010110010011
00000000000000000000011100010011
11011010010111111111000001101111
01011101010011000100001101011011
01001100010000010100001100100000
01001110010001010101111101000011
00100000010100100100010101010100
01101100001001010011110101101110
01100100011100000010000001110101
00111101011000010111010001100001
00110000001001010111100000110000
00100000011110000110110000111000
00111101011100110110010101110010
00110000001001010111100000110000
00001101011110000110110000111000
00000000000000000000000000001010
01011101010011000100001101011011
01001100010000010100001100100000
01000001010001000101111101000011
01100100001000000100000101010100
00111101011000010111010001100001
00110000001001010111100000110000
01101111001000000111100000110100
01110000011110010111010001110000
01110101001001010011110101100101
00000000000000000000101000001101
01011101010011000100001101011011
01001100010000010100001100100000
01000101010001000101111101000011
01001100010101010100000101000110
01100101011100100010000001010100
01101100011000010111011001110100
00100101011110000011000000111101
00001101011110000011010000110000
00000000000000000000000000001010
01011101010011000100001101011011
01001100010000010100001100100000
01010010010000110101111101000011
01000101010000100101111101000011
00100000010011100100100101000111
01110110011101000110010101110010
00110000001111010110110001100001
00110100001100000010010101111000
01101100011011110010000001111000
01100011011100100110001101100100
00100101011110000011000000111101
00001101011110000011010000110000
00000000000000000000000000001010
01011101010011000100001101011011
01001100010000010100001100100000
01010100010100110101111101000011
01011111010001010101001001001111
01001001010001110100010101000010
01100100011100000010000001001110
00111101011000010111010001100001
00110000001001010111100000110000
00100000011110000110110000111000
01110010011011110111010001110011
01111000001100000011110101100101
01111000001101000011000000100101
00000000000000000000101000001101
01011101010011000100001101011011
01001100010000010100001100100000
01001111010001000101111101000011
01110010001000000100010101001110
01100001011101100111010001100101
01111000001100000011110101101100
01111000001101000011000000100101
01110111011001010110111000100000
00111101011000110111001001100011
00110000001001010111100000110000
00001010000011010111100000110100
00000000000000000000000000000000
01011101010011000100001101011011
01001100010000010100001100100000
01000001010000110101111101000011
01000100010001010100100001000011
01110100011001010111001000100000
00111101011011000110000101110110
00110000001001010111100000110000
00001010000011010111100000110100
00000000000000000000000000000000
01011101010011000100001101011011
01001100010000010100001100100000
01000101010001000101111101000011
01000101010001000100111101000011
01100001011011000110011000100000
01100100001001010011110101100111
01111001011101000110010000100000
00111101001100000110010101110000
00110000001001010111100000110000
01110011001000000111100000110100
00111101011001010111101001101001
00100000011101010110110000100101
00110011011011010110010101101101
00100101011110000011000000111101
01111000011011000011100000110000
01110100011000010110110100100000
01100100001001010011110101001110
01100011011100100110001100100000
00100101011110000011000000111101
00001101011110000011010000110000
00000000000000000000000000001010
01011101010011000100001101011011
01001100010000010100001100100000
01000001010000110101111101000011
01010011010111110100110001001100
01000101010101000100000101010100
01100101011101000111001100100000
01111000001100000011110101110000
01111000001101000011000000100101
00000000000000000000101000001101
01011101010011000100001101011011
01001100010000010100001100100000
01000101010100100101111101000011
01010100010100110101111101010100
00100000010001010101010001000001
01110110011101000110010101110010
00110000001111010110110001100001
00110100001100000010010101111000
00000000000010100000110101111000
01011101010011000100001101011011
01001100010000010100001100100000
01000001010000110101111101000011
01001101010111110100110001001100
01001001010100100101010001000001
01100101011100110010000001011000
00110000001111010110010001100101
00110100001100000010010101111000
00000000000010100000110101111000
01011101010011000100001101011011
01001100010000010100001100100000
01000101010100100101111101000011
01000001010011010101111101010100
01011000010010010101001001010100
01110100011001010111001000100000
00111101011011000110000101110110
00110000001001010111100000110000
00001010000011010111100000110100
00000000000000000000000000000000
01011101010011000100001101011011
01010000010011010100001100100000
01010100010011100100010101011111
01101110001000000101001001000101
01110101011011000010010100111101
00110000001111010110000100100000
00111000001100000010010101111000
01100010001000000111100001101100
00100101011110000011000000111101
01111000011011000011100000110000
01101110011010010110000100100000
00110000001111010110111101100110
00111000001100000010010101111000
01100010001000000111100001101100
01101111011001100110111001101001
00100101011110000011000000111101
01111000011011000011100000110000
00000000000000000000101000001101
01011101010011000100001101011011
01010000010011010100001100100000
01010100010001100100000101011111
01000001010111110101001001000101
01101100011000010111011000100000
01111000001100000011110100110001
01111000001101000011000000100101
00000000000000000000101000001101
01011101010011000100001101011011
01010000010011010100001100100000
01001110010011110100010001011111
01100001011101100010000001000101
00110000001111010011000101101100
00110100001100000010010101111000
01100001011101100010000001111000
00110000001111010011001001101100
00110100001100000010010101111000
01101001011001000010000001111000
00100101001111010110011001100110
00001010000011010110010001101100
00000000000000000000000000000000
01011101010011000100001101011011
01010100010011100100010100100000
01100010001000000101001001000101
01101001011100110110101101101100
00100101001111010110010101111010
01101101001000000111010101101100
01101100011000100110110101100101
00111101011010110110001101101111
00110000001001010111100000110000
00100000011110000110110000111000
01100100011001010110010101110011
00100101011110000011000000111101
00100000011110000011010000110000
01100100011000010110010101101000
00111101011110100111001101011111
00100000011101010110110000100101
01100001011101000110000101100100
00111101011110100111001101011111
00001101011101010110110000100101
00000000000000000000000000001010
01011101010011000100001101011011
01010010010001010101000000100000
01000101010101000100100101011111
01100101011100000010000001001101
01110100011010010101111101110010
00100101001111010110110101100101
00001010000011010111010101101100
00000000000000000000000000000000
01011101010011000100001101011011
01011010010010010101001100100000
01001001010001000101111101000101
01000101010000100101111101010110
00100000010011100100100101000111
01110011011010110110110001100010
00111101011001010111101001101001
00100000011101010110110000100101
01011111011100100110010101110000
01101101011001010111010001101001
01110101011011000010010100111101
00000000000000000000101000001101
01011101010011000100001101011011
01011010010010010101001100100000
01001001010001000101111101000101
01001111010001000101111101010110
01110011001000000100010101001110
00111101011001010111101001101001
00001101011101010110110000100101
00000000000000000000000000001010
01011101010011000100001101011011
01010010010101000101000000100000
01100101011011010010000001010011
01101110011001010101111101101101
01111000001100000011110101100100
01101100001110000011000000100101
01100001011001000010000001111000
00110000001111010110000101110100
00111000001100000010010101111000
01100100001000000111100001101100
01011111011000010111010001100001
00111101011001000110111001100101
00110000001001010111100000110000
00100000011110000110110000111000
01110100011100110110100101101100
00100101011110000011000000111101
01111000011011000011100000110000
00000000000000000000101000001101
01011101010011000100001101011011
01000001010001010100100000100000
01001110010010010101111101000100
01000010010111110101010001001001
01001110010010010100011101000101
00000000000000000000101000001101
01011101010011000100001101011011
01000001010001010100100000100000
01000101010011100101111101000100
01000100010111110101010001011000
00001101010001010100111001001111
00000000000000000000000000001010
01011101010011000100001101011011
01000001010001010100100000100000
01001110010010010101111101000100
01000100010111110100111101000110
00100000010001010100111001001111
01101111011001100110111001101001
00100101011110000011000000111101
01111000011011000011100000110000
00000000000000000000101000001101
01011101010011000100001101011011
01000001010001010100100000100000
01000100010010010101111101000100
01001111010001000101111101011000
00001010000011010100010101001110
00000000000000000000000000000000
01011101010011000100001101011011
01000001010001010100100000100000
01000001010001000101111101000100
01000100010111110100000101010100
00001101010001010100111001001111
00000000000000000000000000001010
01011101010011000100001101011011
01001001010000010101010000100000
01001110010010010101111101001100
01010100010100100100010101010011
01000111010001010100001001011111
01101101001000000100111001001001
00110000001111010110110101100101
00111000001100000010010101111000
01100100001000000111100001101100
00111101011000010111010001100001
00110000001001010111100000110000
00001101011110000110110000111000
00000000000000000000000000001010
01011101010011000100001101011011
01001001010000010101010000100000
01001110010010010101111101001100
01010100010100100100010101010011
01001110010011110100010001011111
01100101011100100010000001000101
01111000001100000011110101110100
01101100001110000011000000100101
01100101011011010010000001111000
01111000001100000011110101101101
01101100001110000011000000100101
01100001011001000010000001111000
00110000001111010110000101110100
00111000001100000010010101111000
00001010000011010111100001101100
00000000000000000000000000000000
01011101010011000100001101011011
01001100010101010100001000100000
01001110010010010101111101001011
01010100010100100100010101010011
01000111010001010100001001011111
01110011001000000100111001001001
00111101011001010111101001101001
00001101011101010110110000100101
00000000000000000000000000001010
01011101010011000100001101011011
01001100010101010100001000100000
01001110010010010101111101001011
01010100010100100100010101010011
01000101010101000101001101011111
01001111010001000101111101010000
01101001001000000100010101001110
01110101011011000010010100111101
01110100011001010111001000100000
00100101011110000011000000111101
01111000011011000011100000110000
00000000000000000000101000001101
01011101010011000100001101011011
01001100010101010100001000100000
01001110010010010101111101001011
01010100010100100100010101010011
01001100010101010100111001011111
00111101011010010010000001001100
00001101011101010110110000100101
00000000000000000000000000001010
01011101010011000100001101011011
01001100010101010100001000100000
01001110010010010101111101001011
01010100010100100100010101010011
01001110010011110100010001011111
00111101011010010010000001000101
00100000011101010110110000100101
00111101011011010110010101101101
00110000001001010111100000110000
00100000011110000110110000111000
01100001011101000110000101100100
00100101011110000011000000111101
01111000011011000011100000110000
00000000000000000000101000001101
01011101010011000100001101011011
01000100010011100100100100100000
01000010010111110101100001000101
01001110010010010100011101000101
01101110011010010110011000100000
00111101011100100110010101100100
00110000001001010111100000110000
00001101011110000110110000111000
00000000000000000000000000001010
01011101010011000100001101011011
01000100010011100100100100100000
01010011010111110101100001000101
01011111010100000100010101010100
01001001010001110100010101000010
01110100011100110010000001001110
00100101001111010111000001100101
01100110001000000111010101101100
01100101011001000110111001101001
01111000001100000011110101110010
01101100001110000011000000100101
01100101011011100010000001111000
00110000001111010111010001111000
00111000001100000010010101111000
01101001001000000111100001101100
01110101011011000010010100111101
00000000000000000000101000001101
01011101010011000100001101011011
01000100010011100100100100100000
01010011010111110101100001000101
01011111010100000100010101010100
01000101010011100100111101000100
01100101011101000111001100100000
01101100001001010011110101110000
01100100011010010010000001110101
01111000001100000011110101111000
01111000001101000011000000100101
00000000000000000000101000001101
01011101010011000100001101011011
01010010010100100100010100100000
01001001010111110101001001001111
01011000010001010100010001001110
01001111010011110100110001011111
01001001010011000101111101010000
00100000010101000100100101001101
01110000011001010111010001110011
01110101011011000010010100111101
01111010011010010111001100100000
01101100001001010011110101100101
00000000000010100000110101110101
01011101010011000100001101011011
01000100010011100100100100100000
01000100010111110101100001000101
00100000010001010100111001001111
01110000011001010111010001110011
01101100001001010011110101110011
01101001011001100010000001110101
01110010011001010110010001101110
00100101011110000011000000111101
01111000011011000011100000110000
00000000000000000000101000001101
01011101010011000100001101011011
01010010010011110101001100100000
01000101010000100101111101010100
00100000010011100100100101000111
01110100011100110110100101101100
00100101011110000011000000111101
01111000011011000011100000110000
00000000000000000000101000001101
01011101010011000100001101011011
01010010010011110101001100100000
01001111010001000101111101010100
01101100001000000100010101001110
00111101011101000111001101101001
00110000001001010111100000110000
00001101011110000110110000111000
00000000000000000000000000001010
01011101010011000100001101011011
01001100010101010100001000100000
01001110010010010101111101001011
01010100010100100100010101010011
01000101010101000101001101011111
01000101010000100101111101010000
00100000010011100100100101000111
01101100001001010011110101101001
01100001011001000010000001110101
01111000001100000011110101110100
01111000001101000011000000100101
01101101011001010110110100100000
00100101011110000011000000111101
01111000011011000011100000110000
01110100011000010110010000100000
01111000001100000011110101100001
01101100001110000011000000100101
00000000000010100000110101111000
01011101010011000100001101011011
01010011010011100100100100100000
01011111010101000101001001000101
01000101010101000100111001000101
01101111011100000010000001010010
00111101011101000110111001101001
00110000001001010111100000110000
00100000011110000110110000111000
00111101011011010110010101101101
00110000001001010111100000110000
00100000011110000110110000111000
01100001011101000110000101100100
00100101011110000011000000111101
01111000011011000011100000110000
01101101011001010110110100100000
01100100011011100110010101011111
00100101011110000011000000111101
01111000011011000011100000110000
01110100011000010110010000100000
01101110011001010101111101100001
01111000001100000011110101100100
01101100001110000011000000100101
00000000000010100000110101111000
01011101010011000100001101011011
01010011010011100100100100100000
01011111010101000101001001000101
01011111010011010100010101001101
01001100010011000101010101000110
00000000000000000000101000001101
01011101010011000100001101011011
01010011010011100100100100100000
01011111010101000101001001000101
01000001010101000100000101000100
01001100010101010100011001011111
00000000000010100000110101001100
01011101010011000100001101011011
01010011010011100100100100100000
01011111010101000101001001000101
01000101010011100100111101000100
01110111011001010110111000100000
00100101011110000011000000111101
01111000011011000011100000110000
01111000011001010110111000100000
01111000001100000011110101110100
01101100001110000011000000100101
01101110011010010010000001111000
00110000001111010110111101100110
00111000001100000010010101111000
01100100001000000111100001101100
00110001011000010111010001100001
01111000001100000011110100110110
01111000001101000011000000100101
01111000011001000110100100100000
00100101011110000011000000111101
00001101011110000011010000110000
00000000000000000000000000001010
01011101010011000100001101011011
01010010010001010100110100100000
01001111010100110100010101000111
01000101010111110101010001010010
01010010010001010101010001001110
01110011011010010110110000100000
01111000001100000011110101110100
01101100001110000011000000100101
00000000000010100000110101111000
01011101010011000100001101011011
01010010010001010100110100100000
01001111010100110100010101000111
01010000010111110101010001010010
01011111010100110101001101000001
01001001010001110100010101000010
01101110011010010010000001001110
01100101011110100110100101110011
01100100011011000010010100111101
00110000001111010111000000100000
00111000001100000010010101111000
00001010000011010111100001101100
00000000000000000000000000000000
01011101010011000100001101011011
01010010010001010100110100100000
01000011010111110100010101000111
01000010010111110101000001001101
01001110010010010100011101000101
00100101001111010110111000100000
01110000001000000111010101101100
00100101011110000011000000111101
01111000011011000011100000110000
00110000001111010111000100100000
00111000001100000010010101111000
01110000001000000111100001101100
01101111011001100110111001101001
00100101011110000011000000111101
01111000011011000011100000110000
01101110011010010111000100100000
00110000001111010110111101100110
00111000001100000010010101111000
01110000001000000111100001101100
01100101011110100110100101110011
01100100011011000010010100111101
01101001011100110111000100100000
00100101001111010110010101111010
00001010000011010110010001101100
00000000000000000000000000000000
01011101010011000100001101011011
01010010010001010100110100100000
01000011010111110100010101000111
01000100010111110101000001001101
00100000010001010100111001001111
01110101011100110110010101110010
00100101001111010111010001101100
00001010000011010110010001101100
00000000000000000000000000000000
01011101010011000100001101011011
01010010010001010100110100100000
01001111010100110100010101000111
01010000010111110101010001010010
01011111010100110101001101000001
01000101010011100100111101000100
01110011011011100110100100100000
00111101011001010111101001101001
00100000011001000110110000100101
01110010011001010110110101101110
00111101011100110110010101100111
00100000011001000110110000100101
01110100011100110110100101101100
00100101011110000011000000111101
01111000011011000011100000110000
00000000000000000000101000001101
01011101010011000100001101011011
01010010010001010100110100100000
01001111010100110100010101000111
01000100010111110101010001010010
00100000010001010100111001001111
01110100011100110110100101101100
00100101011110000011000000111101
01111000011011000011100000110000
00000000000000000000101000001101
01011101010011010100001101011011
01000101010101000100100100100000
01000101010101000100000101010010
01000111010001010100001001011111
01101001001000000100111001001001
01100001011100100110010101110100
01101110011011110110100101110100
01101100001001010011110101110011
00000000000010100000110101110101
01011101010011010100001101011011
01000101010101000100100100100000
01000101010101000100000101010010
01001110010011110100010001011111
01110010011000110010000001000101
01111000001100000011110101100011
01111000001101000011000000100101
00000000000000000000101000001101
01011101010011010100001101011011
01000101010101000100100100100000
01001100010111110011000001010010
01011111010101000101001101001001
01011111010100110100111101010000
01001001010001110100010101000010
00000000000010100000110101001110
01011101010011010100001101011011
01000101010101000100100100100000
01001100010111110011000001010010
01011111010101000101001101001001
01011111010100110100111101010000
01000101010011100100111101000100
01100011011100100110001100100000
00100101011110000011000000111101
00001101011110000011010000110000
00000000000000000000000000001010
01011101010011010100001101011011
01000101010101000100100100100000
01001100010111110011000001010010
01011111010101000101001101001001
01011111010001110100010101001110
01001001010001110100010101000010
00000000000010100000110101001110
01011101010011010100001101011011
01000101010101000100100100100000
01001100010111110011000001010010
01011111010101000101001101001001
01011111010001110100010101001110
01000101010011100100111101000100
01100011011100100110001100100000
00100101011110000011000000111101
00001101011110000011010000110000
00000000000000000000000000001010
01011101010011010100001101011011
01000101010101000100100100100000
01010010010100000101111101010010
01000101010100100100011101001111
00100101001000000101001101010011
00100101001011110111010101101100
01100011001000000111010101101100
00110000001111010110001101110010
00110100001100000010010101111000
00000000000010100000110101111000
00110011010000001101010010110000
11100111000101000110101001111001
00000000000000001110001111000001
01011101010011010100001101011011
01001001010101010100001000100000
01010100010111110100010001001100
01100011001000000100011101000001
01110000010111110110001101110010
01100101011000100110111101110010
00110010001100000011001001011111
00110000001101010011000000110110
00001101010000100101111100110110
00000000000000000000000000001010
01011101010011010100001101011011
01001001010000010100110100100000
01000110010000010101111101001110
01011111010100100100010101010100
01010100010100100100111101010000
01000101010011000100001001000001
01001001010011100100100101011111
00000000000010100000110101010100
01011101010011010100001101011011
01000101010001010101001100100000
01110011001000000101001101000100
00110001011001000110010101100101
00100101011110000011000000111101
00100000011110000011010000110000
01100100011001010110010101110011
01111000001100000011110100110010
01111000001101000011000000100101
01100101011001010111001100100000
00110000001111010011001101100100
00110100001100000010010101111000
01110100011010010010000001111000
01110100011000010111001001100101
01110011011011100110111101101001
01110101011011000010010100111101
01100101011110000110010100100000
00110000001111010111001101100011
00111000001100000010010101111000
00001010000011010111100001101100
00000000000000000000000000000000
01011101010011010100001101011011
01000101010110000100010100100000
01011010010111110101001101000011
01011111010011110101001001000101
01011111010001010101001101010101
00100000010011000100110001000001
01101011011100110110000101101101
00100101011110000011000000111101
01111000011011000011100000110000
00000000000000000000101000001101
01011101010011010100001101011011
01000101010110000100010100100000
01010010010111110101001101000011
01011001010001000100000101000101
01100101011110000110010100100000
00110000001111010111001101100011
00111000001100000010010101111000
00001010000011010111100001101100
00000000000000000000000000000000
01011101010011010100001101011011
01000101010001010101001100100000
01010010010111110101001101000100
01011001010001000100000101000101
01100101011001010111001100100000
00110000001111010011000101100100
00110100001100000010010101111000
01100101011100110010000001111000
00111101001100100110010001100101
00110000001001010111100000110000
01110011001000000111100000110100
00110011011001000110010101100101
00100101011110000011000000111101
00100000011110000011010000110000
01110010011001010111010001101001
01101111011010010111010001100001
00100101001111010111001101101110
01100101001000000111010101101100
01110011011000110110010101111000
00100101011110000011000000111101
01111000011011000011100000110000
00000000000000000000101000001101
01011101010011010100001101011011
01000101010001010101001100100000
01010010010111110101001101000100
01011001010001000100000101000101
01100101011001010111001100100000
00110000001111010011000101100100
00110100001100000010010101111000
01100101011100110010000001111000
00111101001100100110010001100101
00110000001001010111100000110000
01110011001000000111100000110100
00110011011001000110010101100101
00100101011110000011000000111101
00001101011110000011010000110000
00000000000000000000000000001010
01011101010011010100001101011011
01001101010001010100110100100000
01000001010101000101001101011111
01011111010000110100100101010100
01001001010001110100010101000010
01110100011100110010000001001110
01100011011010010111010001100001
01101101011001010110110101011111
00111101011010110110110001100010
00110000001001010111100000110000
00100000011110000110110000111000
01100001011101000110111101110100
01101100001001010011110101101100
00000000000010100000110101110101
01011101010011010100001101011011
01001101010001010100110100100000
01000001010101000101001101011111
01011111010000110100100101010100
01000101010011100100111101000100
01101101011001010110110100100000
01100011011011110110110001100010
00110000001111010011000001101011
00111000001100000010010101111000
01110011001000000111100001101100
00111101011001010111101001101001
00100000011101010110110000100101
00111101011100100111001001100101
00001010000011010110010000100101
00000000000000000000000000000000
01011101010011010100001101011011
01010101010011110100001100100000
01000001010111110101010001001110
01000010010111110100011101001100
01001110010010010100011101000101
01100101011110000110010100100000
00110000001111010111001101100011
00111000001100000010010101111000
01001110001000000111100001101100
01000001010111110100110101010101
01010010010011110100011101001100
01001101010010000101010001001001
01110101001001010011110101010011
00000000000000000000101000001101
01011101010011010100001101011011
01010101010011110100001100100000
01000001010111110101010001001110
01010011010111110100011101001100
00100000010100000100010101010100
01110101001001010011110101101001
01110011011000010110110100100000
01111000001100000011110101101011
01101100001110000011000000100101
01101001011010000010000001111000
01110101001001010011110101110100
01100110011001010110001000100000
00111101011001010111001001101111
00001010000011010111010100100101
00000000000000000000000000000000
01011101010011010100001101011011
01010101010011110100001100100000
01000001010111110101010001001110
01000100010111110100011101001100
00100000010001010100111001001111
01011111011011010111010101101110
01101111011001110110110001100001
01101000011101000110100101110010
00100101001111010111001101101101
01111000011001010010000001110101
00111101011100110110001101100101
00110000001001010111100000110000
00001101011110000110110000111000
00000000000000000000000000001010
01011101010011010100001101011011
01010101010011110100001100100000
01000001010111110101010001001110
01000100010111110100011101001100
00100000010001010100111001001111
01011111011011010111010101101110
01101111011001110110110001100001
01101000011101000110100101110010
00100101001111010111001101101101
00000000000010100000110101110101
01011101010011010100001101011011
01010010010100100100010100100000
01001110010111110101001001001111
01000001010111110100110101010101
01010010010011110100011101001100
01001101010010000101010001001001
01000101010110100101111101010011
01100101001000000100111101010010
01110011011000110110010101111000
00100101011110000011000000111101
01111000011011000011100000110000
00000000000000000000101000001101
01011101010011010100001101011011
01010110010010010100010000100000
01011010010010010101001101011111
01000101010000100101111101000101
00100000010011100100100101000111
01100101011110100110100101110011
01101100001001010011110100110000
01110101011011100010000001110101
01101100011000010101111101101101
01101001011100100110111101100111
01110011011011010110100001110100
00100000011101010010010100111101
01110100011011100110111101100011
01110011011101000111100001100101
00001101011101010010010100111101
00000000000000000000000000001010
01011101010011010100001101011011
01010110010010010100010000100000
01011010010010010101001101011111
01010100010000110101111101000101
01000101010000100101111101011000
00100000010011100100100101000111
00111101011110000111010001100011
01110011001000000111010100100101
01011111011001010111101001101001
01101111011001100110010101100010
00100101001111010110010101110010
00001010000011010111010101101100
00000000000000000000000000000000
01011101010011010100001101011011
01010110010010010100010000100000
01011010010010010101001101011111
01010100010000110101111101000101
01001111010001000101111101011000
01100011001000000100010101001110
00100101001111010111100001110100
01101001011100110010000001110101
01100001010111110110010101111010
01110010011001010111010001100110
01110101011011000010010100111101
00000000000000000000101000001101
01011101010011010100001101011011
01010100010000010100010000100000
01010000010100110101111101000001
00100000010101000100100101001100
01101111011001110110110001100001
01101000011101000110100101110010
00100101001111010111001101101101
01100101011100000010000001110101
01101100011000010101111101110010
01101001011100110101111101100111
00100101001111010110010101111010
01110100001000000111010101101100
01101100011000010111010001101111
01110100011000010110010001011111
01101100001001010011110101100001
00000000000010100000110101110101
01011101010011010100001101011011
01010011010100110100000100100000
01011111010011100100011101001001
01011111010100100101010001010000
01001001010001110100010101000010
01101001011100110010000001001110
00100101001111010110010101111010
00001010000011010111010101101100
00000000000000000000000000000000
01011101010011010100001101011011
01010011010100110100000100100000
01011111010011100100011101001001
01011111010100100101010001010000
00100000010001110100110001000001
01110101001001010011110101101001
00100101001111010110101000100000
01100001011011010010000001110101
00110000001111010110101101110011
00111000001100000010010101111000
00001010000011010111100001101100
00000000000000000000000000000000
01011101010011010100001101011011
01010011010100110100000100100000
01011111010011100100011101001001
00100000010100100101010001010000
00111101011110000111010001100011
00100000011101010110110000100101
00111101011001110110110001100001
01100001001000000111010100100101
00111101011100100110010001100100
00110000001001010111100000110000
00001101011110000110110000111000
00000000000000000000000000001010
01011101010011010100001101011011
01010011010100110100000100100000
01011111010011100100011101001001
01011111010100100101010001010000
01000101010011100100111101000100
00100101001111010110101000100000
01100101011100000010000001110101
01101100011000010101111101110010
01101001011100110101111101100111
00100101001111010110010101111010
00001010000011010111010101101100
00000000000000000000000000000000
01011101010011010100001101011011
01010011010100110100000100100000
01011111010011100100011101001001
01011111010100100101010001010000
01000101010011100100111101000100
00100101001111010110101000100000
00000000000010100000110101110101
01011101010011010100001101011011
01001001010011100100100100100000
01001001010011000101111101010100
01000010010111110101010001010011
01001110010010010100011101000101
01111000011101000110001100100000
00100000011101010010010100111101
00111101011011010110010101101101
00110000001001010111100000110000
00100000011110000110110000111000
01100101011110100110100101110011
01110101011011000010010100111101
00000000000000000000101000001101
01011101010011010100001101011011
01001001010011100100100100100000
01001001010011000101111101010100
01000010010111110101010001010011
01001110010010010100011101000101
01111000011101000110001100100000
00001101011101010010010100111101
00000000000000000000000000001010
01011101010011010100001101011011
01001001010011100100100100100000
01001001010011000101111101010100
01000100010111110101010001010011
00100000010001010100111001001111
00111101011110000111010001100011
01101100001000000111010100100101
00111101011101000111001101101001
00110000001001010111100000110000
00001101011110000110110000111000
00000000000000000000000000001010
01011101010011010100001101011011
01001001010011100100100100100000
01001001010011000101111101010100
01000100010111110101010001010011
00100000010001010100111001001111
00111101011110000111010001100011
00001010000011010111010100100101
00000000000000000000000000000000
01011101010011010100001101011011
01001001010011100100100100100000
01000001010011010101111101010100
01011000010010010101001001010100
01000111010001010100001001011111
01100011001000000100111001001001
00100101001111010111100001110100
01100101011011010010000001110101
01111000001100000011110101101101
01101100001110000011000000100101
01101001011100110010000001111000
00100101001111010110010101111010
00001010000011010111010101101100
00000000000000000000000000000000
01011101010011010100001101011011
01001001010011100100100100100000
01000001010011010101111101010100
01011000010010010101001001010100
01000111010001010100001001011111
01100011001000000100111001001001
00100101001111010111100001110100
00000000000010100000110101110101
01011101010011010100001101011011
01001001010011100100100100100000
01000001010011010101111101010100
01011000010010010101001001010100
01001110010011110100010001011111
01110100011000110010000001000101
01110101001001010011110101111000
01110100011000010110110100100000
01110101001001010011110101001110
00000000000000000000101000001101
01011101010011010100001101011011
01001001010011100100100100100000
01000001010011010101111101010100
01011000010010010101001001010100
01001110010011110100010001011111
01110100011000110010000001000101
01110101001001010011110101111000
00000000000000000000101000001101
01011101010011010100001101011011
01001001010011100100100100100000
01010100010100110101111101010100
01011111010001010101010001000001
01001001010001110100010101000010
01110100011000110010000001001110
01110101001001010011110101111000
01101101011001010110110100100000
00100101011110000011000000111101
01111000011011000011100000110000
01111010011010010111001100100000
01101100001001010011110101100101
00000000000010100000110101110101
01011101010011010100001101011011
01001001010011100100100100100000
01010100010100110101111101010100
01011111010001010101010001000001
01001001010001110100010101000010
01110100011000110010000001001110
01110101001001010011110101111000
00000000000000000000101000001101
01011101010011010100001101011011
01001001010011100100100100100000
01010100010100110101111101010100
01011111010001010101010001000001
01000101010011100100111101000100
01111000011101000110001100100000
00001101011101010010010100111101
00000000000000000000000000001010
01011101010011010100001101011011
01010100010000010100010000100000
01001110010010010101111101000001
01000100010111110101010001001001
00001101010001010100111001001111
00000000000000000000000000001010
01011101010011010100001101011011
01010100010101010100000100100000
01010100010010010101111101001111
01000010010111110101001001000101
01001110010010010100011101000101
00000000000000000000101000001101
01011101010011010100001101011011
01010100010101010100000100100000
01010100010010010101111101001111
01010100010111110101001001000101
01101001001000000101100101010010
01100001011100100110010101110100
01101110011011110110100101110100
01101100001001010011110101110011
00000000000010100000110101110101
01011101010011010100001101011011
01010100010101010100000100100000
01010100010010010101111101001111
01010010010111110101001001000101
01001100010101010101001101000101
01101001011101000010000001010100
00111101011100110110101101100011
00100000011101010110110000100101
01110011011000110110010101110011
01110101011011000010010100111101
00000000000000000000101000001101
01011101010011010100001101011011
01010100010101010100000100100000
01010100010010010101111101001111
01000100010111110101001001000101
00100000010001010100111001001111
01100001011011100110100101100110
01110100011010010101111101101100
01110100011000010111001001100101
01110011011011100110111101101001
01110101011011000010010100111101
00000000000000000000101000001101
01011101010011010100001101011011
01011000010010010100011000100000
01001001010111110100010001000101
01000001010100100100010101010100
01001110010011110100100101010100
01110100011010010010000001010011
01110100011000010111001001100101
01110011011011100110111101101001
01110101011011000010010100111101
00000000000000000000101000001101
01011101010011010100001101011011
01001110010001010100001000100000
01010011010111110100100001000011
01010100010100100100000101010100
01100101011101000110100100100000
01101001011101000110000101110010
00111101011100110110111001101111
00001101011101010110110000100101
00000000000000000000000000001010
01011101010011010100001101011011
01001110010001010100001000100000
01000011010111110100100001000011
01011111010011000100110001000001
01010010010001010101010001001001
00001101010001010101010001000001
00000000000000000000000000001010
01011101010011010100001101011011
01001110010001010100001000100000
01010010010111110100100001000011
01010010010101010101010001000101
01010100010010010101111101001110
01010100010000010101001001000101
01110010011000110010000001000101
01111000001100000011110101100011
01111000001101000011000000100101
01110011011010010110110000100000
01111000001100000011110101110100
01111000001101000011000000100101
01110100011000010110110100100000
00111101011110000110100101110010
00110000001001010111100000110000
01110011001000000111100000110100
01100101011101000110000101110100
00100101011110000011000000111101
00001101011110000011010000110000
00000000000000000000000000001010
01011101010011010100001101011011
01001111010101000101001100100000
01001001010101000101111101010000
01000100010111110100010101001101
00001101010001010100111001001111
00000000000000000000000000001010
01011101010011010100001101011011
01001110010001010100001000100000
01000100010111110100100001000011
00100000010001010100111001001111
01101011011000110110100101110100
01101100001001010011110101110011
00000000000010100000110101110101
01011101010011010100001101011011
01010010010000010100010100100000
01010010010111110101100101001100
01001100010101010101001101000101
01110100011010010010000001010100
01110100011000010111001001100101
01110011011011100110111101101001
01110101011011000010010100111101
01100011011010010111010000100000
00100101001111010111001101101011
00001010000011010111010101101100
00000000000000000000000000000000
01011101010011010100001101011011
01010010010000010100010100100000
01000011010111110101100101001100
01001101011001010111001001101111
00101111011010110111001001100001
00000000001000000010000001110011
00100000001110100111001100100101
00101110011101010110110000100101
01101100001100110011000000100101
00000000000000000000101001110101
01011101010011010100001101011011
01010010010000010100010100100000
01000011010111110101100101001100
01001101011001010111001001101111
00101111011010110111001001100001
00000000011110100100100001001101
01011101010011010100001101011011
01000101010001010101001100100000
01000011010100100100001101000100
01000111010001010100001001011111
01110011001000000100111001001001
00110001011001000110010101100101
00100101011110000011000000111101
00100000011110000011010000110000
01100100011001010110010101110011
01111000001100000011110100110010
01111000001101000011000000100101
01100101011001010111001100100000
00110000001111010011001101100100
00110100001100000010010101111000
01101001011100110010000001111000
00100101001111010110010101111010
00001010000011010111010101101100
00000000000000000000000000000000
01011101010011010100001101011011
01000101010001010101001100100000
01000011010100100100001101000100
01000101010101000101001101011111
01110110001000000011000101010000
01100101011101010110110001100001
00100101011110000011000000111101
00001101011110000011010000110000
00000000000000000000000000001010
01011101010011010100001101011011
01000101010001010101001100100000
01000011010100100100001101000100
01000101010101000101001101011111
01110110001000000011001001010000
01100101011101010110110001100001
00100101011110000011000000111101
00001101011110000011010000110000
00000000000000000000000000001010
01011101010011010100001101011011
01000101010001010101001100100000
01000011010100100100001101000100
01000101010101000101001101011111
01110110001000000011001101010000
01100101011101010110110001100001
00100101011110000011000000111101
00001101011110000011010000110000
00000000000000000000000000001010
01011101010011010100001101011011
01000101010001010101001100100000
01000011010100100100001101000100
01101100011000010111011000100000
00110000001111010110010101110101
00110100001100000010010101111000
01101001011100110010000001111000
00100101001111010110010101111010
00001010000011010111010101101100
00000000000000000000000000000000
01110000001000000110101100110110
01101111011001100111001001100101
01101110011000010110110101110010
01110010001000000110010101100011
01110000001000000110111001110101
01101101011000010111001001100001
01110010011001010111010001100101
01101111011001100010000001110011
01101111011000110010000001110010
01100001011011010110010101110010
00001010001011100110101101110010
00000000000000000000000000000000
01110110001000000110101100110110
01100100011010010110110001100001
01101111011010010111010001100001
01110101011100100010000001101110
01100001011100000010000001101110
01100101011011010110000101110010
01110011011100100110010101110100
01110010011011110110011000100000
01110010011011110110001100100000
01110010011000010110110101100101
00000000000010100010111001101011
01100110011011110111001001010000
00100000011001010110110001101001
01100101011011100110010101100111
01101001011101000110000101110010
01110010001000000110111001101111
01110000001000000110111001110101
01101101011000010111001001100001
01110010011001010111010001100101
01101111011001100010000001110011
01101111011000110010000001110010
01100001011011010110010101110010
00001010001011100110101101110010
00000000000000000000000000000000
01110000001000000100101100110010
01101111011001100111001001100101
01101110011000010110110101110010
01110010001000000110010101100011
01110000001000000110111001110101
01101101011000010111001001100001
01110010011001010111010001100101
01101111011001100010000001110011
01101111011000110010000001110010
01100001011011010110010101110010
00001010001011100110101101110010
00000000000000000000000000000000
01110110001000000100101100110010
01100100011010010110110001100001
01101111011010010111010001100001
01110101011100100010000001101110
01100001011100000010000001101110
01100101011011010110000101110010
01110011011100100110010101110100
01110010011011110110011000100000
01110010011011110110001100100000
01110010011000010110110101100101
00000000000010100010111001101011
01011101010011010100001101011011
01000101010001010101001100100000
01000011010100100100001101000100
01001001010101110101001101011111
01011111010010000100001101010100
01000101010011100100111101000100
01100101011001010111001100100000
01100011011100100110001101100100
00100101011110000011000000111101
00100000011110000011010000110000
01110111011011110110111001101011
01100100011010010101111101101110
00100000011001000010010100111101
01100001011101000110111101110100
01110010011001010101111101101100
01110011011100100110111101110010
00001101011001000010010100111101
00000000000000000000000000001010
01011101010011010100001101011011
01000011010100100100001100100000
01001100010000010101011001011111
01010100010000010100010001001001
01001011010100110101111101000101
01101011001000000101000001001001
01101110011101110110111101101110
00111101011001000110100101011111
01110100001000000110010000100101
01101100011000010111010001101111
01110010011100100110010101011111
00111101011100110111001001101111
00001010000011010110010000100101
00000000000000000000000000000000
01011101010011010100001101011011
01000011010100100100001100100000
01011000010101000100001101011111
01000111010001010100001001011111
01101001001000000100111001001001
00100000011001000010010100111101
01100011011001010111100001100101
01111000001100000011110101110011
01101100001110000011000000100101
00000000000010100000110101111000
01011101010011010100001101011011
01000011010100100100001100100000
01011000010101000100001101011111
00100101001111010110100100100000
01101001011011000010000001100100
00110000001111010111010001110011
00110100001100000010010101111000
01111000011001010010000001111000
01111000001100000011110101110000
01111000001101000011000000100101
01110100011000010110110100100000
00111101011110000110100101110010
00110000001001010111100000110000
01100101001000000111100000110100
00110000001111010111000001111000
00110100001100000010010101111000
01110100011100110010000001111000
00111101011001010111010001100001
00110000001001010111100000110000
01100101001000000111100000110100
00110000001111010111000001111000
00110100001100000010010101111000
01101001011001100010000001111000
00111101011011000110000101101110
00110000001001010111100000110000
00001010000011010111100000110100
00000000000000000000000000000000
01011101010011010100001101011011
01000011010100100100001100100000
01010011010010010100110001011111
01001000010000110101111101010100
01011111010010110100001101000101
01001001010001110100010101000010
00111101011010010010000001001110
01100101001000000110010000100101
01101100011000100110000101101110
00100101001111010110010001100101
00000000000010100000110101100100
01011101011101010010010101011011
01001111010100100101001001000101
01101100001000000010000101010010
00100000011101000111001101101001
00100000011000110111001001100011
00110000001001010111100000110000
00101101001000000111100000110100
01101111011010000111001100100000
00100000011001000110110001110101
00110000001000000110010101100010
00110100001100000010010101111000
00000000000000000000101001111000
01011101010011010100001101011011
01000011010100100100001100100000
01010011010010010100110001011111
01001000010000110101111101010100
01011111010010110100001101000101
01000101010011100100111101000100
00100101001111010110100100100000
01110010011001010010000001100100
01100100001001010011110101110010
00000000000000000000101000001101
01011101010011010100001101011011
01000011010100100100001100100000
01010100010000010100110101011111
01011111010110000100100101010010
01000011010001010100100001000011
01000101010000100101111101001011
00100000010011100100100101000111
01100100001001010011110101101001
01100001011011100110010100100000
01100100011001010110110001100010
00001101011001000010010100111101
00000000000000000000000000001010
01011101011101010010010101011011
01001111010100100101001001000101
01101101001000000010000101010010
01101001011100100111010001100001
01110010011000110010000001111000
01111000001100000010000001100011
01111000001101000011000000100101
01110011001000000010110100100000
01101100011101010110111101101000
01100101011000100010000001100100
00100101011110000011000000100000
00001010011110000011010000110000
00000000000000000000000000000000
01011101010011010100001101011011
01000011010100100100001100100000
01010100010000010100110101011111
01011111010110000100100101010010
01000011010001010100100001000011
01001111010001000101111101001011
01101001001000000100010101001110
00100000011001000010010100111101
00111101011100100111001001100101
00001010000011010110010000100101
00000000000000000000000000000000
01011101010011010100001101011011
01000011010100100100001100100000
01000001010101000101001101011111
01000011010111110100010101010100
01001011010000110100010101001000
01000111010001010100001001011111
01101001001000000100111001001001
00100000011001000010010100111101
01100010011000010110111001100101
00111101011001000110010101101100
00001010000011010110010000100101
00000000000000000000000000000000
01011101011101010010010101011011
01001111010100100101001001000101
01110011001000000010000101010010
01100101011101000110000101110100
01100011011100100110001100100000
00100101011110000011000000100000
00100000011110000011010000110000
01101000011100110010000000101101
01100100011011000111010101101111
00100000011001010110001000100000
00110000001001010111100000110000
00000000000010100111100000110100
01011101010011010100001101011011
01000011010100100100001100100000
01000001010101000101001101011111
01000011010111110100010101010100
01001011010000110100010101001000
01001110010011110100010001011111
00111101011010010010000001000101
01100101001000000110010000100101
00100101001111010111001001110010
00000000000010100000110101100100
01011101010011010100001101011011
01000011010100100100001100100000
01011000010101000100001101011111
01001110010011110100010001011111
00111101011010010010000001000101
01100011001000000110010000100101
01100101010111110111100001110100
00100101001111010111001001110010
01101111011101000010000001100100
01011111011011000110000101110100
01101111011100100111001001100101
00100101001111010111001101110010
00000000000010100000110101100100
01011101010011010100001101011011
01000011010100100100001100100000
01001100010000010101011001011111
01010100010000010100010001001001
01001111010001000101111101000101
01110100001000000100010101001110
01101100011000010111010001101111
01110010011100100110010101011111
00111101011100110111001001101111
00001010000011010110010000100101
00000000000000000000000000000000
01011101010011010100001101011011
01000101010010000100001100100000
01010100010111110100101101000011
01010011010001010101000001011001
01000111010001010100001001011111
00001010000011010100111001001001
00000000000000000000000000000000
01011101010011010100001101011011
01000101010010000100001100100000
01010100010111110100101101000011
01010011010001010101000001011001
01001110010011110100010001011111
01101111011101000010000001000101
01011111011011000110000101110100
01101111011100100111001001100101
00100101001111010111001101110010
00000000000010100000110101100100
01011101010011010100001101011011
01010000010001010101001000100000
01011111010101000101001001001111
01001001010001110100010101000010
01101111011101000010000001001110
01011111011011000110000101110100
01101111011100100111001001100101
00100101001111010111001101110010
01101110011010110010000001100100
01011111011011100111011101101111
00100101001111010110010001101001
00000000000010100000110101100100
01100101011100100110111101000011
01101011011100100110000101001101
01111010011010010101001100100000
00100000001000000010000001100101
00100101001000000011101000100000
00000000000010100111010101101100
01100001011101000110111101010100
01101001011101000010000001101100
00100000011100110110101101100011
00100000001000000010000000100000
00100101001000000011101000100000
00000000000010100111010101101100
01100001011101000110111101010100
01101001011101000010000001101100
00101000001000000110010101101101
01110011011000110110010101110011
00100101001000000011101000101001
00000000000000000000101001100100
01110010011001010111010001001001
01101111011010010111010001100001
01010011001011110111001101101110
00100000001000000110001101100101
00100101001000000011101000100000
00000000000000000000101001100100
01100101011100100110111101000011
01101011011100100110000101001101
00100000001000000111001100101111
00100000001000000010000000100000
00000000000000000000000000100000
01100101011100100110111101000011
01101011011100100110000101001101
01111010010010000100110100101111
00100000001000000010000000100000
00000000000000000000000000100000
01001111010100100101001001000101
01001101001000000010000101010010
00100000011101000111001101110101
01100011011001010111100001100101
00100000011001010111010001110101
00100000011100100110111101100110
01101100001000000111010001100001
01110100011100110110000101100101
00100000001100000011000100100000
01110011011000110110010101110011
01110010011011110110011000100000
01110110001000000110000100100000
01100100011010010110110001100001
01110011011001010111001000100000
00100001011101000110110001110101
00000000000000000000000000001010
01110010011001010111010001001001
01101111011010010111010001100001
00100000001000000111001101101110
00100000001000000010000000100000
00100101001000000011101000100000
00000000000010100111010101101100
00100000010000110100001101000111
00110010001100110101011001010010
00000000000000000100110101001001
01110000011011010110111101000011
01110010011001010110110001101001
01110010011001010111011000100000
01101110011011110110100101110011
00100101001000000011101000100000
00000000000000000000101001110011
00100000001100100100111100101101
01110010011000010110110100101101
01110010001111010110100001100011
01101001001100100011001101110110
01101101001011010010000001101101
00111101011010010110001001100001
00110011011100000110110001101001
00000000000000000000000000110010
01110000011011010110111101000011
01110010011001010110110001101001
01100001011011000110011000100000
00100000001000000111001101100111
00100101001000000011101000100000
00000000000000000000101001110011
01010100010000010101010001010011
00000000000000000100001101001001
01101111011011010110010101001101
01101100001000000111100101110010
01110100011000010110001101101111
00100000011011100110111101101001
00100101001000000011101000100000
00000000000000000000101001110011
01100100011001010110010101110011
00100000011000110111001001100011
00100000001000000010000000100000
00100000001000000010000000100000
00110000001000000011101000100000
00110100001100000010010101111000
00000000000000000000101001111000
01011101011001000010010101011011
01101100011000110111001001100011
00100000011101000111001101101001
00100000001000000010000000100000
00100000001110100010000000100000
00110000001001010111100000110000
00000000000010100111100000110100
01011101011001000010010101011011
01101101011000110111001001100011
01101001011100100111010001100001
00100000001000000010000001111000
00100000001110100010000000100000
00110000001001010111100000110000
00000000000010100111100000110100
01011101011001000010010101011011
01110011011000110111001001100011
01100101011101000110000101110100
00100000001000000010000000100000
00100000001110100010000000100000
00110000001001010111100000110000
00000000000010100111100000110100
01011101011001000010010101011011
01100110011000110111001001100011
01101100011000010110111001101001
00100000001000000010000000100000
00100000001110100010000000100000
00110000001001010111100000110000
00000000000010100111100000110100
01110010011100100110111101000011
00100000011101000110001101100101
01110010011001010111000001101111
01101111011010010111010001100001
01100001011101100010000001101110
01100001011001000110100101101100
00101110011001000110010101110100
01100101011001010101001100100000
01000001010001010101001000100000
00101110010001010100110101000100
01100110001000000110010001101101
01110010001000000111001001101111
01100001001000000110111001110101
01110010001000000110010001101110
01110010011011110111000001100101
01100111011011100110100101110100
01101100011101010111001000100000
00001010001011100111001101100101
00000000000000000000000000000000
01100101011100100110111101000011
01101011011100100110000101001101
00110000001011100011000100100000
00100101001000000011101000100000
00100101001011100111010101101100
01110101011011000011001100110000
00100101001000000010111100100000
01110011001001010010000001110011
00000000000000000000000000000000
00100101001000000010111100100000
00000000000000000000000001110011
01101111011100100111001001000101
01100100001000000111001101110010
01100011011001010111010001100101
00001010011001000110010101110100
00000000000000000000000000000000
01101110011011100110000101000011
01110110001000000111010001101111
01100100011010010110110001100001
00100000011001010111010001100001
01110010011001010111000001101111
01101111011010010111010001100001
01101111011001100010000001101110
01101000011101000010000001110010
00100000011001010111001101100101
01100100011001010110010101110011
01101100011000010111011000100000
00101100011100110110010101110101
01100101011011000111000000100000
00100000011001010111001101100001
01110000011011010110111101100011
00100000011001010111001001100001
01101000011101000110100101110111
01110011011001010111001000100000
01110011011101000110110001110101
00100000011011100110111100100000
01101110011010110010000001100001
00100000011011100111011101101111
01110100011000010110110001110000
01101101011100100110111101100110
00000000000000000000101000101110
01011101010011010100001101011011
01000011010100100100001100100000
01001100010000010101011001011111
01010100010000010100010001001001
01000101010000100101111101000101
00100000010011100100100101000111
01110111011011110110111001101011
01100100011010010101111101101110
00100000011001000010010100111101
01110100011011100110111101100011
01110011011101000111100001100101
00100000011001000010010100111101
01100011011001010111100001100101
01111000001100000011110101110011
01101100001110000011000000100101
00000000000010100000110101111000
00010001100110011011111001010010
00011111110101110101011000001000
00000000000000000000011101000111
00111001101111110101111001000111
10001110001110101110010110100100
00000000000000001000110110000100
01011000010101000100110101011011
01000101010000100010000001011101
01011111010010000100001101001110
01000101010101000100111001000101
00111101011011100010000001010010
00100000011101010110110000100101
01100100011001010110010101110011
00100101011110000011000000111101
00100000011110000011010000110000
00111101011000110111001001100011
00110000001001010111100000110000
01000001001000000111100000110100
00100101011110000011000000111101
01111000011011000011100000110000
00110000001111010100001000100000
00111000001100000010010101111000
01000011001000000111100001101100
00100101011110000011000000111101
01111000011011000011100000110000
00000000000000000000101000001101
01011000010101000100110101011011
01000101010000100010000001011101
01011111010010000100001101001110
01000101010011100100111101000100
01100011011100100110001100100000
00100101011110000011000000111101
00001101011110000011010000110000
00000000000000000000000000001010
01011000010101000100110101011011
01000101010101000010000001011101
01000010010111110101010001010011
01001110010010010100011101000101
00100101001111010110111000100000
01110110001000000111010101101100
00110000001111010110110001100001
00110100001100000010010101111000
01101100011000110010000001111000
00110000001111010111000001101001
00110100001100000010010101111000
00000000000010100000110101111000
01011000010101000100110101011011
01000100010000010010000001011101
01001111010000110101111101000100
01011111010101000101001101001110
01000101010000100101111100110001
00001101010011100100100101000111
00000000000000000000000000001010
01011000010101000100110101011011
01000100010000010010000001011101
01001111010000110101111101000100
01011111010101000101001101001110
01001111010001000101111100110001
00001010000011010100010101001110
00000000000000000000000000000000
01011000010101000100110101011011
01010101010011010010000001011101
01001111010000110101111101001100
01011111010101000101001101001110
01001001010001110100010101000010
00000000000010100000110101001110
01011000010101000100110101011011
01010101010011010010000001011101
01001111010000110101111101001100
01011111010101000101001101001110
01000101010011100100111101000100
00000000000000000000101000001101
01011000010101000100110101011011
01010101010100110010000001011101
01000010010111110011000101001101
01001110010010010100011101000101
00000000000000000000101000001101
01011000010101000100110101011011
01010101010100110010000001011101
01000100010111110011000101001101
00100000010001010100111001001111
00111101011000110111001001100011
00110000001001010111100000110000
00001010000011010111100000110100
00000000000000000000000000000000
01011000010101000100110101011011
01010101010011010010000001011101
01000101010101100101111101001100
01000010010111110101010001000011
01001110010010010100011101000101
00000000000000000000101000001101
01011000010101000100110101011011
01010101010011010010000001011101
01000101010101100101111101001100
01000100010111110101010001000011
00001101010001010100111001001111
00000000000000000000000000001010
01011000010101000100110101011011
01010101010100110010000001011101
01000010010111110011001001001101
01001110010010010100011101000101
00000000000000000000101000001101
01011000010101000100110101011011
01010101010100110010000001011101
01000100010111110011001001001101
00100000010001010100111001001111
00111101011000110111001001100011
00110000001001010111100000110000
00001010000011010111100000110100
00000000000000000000000000000000
01011000010101000100110101011011
01010101010011010010000001011101
01000001010011010101111101001100
01011000010010010101001001010100
01000111010001010100001001011111
00001010000011010100111001001001
00000000000000000000000000000000
01011000010101000100110101011011
01010101010011010010000001011101
01000001010011010101111101001100
01011000010010010101001001010100
01001110010011110100010001011111
00000000000010100000110101000101
01011000010101000100110101011011
01010101010100110010000001011101
01000010010111110011001101001101
01001110010010010100011101000101
00000000000000000000101000001101
01011000010101000100110101011011
01010101010100110010000001011101
01000100010111110011001101001101
00100000010001010100111001001111
00111101011000110111001001100011
00110000001001010111100000110000
00001010000011010111100000110100
00000000000000000000000000000000
01011000010101000100110101011011
01010101010011010010000001011101
01001001010000100101111101001100
01010100010110000100010101010100
01010100010000110100000101010010
01000111010001010100001001011111
00001010000011010100111001001001
00000000000000000000000000000000
01011000010101000100110101011011
01010101010011010010000001011101
01001001010000100101111101001100
01010100010110000100010101010100
01010100010000110100000101010010
01001110010011110100010001011111
00000000000010100000110101000101
01011000010101000100110101011011
01010101010100110010000001011101
01000010010111110011010001001101
01001110010010010100011101000101
00000000000000000000101000001101
01011000010101000100110101011011
01000101010101000010000001011101
01000100010111110101010001010011
00100000010001010100111001001111
00111101011000110111001001100011
00110000001001010111100000110000
00001010000011010111100000110100
00000000000000000000000000000000
01011000010101000100110101011011
01010101010100110010000001011101
01000100010111110011010001001101
00100000010001010100111001001111
00111101011000110111001001100011
00110000001001010111100000110000
00001010000011010111100000110100
00000000000000000000000000000000
01011000010101000100110101011011
01000100010000010010000001011101
01001111010000110101111101000100
01011111010101000101001101001110
01010100010100110100010101010010
01011111010001010101001001001111
01001001010001110100010101000010
00000000000010100000110101001110
11111111111111111100100100110100
11111111111111111100100100110100
11111111111111111100100110000000
11111111111111111100100110000000
11111111111111111100100110010000
01011101010101000101001101011011
01001110010001010100001000100000
01000101010111110100100001000011
01010010010001010101010001001110
01101011011011000110001000100000
01100101011110100110100101110011
01110101011011000010010100111101
01101101011001010110110100100000
00100101011110000011000000111101
01111000011011000011100000110000
01100101011001010111001100100000
00110000001111010011000101100100
00110100001100000010010101111000
01100101011100110010000001111000
00111101001100100110010001100101
00110000001001010111100000110000
01110011001000000111100000110100
00111101011100000110010101110100
00110000001001010111100000110000
01100011001000000111100000110100
00110000001111010110001101110010
00110100001100000010010101111000
00000000000010100000110101111000
01011101010101000101001101011011
01010011010000010101000000100000
01000010010111110011000101010011
01001110010010010100011101000101
00110000001111010111000000100000
00111000001100000010010101111000
01100110001000000111100001101100
01110100011100110111001001101001
00100101011110000011000000111101
00001101011110000011001000110000
00000000000000000000000000001010
01011101010101000101001101011011
01010011010000010101000000100000
01000100010111110011000101010011
00100000010001010100111001001111
01111000001100000011110101110000
01101100001110000011000000100101
00000000000010100000110101111000
01011101010101000101001101011011
01010010010011110100001100100000
01010100010100000101010101010010
01000111010001010100001001011111
00001010000011010100111001001001
00000000000000000000000000000000
01011101010101000101001101011011
01010010010011110100001100100000
01010100010100000101010101010010
01001110010011110100010001011111
00000000000010100000110101000101
01011101010101000101001101011011
01010011010000010101000000100000
01000010010111110011001001010011
01001110010010010100011101000101
00110000001111010111000000100000
00111000001100000010010101111000
01100110001000000111100001101100
01110100011100110111001001101001
00100101011110000011000000111101
00001101011110000011001000110000
00000000000000000000000000001010
01011101010101000101001101011011
01010011010000010101000000100000
01000100010111110011001001010011
00100000010001010100111001001111
01111000001100000011110101110000
01101100001110000011000000100101
00000000000010100000110101111000
01011101010101000101001101011011
01010011010001010101001000100000
01000101010100100100111101010100
01000111010001010100001001011111
00001010000011010100111001001001
00000000000000000000000000000000
01011101010101000101001101011011
01010011010001010101001000100000
01000101010100100100111101010100
01001110010011110100010001011111
00000000000010100000110101000101
01011101010101000101001101011011
01001110010001010100001000100000
01000100010111110100100001000011
00100000010001010100111001001111
00111101011000110111001001100011
00110000001001010111100000110000
00001010000011010111100000110100
00000000000000000000000000000000
00000000000000000110010101110000
00000000000000000110010101111100
00000000000000000110010110001000
00000000000000000110010110010100
00000000000000000110010111010000
00000000000000000110010111011100
00000000000000000110010111101000
00000000000000000110010111110100
00000000000000000110011000000000
00000000000000000110011000001000
00000000000000000110011000010000
00000000000000000110011000011000
00000000000000000110010110100000
00000000000000000110010110101100
00000000000000000110010110111000
00000000000000000110010111000100
00110011001011100011000001010100
01000110001100010010110101100101
00000000000000000000000000000000
01010100001011100101010000101101
01110001010101000010101100101011
00000000000000000000000000000000
00101110001100110101010000110001
01111010001101000110010100110100
00000000000000000000000000000000
00110000001011100011010000110011
01011110010101000010110101100101
00000000000000000000000000000000
00110000001101010010111000110101
00110011001010110110010100110000
00000000000000000000000000000000
00110010001100010010111000101101
00110010001011010110010100110011
00000000000000000000000000000000
01100101001101110011100000101101
00110010001100110011100000101011
00000000000000000000000000000000
00110110001011100011000000101011
00110010001100010010110101100101
00000000000000000000000000000000
00110101001011100011010100110011
00110000001100000011010000110100
00000000000000000000000000000000
00110011001100100011000100101110
00110000001100000011010100110100
00000000000000000000000000000000
00110000001100010011000100101101
00110000001100000011011100101110
00000000000000000000000000000000
00110110001011100011000000101011
00110000001100000011010000110100
00000000000000000000000000000000
00110010001100010011000000110101
00000000000000000000000000000000
00110100001100110011001000110001
00000000000000000000000000000000
00110100001101110011100000101101
00000000000000000000000000000000
00110010001100100011000100101011
00000000000000000000000000000000
11111111111111111100111000101000
11111111111111111100110111110000
11111111111111111100110111111100
11111111111111111100111000001000
11111111111111111100111000011000
11111111111111111100110111100100
01100101011100100110111101000011
01101011011100100110000101001101
01101110011010010100011000100000
01100101011010000111001101101001
01110101010100110010000001100100
01110011011001010110001101100011
01101100011101010110011001110011
00001101001000010111100101101100
00000000000000000000000000001010
00111101001111010000101000001101
00111101001111010011110100111101
00111101001111010011110100111101
00111101001111010011110100111101
00111101001111010011110100111101
00111101001111010011110100111101
00111101001111010011110100111101
00111101001111010011110100111101
00001101001111010011110100111101
00000000000000000000000000001010
01000011010100110100100101010010
01010010001000000101011000101101
01001001001100100011001101010110
01101111010000110010000001001101
01100001010011010110010101110010
01010011001000000110101101110010
01110100011100100110000101110100
00001101001000010110010001100101
00000000000000000000000000001010
01100101011011010110100101010100
01000100010000010010000001110010
00100000001110100101001001000100
01000110010001100111100000110000
00110000010001100100011001000110
00001010000011010011000000111001
00000000000000000000000000000000
01010100010100100100000101010101
00111010010110000101010000100000
01000110011110000011000000100000
01000110010001100100011001000110
00101100001100000011100000110000
01000001010101000101001100100000
00111010010100110101010101010100
01000110011110000011000000100000
01000110010001100100011001000110
00001101001101000011100000110000
00000000000000000000000000001010
01110001011001010111001001000110
01100100001001010010000000111010
00001101011110100100100000100000
00000000000000000000000000001010
01100101011011010110100101010100
01100001011100110010000001110010
01111001011101000110100101101110
00110000011101000010000000111010
01110101011011000010010100111101
00111101001100010111010000100000
00100000011101010110110000100101
01110100011011000110010101100100
01101100001001010011110101100001
00000000000010100000110101110101
00111101001111010011110100111101
00111101001111010011110100111101
00111101001111010011110100111101
00111101001111010011110100111101
00111101001111010011110100111101
00111101001111010011110100111101
00111101001111010011110100111101
00111101001111010011110100111101
00000000000010100000110100111101
11111111111111111101001111110100
11111111111111111101001101111100
11111111111111111101001101111100
11111111111111111101001111101000
11111111111111111101001101111100
11111111111111111101001101111100
11111111111111111101001101111100
11111111111111111101001101111100
11111111111111111101001101111100
11111111111111111101001101111100
11111111111111111101001101111100
11111111111111111101001111011100
11111111111111111101001101111100
11111111111111111101001111010000
11111111111111111101001101111100
11111111111111111101001101111100
11111111111111111101001101100000
11111111111111111101100011001100
11111111111111111101010111001100
11111111111111111101010111001100
11111111111111111101010111001100
11111111111111111101010111001100
11111111111111111101010111001100
11111111111111111101010111001100
11111111111111111101010111001100
11111111111111111101010111001100
11111111111111111101010111001100
11111111111111111101010111001100
11111111111111111101010111001100
11111111111111111101010111001100
11111111111111111101010111001100
11111111111111111101010111001100
11111111111111111101010111001100
11111111111111111101010111001100
11111111111111111101010111001100
11111111111111111101010111001100
11111111111111111101010111001100
11111111111111111101010111001100
11111111111111111101010111001100
11111111111111111101010111001100
11111111111111111101010001110100
11111111111111111101010111001100
11111111111111111101010111001100
11111111111111111101010111001100
11111111111111111101010111001100
11111111111111111101010111001100
11111111111111111101010111001100
11111111111111111101010111001100
11111111111111111101010111001100
11111111111111111101011110001100
11111111111111111101010111001100
11111111111111111101010101111000
11111111111111111101100011011100
11111111111111111101010111001100
11111111111111111101010111001100
11111111111111111101010111001100
11111111111111111101010111001100
11111111111111111101100011011100
11111111111111111101010111001100
11111111111111111101010111001100
11111111111111111101010111001100
11111111111111111101010111001100
11111111111111111101010111001100
11111111111111111101010101101100
11111111111111111101010101000000
11111111111111111101010111001100
11111111111111111101010111001100
11111111111111111101010010101100
11111111111111111101010111001100
11111111111111111101010010100000
11111111111111111101010111001100
11111111111111111101010111001100
11111111111111111101011110000000
11111111111111111101010101101000
11111111111111111101010011110100
11111111111111111101010011110100
11111111111111111101010011110100
11111111111111111101010011110100
11111111111111111101010011110100
11111111111111111101010011110100
11111111111111111101010011110100
11111111111111111101010011110100
11111111111111111101010011110100
11111111111111111101010011110100
11111111111111111101010011110100
11111111111111111101010011110100
11111111111111111101010011110100
11111111111111111101010011110100
11111111111111111101010011110100
11111111111111111101010011110100
11111111111111111101010011110100
11111111111111111101010011110100
11111111111111111101010011110100
11111111111111111101010011110100
11111111111111111101010011110100
11111111111111111101010011110100
11111111111111111101001110011000
11111111111111111101010011110100
11111111111111111101010011110100
11111111111111111101010011110100
11111111111111111101010011110100
11111111111111111101010011110100
11111111111111111101010011110100
11111111111111111101010011110100
11111111111111111101010011110100
11111111111111111101011001100000
11111111111111111101010011110100
11111111111111111101010010011100
11111111111111111101011010001000
11111111111111111101010011110100
11111111111111111101010011110100
11111111111111111101010011110100
11111111111111111101010011110100
11111111111111111101011010001000
11111111111111111101010011110100
11111111111111111101010011110100
11111111111111111101010011110100
11111111111111111101010011110100
11111111111111111101010011110100
11111111111111111101010010010000
11111111111111111101010001100100
11111111111111111101010011110100
11111111111111111101010011110100
11111111111111111101001111010000
11111111111111111101010011110100
11111111111111111101001111000100
11111111111111111101010011110100
11111111111111111101010011110100
11111111111111111101001110011100
01001100010101010100111000111100
00000000000000000011111001001100
00110011001100100011000100110000
00110111001101100011010100110100
01100010011000010011100100111000
01100110011001010110010001100011
01101010011010010110100001100111
01101110011011010110110001101011
01110010011100010111000001101111
01110110011101010111010001110011
01111010011110010111100001110111
00000000000000000000000000000000
00110011001100100011000100110000
00110111001101100011010100110100
01000010010000010011100100111000
01000110010001010100010001000011
01001010010010010100100001000111
01001110010011010100110001001011
01010010010100010101000001001111
01010110010101010101010001010011
01011010010110010101100001010111
00000000000000000000000000000000
00000010000000100000000100000000
00000011000000110000001100000011
00000100000001000000010000000100
00000100000001000000010000000100
00000101000001010000010100000101
00000101000001010000010100000101
00000101000001010000010100000101
00000101000001010000010100000101
00000110000001100000011000000110
00000110000001100000011000000110
00000110000001100000011000000110
00000110000001100000011000000110
00000110000001100000011000000110
00000110000001100000011000000110
00000110000001100000011000000110
00000110000001100000011000000110
00000111000001110000011100000111
00000111000001110000011100000111
00000111000001110000011100000111
00000111000001110000011100000111
00000111000001110000011100000111
00000111000001110000011100000111
00000111000001110000011100000111
00000111000001110000011100000111
00000111000001110000011100000111
00000111000001110000011100000111
00000111000001110000011100000111
00000111000001110000011100000111
00000111000001110000011100000111
00000111000001110000011100000111
00000111000001110000011100000111
00000111000001110000011100000111
00001000000010000000100000001000
00001000000010000000100000001000
00001000000010000000100000001000
00001000000010000000100000001000
00001000000010000000100000001000
00001000000010000000100000001000
00001000000010000000100000001000
00001000000010000000100000001000
00001000000010000000100000001000
00001000000010000000100000001000
00001000000010000000100000001000
00001000000010000000100000001000
00001000000010000000100000001000
00001000000010000000100000001000
00001000000010000000100000001000
00001000000010000000100000001000
00001000000010000000100000001000
00001000000010000000100000001000
00001000000010000000100000001000
00001000000010000000100000001000
00001000000010000000100000001000
00001000000010000000100000001000
00001000000010000000100000001000
00001000000010000000100000001000
00001000000010000000100000001000
00001000000010000000100000001000
00001000000010000000100000001000
00001000000010000000100000001000
00001000000010000000100000001000
00001000000010000000100000001000
00001000000010000000100000001000
00001000000010000000100000001000
00000000000000000000000000000001
00000000000000000000000001100110
00000000000000000000101110111000
